ok,n_bands,mt_inner,mt_inner_vert,mt_center,mt_center_vert,mt_outer,mt_outer_vert,sup_thick,deep_thick,deep_angle,sup_angle,n_fasc,pa_med,pa_wmean,pa_wmed,pa_top5,fl_med,fl_wmed,fl_top5,n_fasc_kept,fasc_sign,pa_orient,v2_n,v2_pa_lowhalf,v2_pa_low3,v2_pa_uphalf,v2_pa_fit1,v2_pa_fit0,v2_pa_fitmid,v2_pa_slope,v2_pa_fit09,v2_fl_curve,v2_fl_chord_mid,v2_fl_chord_deep,v2_fasc_span,v2_fl_stream,v2b_pa_fit1,v2b_pa_fitmid,v2b_fl_stream,v2b_fl_chord_mid,v2_mt_raw_1090,v2_mt_raw_1684,v2_mt_raw_2575,v2_mt_raw_mid,image_id,px_per_mm,family,v2_pa_insert
1,2.0,25.07532357852471,25.08815739958528,26.309176152895333,26.321570995104388,27.573887761744608,27.585927538741256,1.4170245754831488,1.0807455636728223,4.230137487685184,1.758406466337501,27.0,16.963563659149543,17.38856373641289,17.25500147738711,17.851647431682522,91.84217404328753,91.35540858259594,91.84217404328753,27.0,-1.0,15.5,27.0,17.79353457984263,16.93857655830263,16.90545080730965,17.76923464753314,17.01051615102159,17.389875399277365,0.7587184965115474,17.693362797881985,83.84066770021879,83.82754647388154,82.09381775635991,0.6765463886088386,96.79802955665022,17.76923464750228,16.220230747701063,96.79802955665022,89.69214148141944,25.295566502463046,25.172413793103445,25.09852216748768,25.123152709359598,IMG_00001.tif,13.533333333333337,juniper_right_9,
1,2.0,18.04935023994085,18.050273301604676,19.084282934738088,19.084977309360738,20.13024232546925,20.130296947695097,1.2950786646365244,0.7849449814538968,-2.673521085965424,0.4887536831480177,18.0,9.798657006991064,9.268775528400912,9.843225010991773,8.122943240017037,88.37488258032002,87.7128404560096,112.32093860516215,18.0,-1.0,8.5,18.0,10.179444906996878,10.179444906996878,8.288148651543565,10.964079148427183,7.961321996503736,9.46270057246546,3.002757151923447,10.66380343323484,110.71060892452022,109.77825809245878,94.8935994133453,0.7732179956232822,80.13136288998358,10.964079148460353,10.921074152765947,80.13136288998358,95.26270820135484,17.97482211275315,18.018609742747675,17.99671592775041,17.99671592775041,IMG_00002.tif,15.225,juniper_right_8,11.042286716543117
1,2.0,23.24159141360865,23.248200832866438,24.415131460494266,24.418802529710593,25.619064497199656,25.620008263728515,1.466846164221719,0.9049612666403608,-0.3230785548467518,-0.9935212863835674,19.0,13.417564626784724,13.245733275078518,12.937593040368625,13.691722169678485,98.21198503782246,98.21198503782246,95.1497998693207,19.0,1.0,11.5,19.0,12.862785201760147,12.612548372417962,13.765292599619215,12.271726604053331,14.710086687843363,13.490906645948346,-2.4383600837900326,12.515562612432333,99.91337434129231,99.64290303184326,109.36716281946565,0.7667117851484593,105.51724137931032,12.271726604064174,14.03308600461767,105.51724137931032,95.86600516120718,23.201970443349747,23.25123152709359,23.30049261083743,23.349753694581274,IMG_00003.tif,13.533333333333337,juniper_right_9,12.612548372417962
1,2.0,26.609022215925723,26.61463004810934,27.85836393172181,27.87035335263144,29.137028945497153,29.15698305111816,1.3622763004059557,1.1800767026028631,2.993089179208746,-1.6806646538811298,15.0,11.67243907230619,12.331183046892493,11.394509615356611,11.394509615356611,112.8903858256326,125.88180716771808,125.88180716771808,15.0,1.0,10.5,15.0,13.61376409356194,15.45134889826204,11.403310288916117,16.171325255739866,9.719002741131606,12.945163998435735,6.452322514608259,15.526093004279039,121.32817799031625,118.7907584646819,95.54871206994802,0.7286588699196248,84.23645320197042,16.17132525579205,15.02541010462101,84.23645320197042,102.64834789003355,26.724137931034477,26.674876847290633,26.551724137931025,26.45320197044334,IMG_00004.tif,13.533333333333337,juniper_right_9,
1,2.0,28.35456560937749,28.379841854862647,29.51662447633548,29.53623820620072,30.723784387244315,30.740488074915444,1.6538150525531108,0.7068311674996877,5.0178790655794705,2.088161912164484,16.0,20.077740818175485,20.574572374316997,20.605844689216866,22.503499032652257,92.59563174237849,89.9097951180684,80.02079591151929,16.0,-1.0,19.5,16.0,19.199970163328658,18.833434486069166,22.679548699344764,16.75971417660427,25.941460868829957,21.350587522717113,-9.181746692225689,17.677888845826836,78.99530988799697,77.78742700526463,98.21227678434448,0.5414181210727236,102.66009852216749,16.759714176570906,20.058597248723174,102.66009852216749,82.57120928065241,28.44006568144499,28.407224958949094,28.472906403940886,28.669950738916256,IMG_00005.tif,10.15,juniper_right_12,19.199970163328658
1,2.0,34.086072145974406,34.12635103168124,35.379836690842126,35.41735714079839,36.67265651454357,36.70076029316096,1.6441126910609503,0.9302965704187687,3.5494306750504205,2.6375574105007153,23.0,19.459679135978746,20.419865630884022,21.304998506041358,21.304998506041358,105.05202100175815,95.80843946535116,95.80843946535116,23.0,-1.0,20.5,23.0,21.300782539894755,17.540748051328904,21.977968637615504,17.808516715939767,23.058123913099625,20.433320314519698,-5.249607197159857,18.33347743565575,98.1333904693131,97.60138717565677,111.41336267193103,0.7732218760444095,123.74384236453201,17.808516715929002,20.052728734421986,123.74384236453201,99.3753905327912,34.15435139573071,34.08866995073892,34.220032840722496,34.285714285714285,IMG_00006.tif,10.15,juniper_right_12,21.300782539894755
1,2.0,28.379901867644758,28.38073934624838,29.67208051592281,29.67359879016605,30.952913572135824,30.95442738079735,1.3844450075225427,1.1892430270264267,-0.5146238469439646,-0.5796014777338435,16.0,19.200957750042505,19.848686731430476,19.950545282929625,20.826268260094622,86.00533473348403,83.03079026769429,80.08767859785209,16.0,1.0,19.5,16.0,21.0730003118708,21.582269682286665,18.932699511374636,23.571336190094154,15.292688990512666,19.432012590303408,8.278647199581489,22.743471470136004,86.60666244704319,85.30266273289075,70.96736724329244,0.6319057185967965,81.13300492610836,23.571336190087344,19.271416228479517,81.13300492610836,85.98617649313758,28.596059113300484,28.399014778325114,28.30049261083743,28.22660098522167,IMG_00007.tif,13.533333333333337,juniper_right_9,21.0730003118708
1,2.0,29.387893045255545,29.39685775337592,30.389775367804248,30.400117345621776,31.434546245819085,31.443464469756254,1.1197147249392811,0.9268919914410569,1.6989884912491533,-1.4945626130566996,17.0,19.675260157002413,20.00780289803017,20.30178679729613,20.988551464629893,83.20372818697949,77.13820805230519,75.68963289924972,17.0,1.0,19.5,17.0,20.326871521810688,20.417299981295173,21.104064648628963,21.308988834022067,19.233777444539164,20.271383139280616,2.0752113894829005,21.101467695073776,84.9202013624399,84.8473632967746,80.89443256177834,0.7802042609371351,73.89162561576353,21.308988834051277,21.770636838273482,73.89162561576353,79.25981076470048,29.556650246305413,29.433497536945804,29.33497536945812,29.33497536945812,IMG_00008.tif,13.533333333333337,juniper_right_9,20.417299981295173
1,2.0,18.141900149447693,18.148065882479667,19.1152073590313,19.124606742923383,20.124679700086624,20.138312301205673,1.3773339696275495,0.6129124490984548,2.4218685095868553,-1.7964240313201605,28.0,9.070351686616235,8.174093206053078,7.855495352429784,7.180486086393046,94.318355438516,103.70795514104681,115.85945849450128,28.0,1.0,7.5,28.0,9.88390428102656,9.66080049966186,7.477972542176019,11.176416761305394,5.858531013272897,8.517473887289144,5.317885748032496,10.644628186502143,126.74945034266817,122.5282868086248,93.6270839290264,0.8301279435747023,89.82078853046598,11.176416761321912,10.326452544551517,89.82078853046598,101.23926877806453,18.231780167264045,18.106332138590208,18.085424133811234,18.189964157706097,IMG_00009.tif,15.94285714285714,juniper_right_7,10.904827157082906
1,2.0,19.41635813512516,19.440638008858286,20.40193751595921,20.425430284311137,21.42859615186561,21.451810411518807,1.1551209425313074,0.8560514601292132,-2.6918301050809896,-2.7482786005942734,27.0,14.176234167356881,14.34072204886229,14.726967712317759,14.726967712317759,78.46271888480138,75.59238754560397,75.59238754560397,27.0,1.0,12.5,27.0,15.205063295761079,14.84068158855348,13.246616654127024,16.08975845007349,12.025552571298935,14.05765551068621,4.064205878774553,15.683337862196032,80.49731740624443,79.93823343611764,70.060784936023,0.7400054566878629,74.8768472906404,16.08975845007437,14.086810262887926,74.8768472906404,79.77612609767101,19.485495347564314,19.46360153256705,19.397920087575258,19.441707717569788,IMG_00010.tif,15.225,juniper_right_8,15.536380481952165
1,2.0,18.041286612839308,18.043932512251285,18.81482378284594,18.818153011715136,19.625688612744167,19.630299178230043,0.8444270662437061,0.7419395997350565,0.38571996481075516,-1.0777731535359445,27.0,13.921563149943154,14.141069848679145,14.141079536559715,12.814851889505661,72.87908963376807,71.30530466141431,77.17722457297333,27.0,1.0,12.5,27.0,14.993019562313464,14.993019562313464,13.170155291229804,15.575296280462755,12.306428527552017,13.940862404007385,3.268867752910738,15.248409505171681,75.2380431280858,74.89492926236254,67.2007589831931,0.8796846114501795,67.91461412151068,15.575296280469788,14.635843907564933,67.91461412151068,71.41081872713814,18.149972632731252,18.0623973727422,17.97482211275315,17.66830870279146,IMG_00011.tif,15.225,juniper_right_8,15.693850399325441
1,2.0,20.012174884266848,20.016468607176353,20.912913572478466,20.92101228151681,21.90478871689939,21.918250735367902,1.2771829153604308,0.6245992128311191,-2.818430625049545,-1.5942931941614626,33.0,13.407450202909871,13.60524022683655,13.383465490736285,13.50192504277237,92.61906724387349,95.30153343612578,95.30153343612578,33.0,1.0,12.5,33.0,13.400172043282765,13.518631595318851,14.284904636234302,13.382696521330665,13.404572076679012,13.39363429900484,-0.02187555534834589,13.3848840768655,86.35883591995271,86.35881686955807,86.4281087576205,0.7529615635123663,99.3103448275862,13.382696521319014,12.569453595595036,99.3103448275862,91.9211158983085,19.945265462506843,19.98905309250137,20.098522167487687,20.098522167487687,IMG_00012.tif,15.225,juniper_right_8,13.862775441293593
1,2.0,22.289006206938147,22.353618922920855,23.63443416468626,23.69218890468315,24.918451126123735,24.983656996609025,1.6068109529552608,1.0232271207329042,5.050313053060313,4.001447439148352,25.0,9.428463844087588,9.271814459295772,9.088660548096271,9.009191356563065,139.64412644977332,142.23351576014107,143.35462327231193,25.0,-1.0,9.5,25.0,10.288705831399056,10.288705831399056,9.144192560154124,10.706602549612798,8.240912106531145,9.473757328071972,2.4656904430816535,10.460033505304633,136.0964927096368,135.32723052230824,119.89621475685159,0.8470501778751351,134.2528735632184,10.70660254960236,9.003020568605557,134.2528735632184,142.34004513668486,22.298850574712645,22.337164750957857,22.45210727969349,22.758620689655174,IMG_00013.tif,8.7,juniper_right_14,10.931985080771483
1,2.0,24.8529064206913,25.102464039936965,26.4051014133151,26.64418222256291,28.136874548009548,28.397043226382614,1.927515882948675,1.3670633034969724,-2.8227212761422056,-7.681288446495433,19.0,11.682376262522553,11.73119676527596,12.397832717288082,12.397832717288082,105.25607522616731,110.93169213611684,110.93169213611684,19.0,1.0,10.5,19.0,13.785361201491071,13.785361201491071,11.248500684395196,14.28485498112568,10.51945995514419,12.402157468134936,3.7653950259814892,13.90831547852753,117.25737364777564,116.35679913558455,101.28031316592302,0.7995036989363885,79.83579638752052,14.284854981177089,15.06708831074829,79.83579638752052,96.13466399354614,25.07662835249042,25.016420361247945,25.13683634373289,25.377668308702788,IMG_00014.tif,11.072727272727274,juniper_right_11,13.785361201491071
1,2.0,23.0352535874841,23.222506378483747,24.26910699138852,24.46628013690248,25.481612947554325,25.68260784142202,1.2917746443049745,1.168326818633303,4.492266189783239,7.278965090692599,17.0,12.126122558871856,11.133918484583587,12.126122558871856,11.19364503903401,106.19205655791036,106.19205655791036,114.92705498723588,17.0,-1.0,9.5,17.0,13.891118932409881,13.891118932409881,9.724718288827773,15.102399493366617,8.897663537887848,12.000031515627231,6.204735955478769,14.48192589781874,113.64815337564119,111.08404358252194,88.64394356634469,0.7437407232934519,83.34975369458128,15.102399493390873,13.291401041761883,83.34975369458128,100.45829241471864,23.41543513957307,23.15270935960591,23.251231527093594,23.34975369458128,IMG_00015.tif,10.15,juniper_right_12,13.891118932409881
1,2.0,26.232669073236444,26.255481483743132,27.511398630339126,27.54045476470862,28.84793167542573,28.885074144600974,1.4395584664453018,1.1900341944125425,2.3735373475307573,2.6321412089165044,30.0,17.433198849043038,17.238162940680215,17.2295216506229,16.209685353967217,87.27333213148245,88.16798575936298,92.97130954094155,30.0,-1.0,16.5,30.0,17.439063704619855,17.439063704619855,17.760284830391925,17.853334304927436,16.76998570704932,17.311660005988376,1.0833485978781159,17.744999445139623,88.17857346238543,88.15017537037656,85.55890277553674,0.8196461697930624,88.14449917898195,17.853334304926378,17.214423737268465,88.14449917898195,88.63289430729995,26.272577996715928,26.20689655172414,26.185002736726876,26.14121510673235,IMG_00016.tif,15.225,juniper_right_8,17.439063704619855
1,2.0,22.391540569855582,22.39532098111301,23.570628778926547,23.59245331172772,24.739963584781727,24.789937862193995,1.5219609884017855,0.8726558926791924,1.2983839523221723,2.464660135826968,20.0,16.382306420783124,16.5079754706604,16.520482001784302,16.703122042352163,79.55150132622714,79.29688150180003,78.63359878172749,20.0,-1.0,15.5,20.0,16.93868543929301,16.93868543929301,15.304300424077411,18.565829611527107,13.104259406800521,15.835044509163813,5.461570204726585,18.019672591054448,82.87177898596278,82.05269780020055,70.32046511763446,0.7881580006959437,79.3431855500821,18.565829611520172,15.594457188579522,79.3431855500821,83.2864449008589,22.506841817186647,22.441160372194858,22.33169129720854,22.33169129720854,IMG_00017.tif,15.225,juniper_right_8,16.93868543929301
1,2.0,25.233748088052387,25.23642792030312,26.61971557723284,26.621878604440802,28.03108676790672,28.03307163471358,1.4033503119851525,1.393293402425299,1.4032422525350483,0.7303856174650073,21.0,15.438004216551917,15.489472951930079,15.438004216551917,13.781042751850805,93.55379980213202,94.79468620508453,105.99241968393736,21.0,-1.0,13.5,21.0,17.240554294283157,17.240554294283157,14.740243539382732,17.752187140532826,14.34272553360218,16.0474563370675,3.409461606930643,17.41124097983976,91.60464260943868,91.26294318013647,82.74213058043652,0.8318267322782051,95.20525451559934,17.752187140516945,15.413092463381508,95.20525451559934,94.92238045246233,25.188834154351394,25.11767925561029,25.11767925561029,25.295566502463053,IMG_00018.tif,9.36923076923077,juniper_right_13,14.443811871537577
1,2.0,26.196237932054903,26.302027964804985,27.771705224275372,27.8708645655568,29.393352859327635,29.481310191906797,1.9543993769446417,1.2248828501571667,7.1623747736414005,4.834572439822687,17.0,14.83464641417092,15.47916882771897,15.255693065761989,14.621761674699115,105.82665223046317,104.67240840045982,104.67240840045982,17.0,-1.0,14.5,17.0,15.043123073172694,15.780251863090768,15.628819522389222,16.418857694913385,15.199692052862773,15.809274873888079,1.2191656420506132,16.296941130708326,96.01608145581298,95.96900449142416,92.49866637296302,0.7531715868883827,118.6863711001642,16.41885769487386,14.694132879525828,118.6863711001642,103.07311397176338,26.09172451010052,26.469622331691294,26.469622331691294,26.25615763546798,IMG_00019.tif,9.36923076923077,juniper_right_13,13.523471561430256
1,2.0,18.670922838029238,18.670932492579883,19.808672189741564,19.808697747484004,20.982115085524185,20.98234733523828,1.4025637727357552,0.9088510699226436,-0.10925602787238582,0.09203880236856808,22.0,10.984949440915983,10.949739619138075,10.8665085548746,10.8665085548746,96.81209946384058,97.9462937508522,97.9462937508522,22.0,-1.0,10.5,22.0,11.250326746932558,11.018013204131762,10.030990055775533,11.178042621746325,11.12965751165782,11.153850066702073,0.04838511008850598,11.173204110737476,96.51860550147981,96.51845489728792,96.31220914758022,0.7714588352347495,108.50574712643679,11.178042621745012,11.076299191787623,108.50574712643679,97.1857023269164,18.697318007662837,18.67542419266557,18.58784893267652,18.65353037766831,IMG_00020.tif,15.225,juniper_right_8,11.291484503617653
1,2.0,17.70399761296533,17.70438819802605,18.934771620926984,18.936743478554273,20.20673406788915,20.211549861967505,1.3913103982359185,1.1158512657055395,5.369375772249634,-0.8268496142148009,23.0,7.639641156260751,8.97985556278418,8.582458745449713,8.582458745449713,96.03243092403696,76.49398201159578,76.49398201159578,23.0,1.0,7.5,23.0,8.693879143637872,8.693879143637872,7.611321091126342,10.931618661752534,4.627468333182319,7.779543497467428,6.304150328570215,10.301203628895514,138.61303733058364,130.67460278337873,93.27465183381454,0.808422975825393,73.95730706075534,10.931618661793726,10.598815486876585,73.95730706075534,96.16840557959932,17.84345922276957,17.71209633278599,17.66830870279146,17.60262725779967,IMG_00021.tif,15.225,juniper_right_8,9.749435603402048
1,2.0,23.385776658768034,23.41206191672267,24.42529721294864,24.453557432850612,25.525727495532475,25.553218787113362,1.116331084201934,1.0248257861887589,3.0639692957651907,2.7548389112947014,17.0,17.729487466466367,18.62912646875796,18.079934256080463,18.441030765084548,77.90707471579577,76.19919656586997,74.94604250705,17.0,-1.0,17.5,17.0,18.396808179764292,17.68526488114611,18.035711670760207,17.719872415966734,18.74369113608695,18.231781776026843,-1.0238187201202171,17.822254287978755,74.75761420878788,74.73825831144528,76.82507964057393,0.7673296521754244,77.66830870279146,17.719872415957436,18.079548234077468,77.66830870279146,75.34627851260822,23.700054734537495,23.50848385331144,23.23481116584565,22.742200328407225,IMG_00022.tif,12.18,juniper_right_10,17.65757844482252
1,2.0,22.574500643338528,22.640137597843776,23.67078885201568,23.734842514576602,24.81243872205992,24.87631232079296,1.1619437351965203,1.074230987752662,-3.021891180319737,-4.210310789760989,22.0,15.345990636227086,15.016522455163079,15.414068286390602,15.414068286390602,83.87075730277465,80.77633710755848,80.77633710755848,22.0,1.0,13.5,22.0,15.774081911661767,15.877416733957006,15.312847517963263,15.242806854502788,14.559533296468617,14.901170075485702,0.6832735580341711,15.174479498699371,87.8790831663496,87.86383319537234,85.93967206487442,0.8505868486217446,79.47454844006569,15.242806854516825,15.622797426942057,79.47454844006569,83.89956343664468,22.879036672140124,22.769567597153802,22.495894909688015,22.167487684729064,IMG_00023.tif,12.18,juniper_right_10,15.774081911661767
1,2.0,26.83375108648409,26.842258852393613,27.834861237750296,27.843340979055935,28.855788325179496,28.864508757452796,1.1618205533412045,0.8604293517179878,-2.281756974673425,-1.4140972628029445,35.0,16.66159111864482,16.686178278863455,16.66159111864482,17.80614551803299,96.01814191338605,96.01814191338605,89.11087175090738,35.0,1.0,15.5,35.0,17.39037142133563,17.39037142133563,16.562835836444776,18.119296249220746,15.769774652089357,16.944535450655053,2.349521597131389,17.884344089507607,92.19393731510021,92.047926992581,86.26136211616931,0.8894413472343402,97.99671592775042,18.119296249213924,16.45413267455079,97.99671592775042,94.7121044735009,26.863711001642038,26.81992337164751,26.798029556650246,26.666666666666668,IMG_00024.tif,15.225,juniper_right_8,18.45597743143165
1,2.0,24.374985013187864,24.379107536204227,25.764535364244786,25.764942010850774,27.10866106915242,27.10891905498096,1.871196020315459,0.8586154984612814,3.8745194410388195,-0.3219083134572614,17.0,10.97158438364798,10.8767197311992,10.732697501329085,10.626870854802263,101.48199143094506,101.48199143094506,104.4194877560878,17.0,1.0,10.5,17.0,11.200267400783787,13.043212045094975,8.755920865427072,12.780143050186826,8.537766594927783,10.658954822557304,4.242376455259042,12.355905404660922,133.5461197312647,131.77184942827554,110.17952324669616,0.8753132811191215,88.14449917898195,12.780143050246714,13.008722322788099,88.14449917898195,108.27604287062032,24.324028461959497,24.389709906951285,24.455391351943074,24.63054187192118,IMG_00025.tif,15.225,juniper_right_8,10.682528386307496
1,2.0,25.973947469094345,25.974110783800377,27.501293042909232,27.502134797751854,29.03866322911225,29.040427102537755,0.9103519228640283,2.1559643958733443,2.916691989111691,-0.4482789505431744,25.0,14.400659512034025,14.453471506884654,14.397053396152302,14.397053396152302,94.6658998012556,96.9222465164759,98.39493197928861,25.0,1.0,13.5,25.0,14.279895378853723,14.279895378853723,14.044577126513701,14.990033828595514,13.674320890889344,14.33217735974243,1.315712937706171,14.858462534824898,104.96868891099169,104.8955867526037,100.3908119114207,0.6783147238404823,86.83087027914614,14.99003382861831,15.950692176816172,86.83087027914614,94.48777610558327,26.119321291735087,26.09742747673782,25.70333880678708,25.61576354679803,IMG_00026.tif,15.225,juniper_right_8,13.277393700260575
1,2.0,22.06693469542178,22.067238714585518,22.883330267219677,22.88388039375679,23.73393482672721,23.735117107363788,0.6603480986719032,1.0075302941063689,1.7344353475986176,-0.39728755699034884,23.0,14.089574381691165,14.331397017234375,14.11163673731562,14.11163673731562,84.91843699479809,84.91843699479809,84.91843699479809,23.0,1.0,14.5,23.0,16.317392107557907,16.317392107557907,14.29629366765289,17.510781075644648,13.412381606363473,15.46158134100406,4.098399469281174,17.100941128716528,83.25518157716208,82.77052436152152,73.33684098365072,0.7965491401074031,73.30049261083744,17.510781075658972,16.37581747992436,73.30049261083744,78.26574673799367,22.09085933223864,22.047071702244118,22.09085933223864,22.13464696223317,IMG_00027.tif,15.225,juniper_right_8,16.317392107557907
1,2.0,22.220268151362767,22.221432664026437,23.111661858910086,23.11224492060664,23.993766875332412,23.994034793266405,0.7600541827023972,1.0125479465375713,3.3679609356125697,0.4069815614552737,32.0,12.640521936668065,12.841002141882521,12.775399364008848,12.775399364008848,86.76573875367217,85.2880394888277,85.26396618225044,32.0,1.0,11.5,32.0,12.739584904914096,13.009339759595662,14.302456238753564,12.162741006485833,14.921663449132888,13.54220222780936,-2.7589224426470547,12.438633250750538,95.17539181896045,94.84786888094412,105.41464177572708,0.7523175414821224,92.08538587848933,12.162741006495335,14.81592360819712,92.08538587848933,86.85360215674754,22.112753147235907,22.13464696223317,22.26600985221675,22.52873563218391,IMG_00028.tif,15.225,juniper_right_8,13.009339759595662
1,2.0,22.965530289642768,22.98417464632615,23.8939091804517,23.914600264236906,24.869895106864366,24.891796928420273,1.0548209148193557,0.8528013672747707,0.27392896019464985,-2.3835760047530288,27.0,13.126848817996375,13.350403228399637,13.672067592121692,13.027771628433555,88.03404524985167,87.38042617402624,87.38042617402624,27.0,1.0,12.5,27.0,14.17363400754357,14.17363400754357,12.867887767776438,14.870022621680521,12.043777355720314,13.456899988700417,2.8262452659602064,14.587398095084499,99.10419346934925,98.74164643400086,89.54059832593545,0.7577323743704087,87.09359605911331,14.870022621693717,14.497055839249839,87.09359605911331,91.79293250795071,23.054187192118228,23.0103995621237,22.966611932129176,22.857142857142858,IMG_00029.tif,15.225,juniper_right_8,15.088688333465797
1,2.0,17.007270611135148,17.01096046386807,18.245473858222372,18.24797273029044,19.527419263882006,19.529091948948714,1.6935037554543526,0.8246277296262902,-0.1399612557841577,0.9482160148784783,25.0,7.338699625698183,8.50397285071094,8.00744877901542,8.00744877901542,121.61266359911957,119.55772703812399,114.41613999925666,25.0,-1.0,6.5,24.0,9.39340566188082,11.388965165879654,6.912625057917239,10.117228955473877,6.0067427699268565,8.061985862700366,4.11048618554702,9.706180336919175,124.02217105695433,121.29234276269119,96.83649239155721,0.8714143802621976,85.91133004926108,10.117228955488237,8.864968207389474,85.91133004926108,110.3820263610415,16.977889223129125,16.902025177887246,17.05528188286809,17.142857142857142,IMG_00030.tif,15.225,juniper_right_8,11.388965165879654
1,2.0,16.754752470404863,16.778142112917024,17.937647718260138,17.95956898053822,19.154792372828357,19.175605737941563,1.6745127546736533,0.722950870350889,-0.6136209150116086,-2.8311745066627476,15.0,10.140549788921135,10.000096200735442,10.332032567659724,10.696616097334044,89.89827683308191,81.87674675480648,81.4619716102071,15.0,1.0,9.5,15.0,10.608606550730428,10.608606550730428,10.244023021056108,9.409812045910616,10.45914321096365,9.934477628437133,-1.0493311650530326,9.51474516241592,97.29576091847244,97.205570150369,102.5725214789242,0.8277223569184889,80.0,9.409812045930577,11.184529218200673,80.0,86.45734513741203,16.72687465790914,16.77066228790367,16.814449917898195,17.142857142857142,IMG_00031.tif,15.225,juniper_right_8,10.608606550730428
1,2.0,27.15013632029608,27.15128335482549,27.88783205895082,27.88801481562618,28.683044598890145,28.68305579000619,0.7595970174393678,0.7721754177413366,-0.21914087279686698,0.20742719363259893,30.0,14.066694706309505,12.718972933853957,14.186340960262498,14.186340960262498,107.8584406812318,107.61857479595383,108.09830656650976,30.0,-1.0,13.5,30.0,15.90589185803924,17.863728568718784,11.393532578093868,19.67669110871459,7.6051554297079305,13.64092326921126,12.071535679006658,18.469537540813924,123.60398817999248,115.12687633084131,80.6359002308974,0.7914426226064866,95.89490968801314,19.67669110871752,13.953225920825098,95.89490968801314,112.59953882450785,27.060755336617405,27.104542966611934,27.192118226600986,27.323481116584567,IMG_00032.tif,15.225,juniper_right_8,15.90589185803924
1,2.0,22.62925608097934,22.630119079582634,23.77694283876204,23.777330729568302,24.981437229162868,24.981479940001655,1.375627929232175,0.975732931186845,-2.028292425907149,0.32727393208353817,24.0,12.376103945024099,12.713156528809085,12.172164528285919,12.172164528285919,90.85731217500177,92.22490807880465,92.22490807880465,24.0,-1.0,11.5,24.0,13.121650615688168,13.774835359359031,12.0203882101207,13.542314652476147,11.483524802866196,12.512919727671171,2.0587898496099513,13.336435667515152,104.6767701820101,104.44174392968448,96.63474437931752,0.8407858762877796,86.30541871921183,13.542314652491061,13.735238554702342,86.30541871921183,95.30297742198029,22.725779967159276,22.68199233716475,22.61631089217296,22.52873563218391,IMG_00033.tif,15.225,juniper_right_8,13.184446528680496
1,2.0,30.704708696622088,30.721678708526284,31.97384415800206,32.001721874991965,33.2260756411795,33.268783803477575,1.34423457237559,1.2028705225757053,-1.1174450743215236,-2.391724166734696,30.0,14.44759946611012,14.45809614558025,14.57755459146992,15.261936441670656,119.0169762669276,118.22951174631551,115.09058355301048,30.0,1.0,13.5,30.0,13.630474368594633,11.53957639670898,15.141711712216562,13.090145735580528,15.245874131558098,14.168009933569312,-2.155728395977571,13.305718575178284,125.71501318931796,125.47420914318387,135.6027716032289,0.8328325291923331,124.63054187192118,13.090145735589152,14.621639342993557,124.63054187192118,121.6624133735489,30.89764641488779,30.73344280240832,30.678708264915162,31.198686371100166,IMG_00034.tif,12.18,juniper_right_10,10.874615092005058
1,2.0,18.19064187629713,18.19076756096531,19.31839913002052,19.31847003529638,20.490646291879926,20.49066832713694,1.1562906404364184,1.1436101257352158,-3.6413257253118743,0.15523536754251815,26.0,9.596535518422513,9.505161105461342,9.428977080998607,9.18320512382931,93.94158025007522,94.70065793499663,96.73004552290362,26.0,-1.0,8.5,26.0,10.404867420130756,9.444413288834312,9.463541620701108,12.852235231832765,6.78920734306176,9.820721287447263,6.063027888771005,12.245932442955665,110.19049475882476,106.60878806781243,81.7480245476794,0.7241792236342213,81.9704433497537,12.85223523186911,11.617273671341485,81.9704433497537,90.29909084380753,18.32512315270936,18.281335522714834,18.12807881773399,17.99671592775041,IMG_00035.tif,15.225,juniper_right_8,9.444413288834312
1,3.0,23.589856925042408,23.59761786236925,24.724805037909398,24.733086158017766,25.866926867948184,25.875632098933803,0.9744570173143071,1.303557219250245,-8.53954144262215,-1.4827063077506624,16.0,20.727315584801303,20.699211981812663,20.987821078849322,21.040357467892818,90.15444755827113,85.40456449942593,84.71810405271617,16.0,1.0,19.5,16.0,20.473021795713976,20.131036197972065,20.84310562479419,20.52002845483924,20.473300052867998,20.49666425385362,0.046728401971243214,20.515355614642118,67.14547094815546,67.14544241796804,67.07228174643693,0.7168356175580138,100.0,20.520028454757146,17.060274444254272,100.0,80.13962488739635,23.541167066346922,23.621103117505996,23.621103117505996,23.621103117505996,IMG_00036.tif,16.68,gray853_a,20.473021795713976
1,3.0,12.54524413605148,12.577593872155607,13.415028572561775,13.453982919200241,14.225303620632133,14.267210488037163,0.7251711769758428,0.964445438905714,-7.869036448552473,-4.361089498345891,12.0,16.868990702573512,17.408536900743027,16.794910855612528,16.57089397194133,49.13174908580459,48.289793073668235,48.289793073668235,12.0,1.0,16.5,12.0,17.00344731488312,19.668174302802214,16.631270737289952,20.727573149520005,13.757463223789175,17.24251818665459,6.970109925730828,20.03056215694692,42.779466428610206,42.19812809262271,35.34149201978266,0.4850798996634305,52.69461077844311,20.727573149391162,15.332932357993448,52.69461077844311,47.30310164675796,12.83433133732535,12.654690618762476,12.634730538922156,12.694610778443113,IMG_00037.tif,16.7,gray853_b,19.305970570483623
1,2.0,15.205285265261473,15.209213814430715,16.171838792532668,16.175413460140845,17.17028426185455,17.173793394521283,0.7984433087788753,1.166136271311694,-10.556608851088718,-1.204580326370885,11.0,21.37774128317372,20.8262273481536,21.37774128317372,21.37774128317372,62.728582310768,62.728582310768,62.398787618756856,11.0,1.0,19.5,11.0,21.381429141431454,20.914101970198544,22.168204118144786,22.679105902686764,18.204106109454898,20.44160600607083,4.474999793231868,22.23160592336358,43.48571224365377,43.31476056326423,39.23491852987784,0.5034701178747382,77.93764988009592,22.679105902515452,15.812605630666145,77.93764988009592,55.51647410000454,15.207833733013588,15.227817745803357,15.227817745803357,15.167865707434053,IMG_00038.tif,16.68,gray853_a,20.914101970198544
1,2.0,17.826106737754046,17.82815834251328,18.828894520310527,18.830502670446215,19.831035025843004,19.832056329283112,0.461094920158582,1.5428030666112524,6.63607830665307,0.7488124563675083,17.0,17.553207735926776,17.082356908917017,17.30252185566988,17.30252185566988,78.66627364742435,77.02630799476897,75.84260714269058,17.0,-1.0,15.5,17.0,18.379278715142846,18.500033872498335,16.6631358818683,19.72787557348866,14.999173081107942,17.3635243272983,4.728702492380716,19.255005324250586,59.96817519043193,59.60067773629992,52.69338340745876,0.706661001447318,88.60911270983213,19.727875573345436,14.33040441184206,88.60911270983213,71.86212301083506,17.60591526778577,17.685851318944845,17.845723421262992,17.98561151079137,IMG_00039.tif,16.68,gray853_a,19.146329792103614
1,2.0,18.517125938971724,18.52686529529137,19.55826258904933,19.566142150006208,20.582930384704518,20.588934789792365,1.0575512564910476,1.0045182380099524,-10.974059111679908,-1.6261125949678328,9.0,21.94962412425346,22.614839713349802,22.50853350224324,21.94962412425346,63.49366390693615,63.49366390693615,63.49366390693615,9.0,1.0,20.5,9.0,21.47377182864284,21.47377182864284,22.032681206632617,21.309533120288897,23.61156550810528,22.460549314197088,-2.302032387816381,21.539736359070538,48.25332408317739,48.21201597685896,50.685056920255164,0.5413672828506502,78.1491002570694,21.309533119627748,18.140392651394404,78.1491002570694,59.160032461253216,18.68037703513282,18.55184233076264,18.380462724935732,18.123393316195372,IMG_00040.tif,7.78,h512,22.778741877037135
1,2.0,21.48593057440113,21.5706527117299,23.367069917179766,23.45240497241946,25.251136284539434,25.336134739575755,2.5390334244698862,1.226448603375973,-5.8763072420400375,-4.889218538103975,6.0,18.72657224756574,19.475589317827954,19.91970203789836,19.91970203789836,70.02817879004051,64.85645325086776,64.85645325086776,6.0,1.0,17.5,6.0,17.673806894426065,17.673806894426065,20.060066475091304,13.940051513943432,25.446161359603593,19.693106436773512,-11.506109845660161,15.090662498509449,65.58947960556961,63.711410853212605,89.12002616551487,0.4399123505820476,77.6349614395887,13.94005151383911,19.224671029800206,77.6349614395887,65.20298007076362,21.80805484147386,21.85089974293059,21.5509854327335,21.59383033419023,IMG_00041.tif,7.78,h512,
1,3.0,21.27566967144426,21.45910106956076,23.841184924006278,23.92927161729836,27.14824235682597,27.170670275610902,4.857802218839245,0.8537669872108951,-9.466705703355926,-4.917692381165723,28.0,17.886336567079937,18.544821040136025,18.585667494575347,18.585667494575347,73.16934890661415,71.40472303718049,67.88056132946014,28.0,1.0,17.5,28.0,19.160947191532642,18.627370670833045,17.948390803422797,19.20025393607344,18.208346914919332,18.704300425496385,0.9919070211541073,19.10106323395803,66.19643584611718,66.18116385861607,64.53368262982576,0.8269669574870891,76.09254498714652,19.200253936053613,17.698518664533275,76.09254498714652,69.8113729135853,21.379605826906598,21.422450728363323,21.50814053127678,21.59383033419023,IMG_00042.tif,7.78,h512,20.2122673132491
1,2.0,17.066996354281258,17.13110848366371,18.76336684741391,18.837537487525978,20.44953344782028,20.535728864688434,2.0671174477797214,1.3375029332450026,-11.91789387721079,-5.086091637277622,19.0,21.22159360552152,21.309402256112588,21.466784800014068,21.68658112078589,54.485189895123476,54.485189895123476,53.24383874713533,19.0,1.0,20.5,19.0,21.73966891323269,20.574256780306598,21.227161153419075,21.209232525330044,21.18540794388619,21.197320234608117,0.023824581443852594,21.20685006718566,46.86475044777838,46.864745614505225,46.83963613312336,0.8510540798156678,70.17994858611824,21.20923252525518,17.71171065248273,70.17994858611824,55.6997146893384,17.00942587832048,17.180805484147385,17.26649528706084,17.480719794344473,IMG_00043.tif,7.78,h512,21.73966891323269
1,2.0,16.895733354958256,16.896195198169643,18.107817971943685,18.108262313611235,19.379234268706167,19.38024137618815,1.1996890545934231,1.284357123425085,-11.844248307375658,-0.40138270004881665,17.0,18.315360590152636,18.252714753827103,18.212478764487003,18.212478764487003,77.39580443170836,75.82816149902405,75.82816149902405,17.0,1.0,17.5,17.0,18.19115523223246,20.19794252175521,17.008117679790075,20.46851761423825,16.860085572484326,18.66430159336129,3.608432041753926,20.10767441006286,52.66308310670443,52.50120730601449,48.046709916773366,0.8691015393665512,125.19280205655527,20.468517614023288,13.021648010043151,125.19280205655527,74.56791399608461,16.62382176520994,16.83804627249357,17.052270779777206,16.966580976863753,IMG_00044.tif,7.78,h512,18.19115523223246
1,2.0,17.503213166196037,17.510063461141332,18.56376009350689,18.56917452440635,19.603812120506603,19.60933552651545,0.9659371563393933,1.133334909034727,-6.836086045618661,-1.383656514742672,13.0,15.663879884485823,15.45315266317328,15.677106678884485,15.677106678884485,84.14870542339888,77.89747795879757,77.89747795879757,13.0,1.0,13.5,13.0,15.798529419515205,15.529225324899414,15.488690380398083,16.656078821508224,14.046057358240745,15.351068089874484,2.6100214632674774,16.395076675181475,66.12679222017844,65.96883834347558,60.92990184408625,0.7557209481124821,95.62982005141387,16.656078821376603,12.801721404873847,95.62982005141387,78.81704085502584,17.566409597257923,17.523564695801202,17.566409597257923,17.60925449871465,IMG_00045.tif,7.78,h512,15.529225324899414
1,2.0,12.781541767099881,12.854594843182664,14.269687493073778,14.34670004502264,15.759800406399478,15.8400986318073,1.4283704984704828,1.5571332901541517,-9.960669539847702,-5.939321614379797,17.0,14.700872822877926,14.826823139504917,15.37484692748771,15.956573837143026,63.95784398698458,59.55874308724876,59.55874308724876,17.0,1.0,13.5,17.0,15.684660981217263,11.751580451549358,14.730218740489704,14.582311639963327,14.508569156855541,14.545440398409434,0.07374248310778672,14.574937391652549,50.69833368962079,50.69822610005256,50.57280547306318,0.8243469859222485,68.12339331619538,14.582311639870635,12.761524260761563,68.12339331619538,57.6419819375793,12.982005141388175,12.982005141388175,12.853470437017995,12.724935732647815,IMG_00046.tif,7.78,h512,11.751580451549358
1,3.0,14.64101964866871,14.64319939552221,15.547877460468914,15.54961847541336,16.4401556337686,16.441504626149456,0.6066294737877462,1.1916757568394967,-5.392880402171826,-0.8573991786666239,12.0,13.48379897662582,12.66628162079677,13.309441472202138,11.41188400579938,79.58312753426378,79.18758906638386,84.05764766881478,12.0,1.0,12.5,12.0,13.5460881089802,13.701436532284873,11.902271044589838,13.879420415400318,11.79729438771093,12.838357401555625,2.0821260276893883,13.67120781263138,65.93450282912757,65.79073267758383,60.9422353771206,0.6415450148136843,99.64028776978418,13.879420415350044,10.517902365166988,99.64028776978418,80.084174588198,14.648281374900082,14.648281374900082,14.648281374900082,14.628297362110311,IMG_00047.tif,16.68,gray853_a,13.744101770432934
1,2.0,12.475470378666905,12.51563172225129,13.854637389568612,13.899694767128462,15.262419145243458,15.311223031577187,1.4310497223212646,1.3645415870046296,-7.8153372729194155,-4.614613600081434,12.0,14.467057515102766,14.83516172541282,15.189304448904267,14.503965155962561,57.735423587008704,58.999935751134366,58.999935751134366,12.0,1.0,13.5,12.0,15.174073022497879,15.174073022497879,14.488733729556174,16.158147217433914,13.083099527081622,14.620623372257768,3.0750476903522928,15.850642448398686,49.474639103816955,49.293416949924826,44.71072819734902,0.5584935526638559,63.239074550128535,16.158147217322043,13.016198726985825,63.239074550128535,55.24451193784134,12.510711225364181,12.510711225364181,12.339331619537274,12.210796915167094,IMG_00048.tif,7.78,h512,15.174073022497879
1,2.0,15.775893497299469,15.784101134636163,16.878626761821028,16.88974262723483,17.960072016402826,17.974517516276542,0.8733931784784024,1.317023203161976,-5.472634554519688,-2.0788424484229044,15.0,16.585247303392748,17.155798036891646,17.505740347040586,17.57181643683319,63.65786227591973,61.67074301896776,61.67074301896776,15.0,1.0,16.5,15.0,18.683179879514313,16.911219359787054,17.401871544302026,19.350119641983863,16.740073995181902,18.045096818582884,2.6100456468019613,19.089115077303667,50.93622553725925,50.84859781299754,47.53771413121309,0.7863756140504035,66.18705035971223,19.350119641932828,16.18943828960154,66.18705035971223,56.49334228237017,15.72741806554756,15.827338129496404,15.787370103916865,15.647482014388489,IMG_00049.tif,16.68,gray853_a,16.911219359787054
1,2.0,20.41672626518988,20.42886015674653,21.49458674214827,21.508584758567583,22.59002852146416,22.605933772606477,0.9810619583140636,1.1960116575458786,-8.523206663200803,-2.0672286645565303,24.0,18.990019166221686,19.30256962588937,19.1668419236145,20.31902234018642,80.25256418236336,77.10635972425213,64.91748459422043,24.0,1.0,18.5,24.0,18.214186682224835,18.02122434326401,20.581945614123157,17.744706755309434,21.20423366502836,19.474470210168896,-3.459526909718928,18.090659446281325,61.16520212528514,61.00676178462417,66.73369502012181,0.7623245234914113,100.35971223021583,17.744706755258257,16.068837065214886,100.35971223021583,73.48061296971382,20.523581135091927,20.403677058353317,20.423661071143087,20.443645083932854,IMG_00050.tif,16.68,gray853_a,18.02122434326401
1,2.0,14.41271677225524,14.417178662443602,15.498177961136607,15.502944202029704,16.592188760362635,16.596961359274847,0.6535874966500587,1.5261952001811878,-4.4865454396338444,-1.42078924123289,9.0,14.972194985196865,13.973256624577157,13.039947530727858,13.039947530727858,70.89528269640428,71.27034810578434,70.89528269640428,9.0,1.0,12.5,9.0,12.690827641516734,15.203764867234895,12.699847179295489,16.3579285903054,10.255559860001245,13.306744225153322,6.102368730304153,15.747691717274982,63.68858125651796,62.56460837588932,51.130142608111385,0.7068792994274143,76.2589928057554,16.357928590247596,11.946273172002709,76.2589928057554,69.56777501082368,14.368505195843325,14.408473221422863,14.42845723421263,14.568345323741008,IMG_00051.tif,16.68,gray853_a,15.971925037771769
1,2.0,18.173108297362603,18.188629649905412,19.14512969591656,19.157844644144006,20.160436550563723,20.170742170306323,0.7659474897928776,1.2161650306080347,-10.152498250966335,-2.0875920176445444,16.0,21.804439393987636,20.818368070978295,21.62967868637216,20.306103839500423,62.95232612373043,62.829605765082334,60.52999286890144,16.0,1.0,19.5,16.0,20.260066283348834,20.260066283348834,21.78281164454046,20.486409823780047,20.685843663116685,20.586126743448368,-0.1994338393366371,20.506353207713712,51.42305310989733,51.42265862772187,51.662120160341644,0.6482284019880468,76.73860911270984,20.486409823666968,16.716491922361005,76.73860911270984,62.8605753730524,18.005595523581135,18.18545163868905,18.265387689848122,18.585131894484412,IMG_00052.tif,16.68,gray853_a,21.733992031131635
1,2.0,15.686244776985678,15.700197409193118,16.811371674394106,16.824697291801527,18.02715454877616,18.03485286358431,1.0654593267325405,1.2691961276586505,-7.2342882655307195,-2.2805328858657172,14.0,19.466176520920584,19.769439460415818,19.466513057552703,19.466513057552703,56.0323323732578,53.27588598885185,47.984221564365996,14.0,1.0,18.5,14.0,19.416188849817644,18.261120222714453,20.006087752359804,18.236166128102354,21.202715545580954,19.719440836841656,-2.966549417478598,18.532821069850215,46.45389158440672,46.3676862655989,49.9949303281369,0.6823745809968198,61.990407673860915,18.236166127982056,17.33531524808513,61.990407673860915,52.506930421861966,15.52757793764988,15.627498001598722,15.787370103916865,15.887290167865707,IMG_00053.tif,16.68,gray853_a,18.261120222714453
1,3.0,14.627086253430036,14.634667050850158,15.649581080390158,15.65711576244391,16.66843147437718,16.6757733935868,0.8527871967606571,1.188319145975987,-4.7226971196507375,-1.777590138196376,14.0,14.734333526976101,15.22040725639323,14.75794327880567,17.396218323229306,61.98884623744155,61.087729432593044,59.695187051919554,14.0,1.0,15.5,14.0,14.982071370786912,16.203266480066418,15.126779823236461,14.675468610559966,16.738546599868567,15.707007605214265,-2.0630779893086015,14.881776409490826,54.04070990813705,53.96377378540182,57.66462811142615,0.5423317901500425,68.22541966426859,14.675468610496633,14.155725540056736,68.22541966426859,59.736192402433346,14.588329336530776,14.588329336530776,14.608313349320543,14.688249400479616,IMG_00054.tif,16.68,gray853_a,17.817804899302047
1,2.0,16.315122766992864,16.32272539856628,17.522776343858702,17.52884435065955,18.74281749334032,18.74800466128579,0.6572239753848704,1.7680552873346367,-6.565719117280735,-1.507636164392114,17.0,18.49080330431667,18.584152085679158,19.02163353931263,19.02163353931263,61.141598579710326,54.48396624439142,54.48396624439142,17.0,1.0,17.5,17.0,17.847959105274953,17.58846151320887,19.22442784972546,15.340950715193667,22.289211981479845,18.815081348336758,-6.948261266286177,16.035776841822287,51.04733268636718,50.47103243661449,61.526730463192884,0.6335036977015052,70.86330935251799,15.340950715110305,16.305224592375534,70.86330935251799,57.97831804936541,16.366906474820144,16.40687450039968,16.326938449240608,16.366906474820144,IMG_00055.tif,16.68,gray853_a,13.96752521521367
1,2.0,27.913116175172505,27.914454069359095,29.21275188350859,29.21351103028217,30.536878401018487,30.537330270724855,1.0150193585504317,1.6078568428153235,-2.6433204631811997,-0.41305660207254363,27.0,7.9497653072114645,8.22754938024982,8.21333011582351,8.849618405240278,167.84203280579263,161.70466548387063,161.70466548387063,27.0,-1.0,7.5,27.0,7.8521920737771325,7.8521920737771325,8.75204517180589,9.558675005577932,6.231504724305219,7.895089864941575,3.327170281272713,9.22595797745066,206.22077385302933,203.13727218195532,168.03130825849294,0.6946773848946072,151.14988104678827,9.558675005606393,8.98505426914292,151.14988104678827,178.66202539949387,27.940787734602168,27.887919640496964,27.887919640496964,27.914353687549564,IMG_00056.tif,12.61,telemed_644,9.607864725364152
1,2.0,27.913680714199312,27.91502746516844,29.210099152079952,29.210869746399514,30.52747051164415,30.527922078559854,1.0148555207544128,1.5980390926369963,-2.6480099812569677,-0.41617811856974946,27.0,7.919911457883188,8.222669113766727,8.208381133772065,8.852400561939646,165.65988042438158,161.6007215173587,161.6007215173587,27.0,-1.0,7.5,27.0,7.826541032532475,7.826541032532475,8.759030136588933,9.53063630696589,6.264458082321061,7.897547194643476,3.2661782246448294,9.204018484501407,206.0442543205051,203.07851852768437,168.52442342500348,0.694793047108351,151.14988104678827,9.530636306994,8.986830979203633,151.14988104678827,178.63055797519982,27.940787734602168,27.887919640496964,27.887919640496964,27.914353687549564,IMG_00057.tif,12.61,telemed_644,7.826541032532475
1,2.0,27.90422914926719,27.905513013459917,29.202940351291595,29.20369441360859,30.532269816859145,30.532728193609326,1.0201410204936243,1.6070741596557847,-2.6796135217328403,-0.4117402142315785,27.0,7.882851564612764,8.18815360422221,8.176549874032816,8.850732494814338,164.3131592146546,161.44821563988108,161.44821563988108,27.0,-1.0,7.5,27.0,7.778055912151899,7.778055912151899,8.75746698343778,9.496315577766037,6.227699511357904,7.862007544561971,3.2686160664081334,9.169453971125224,206.9306777107211,203.92024362325216,169.06944604168248,0.6953062108499697,151.14988104678827,9.496315577794329,8.973642562847246,151.14988104678827,178.82913529214025,27.940787734602168,27.887919640496964,27.887919640496964,27.914353687549564,IMG_00058.tif,12.61,telemed_644,7.778055912151899
1,2.0,27.885565521390497,27.88663394588265,29.19923384524711,29.199966316128503,30.531147273935343,30.531599153417343,1.0307452312865368,1.6142199762481564,-2.657740316049799,-0.4058285020971635,25.0,8.037266848675756,8.119775603306978,8.136005427363301,8.863114587553156,162.5429264152918,160.8831919927284,160.8831919927284,25.0,-1.0,7.5,25.0,7.920841182086292,8.584753061318622,8.74668892096372,9.674379864078285,6.0961952761873714,7.885287570132828,3.578184587890913,9.316561405289193,206.77881761839845,203.18682518418024,165.87606706779934,0.6950007555698152,150.19825535289453,9.674379864106076,9.021596340019853,150.19825535289453,177.76812852001493,27.940787734602168,27.887919640496964,27.887919640496964,27.914353687549564,IMG_00059.tif,12.61,telemed_644,7.920841182086292
1,2.0,27.88757550225498,27.888733415591652,29.202647921882516,29.20340457363987,30.51969507524016,30.520148372563852,1.0305173815081454,1.6008975754640566,-2.715474198798114,-0.4124486134571811,24.0,8.063175704366444,8.05790018527898,8.08055797003422,8.817013937701347,164.1815852840313,161.04199593279094,161.04199593279094,24.0,-1.0,7.5,24.0,7.96483892553141,8.558717074663264,8.73592798466666,9.630146301091445,6.083743957201666,7.856945129146555,3.54640234388978,9.275506066702468,207.49410587043386,203.92830989112497,166.64148475407058,0.695099007470805,150.83267248215702,9.630146301119215,8.994169751773393,150.83267248215702,178.31722965227388,27.940787734602168,27.861485593444357,27.887919640496964,27.914353687549564,IMG_00060.tif,12.61,telemed_644,7.96483892553141
1,2.0,27.018464351276833,27.018531260107444,28.168668151756997,28.168978400652314,29.314014430889387,29.31632629167219,1.0256054693533152,1.272189562211426,-6.11503441072252,-0.26891040226161966,11.0,9.258576837381383,10.083980765923377,10.80288098008947,10.80288098008947,133.33156128557496,133.33156128557496,133.33156128557496,11.0,-1.0,9.5,11.0,11.122478950522577,12.259500042428499,10.17235174082225,11.919946589065516,8.389647676875052,10.154797132970284,3.530298912190464,11.56691669784647,154.58800362168972,153.0243217069981,130.6227113511223,0.5353184605453365,98.49325931800159,11.919946589215664,13.109558259897598,98.49325931800159,118.94975834406233,26.883425852498018,26.989162040708432,27.04203013481364,27.279936558287076,IMG_00061.tif,12.61,telemed_644,10.880881866966774
1,2.0,27.02685196097466,27.02702958246172,28.18052600852157,28.180926328580366,29.282393399668138,29.283978249147893,0.9818531440163112,1.2750955226698666,-6.111275927720553,-0.3053965931314145,11.0,9.318726635322946,9.976488297557323,10.85313760554817,10.558263230860632,132.72084628452518,132.72084628452518,132.72084628452518,11.0,-1.0,9.5,11.0,11.057025970214568,11.795985018510123,10.30705121535874,11.44757232802798,8.671154591488257,10.059363459758119,2.776417736539723,11.169930554374009,155.49382141170972,154.50540232200535,135.97548819189166,0.5331949593514145,101.3481363996828,11.447572328174406,12.961964775341428,101.3481363996828,120.31526299235895,26.883425852498018,27.01559608776104,27.04203013481364,27.279936558287076,IMG_00062.tif,12.61,telemed_644,10.656612630937161
1,2.0,27.034281677213354,27.03445980579302,28.173643188480074,28.17434342595086,29.333308692914837,29.33607663639984,1.0439051777876809,1.257711652819148,-6.109697813749083,-0.40395622135504894,10.0,9.682382363057172,10.16620169498777,10.831156390181462,10.46487904672503,127.9091180260125,133.46283134344682,133.46283134344682,10.0,-1.0,9.5,10.0,11.483328486414393,11.865276737887143,9.377177547844155,11.795374183093577,8.843360244106329,10.319367213599953,2.952013938987248,11.500172789194853,151.73390595117442,150.69764965143938,132.05940486521587,0.5302337913308468,100.07930214115781,11.795374183250486,13.199960522177422,100.07930214115781,118.21837817291492,26.90985989955062,27.01559608776104,27.04203013481364,27.279936558287076,IMG_00063.tif,12.61,telemed_644,10.60539863019119
1,2.0,27.035040060771877,27.035188370478586,28.178417945591843,28.178836639599474,29.31060919738358,29.31290719086737,1.0254293955813993,1.2522894248073806,-6.063665975958993,-0.3123381337110236,10.0,9.427777492524854,10.174985555421905,10.861248623926883,10.540005600908927,132.4649692586563,131.41133935381092,131.41133935381092,10.0,-1.0,9.5,10.0,11.800555678073579,12.018970772298417,9.545050271376681,11.688447124262632,8.916146792299656,10.302296958281143,2.7723003319629753,11.411217091066334,151.86997014024246,150.95276687420844,133.25763282206822,0.5295644564892563,100.39651070578905,11.688447124413566,13.172431035733876,100.39651070578905,118.46744044080089,26.883425852498018,27.01559608776104,27.01559608776104,27.200634417129265,IMG_00064.tif,12.61,telemed_644,10.67362015565277
1,2.0,27.045016196045836,27.045077446671478,28.194730417005104,28.195147935918357,29.343302172033134,29.345609359034952,1.0167480755763123,1.2837838367871708,-6.088901997448592,-0.3118092926763137,10.0,9.739822326131616,10.252707945098551,10.825840671902768,10.483705971022289,127.56933431876189,133.88039706296038,133.88039706296038,10.0,-1.0,9.5,10.0,11.29678830406715,11.940388744859888,9.088903032199141,11.609783556295428,9.232275265729406,10.421029411012418,2.377508290566022,11.372032727238826,149.95922025491882,149.3092093262098,134.19983159531554,0.5342336553639451,100.7137192704203,11.609783556463345,13.33702346057835,100.7137192704203,117.07664768745657,26.883425852498018,27.01559608776104,27.01559608776104,27.200634417129265,IMG_00065.tif,12.61,telemed_644,10.618679119272429
1,3.0,19.041622939244274,19.064442437545466,20.550879849251682,20.578252313602498,22.084516740795877,22.11632464610193,1.4395156853944062,1.612366523162058,1.9200958463715856,2.9555512037079152,20.0,14.407711230825313,14.154615133856858,14.254115934603618,14.161011171866903,71.8982772391171,72.09954366380511,75.48258536727036,20.0,-1.0,12.5,20.0,14.798457106914753,14.341571700356411,11.882718887227384,15.582316960112953,12.414780022290316,13.998548491201635,3.167536937822638,15.26556326633069,79.07839267522368,78.74267508969123,70.90857288412319,0.6234518999409662,75.97840755735493,15.582316960125947,14.396591728844317,75.97840755735493,76.60969203153635,18.983355825461086,19.073324336482234,19.208277103013945,19.365721997300945,IMG_00066.tif,14.82,left_ticks_800,14.341571700356411
1,3.0,19.05935033345972,19.08204523649454,20.562785036986725,20.589941085481268,22.093698702188473,22.125228898296882,1.436418118306589,1.6067655434957506,1.8590664337414273,2.943005746638123,18.0,14.424595667307102,14.069178891611108,14.419968157103796,14.419968157103796,71.97094535345317,72.42108981602986,72.42108981602986,18.0,-1.0,12.5,18.0,14.541043541319311,14.541043541319311,11.805526222024241,16.15491266881529,11.5963224029422,13.875617535878744,4.558590265873089,15.69905364222798,80.22195236054856,79.50108202795832,68.52309293950951,0.5360762398428913,75.57354925775978,16.154912668831365,14.287515106610668,75.57354925775978,77.25479929561797,19.005847953216374,19.14080071974809,19.18578497525866,19.365721997300945,IMG_00067.tif,14.82,left_ticks_800,14.541043541319311
1,3.0,19.08159994688137,19.104996586861713,20.55072018319052,20.578575518709872,22.067657330454313,22.10061876199623,1.4229066788648574,1.57271549626966,1.861963798295889,2.9814887408420203,20.0,14.30030247307883,14.0771927293866,14.52223398525561,14.52223398525561,73.71956320555329,72.14806833381095,72.14806833381095,20.0,-1.0,12.5,20.0,14.66450157072535,14.66450157072535,11.823123124351525,16.612457594106232,11.089919367979103,13.851188481042668,5.522538226127129,16.06020377149352,80.80602281472541,79.73274739696737,66.76571039920431,0.5337873373387426,75.03373819163292,16.61245759412177,14.27702315150611,75.03373819163292,77.40183790106946,19.02834008097166,19.14080071974809,19.23076923076923,19.365721997300945,IMG_00068.tif,14.82,left_ticks_800,14.758226081068841
1,3.0,19.10954058881541,19.134484402817677,20.53555382718379,20.563539195370293,22.016702428130966,22.04977166713378,1.366419459654195,1.5488678046619042,1.958588867329774,2.9895338608951456,21.0,14.510259856915212,14.276448044805582,14.510259856915212,14.510259856915212,72.37129948548032,72.37129948548032,72.37129948548032,21.0,-1.0,12.5,21.0,14.842279310404564,15.119986727001589,13.283892859942057,16.168790934346966,12.02407986803648,14.096435401191723,4.144711066310484,15.754319827715916,79.05752833514184,78.48953136193448,68.64879485997554,0.6897038403546176,74.22402159244264,16.168790934360338,14.537433558008669,74.22402159244264,76.15753654063649,19.005847953216374,19.14080071974809,19.208277103013945,19.365721997300945,IMG_00069.tif,14.82,left_ticks_800,14.842279310404564
1,3.0,19.142731697448262,19.170072071752976,20.544968271628704,20.5743827321574,22.016427083619245,22.050344550047843,1.3227298805667178,1.557542597728152,1.9962709773609781,3.064124601104986,22.0,14.540415357794274,14.33146004029994,14.502691769467106,14.39964031512045,72.86339541079872,73.3540319526566,73.7621973275945,22.0,-1.0,12.5,22.0,14.995040298098388,15.129196753882752,13.071778132561576,16.225432228112048,12.024501097930699,14.124966663021373,4.200931130181348,15.805339115093911,79.0562906968528,78.47508664395815,68.53860015190415,0.6885195529230292,73.00944669365722,16.22543222812683,14.620857014450202,73.00944669365722,75.8685938883134,19.02834008097166,19.163292847503374,19.23076923076923,19.365721997300945,IMG_00070.tif,14.82,left_ticks_800,15.129196753882752
1,3.0,17.298939540504083,17.301469739277472,18.409221538333632,18.41355329891188,19.54159948033767,19.549414310989675,0.9650412296699938,1.282903342042207,1.2175529158565848,1.2428238110300591,15.0,9.361965007938238,10.170387616926483,9.361965007938238,9.361965007938238,103.3482274754777,103.6577306071447,103.3482274754777,15.0,-1.0,9.5,15.0,10.396118210675354,12.02939036823318,9.753488414500907,12.440599256830444,9.121600136931054,10.78109969688075,3.3189991198993902,12.108699344840506,93.19930629068094,92.46185749554952,80.2853693608924,0.6996238473157397,86.23481781376518,12.440599256815457,10.27652390448769,86.23481781376518,96.94929070865575,17.521367521367523,17.318938371569953,17.049032838506523,16.80161943319838,IMG_00071.tif,14.82,left_ticks_800,13.755737150341815
1,3.0,17.34594422895671,17.348727672863344,18.40860981749799,18.412932302618806,19.514013395656576,19.52184970549707,0.9425205032679554,1.2306015293657657,1.340297758080304,1.2415133728224703,15.0,9.396021085459154,10.159628809560978,9.551976833215377,9.551976833215377,102.30845814322045,102.30845814322045,102.30845814322045,15.0,-1.0,9.5,15.0,10.331963827489176,12.236694762196635,10.113831489502104,11.936385272109936,9.636374126412868,10.786379699261403,2.3000111456970687,11.70638415754023,93.01764322622824,92.66572857998986,83.84935155689467,0.6910140638315199,87.4493927125506,11.93638527209549,10.23941867105895,87.4493927125506,97.55856583958992,17.521367521367523,17.341430499325234,17.049032838506523,16.80161943319838,IMG_00072.tif,14.82,left_ticks_800,12.236694762196635
1,3.0,17.329622217694943,17.33218471260241,18.415895655547324,18.42020043815863,19.517159252794507,19.524989693867557,0.9573592981112822,1.2354456831538696,1.3604207881920802,1.2387239229348144,12.0,9.52910490232064,10.072998913740774,9.630020304305475,9.637491005682449,102.20670954551443,102.11073106854158,101.79940417477177,12.0,-1.0,9.5,12.0,10.388456726931452,12.468120300586861,9.96984512189806,11.381223761064764,10.080550195324175,10.73088697819447,1.3006735657405888,11.251156404490706,93.16522327592406,93.0515649622717,87.79872351718367,0.6799679846805984,87.71929824561403,11.38122376104688,10.167820298685134,87.71929824561403,98.14572888366827,17.54385964912281,17.36392262708052,17.049032838506523,16.80161943319838,IMG_00073.tif,14.82,left_ticks_800,12.468120300586861
1,3.0,17.34095569190888,17.343778858515588,18.408916367066112,18.41328408749966,19.50197259499259,19.510103654318943,0.9467834397522896,1.2195413560510642,1.4195310573402817,1.2479810900166293,12.0,9.603226836190132,10.17180508818802,9.780089403407118,9.780089403407118,101.7532947440063,100.63155889214829,100.63155889214829,12.0,-1.0,9.5,12.0,10.493829287458254,12.376957452560873,10.062088181922775,11.475390319750474,10.096890896280131,10.786140608015303,1.3784994234703432,11.33754037740344,92.76669735856589,92.64086921468576,87.14458397687957,0.6796781758518115,89.20377867746289,11.475390319732897,10.236409165198646,89.20377867746289,97.5586256135735,17.56635177687809,17.36392262708052,17.094017094017094,16.80161943319838,IMG_00074.tif,14.82,left_ticks_800,12.376957452560873
1,3.0,17.366997982433798,17.370120334857432,18.397981550523216,18.402369647054357,19.46923369986063,19.477250489150272,0.9258794930840053,1.1812506612088336,1.4397585599732166,1.2512597421519691,13.0,9.904220143376847,10.347423009261288,9.904220143376847,9.904220143376847,99.58780896194324,99.2404822656978,99.2404822656978,13.0,-1.0,9.5,13.0,10.64436114921341,12.291456260074824,10.256071883099366,11.06531431715421,10.211500156741286,10.638407236947748,0.8538141604129245,10.979932901112917,94.10288320874413,94.05257269715234,90.46661075219872,0.6836152084577785,91.09311740890688,11.06531431713657,10.091649856831069,91.09311740890688,99.09110241681367,17.58884390463338,17.38641475483581,17.11650922177238,16.80161943319838,IMG_00075.tif,14.82,left_ticks_800,12.291456260074824
1,2.0,18.26751810895494,18.424963784690927,19.82042108765581,19.98733751264535,21.313999732306023,21.48782904815696,1.9895148026675074,1.0733504607985256,1.5960021597747744,7.4099008165832005,22.0,8.8273300655693,8.834464519279889,8.456698763494643,8.456698763494643,93.06780914274829,94.3283559754554,100.15850362381059,22.0,-1.0,8.5,22.0,10.13952078477837,10.13952078477837,9.269365898746742,10.153264369535268,9.342764425148374,9.748014397341821,0.8104999443868945,10.072214375096578,108.47648672395731,108.41418540278852,104.1297346747586,0.7174238218024376,70.58029689608637,10.153264369603292,12.29150583664892,70.58029689608637,86.22561211688073,18.578497525865945,18.331084120557804,18.376068376068375,18.218623481781375,IMG_00076.tif,14.82,left_ticks_800,
1,2.0,18.275893490273802,18.435133037593797,19.832143829147057,19.99973352628716,21.334567112136032,21.50800793247385,1.9870874747431164,1.0857874201369315,1.6574397412117987,7.422546352694926,21.0,8.968922679452618,8.96770976057276,8.658697204359726,9.164809540155431,92.73815773461415,94.15178542107428,99.96520907524986,21.0,-1.0,8.5,21.0,10.18398022177712,10.18398022177712,9.177578086355766,10.414773475747902,9.126158468344073,9.770465972045987,1.288615007403828,10.285911975007519,108.38221433163629,108.22548154438132,101.5973378175698,0.7196411912418875,69.77058029689609,10.414773475803788,12.344198576828118,69.77058029689609,85.9092719636037,18.533513270355378,18.35357624831309,18.35357624831309,18.218623481781375,IMG_00077.tif,14.82,left_ticks_800,
1,2.0,18.28957481890883,18.447949553597773,19.833379615014884,19.99817824024401,21.334049063696614,21.504212373445895,1.9650731476112444,1.0911896722368835,1.6962325954652464,7.360679310933303,23.0,9.218655631226198,9.078331210581794,8.994119217334855,9.29727419807918,92.44715547604356,95.19946951274954,99.75395819251173,23.0,-1.0,8.5,23.0,10.141237926635654,10.522613272997603,9.09650176187722,10.26015778842277,9.167510354358049,9.713834071390409,1.0926474340647205,10.150893045016296,109.05157245337098,108.93689412797062,103.19359040859919,0.7240388980434526,69.77058029689609,10.260157788475858,12.330844418574678,69.77058029689609,86.06926114752532,18.55600539811066,18.398560503823663,18.376068376068375,18.286099865047234,IMG_00078.tif,14.82,left_ticks_800,
1,2.0,18.29495701591978,18.453387658212925,19.8347322551063,19.99949815365749,21.31843388684159,21.488217146395826,1.9482035159684334,1.086625972214467,1.699513250514281,7.3597041975223165,25.0,9.349104523863843,9.196428035966486,9.24616818601487,9.349104523863843,93.32944932811374,96.06047905400133,98.339315850971,25.0,-1.0,8.5,25.0,10.153675743184579,12.054786813765986,9.405047891901575,11.225551951914504,8.883097863395767,10.054324907655134,2.3424540885187364,10.99130654306263,105.78757320823574,105.30913806382036,94.44132667239565,0.8074155912438741,68.42105263157895,11.225551951955511,12.635642881263301,68.42105263157895,84.0458879833944,18.55600539811066,18.398560503823663,18.376068376068375,18.286099865047234,IMG_00079.tif,14.82,left_ticks_800,11.574877510613533
1,2.0,18.284810450465454,18.442530227857667,19.824356929942997,19.98830572638418,21.306018022664528,21.473832935474174,1.9355839143215567,1.095718793294954,1.7356982538051968,7.343465369087947,26.0,9.34770964233796,9.139614754055994,9.174227733680624,8.463229603207736,96.46710474516735,98.14877969957533,101.91788083059873,26.0,-1.0,8.5,26.0,9.742582175553139,11.03175177991136,9.097117305686197,10.483038013548269,8.615316697196597,9.549177355372432,1.867721316351671,10.2962658819131,111.14562404256914,110.79156410842755,101.01801101852261,0.8055310710060442,68.9608636977058,10.483038013595175,12.315645680851127,68.9608636977058,86.16928157527784,18.533513270355378,18.398560503823663,18.376068376068375,18.286099865047234,IMG_00080.tif,14.82,left_ticks_800,11.03175177991136
1,2.0,18.603554663975064,18.66346894415054,20.016533130512528,20.084157881904478,21.486421327417958,21.56409157956619,1.7097584679444684,1.1908641674711804,2.304351690204162,4.703114924735878,25.0,9.778587956594379,9.771367398502067,9.342840585966599,9.342840585966599,99.41290034174632,99.71894640419757,104.98260912856118,25.0,-1.0,9.5,25.0,9.363845726469663,12.289304455612069,9.49609401609672,11.551675075808717,8.820506706248526,10.186090891028622,2.73116836956019,11.278558238852696,105.9710619755741,105.33560512461422,93.02375713223473,0.7484753478740906,89.3387314439946,11.5516750758307,11.253399305566159,89.3387314439946,95.45632990712613,18.960863697705804,18.75843454790823,18.51102114260009,18.55600539811066,IMG_00081.tif,14.82,left_ticks_800,10.162503634935035
1,2.0,18.595026804944652,18.652209193879795,20.021420233086562,20.0882739070712,21.50133412861117,21.58022030083384,1.7292309045995462,1.1987802023544984,2.342381238949461,4.675730559213074,27.0,9.915412300023092,9.845119642492174,9.374972459332298,9.351535786755932,100.47142733327131,100.54580407798504,105.56664318687237,27.0,-1.0,9.5,27.0,9.360221258683112,11.29942549018449,9.493513340289041,11.916290273023849,8.691434269032353,10.303862271028102,3.224856003991496,11.5938046726247,104.94609048267141,104.08721902274844,90.16715206267219,0.7688872803823327,89.60863697705803,11.91629027304392,11.317203866846478,89.60863697705803,94.8729808042616,18.960863697705804,18.75843454790823,18.51102114260009,18.55600539811066,IMG_00082.tif,14.82,left_ticks_800,11.29942549018449
1,2.0,18.57126252934349,18.626533815819357,19.99572649373591,20.061126398838393,21.46410824284961,21.54116541337185,1.7221511294155178,1.1924804681369714,2.3204095149621002,4.627714812000758,25.0,9.622773501320125,9.80238577876394,9.346383056586632,9.282198841625814,101.16155287978519,103.2405141526582,105.30376402736948,25.0,-1.0,9.5,25.0,9.309119192746039,12.39134439192253,9.455299178986763,11.976511837853309,8.581816270948737,10.279164054401024,3.3946955669045726,11.637042281162852,105.15567143828876,104.19670549331627,89.60174422390381,0.7485141186143653,89.87854251012146,11.976511837875407,11.271991763475583,89.87854251012146,95.12266582331182,18.960863697705804,18.73594242015295,18.51102114260009,18.55600539811066,IMG_00083.tif,14.82,left_ticks_800,10.364961280919829
1,2.0,18.57146561113869,18.626444372496696,20.007209145403014,20.072790320253542,21.480328934086515,21.556953593478816,1.7300168275067358,1.200492393475388,2.3007770695374368,4.632779883728696,26.0,9.456452042095322,9.732803684527022,9.379592815817517,9.218429019216615,101.8694466164618,104.01609625852004,105.31514350511785,26.0,-1.0,9.5,26.0,9.32112925995034,12.236359602530456,9.501625132069762,11.960248293989043,8.453731471033278,10.20698988251116,3.5065168229557653,11.609596611693465,105.97257238369701,104.92608437565595,89.72222680543742,0.7473132697636661,90.2834008097166,11.960248294011102,11.197228763384992,90.2834008097166,95.75005368003876,18.960863697705804,18.71345029239766,18.51102114260009,18.55600539811066,IMG_00084.tif,14.82,left_ticks_800,10.10683945500864
1,2.0,18.57368067536561,18.62847221220899,20.020751571401778,20.08728208403015,21.484526912694093,21.560373468693705,1.7194212837560792,1.2124799727286397,2.2698489131490165,4.664524909651968,26.0,9.48120585643754,9.717975587201112,9.401546405850524,9.307793771507448,101.18623238098392,103.91153696005681,105.28308335388918,26.0,-1.0,9.5,26.0,9.300040753564417,12.242142522173594,9.542498254826342,11.57301414449763,8.739364935489741,10.156189539993687,2.8336492090078904,11.289649223596843,106.14744815996512,105.45792789351535,92.69237204323967,0.8524869896951337,91.36302294197031,11.57301414451772,11.148559267622614,91.36302294197031,96.1741877577791,18.960863697705804,18.71345029239766,18.488529014844804,18.488529014844804,IMG_00085.tif,14.82,left_ticks_800,10.046186076106949
1,2.0,24.931659353209337,24.974804166397576,26.348819858383177,26.392974123393753,27.768593998942414,27.8142490621723,1.2129825963134344,1.6264622994612952,-1.438845982167245,3.314670468733966,13.0,9.76804860640965,9.252179151126047,9.76804860640965,9.76804860640965,119.06143791284651,119.06143791284651,119.06143791284651,13.0,-1.0,9.5,13.0,12.440102644761282,14.135741303399328,10.010373402116329,16.788288346143933,6.429728065582348,11.609008205863141,10.358560280561585,15.752432318087774,133.3907873016776,124.05843689593853,86.43143297068134,0.7203439248883393,89.06882591093117,16.788288346207786,13.332907902040898,89.06882591093117,108.25491232995127,24.9212775528565,24.9212775528565,25.0787224471435,25.168690958164643,IMG_00086.tif,14.82,left_ticks_800,14.135741303399328
1,2.0,24.916149818509957,24.960492866633867,26.335315811966762,26.37964767178405,27.759526364241147,27.804505593805825,1.2149729071461028,1.6290398200258598,-1.4250067560813306,3.3221707466699275,14.0,9.354694808161113,9.338806125330203,9.844268004447486,9.844268004447486,121.34813010442917,118.767211558689,118.767211558689,14.0,-1.0,9.5,14.0,12.564621396904613,13.85482330334247,10.071626863726124,16.337290985799623,6.6329043606016,11.485097673200611,9.704386625198023,15.36685232327982,133.6378147349506,125.3073469874597,88.69924215155325,0.7206731904344104,90.14844804318489,16.3372909858605,13.265691136500797,90.14844804318489,108.731685251172,24.9212775528565,24.9212775528565,25.0787224471435,25.168690958164643,IMG_00087.tif,14.82,left_ticks_800,13.85482330334247
1,2.0,24.905655166182786,24.949239068280487,26.336334304084254,26.38063147369268,27.77404890442236,27.819830217709956,1.2266584867390808,1.6439326626903878,-1.4105729895622106,3.3208083691990464,13.0,9.744313923845851,9.371115440169028,9.744313923845851,11.177222850052743,119.95409423375624,119.95409423375624,99.56935073108825,13.0,-1.0,9.5,13.0,12.529176071781592,13.659706445663574,10.141929214311403,15.745584433930947,7.357087400881338,11.551335917406142,8.38849703304961,14.906734730625988,130.46424086200213,124.54329869302717,91.90264462784694,0.7203572643711712,91.22807017543859,15.745584433987712,13.319419539216756,91.22807017543859,108.25299589866873,24.898785425101213,24.898785425101213,25.011246063877643,25.101214574898783,IMG_00088.tif,14.82,left_ticks_800,13.659706445663574
1,2.0,24.918006751370186,24.963971052125284,26.34926079438469,26.394505569802313,27.78927911047237,27.83638886151703,1.2233639540096997,1.6490538553820455,-1.4076748941964128,3.355267426413027,14.0,9.720578487848073,9.30887917023065,10.320665383897477,11.114290326901994,119.6879360709965,116.76388269329257,99.67297970881089,14.0,-1.0,9.5,14.0,12.52583756888373,13.875449107933434,11.132143338191895,16.298328833121865,7.083147938237903,11.690738385679882,9.21518089488396,15.376810743633467,130.15590625400222,123.14733018339426,88.9158189077285,0.8056996193937194,90.01349527665317,16.298328833178783,13.48664926300206,90.01349527665317,106.99490369178268,24.898785425101213,24.9212775528565,25.056230319388213,25.168690958164643,IMG_00089.tif,14.82,left_ticks_800,13.875449107933434
1,2.0,24.950591452698987,24.996994135218706,26.378033217536235,26.424243260362573,27.80414283175059,27.85093590518598,1.2155199777468113,1.6384217922204605,-1.302020489739552,3.3889709562084835,15.0,10.22656758580473,9.405474382958072,10.313373169333886,11.165394718670967,115.19496277993191,114.63841545350122,99.48425933281668,15.0,-1.0,10.5,15.0,12.596658334972744,13.926663012767449,11.615322715885611,16.356127250127514,7.541125583410544,11.948626416769029,8.81500166671697,15.474627083455818,126.6148378120374,120.67940176419539,88.7223135104276,0.8003212330510818,89.60863697705803,16.35612725018235,13.651091258993564,89.60863697705803,105.86391213505692,24.943769680611787,24.943769680611787,25.0787224471435,25.168690958164643,IMG_00090.tif,14.82,left_ticks_800,13.926663012767449
1,2.0,25.7531758728387,25.7945211361808,27.170229688755487,27.20584195849378,28.573083696574894,28.600393913154026,1.0194007230021023,1.7864720539711234,3.298979803375183,2.9319310804659238,32.0,12.029433475602175,12.852590188148794,12.038784053406545,14.241839844884367,125.2378739089547,124.49633075016041,106.35524771217729,32.0,-1.0,11.5,32.0,13.84772117479497,14.176096509213664,10.848640641460179,16.625311775338766,7.8305781573328055,12.227944966335787,8.794733618005962,15.745838413538172,127.26965792133649,121.61248929170199,90.02674853822047,0.7604685320227926,112.41565452091767,16.625311775340926,12.410898892446815,112.41565452091767,119.84726163611931,25.753486279802072,25.79847053531264,25.820962663067927,25.843454790823213,IMG_00091.tif,14.82,left_ticks_800,14.176096509213664
1,2.0,25.756268136513764,25.797669059404132,27.170131972793758,27.205714068940548,28.57536977559059,28.603557899902498,1.0247042069239118,1.7811846335744528,3.325942128466098,2.9306953516761176,32.0,11.888968927073734,12.80677502645893,12.076883378323743,14.222089628250444,127.9969000946596,124.3596331189021,106.6539901897746,32.0,-1.0,11.5,32.0,13.846196264583398,14.158798385852776,10.877553060235527,16.563900498181926,7.816331416204728,12.190115957193328,8.747569081977197,15.689143589984205,127.64536550911872,121.99805141746486,90.36142337907803,0.7605803572502848,112.82051282051282,16.563900498183976,12.36645562369089,112.82051282051282,120.28494102492155,25.753486279802072,25.79847053531264,25.79847053531264,25.843454790823213,IMG_00092.tif,14.82,left_ticks_800,14.158798385852776
1,2.0,25.752287105402463,25.79358904277703,27.167842569148167,27.20325747176547,28.575002149749388,28.602873550265027,1.0262951585134692,1.782989348974527,3.2963022441039436,2.9239323980553538,32.0,11.88559814575126,12.769937061417517,12.02685596786148,14.147171504678084,127.8646353431119,125.94100315641724,107.08797850642928,32.0,-1.0,11.5,32.0,13.788749998926733,14.16723948077373,10.829742092907964,16.390655742839805,7.796578942007615,12.093617342423709,8.594076800832188,15.531248062756585,128.51134159527285,122.93912033669262,91.27675309827767,0.7601035865427358,112.6855600539811,16.39065574284205,12.281390227490427,112.6855600539811,121.0876961741122,25.753486279802072,25.820962663067927,25.79847053531264,25.843454790823213,IMG_00093.tif,14.82,left_ticks_800,14.16723948077373
1,2.0,25.747198943698326,25.788477939517758,27.171940239470867,27.207435277292703,28.575638295323028,28.60302603359211,1.0213248789723015,1.793223215102051,3.270426933918214,2.9270145153897693,31.0,11.720714667000749,12.624470458844216,12.045767504164644,14.162608156533139,129.88798903760105,125.53718778657262,106.8228240601286,31.0,-1.0,11.5,31.0,13.741298567760964,13.850130573576621,10.808813881822232,16.429575068005555,7.863615535983165,12.14659530199436,8.56595953202239,15.572979114803317,127.84337123571724,122.3877311160759,91.04921828211764,0.7594995902211641,112.5506072874494,16.429575068007864,12.343164561187326,112.5506072874494,120.46819224876099,25.730994152046783,25.79847053531264,25.775978407557353,25.775978407557353,IMG_00094.tif,14.82,left_ticks_800,14.066271769887038
1,2.0,25.744319478321547,25.785751460767173,27.167563516625762,27.20308566250676,28.5738428299741,28.601509342674944,1.0242426828113878,1.7915151990963778,3.312166926920975,2.928366383611547,30.0,11.716530799959529,12.647117527742264,12.033894785314487,13.97835431726034,130.24215853858703,125.06919718877828,108.38902341658135,30.0,-1.0,11.5,30.0,13.736055413494796,13.89869324987842,10.902216504091541,16.45115486454378,7.901549396663414,12.176352130603599,8.549605467880369,15.596194317755746,127.4685261209584,122.07801542894595,90.92181586622647,0.7602588443748155,112.41565452091767,16.45115486454598,12.359634500371534,112.41565452091767,120.29525315276862,25.730994152046783,25.775978407557353,25.775978407557353,25.775978407557353,IMG_00095.tif,14.82,left_ticks_800,14.236779743961023
1,2.0,23.32944804321359,23.330241017378075,24.815630464618444,24.81654526866797,26.270684615859025,26.271798664992037,1.7219222983643772,1.2196353492495888,-4.756571382883402,-0.49196288778211217,11.0,14.686680756928467,13.888510905600242,14.686680756928467,12.109152045385542,76.03330276071755,76.03330276071755,97.64086282440061,11.0,-1.0,12.5,11.0,16.20543088948105,15.128285166495175,11.28651098557873,19.753514691825018,8.357541546016636,14.055528118920826,11.395973145808382,18.613917377244178,101.76769060456097,95.97015090418832,68.96236190149011,0.6826121713178648,68.82591093117409,19.753514691927386,16.112199960233518,68.82591093117409,83.9852318183023,23.481781376518217,23.32433648223122,23.234367971210073,22.941970310391362,IMG_00096.tif,14.82,left_ticks_800,
1,2.0,23.30627882588604,23.306952699500286,24.791589163386664,24.79251007792128,26.263347252987277,26.26432625533652,1.739273161245806,1.2181003945904272,-4.721663170619867,-0.4938424164664341,13.0,14.896784515058329,14.31551448409313,15.105398772921149,15.105398772921149,81.83795302224637,75.27743184145564,75.27743184145564,13.0,-1.0,12.5,13.0,16.211145632675567,15.240956766489575,11.761866549281024,19.096260267837472,9.857398263557089,14.47682926569728,9.238862004280382,18.172374067409432,96.48328632957828,93.14375408693324,71.17353144778663,0.6821452932584859,68.55600539811066,19.096260267941343,16.535832392336154,68.55600539811066,81.81181393914754,23.481781376518217,23.32433648223122,23.234367971210073,23.00944669365722,IMG_00097.tif,14.82,left_ticks_800,
1,2.0,23.30472687838162,23.305400693742662,24.791744852615953,24.792542206486353,26.254119038061507,26.255032299632877,1.735238049282567,1.214393556607651,-4.7096950616990085,-0.4595193637489322,12.0,14.801960617910964,14.533323008468917,15.220672459763023,15.220672459763023,78.2022946517096,75.07867693474157,75.07867693474157,12.0,-1.0,12.5,12.0,16.24692532157738,15.023896716063177,11.258992697525855,19.45121813968678,9.676798818803189,14.564008479244984,9.774419320883592,18.47377620759842,96.28923414377437,92.59198448550497,69.91898068922075,0.6679000836798089,68.0161943319838,19.451218139787336,16.623069018335848,68.0161943319838,81.38906825610208,23.481781376518217,23.301844354475932,23.189383715699506,22.941970310391362,IMG_00098.tif,14.82,left_ticks_800,
1,2.0,23.307087030676783,23.307718743737862,24.783336166954477,24.784103566557807,26.256556200209648,26.25713389221812,1.731602392867128,1.2178127556131306,-4.6814053227812735,-0.45088203173617175,11.0,14.80810197555138,14.67783325160092,15.001834766374657,16.15630104202191,75.05149836166326,75.05149836166326,75.05149836166326,11.0,-1.0,15.5,11.0,16.31056226126796,14.962363194797433,13.899551043512815,19.557447682054296,9.58949838076655,14.573473031410423,9.967949301287748,18.560652751925524,96.39297610848287,92.54377674271923,69.5619352716246,0.4845080593177252,67.88124156545209,19.55744768217039,16.626124647731082,67.88124156545209,81.38387492244541,23.481781376518217,23.32433648223122,23.234367971210073,23.00944669365722,IMG_00099.tif,14.82,left_ticks_800,
1,2.0,23.30819387994546,23.30879909476599,24.792791516036463,24.793486688152274,26.25541237452404,26.255976456223777,1.7290009295074924,1.2181764319502941,-4.668981485190875,-0.42905800993525406,12.0,14.38059798266768,14.577551594442541,15.227719645227012,16.12775338574346,79.83335713655552,75.31223574655861,75.31223574655861,12.0,-1.0,15.5,12.0,16.28183168800024,15.38090222881388,13.995301585633456,19.732868779902155,9.069354506241211,14.401111643071683,10.663514273660942,18.66651735253606,98.26029369648009,93.6326088271686,68.9715881176071,0.48146954940289327,68.28609986504723,19.73286878001681,16.452566553376943,68.28609986504723,82.22273024705945,23.459289248762932,23.32433648223122,23.234367971210073,23.00944669365722,IMG_00100.tif,14.82,left_ticks_800,
1,2.0,26.94992293712849,26.957274864823294,28.43715997659498,28.442094296191193,29.925034752573183,29.928028991510367,1.72435313858643,1.2464009881006426,-3.0417978914803276,1.067276042619922,17.0,11.859018963974762,11.753169055623836,11.594334775102482,11.352966483101824,105.66459789936152,107.01168205834648,118.17948106668956,17.0,-1.0,10.5,17.0,13.150471574668131,12.949295489767906,11.014951152728258,14.090905423187614,10.082449719493885,12.086677571340749,4.008455703693728,13.69005985281824,129.92500932170006,128.7324406094117,110.71766677578327,0.7225044410862531,91.76788124156545,14.090905423265855,14.093241773277622,91.76788124156545,110.69968379527238,27.215474583895634,26.94556905083221,26.855600539811064,26.58569500674764,IMG_00101.tif,14.82,left_ticks_800,12.225854852033308
1,2.0,26.94771841819394,26.95514163794758,28.433763249611534,28.438732457628255,29.92129309913358,29.9242953976821,1.7228811015386956,1.246272658195826,-3.0255792982331684,1.0711059333821378,18.0,12.138376459804348,11.756882675603428,11.473782110155696,11.369899338010299,104.10984864416666,106.9425216227383,119.29929892316186,18.0,-1.0,10.5,18.0,13.23697487682881,13.273884141718213,10.99800033746709,13.610915949310588,10.375589553880138,11.993252751595364,3.23532639543045,13.287383309767543,130.5009158965189,129.71030713673133,114.53558326221183,0.7228759623822681,93.11740890688259,13.610915949391284,13.998927461406392,93.11740890688259,111.42179461344513,27.215474583895634,26.968061178587494,26.855600539811064,26.58569500674764,IMG_00102.tif,14.82,left_ticks_800,12.048108261255948
1,2.0,26.943726363261955,26.950954480429687,28.426911481384217,28.4317724878561,29.910146537879168,29.91309166511381,1.7242002001523469,1.237936984531781,-3.0165288521080007,1.0595097317109956,19.0,11.61640498437319,11.731147549951034,11.47211587474095,11.397578329850774,106.01486371272411,106.83114356876634,118.02398618520886,19.0,-1.0,10.5,19.0,13.293017492524427,13.454936474424358,10.995997566561982,14.080353469665347,9.930896627489787,12.005625048577567,4.149456842175561,13.665407785447792,130.86408572318555,129.55848725397271,110.77316750503697,0.7567845330776855,92.1727395411606,14.080353469730392,13.992791993572533,92.1727395411606,111.45237722837344,27.215474583895634,26.94556905083221,26.855600539811064,26.58569500674764,IMG_00103.tif,14.82,left_ticks_800,11.841316736538602
1,2.0,26.94545544225555,26.952790018797064,28.422218641190607,28.427103189207596,29.9007877459821,29.90370146706616,1.72193902186804,1.2289724264010584,-3.012906668485004,1.0621594997367998,18.0,11.571380640451267,11.744920929933894,11.54922542732993,11.119225547360628,107.18850796082745,108.69883361240551,118.50139295738276,18.0,-1.0,10.5,18.0,12.964284291649847,12.964284291649847,11.01656230123308,14.006163994176456,10.038361816161169,12.022262905168812,3.9678021780152872,13.609383776374928,130.57798972928933,129.39099434618782,111.35598974648155,0.7538958858699456,92.57759784075573,14.00616399423916,14.005126181818854,92.57759784075573,111.36407646350563,27.215474583895634,26.94556905083221,26.855600539811064,26.58569500674764,IMG_00104.tif,14.82,left_ticks_800,11.977413475366518
1,2.0,26.9398534738753,26.947087143671343,28.41574599254011,28.420599585154054,29.894625270119818,29.897472263455583,1.7274475429809457,1.2229375768032893,-2.9952847779773335,1.0589095220193336,18.0,11.705148608060895,11.556875423562076,11.604813095420667,11.386474518996977,105.66950787962952,106.95357287337758,118.03517682401629,18.0,-1.0,10.5,18.0,13.16576352402842,13.16576352402842,11.076377250136659,13.778048004440622,10.11637444661844,11.947211225529532,3.6616735578221817,13.411880648658403,131.19199053429426,130.1645084490643,113.13928577651184,0.7531779824464091,93.38731443994601,13.778048004499961,13.91469278639797,93.38731443994601,112.04984638818217,27.19298245614035,26.94556905083221,26.855600539811064,26.58569500674764,IMG_00105.tif,14.82,left_ticks_800,12.19341656416475
1,2.0,27.97119259466261,27.98876940985765,29.58294816796209,29.5956094200287,31.21705136011079,31.222102329466153,1.5905401733547355,1.6427927462537653,-0.2405261347259735,1.6760146029352325,21.0,11.775515764385602,11.890842584217268,11.923641670769825,12.799853372109595,126.38812416885199,125.32197486144561,114.89194558519718,21.0,-1.0,10.5,21.0,11.925299990384246,10.138585769581368,11.840868156574686,11.355768197386103,12.09932999761237,11.727549097499237,-0.743561800226267,11.430124377408731,137.7296904401053,137.68379866744945,142.12937423723574,0.5699469990072842,126.7248215701824,11.355768197440954,12.862316132681993,126.7248215701824,125.7152807451446,28.02008987575998,27.887919640496964,27.835051546391753,28.072957969865186,IMG_00106.tif,12.61,telemed_644,12.727749235985925
1,2.0,27.973332307001627,27.990907390710056,29.584339661448205,29.596998803103183,31.218513347511735,31.223530357001444,1.5885003205269352,1.6441226457644516,-0.2361275117034227,1.6758355669577631,21.0,11.781229798185933,11.901635287045062,11.926355661608284,12.812162344023562,126.187171943828,125.29353139439212,114.83314054008665,21.0,-1.0,10.5,21.0,11.924712851918684,10.166615382525492,11.86256747374307,11.338422554812063,12.037244544729754,11.687833549770907,-0.6988219899176918,11.408304753803831,138.19659638381228,138.15564609640367,142.35480840383138,0.5699616984764244,127.20063441712927,11.338422554867243,12.821963042449774,127.20063441712927,126.1138888347111,28.02008987575998,27.887919640496964,27.835051546391753,28.072957969865186,IMG_00107.tif,12.61,telemed_644,12.739969865271746
1,2.0,27.962002363825132,27.97998186195674,29.585262743010933,29.59797068712766,31.219479388543384,31.22449473205955,1.599547256490133,1.6449656136126736,-0.23466306362471062,1.6790353916313172,21.0,11.780268392116398,11.906835441433419,11.928095418819254,12.818621392461012,126.1022565370772,124.98722693559796,114.65915280551133,21.0,-1.0,10.5,21.0,11.922492934494812,10.137414696518931,11.85688294340514,11.29508235568444,12.07737358234553,11.686227969014984,-0.7822912266610893,11.37331147835055,138.1713545715543,138.12002966616888,142.83771126195407,0.5700225493529685,127.04203013481364,11.295082355740433,12.833421088061167,127.04203013481364,125.95362982482551,28.02008987575998,27.887919640496964,27.835051546391753,28.072957969865186,IMG_00108.tif,12.61,telemed_644,12.682056549947504
1,2.0,27.96810374110846,27.985998267627124,29.587257913167516,29.599984249382228,31.227495000790192,31.23266276742685,1.5969957452956036,1.6496687545041235,-0.23483769217999786,1.6801929108369253,21.0,11.729923105396267,11.899477589468907,11.926719703627015,12.820765565306544,126.50734236790107,125.05163340982679,114.69027720915582,21.0,-1.0,10.5,21.0,11.919884928095826,10.071763708096682,11.866561921609105,11.23909789419814,12.112397284288432,11.675747589243286,-0.8732993900902921,11.32642783320717,138.3362932998803,138.27213498790803,143.57099335468826,0.5697634733592001,127.35923869944489,11.23909789425351,12.82110392180331,127.35923869944489,126.09982506603882,28.02008987575998,27.887919640496964,27.835051546391753,28.072957969865186,IMG_00109.tif,12.61,telemed_644,12.685483321005677
1,2.0,27.96721193698737,27.985144652828456,29.588489219170256,29.60114707287361,31.232807963414405,31.23781668928121,1.5996221807747601,1.6530498556779925,-0.22989352092166104,1.6756328769391877,21.0,11.748906333670902,11.908396813733576,11.93036891645636,12.82096099960907,126.47827157402628,125.08101334312168,114.73522726895432,21.0,-1.0,10.5,21.0,11.914569938140971,10.074946555455597,11.82006402667946,10.354060910218271,13.470650644999587,11.91235577760893,-3.1165897347813156,10.665719883696402,136.3368706347872,135.56013066297152,155.68684952971736,0.5696677377335998,131.16574147501984,10.354060910258912,13.060830535056047,131.16574147501984,123.82069663379389,28.02008987575998,27.887919640496964,27.835051546391753,28.072957969865186,IMG_00110.tif,12.61,telemed_644,12.696772514468876
1,2.0,23.355949881060205,23.363911176522716,24.945596316579692,24.95428130107915,26.558379333319053,26.566659028246455,1.845560235953609,1.3571876157701237,0.3774008055503742,1.5116881806862834,14.0,14.329832616340582,14.247006218662182,13.687465532679909,15.188220812212222,89.58684933866351,91.85949304950368,86.59378596761171,14.0,-1.0,13.5,14.0,14.005593641908803,14.005593641908803,15.506348921441116,13.837496599604405,15.417664492099917,14.62758054585216,-1.5801678924955118,13.995513388853956,92.5898156702109,92.50054428015211,97.67003184617771,0.7199020932637802,92.94210943695481,13.837496599617914,15.027708394233121,92.94210943695481,90.09212562992263,23.65847211208036,23.420565688606924,23.2090933121861,22.839016653449644,IMG_00111.tif,12.61,telemed_644,12.30511320253197
1,2.0,23.357531123497587,23.3654894935381,24.92491854832103,24.933704508347475,26.508287075219783,26.516531254368477,1.8492615709996048,1.3017801898307721,0.3654523283297853,1.5210783720463454,15.0,13.839560680451996,14.202795833677538,13.839560680451996,15.203821156662457,92.83579977500902,92.83579977500902,86.50937826476472,15.0,-1.0,12.5,15.0,13.839213995166403,13.839213995166403,15.521861960558255,13.698784836776841,15.488971145963006,14.593877991369924,-1.7901863091861643,13.877803467695458,92.83139984638966,92.71595937628909,98.64668567777088,0.7205096417935176,94.21094369547978,13.69878483679022,14.99986104508707,94.21094369547978,90.26181573518613,23.65847211208036,23.420565688606924,23.235527359238702,22.839016653449644,IMG_00112.tif,12.61,telemed_644,13.08723818660377
1,2.0,23.483286671312452,23.494801360443084,24.966366188498675,24.976209994765714,26.524594310249697,26.533293634684558,1.7236250498840624,1.3148672243574082,0.4324121580254398,1.6086818265284464,15.0,14.387922057846254,14.28444210034101,14.806783922203692,15.282301925818444,90.72147492167066,87.49522913780076,86.62964030405222,15.0,-1.0,13.5,15.0,13.768780222599048,13.768780222599048,15.531897174167511,13.519253732690736,15.746563091737709,14.632908412214222,-2.227309359046973,13.741984668595434,93.15938600584023,92.98092197997991,100.47955608734397,0.7197402245895045,92.46629659000793,13.51925373271065,15.188849254738725,92.46629659000793,89.65341663790227,23.684906159132964,23.499867829764735,23.28839545334391,22.918318794607455,IMG_00113.tif,12.61,telemed_644,12.361742209142449
1,2.0,23.48292428296429,23.49434697083481,24.974162365202975,24.98455609422717,26.50039446785048,26.5088376123059,1.7244910650974676,1.2899995763736278,0.5206364017490803,1.6527324850215992,17.0,13.66457376978235,14.33504156722599,14.530516054826592,15.170256892120676,91.81554094538059,90.50436503796496,87.80945549567221,17.0,-1.0,13.5,17.0,13.803222218064832,13.803222218064832,15.308905340403157,13.497050590892428,15.652407462453462,14.574729026672946,-2.1553568715610334,13.712586278048532,93.51180528491412,93.34271233842425,100.64038959925672,0.7269596386116537,93.10071371927043,13.497050590910566,15.138449058783198,93.10071371927043,89.94364971839268,23.65847211208036,23.44699973565953,23.28839545334391,22.839016653449644,IMG_00114.tif,12.61,telemed_644,12.700681906238742
1,2.0,23.48092817357832,23.492416484807418,24.985181062064804,24.995346755727297,26.508236243353235,26.516078437137637,1.7252430360501505,1.2984189162800643,0.39299263580163657,1.6341475854679774,14.0,14.646830393020991,14.473027739228874,15.078554166614651,15.693539832065397,88.95164847153575,87.47818015957286,82.64107079112893,14.0,-1.0,13.5,14.0,13.842486428145264,13.842486428145264,15.3715823710491,13.850019728661291,15.843608034912535,14.846813881786913,-1.9935883062512443,14.049378559286415,91.79819838132562,91.66143240803657,98.11516748911231,0.7357859797843067,91.99048374306106,13.850019728679522,15.399765450057792,91.99048374306106,88.44561148583472,23.684906159132964,23.473433782712135,23.261961406291302,22.839016653449644,IMG_00115.tif,12.61,telemed_644,13.158061306950799
1,3.0,20.013302129136555,20.013388446935714,21.350948765144114,21.351175701922838,22.67141653777603,22.671609853664027,1.5321152895705612,1.1261061171577542,-2.5720870756689185,0.2641676061272211,12.0,12.43480468414775,12.688737683326885,12.39287761876406,12.39287761876406,81.815499424908,82.4076647446073,83.67356549157114,12.0,-1.0,11.5,12.0,12.586678843133313,12.07894128740736,14.96824472738578,12.219365772288722,14.639763350773022,13.42956456153087,-2.4203975784843004,12.461405530137151,86.3923881301216,86.15982613423249,94.54343390758129,0.36373633210549566,84.06026962727994,12.219365772416154,14.553531892178638,84.06026962727994,79.63328032157507,20.089875759978856,19.984139571768438,19.878403383558023,19.746233148295005,IMG_00116.tif,12.61,telemed_644,14.108095683580103
1,3.0,20.024283397068057,20.024459154731133,21.337182179914596,21.33744170286913,22.686448431714435,22.686865763867768,1.5455423614439041,1.1168642476927317,-2.5685056330959335,0.28258869577369194,16.0,12.304685449931512,12.67754577858792,12.438627591628858,12.438627591628858,81.90935880393782,82.18892307022175,84.06453517100869,16.0,-1.0,11.5,16.0,12.512992527888628,12.502677341068193,15.036279209800682,12.120424045806969,14.918226164573507,13.519325105190239,-2.7978021187665383,12.400204257683622,85.95225200140052,85.64700583445614,95.357725233995,0.5506051674812587,83.90166534496431,12.12042404589377,14.660120457493601,83.90166534496431,79.11181418755369,20.06344171292625,19.957705524715834,19.85196933650542,19.587628865979383,IMG_00117.tif,12.61,telemed_644,14.285509875118123
1,3.0,20.01275319350156,20.01285294697546,21.351374460518713,21.351688219139543,22.69957006596327,22.700060069556102,1.5709465721698017,1.1162605504108387,-2.5882385083766604,0.3106131844950386,14.0,12.489600721439203,12.445126817770984,12.339739424607899,12.339739424607899,81.89282275376482,82.70356387294021,84.91426094085561,14.0,-1.0,11.5,14.0,12.338652631979926,13.954485986090617,14.949244377941852,12.893299235894439,13.197443501717046,13.045371368805743,-0.30414426582260784,12.923713662476699,88.65296302486448,88.64897619789366,89.67653873376305,0.5001232428914059,81.36399682791436,12.893299236024017,14.18101896580092,81.36399682791436,81.67836989007206,20.089875759978856,19.93127147766323,19.85196933650542,19.587628865979383,IMG_00118.tif,12.61,telemed_644,14.087877233261707
1,3.0,19.981736948878492,19.98177533492527,21.319163225795247,21.319537024231455,22.682310147119853,22.682874024438828,1.596628189823608,1.1044704996899497,-2.62808212153217,0.33928770352909743,14.0,12.1441241834968,12.272401462759486,12.054146688979785,11.594664528700946,84.47978450541221,83.60870242264839,86.69713503382111,14.0,-1.0,11.5,14.0,12.039281421961391,13.272266026789055,14.66011094376168,12.641456036170204,12.896730500991785,12.769093268580995,-0.25527446482157945,12.666983482652363,90.39418316930714,90.39119317273878,91.28876507260958,0.5971335404217702,81.83980967486123,12.641456036271965,13.92156675484833,81.83980967486123,83.03836055014905,20.116309807031456,19.93127147766323,19.85196933650542,19.587628865979383,IMG_00119.tif,12.61,telemed_644,13.272266026789055
1,3.0,19.90699538816404,19.907104669952176,21.227259889985326,21.227747798077786,22.544910824108708,22.54521553630639,1.5051428504870228,1.1329680158671895,-2.5880397470506895,0.3884682356945273,14.0,11.692613768227119,12.381133735932377,11.76776782247859,12.589848773197843,81.58547614382397,81.57385647976257,83.04533688163536,14.0,-1.0,11.5,14.0,12.114548451000758,13.749233434578628,15.064053400748605,13.065305336194909,12.580076115594359,12.822690725894633,0.48522922060054935,13.016782414134854,89.69632685818081,89.68569652515414,88.04845665663402,0.498787256955649,80.72957969865186,13.06530533628864,13.963090591283173,80.72957969865186,82.4891419295572,19.984139571768438,19.85196933650542,19.825535289452816,19.587628865979383,IMG_00120.tif,12.61,telemed_644,13.749233434578628
1,3.0,24.44536066798713,24.451827160959787,25.672524088842906,25.674983073562235,26.941070876963696,26.941397361623572,1.146392341723589,1.343177858940198,-1.8184580319217383,0.7929830939643948,30.0,9.776497664567401,10.444162858371971,10.258414021881379,10.258414021881379,125.38276473547467,120.599294438543,118.87036400069181,30.0,-1.0,9.5,30.0,10.722673156541305,8.747378102101834,10.021161732729524,11.521069734189219,9.409577930510887,10.465323832350053,2.1114918036783323,11.309920553821385,135.0727557402415,134.6152351198924,122.42416333913432,0.7574860520817541,109.27835051546393,11.521069734222419,12.047391028584254,109.27835051546393,117.14971221873607,24.55722971186889,24.53079566481628,24.477927570711078,24.50436161776368,IMG_00121.tif,12.61,telemed_644,8.747378102101834
1,3.0,24.429820264059437,24.43636357150881,25.669277035138784,25.671705663967355,26.948239086615377,26.948531023253654,1.1544065114543642,1.3577609402904798,-1.7847092811542224,0.7881234770326994,26.0,10.209800233783668,10.502577683823342,10.310051676647277,10.310051676647277,124.66190592478839,121.2236677839346,119.03555572664095,26.0,-1.0,9.5,26.0,10.806934040402325,8.770171121531803,10.103999536833612,11.777526172405185,9.377561872202527,10.577544022303856,2.399964300202659,11.53752974238492,133.69219078586642,133.11915321892553,119.71933571554978,0.7404074007643412,107.6923076923077,11.77752617243897,12.13564912705699,107.6923076923077,116.23709289125937,24.55722971186889,24.50436161776368,24.45149352365847,24.50436161776368,IMG_00122.tif,12.61,telemed_644,8.770171121531803
1,3.0,24.440587160346148,24.447163570360168,25.67480983384806,25.677199338589407,26.95726135449323,26.95753200367076,1.155945699385158,1.354422733925432,-1.7935237291714916,0.7816658169129915,28.0,9.890645694256222,10.524151025830538,10.30414543007467,10.30414543007467,123.69973105243608,119.48369040460787,118.86625131524009,28.0,-1.0,9.5,28.0,10.828286966788482,8.777136525725268,10.102408904870913,11.944172440886208,9.253560276581785,10.598866358733996,2.690612164304422,11.675111224455765,133.63070370248198,132.91307253980017,118.12490481400934,0.7616996246454877,107.37509912767645,11.944172440921676,12.164949572863948,107.37509912767645,116.01253909210857,24.55722971186889,24.55722971186889,24.477927570711078,24.50436161776368,IMG_00123.tif,12.61,telemed_644,8.777136525725268
1,3.0,24.444284422450036,24.45086699427583,25.67765489506787,25.680101604314164,26.95365095332348,26.953947437984155,1.1555738716783703,1.347506572029952,-1.81065961673235,0.7909224285876413,28.0,9.913536325231163,10.463959311806796,10.269474490209717,10.269474490209717,125.72485589158796,123.22597268381458,118.74994744475758,28.0,-1.0,9.5,28.0,10.85272541609595,8.777224596264034,10.074316683367613,11.707014089839692,9.361783124044631,10.534398606942162,2.3452309657950607,11.472490993260186,134.2915083676472,133.73739288100936,120.50164143807291,0.7626303397282785,108.00951625693894,11.707014089875168,12.10700236091022,108.00951625693894,116.57706241939323,24.55722971186889,24.55722971186889,24.477927570711078,24.50436161776368,IMG_00124.tif,12.61,telemed_644,8.777224596264034
1,3.0,24.442184184045257,24.448768065952542,25.674466279163124,25.676856041457757,26.95999822569145,26.960270751590556,1.1582524267402756,1.3532502588977384,-1.8111790470464455,0.7817131681857704,26.0,10.189818569760675,10.541310041191815,10.261436578405977,10.261436578405977,122.43247955282598,118.3467131662833,118.3467131662833,26.0,-1.0,9.5,26.0,10.829079912315592,8.814295333399173,10.257150627004648,11.445481864451889,9.707677942328377,10.576579903390133,1.7378039221235104,11.271701472239537,133.49819897327703,133.19862698144362,123.20657141886058,0.7632979960269667,108.64393338620144,11.445481864486291,12.14917194606442,108.64393338620144,116.1685051050035,24.55722971186889,24.50436161776368,24.477927570711078,24.50436161776368,IMG_00125.tif,12.61,telemed_644,8.814295333399173
1,3.0,19.984809836736755,19.984975891343684,21.083772254259376,21.083881019572885,22.189498303528975,22.189540784713568,0.9805301897686697,1.2240347036012122,-3.312068647673913,-0.1840381023688565,14.0,11.744905231261072,11.581906844885356,11.560759837009982,11.929050625512161,86.82453127622878,87.0005339271021,87.0005339271021,14.0,-1.0,10.5,14.0,11.240221229447343,12.670094950614725,12.213557663419238,11.803591150170625,11.951358867310198,11.877475008740412,-0.147767717139573,11.818367921884581,97.06146092246625,97.06021624733542,97.65905861406594,0.5417406298470938,79.30214115781126,11.803591150248215,13.274472287120465,79.30214115781126,87.00122356244657,20.06344171292625,19.93127147766323,19.904837430610627,19.42902458366376,IMG_00126.tif,12.61,telemed_644,13.734750791289343
1,3.0,19.988744094479003,19.988907297870142,21.09044000572236,21.09054547248534,22.198663246997736,22.198709767372726,0.9897163927259852,1.2200860767765982,-3.2996455595431606,-0.18119729644129545,14.0,11.840145603643847,11.646447557286812,11.57239669886593,12.107894508421765,86.3915105350969,86.05343367456861,86.05343367456861,14.0,-1.0,10.5,14.0,11.226790826257002,12.74255114841992,12.358768263159845,11.719864927384581,12.136393694832394,11.928129311108489,-0.4165287674478133,11.761517804129362,96.68229153042019,96.67252374800135,98.36574538709395,0.5417224436649224,79.14353687549564,11.719864927460694,13.336750022559404,79.14353687549564,86.61889489892359,20.037007665873645,19.93127147766323,19.878403383558023,19.34972244250595,IMG_00127.tif,12.61,telemed_644,13.694706908719127
1,3.0,19.981022166576622,19.981213963820885,21.091686548311692,21.09182326302988,22.21272838739878,22.212807781789316,1.0131795386661515,1.2184142793022763,-3.294835613554986,-0.2062948749738527,14.0,11.815299831911744,11.668528488726492,11.463041745176838,12.16755791864665,86.6308162785233,85.73738736653495,85.73738736653495,14.0,-1.0,10.5,14.0,11.221881694982926,12.76403383326766,12.421694469539432,11.821472726752123,12.05793097344985,11.939701850100986,-0.23645824669772583,11.845118551421896,96.54587117441955,96.54273406844334,97.49433282209988,0.5369502390309278,78.98493259318002,11.821472726829187,13.334529850267351,78.98493259318002,86.59946404893878,20.037007665873645,19.904837430610627,19.878403383558023,19.34972244250595,IMG_00128.tif,12.61,telemed_644,13.69512058360317
1,3.0,19.969173994793145,19.969378163227745,21.083061935734104,21.083222215289723,22.192801037259382,22.192897673185655,1.0042104137651964,1.219309096192714,-3.3055839744528743,-0.2234130189143027,13.0,11.395301896545561,11.781338587954762,12.166982611122023,12.166982611122023,85.97773565385633,85.45043506378119,85.45043506378119,13.0,-1.0,10.5,13.0,11.210992009398751,12.755715162672857,12.466676412667539,11.637587494736719,12.66547436059898,12.15153092766785,-1.0278868658622609,11.740376181322945,94.88511362455482,94.8288549311853,98.95510173259657,0.5103232199991004,78.98493259318002,11.637587494808969,13.524931199622996,78.98493259318002,85.35256880360674,20.037007665873645,19.878403383558023,19.878403383558023,19.34972244250595,IMG_00129.tif,12.61,telemed_644,13.728079727547538
1,3.0,19.964666059059425,19.96486547720897,21.08112689027438,21.08130172389695,22.203236519552213,22.20337235232074,1.0148681671156563,1.2236387079961144,-3.2859207224580205,-0.23334671774364243,13.0,11.830130094387385,11.76689429748696,12.239088925723252,12.239088925723252,85.0905467018153,85.0905467018153,85.0905467018153,13.0,-1.0,10.5,13.0,11.232048286650354,12.72168593238689,12.523466597020956,11.562920413603878,12.697181684972177,12.130051049288028,-1.1342612713682996,11.676346540740708,95.04183234086959,94.97296131816887,99.56299486403465,0.5095075604103338,79.14353687549564,11.562920413678473,13.502779190987923,79.14353687549564,85.4708227881637,20.037007665873645,19.878403383558023,19.85196933650542,19.34972244250595,IMG_00130.tif,12.61,telemed_644,13.693308278720679
1,2.0,27.95402854725673,27.954864539722724,28.994276915904155,28.995643162116977,30.064535605923332,30.06550270979096,1.0286956892587937,1.0819424808094396,-2.918082380519659,0.5562082776817666,16.0,12.576256789957242,12.69404848769531,13.035842254249559,13.035842254249559,114.0028959238627,111.6821661816651,116.3236256660603,16.0,-1.0,11.5,16.0,15.265990035916019,13.475443807338934,13.075927892339166,17.043656653053212,9.339352543157169,13.19150459810519,7.704304109896043,16.273226242063608,126.1147655434625,122.47044902856537,95.35492151204626,0.637727364863083,95.0039651070579,17.043656653150926,14.85205778927843,95.0039651070579,109.0360028068336,27.861485593444357,27.887919640496964,27.967221781654775,27.993655828707375,IMG_00131.tif,12.61,telemed_644,
1,2.0,27.96055685227677,27.96142695053649,28.999184943708602,29.000634500046388,30.075252587858223,30.076219340414156,1.0275526804628505,1.0872397094148079,-2.95721376005493,0.5728662526260151,16.0,12.53741054801074,12.657849400587544,13.035196914491735,13.035196914491735,113.72371270399447,111.28890111192213,116.1585242960668,16.0,-1.0,11.5,16.0,15.224324944444845,13.493849659927719,13.092607288924228,16.926052861836368,9.37049942580867,13.14827614382252,7.555553436027696,16.170497518233596,126.42874317392284,122.8945230213878,96.0201737980208,0.6320335535429445,95.0039651070579,16.92605286193023,14.824180337718074,95.0039651070579,109.2618213969464,27.861485593444357,27.887919640496964,27.967221781654775,27.993655828707375,IMG_00132.tif,12.61,telemed_644,
1,2.0,27.957803647700334,27.958640650773237,29.000426338385818,29.001876740229275,30.0771934138874,30.078191758169112,1.0319611387085905,1.0875899686872892,-2.96377663783974,0.5730210294154073,15.0,12.881086703356232,12.770213377640525,13.035651895729075,13.035651895729075,110.92906879464988,110.92906879464988,115.97409558364276,15.0,-1.0,11.5,15.0,15.405215599158055,13.473168270323697,13.119498061114882,16.832939758922443,9.665464038944254,13.249201898933347,7.167475719978187,16.11619218692462,125.0523700496019,121.96303006294202,96.526403627492,0.6322960316006692,93.89373513084854,16.83293975901565,14.910840859631978,93.89373513084854,108.63047818676735,27.861485593444357,27.887919640496964,27.967221781654775,27.993655828707375,IMG_00133.tif,12.61,telemed_644,13.473168270323697
1,2.0,27.9675436414875,27.968374107137958,28.997275567981447,28.998694269583474,30.06045253450611,30.0613843722431,1.0165383982945089,1.0764718668106357,-2.9524540835366393,0.5667554548569957,16.0,12.720145015409358,12.755940887836276,13.017349219165936,13.017349219165936,113.20756775864686,110.16067282568798,116.25446269160572,16.0,-1.0,11.5,16.0,15.463465340912279,13.564625435152038,13.08990278127169,17.5772761409565,9.088009612858874,13.332642876907688,8.489266528097625,16.728349488146737,125.58866000794485,121.25559381206774,92.59205096503028,0.6268239181072898,92.62490087232355,17.577276141055698,14.993361042496279,92.62490087232355,108.08377644552485,27.887919640496964,27.887919640496964,27.967221781654775,27.993655828707375,IMG_00134.tif,12.61,telemed_644,
1,2.0,27.974134903811944,27.974875872445732,29.018376605330765,29.01930519365774,30.066446581911613,30.067316236738364,1.0216861178815262,1.0707542464111064,-2.9500605225326457,0.4583601926995795,16.0,12.899265813252484,12.769496817825189,13.03450919096207,13.03450919096207,113.36645624363511,110.52768702419122,116.205225463079,16.0,-1.0,11.5,16.0,15.478808446789685,13.420508317386293,13.104254117369464,17.403739475868264,9.207404542040967,13.305572008954615,8.196334933827295,16.584105982485532,125.57306695508322,121.52550899083973,93.50760766380418,0.632080168780707,93.10071371927043,17.403739475960133,14.954238622516812,93.10071371927043,108.384749564358,27.914353687549564,27.914353687549564,28.02008987575998,28.072957969865186,IMG_00135.tif,12.61,telemed_644,
1,2.0,24.904045505063745,24.90424385406084,26.187900147239816,26.187984199924262,27.491162784322913,27.49125001888673,1.4241468161626731,1.1628593486632166,-3.993219403078902,0.14516519621563545,18.0,13.55436631832805,14.502978673766794,15.140769861703973,15.265633015023326,92.15448981976294,90.17257675356889,90.17257675356889,18.0,-1.0,13.5,18.0,15.7291257697145,17.795291623494364,13.72567134427021,17.630010830892786,11.231560850107028,14.430785840499908,6.398449980785759,16.990165832814213,101.55015773249123,99.87898973371233,82.1835899536848,0.6494365053282336,74.38540840602697,17.630010830960416,16.537152971396118,74.38540840602697,87.447764736711,24.980174464710547,24.874438276500136,24.874438276500136,24.742268041237114,IMG_00136.tif,12.61,telemed_644,17.795291623494364
1,2.0,24.904557000865005,24.904771288099692,26.18380214641728,26.18391114368055,27.492907636308754,27.49301239690718,1.4141743298190974,1.1740667789883923,-3.995332029036225,0.16532111226072288,18.0,13.632414645871037,14.53218436383019,15.091818183134563,15.31119764028179,91.97221444867112,90.50088469557355,90.50088469557355,18.0,-1.0,12.5,18.0,15.695257062361378,17.82306642804423,13.864525974814114,17.572928065671203,11.336846968070391,14.454887516870796,6.2360810976008105,16.949319955911122,101.29547178718113,99.71851812499884,82.44417227976285,0.6462365346640273,74.22680412371135,17.572928065738257,16.563017882612996,74.22680412371135,87.31723258657637,24.980174464710547,24.874438276500136,24.874438276500136,24.742268041237114,IMG_00137.tif,12.61,telemed_644,17.82306642804423
1,2.0,24.90005886563774,24.900267980256174,26.194913578823087,26.195005029066827,27.51546166958586,27.5155247996431,1.4163400422502888,1.1989167771366411,-4.024270174046557,0.15139828205825523,17.0,13.768165399686495,14.544096464055073,14.970729157018724,15.372931127612475,90.85883556947935,90.53113566252645,90.85883556947935,17.0,-1.0,13.5,17.0,16.209605357678413,17.77542850305079,13.852659788378446,17.574855181578723,11.409797200162892,14.492326190870807,6.16505798141583,16.958349383437138,100.97576794332898,99.44795555922379,82.42012538958227,0.6437749544184246,74.06819984139572,17.574855181646026,16.605789141618885,74.06819984139572,87.08248237767424,24.980174464710547,24.874438276500136,24.874438276500136,24.742268041237114,IMG_00138.tif,12.61,telemed_644,17.77542850305079
1,2.0,24.902297272300956,24.902497427622077,26.226068218454163,26.22613797346925,27.562716557573008,27.562726012027756,1.446008606350031,1.2142199780556493,-4.074678492665367,0.13214729391690344,18.0,13.361166549469786,14.434312829122202,14.81426634182651,15.325326407816533,93.17081163640157,91.16470578895765,91.16470578895765,18.0,-1.0,12.5,18.0,16.229218710514857,17.739905974817958,13.871728024874756,17.18703591724425,11.65175833641743,14.41939712683084,5.535277580826819,16.63350815916157,101.19233417229866,99.94836973816363,84.2287778089154,0.6488055820995805,74.54401268834259,17.187035917311356,16.541135755228,74.54401268834259,87.42044689538803,24.980174464710547,24.874438276500136,24.84800422944753,24.742268041237114,IMG_00139.tif,12.61,telemed_644,17.739905974817958
1,2.0,24.903226041418794,24.90350835261946,26.22444553879144,26.22453925280645,27.566156453760485,27.566162117374716,1.4476923110874809,1.2149614536677855,-4.083978169269874,0.1531743685465597,17.0,13.012474869992133,14.506341916839311,14.760419613122878,15.357446663770446,95.52371282265612,90.96897391754385,90.96897391754385,17.0,-1.0,12.5,17.0,16.462629746148508,17.66384895287726,13.820443452290078,17.168355341104462,11.779429345338137,14.4738923432213,5.388925995766324,16.629462741527828,100.74913008336304,99.58486190104702,84.32173512259229,0.654172524602071,74.22680412371135,17.168355341178525,16.625298121861793,74.22680412371135,86.9944967918292,24.953740417657947,24.874438276500136,24.84800422944753,24.742268041237114,IMG_00140.tif,12.61,telemed_644,17.66384895287726
1,2.0,28.1475707355706,28.15812447009968,29.872049677476717,29.87754351621493,31.57574695330173,31.57770065552848,1.6412272625793738,1.7783489228494276,-0.9796782245672476,1.098777594755005,31.0,11.906384881855075,11.945807699635752,12.323607581217203,12.323607581217203,122.76068644337956,122.72275217188249,121.492912085988,31.0,-1.0,11.5,31.0,14.272432509705908,14.272432509705908,11.312451139527013,18.422459720170995,7.817178560596527,13.119819140383761,10.605281159574467,17.36193160421355,131.49569384787367,124.04317292115977,89.09641925333246,0.686300508745477,104.99603489294212,18.42245972019,14.042917205587298,104.99603489294212,116.03748740555342,28.125826063970397,28.072957969865186,28.09939201691779,28.469468675654245,IMG_00141.tif,12.61,telemed_644,16.62318635977465
1,2.0,28.129150129212533,28.139449066808414,29.865526201634943,29.87087593864586,31.577969639343678,31.579886359362,1.64415466813731,1.796282624416277,-0.9297119660857369,1.0843921113581314,31.0,12.04047153087211,12.09738313421615,12.37803081601271,12.40294731023613,122.27827185372459,120.71361130802748,120.71361130802748,31.0,-1.0,11.5,31.0,15.169792702645708,14.372988485878011,11.33367206196823,18.756779199227378,7.741509719744188,13.249144459485782,11.01526947948319,17.65525225127906,130.62509522373722,122.77167017277044,87.5055165016543,0.6881898086046879,105.15463917525774,18.756779199244505,14.130258600410333,105.15463917525774,115.25767217314281,28.125826063970397,28.072957969865186,28.125826063970397,28.469468675654245,IMG_00142.tif,12.61,telemed_644,16.808599273385624
1,2.0,28.258534199504474,28.26877386220741,29.940201206288684,29.945356907132023,31.636312611908387,31.63805729280156,1.656289545136707,1.71299388545743,-1.0304049930028603,1.0632195889484863,30.0,11.456018344664471,11.955234562900609,12.316670069150291,13.332352974733709,129.10586340020183,122.9204992984512,109.78312687539325,30.0,-1.0,11.5,30.0,14.495818181778532,14.118031855606233,11.159576496295927,18.644414812956647,7.379897273938951,13.0121560434478,11.264517539017696,17.51796305905488,134.34586171429928,125.54566832534232,88.42077527506122,0.7051153220099122,104.67882632831088,18.644414812977416,14.028500298336013,104.67882632831088,116.61327096570541,28.205128205128208,28.125826063970397,28.205128205128208,28.548770816812056,IMG_00143.tif,12.61,telemed_644,16.553985673554337
1,2.0,28.293664898365,28.30371907198322,29.972051952289775,29.977123476577066,31.66080897452193,31.662543839798257,1.659867031561903,1.698957736253129,-1.062840670920751,1.0539451985570425,31.0,11.636824191894704,11.936956704627477,12.320778667850476,13.320931995106292,128.1984264901995,123.51158922532747,110.1180844137025,31.0,-1.0,11.5,31.0,14.67926807866354,14.04966960136926,11.50817912286766,18.62430412187304,7.319321855915728,12.971812988894383,11.30498226595731,17.49380589527731,135.0597511337585,126.08595880960426,88.62290436078509,0.7039989021733813,105.31324345757336,18.624304121893942,14.01930650508528,105.31324345757336,116.83328427432302,28.25799629923341,28.152260111023,28.25799629923341,28.548770816812056,IMG_00144.tif,12.61,telemed_644,16.47989183647755
1,2.0,28.31717933779464,28.327009460494974,29.979508103761194,29.984471650511246,31.651757564591758,31.653466494620584,1.6592872121442084,1.6671698219814048,-1.0929734263783286,1.0425370054565612,29.0,11.615145818287488,11.930011347200997,12.293192817753209,13.31774511378947,128.24381798142332,121.98162254918203,110.22792625827157,29.0,-1.0,11.5,29.0,14.173722952585507,14.041728570106642,12.003932258779173,18.637520888251416,7.207030484632202,12.922275686441807,11.430490403619212,17.494471847889493,135.99174989181677,126.6656934159461,88.6355223581355,0.704454040883938,105.31324345757336,18.637520888274167,13.980611743430494,105.31324345757336,117.24705385213576,28.25799629923341,28.1786941580756,28.310864393338623,28.548770816812056,IMG_00145.tif,12.61,telemed_644,16.449276645992654
1,3.0,19.118291579880317,19.15319657553706,20.23214711884451,20.2654902874108,21.34792330587693,21.380989083764128,1.113231166615051,1.1145613416120206,-0.1676772765560569,3.2871692879035774,14.0,10.91892259528153,10.82175026629513,11.247111019303361,10.068127014870896,93.83466296491937,94.51414011596276,96.7781204377556,14.0,-1.0,10.5,14.0,11.931586600095102,11.789618714026687,10.066620577901176,13.373360145354297,8.85778392647004,11.115572035912168,4.515576218884257,12.921802523465871,100.7009450823874,99.30719595283341,82.7741749626513,0.7756003305653718,77.59784075573549,13.373360145414315,12.929967398759555,77.59784075573549,85.56180006562515,19.18578497525866,19.1183085919928,19.02834008097166,18.82591093117409,IMG_00146.tif,14.82,left_ticks_800,12.085691324850018
1,3.0,19.14727093430939,19.184041488692923,20.25266374731235,20.286182476905307,21.373332150015155,21.404121108643476,1.1524137547759965,1.0676658651745552,-0.09617567080498107,3.294132455506841,13.0,10.401893846749346,11.049495093542903,11.353872859523022,11.353872859523022,93.61326617588195,93.61326617588195,94.17767674219404,13.0,-1.0,9.5,13.0,12.59734555503644,11.486772878395868,10.066501788053642,13.70226691210818,8.736019410556752,11.219143161332466,4.966247501551429,13.205642161953037,100.20777994702686,98.55765066011726,80.95178475768473,0.6658398308846702,74.62887989203779,13.702266912192291,13.06561363456266,74.62887989203779,84.82266436346256,19.208277103013945,19.163292847503374,19.02834008097166,18.82591093117409,IMG_00147.tif,14.82,left_ticks_800,
1,3.0,19.13599015677129,19.171667378980683,20.247346197783063,20.280070884992327,21.380374440822315,21.411338917647,1.1275871531788093,1.1120843854875053,-0.31662533924046504,3.255360314448616,14.0,10.22477832156956,10.595300628482782,10.650019922487871,11.529194850451745,100.03784463857002,96.0503468379438,86.842752309187,14.0,-1.0,9.5,14.0,11.642628864827884,11.642628864827884,9.91297073502733,14.895963955246243,7.588420426532871,11.242192190889558,7.307543528713372,14.165209602374906,101.97787930378776,98.29749945340482,74.54835857733005,0.646259981545225,73.00944669365722,14.895963955342275,13.091784442727938,73.00944669365722,84.60382939360834,19.163292847503374,19.095816464237515,19.005847953216374,18.690958164642375,IMG_00148.tif,14.82,left_ticks_800,
1,3.0,19.120374241622923,19.153410647878726,20.22748896276319,20.258570590763096,21.382580173952086,21.414402639320787,1.0727810081193758,1.1882109833226837,-0.4954461272947994,3.1742465167972456,12.0,10.1421393536139,10.763615225750968,10.678130775917111,9.841706076523423,94.57063153758821,93.0215293959717,95.3988435160232,12.0,-1.0,9.5,12.0,12.09510237441134,10.788054401914792,9.57358564136382,14.123714307324146,8.197564268902589,11.160639288113368,5.926150038421556,13.53109930348199,101.33559653051442,98.91967729810771,78.46576161644222,0.5404665428520983,75.43859649122807,14.12371430740822,13.036242827801985,75.43859649122807,84.88344372015095,19.163292847503374,19.163292847503374,18.960863697705804,18.62348178137652,IMG_00149.tif,14.82,left_ticks_800,
1,3.0,19.065064342914592,19.096565755919695,20.11364893639097,20.143369080699767,21.23359703524295,21.2656983618902,1.0369762526341015,1.1321563533364034,-0.659930689621768,3.112794454602229,13.0,10.33461642069048,10.525609426281243,10.567256847569297,10.567256847569297,96.74015358281298,88.88207192581586,88.66033605899852,13.0,-1.0,10.5,13.0,11.550239570283225,11.079432244412942,9.933436558203084,13.06738497946008,8.746557124422994,10.906971051941538,4.320827855037087,12.635302193956372,102.24092620515732,100.89571235910242,84.4371515197309,0.5425803834230264,75.30364372469636,13.06738497956616,12.811769647211117,75.30364372469636,86.09279035239805,19.18578497525866,19.14080071974809,18.960863697705804,18.62348178137652,IMG_00150.tif,14.82,left_ticks_800,
1,3.0,16.760087630302447,16.767373487240196,18.167224033117638,18.173418997424534,19.591913672200953,19.597070188530257,1.240114607065679,1.5895820942243817,3.19737042498007,1.4960670306158546,19.0,12.865338262160634,12.52860325842869,12.865338262160634,13.564243805273065,80.00097064127884,81.56788047040243,77.27365612702482,19.0,-1.0,11.5,19.0,14.111626346818952,14.361773960609213,11.8861693907877,16.956684094266013,9.238457906987534,13.097571000626774,7.7182261872784785,16.184861475538163,76.1544079595362,73.91276705044122,57.429970493089286,0.8568368130478742,80.56680161943319,16.956684094207773,12.131588038100375,80.56680161943319,79.69910928480364,17.094017094017094,16.91408007197481,16.59919028340081,16.39676113360324,IMG_00151.tif,14.82,left_ticks_800,14.111626346818952
1,3.0,16.757945684460502,16.765054047102492,18.168943361157883,18.17507154173937,19.596344129313348,19.601431060536754,1.2436598079881578,1.5927172054461067,3.20686370059755,1.4879130279979442,19.0,12.759280782378312,12.555413188351944,12.759280782378312,13.641168036980389,79.78940816276621,81.77849347556487,77.38028373262598,19.0,-1.0,11.5,19.0,14.131290808065643,14.3239721492169,11.914510744625318,16.584905628038726,10.166818932947159,13.375862280492942,6.418086695091569,15.943096958529571,73.82006810576586,72.3919732674863,58.67173635348469,0.8575135309640053,80.56680161943319,16.584905628002716,12.386557561218961,80.56680161943319,78.07243302105393,17.094017094017094,16.91408007197481,16.59919028340081,16.39676113360324,IMG_00152.tif,14.82,left_ticks_800,14.131290808065643
1,3.0,16.75961069907285,16.76691552437715,18.16678720998378,18.172922103254233,19.590677650866887,19.595710431397805,1.238386069717649,1.5904088373030134,3.2008901369142193,1.4888158096461586,19.0,12.587405383975891,12.530411847885537,12.587405383975891,13.545101450968474,80.71067446259899,82.0639832249083,77.26082847545484,19.0,-1.0,11.5,19.0,14.13712173346812,14.068852126495472,11.916380518692563,16.52412132886924,10.206439929574644,13.365280629221942,6.317681399294595,15.89235318893978,73.84116714382039,72.45546588848718,58.88738128428704,0.858511581140879,80.7017543859649,16.524121328833417,12.38482520137539,80.7017543859649,78.09096727175928,17.094017094017094,16.91408007197481,16.59919028340081,16.39676113360324,IMG_00153.tif,14.82,left_ticks_800,14.13712173346812
1,3.0,16.7627053945796,16.770015494936995,18.16687675749343,18.17305080970337,19.592277793027872,19.597312686832883,1.2385425088539364,1.5887546830419537,3.1838835873979767,1.4935547759389154,19.0,12.737940013310094,12.522269338703268,12.737940013310094,13.570020721781162,80.36167591044915,81.9328757313999,77.38371803201794,19.0,-1.0,11.5,19.0,14.066513020328898,14.060865290396407,11.8562242468754,16.516090372109634,10.089760913137916,13.302925642623775,6.426329458971719,15.873457426212463,74.26079543253,72.80418520390401,58.92757309385377,0.8590169034789222,80.56680161943319,16.51609037207472,12.353589837212464,80.56680161943319,78.30175340260313,17.094017094017094,16.91408007197481,16.59919028340081,16.39676113360324,IMG_00154.tif,14.82,left_ticks_800,14.066513020328898
1,3.0,16.7585416095598,16.765816304974503,18.164459772555837,18.170633143526587,19.586874910826964,19.59199035794198,1.2351831700910763,1.5909908828763997,3.1912969715668544,1.4935717284538073,19.0,12.75365628220942,12.541703060952017,12.75365628220942,13.655138184358066,79.9663735715602,81.79812283367544,77.3215542495388,19.0,-1.0,11.5,19.0,14.121540542205395,14.181973798276317,11.908742779719773,16.697328437198436,9.961351383438375,13.329339910318405,6.7359770537600605,16.02373073182243,74.23888525023341,72.64288489037352,58.29011867902226,0.8578752800713697,80.43184885290148,16.69732843716359,12.351660019531096,80.43184885290148,78.29263886734981,17.094017094017094,16.91408007197481,16.59919028340081,16.39676113360324,IMG_00155.tif,14.82,left_ticks_800,14.121540542205395
1,3.0,18.767979116815336,18.80023322021878,19.829595431490652,19.860847015487213,20.925451935120225,20.954961499549913,0.9896169912185183,1.1651112881126162,0.039830286719021904,3.2146354433205295,9.0,11.631694973699922,12.013226315158795,12.296685825050332,12.296685825050332,92.01328624351068,82.9928906658371,82.9928906658371,9.0,-1.0,11.5,9.0,13.99791120401619,13.99791120401619,11.645218526929739,14.844152140518478,10.118020242948912,12.481086191733695,4.726131897569566,14.371538950761522,88.00741358545277,86.95235374185624,73.35125106503476,0.6816698067337,66.39676113360323,14.844152140593252,14.132751852715796,66.39676113360323,76.96259759064564,18.82591093117409,18.73594242015295,18.55600539811066,18.218623481781375,IMG_00156.tif,14.82,left_ticks_800,13.99791120401619
1,3.0,18.770312274349433,18.802344868325022,19.828560570999226,19.85938944230721,20.920284308075544,20.949070417933893,0.9925108194441049,1.154214730164763,0.038306369780236146,3.1929321815375156,9.0,11.68111877057845,12.117344628927318,12.360753282459797,12.360753282459797,90.8518037194637,82.07536732743799,82.07536732743799,9.0,-1.0,11.5,9.0,14.339133068463298,14.339133068463298,11.80416279623853,15.137327598030396,10.383278663164939,12.760303130597666,4.754048934865456,14.66192270454385,86.0860178831747,85.0876246875645,71.96911692687958,0.6800445958881778,66.66666666666667,15.137327598101535,14.352101868647305,66.66666666666667,75.81707809177655,18.82591093117409,18.75843454790823,18.578497525865945,18.218623481781375,IMG_00157.tif,14.82,left_ticks_800,14.339133068463298
1,3.0,18.76613223236338,18.79804724405698,19.82133397807964,19.851876923816565,20.90514578159868,20.933658543404597,0.9921864388363603,1.1434248605112585,0.018279346239486516,3.1786887211744803,9.0,11.667030555497178,12.156900675292553,12.266808244433122,12.266808244433122,91.04663406152602,82.69421971795515,82.69421971795515,9.0,-1.0,11.5,9.0,14.623962622678079,14.623962622678079,11.774866999465019,15.512337993464381,10.098646949813636,12.805492471639008,5.413691043650744,14.970968889099307,86.06261249652408,84.77389063808019,70.25515918270148,0.6783589524812728,65.1821862348178,15.51233799353531,14.412026111394692,65.1821862348178,75.49203413095461,18.87089518668466,18.780926675663515,18.600989653621234,18.286099865047234,IMG_00158.tif,14.82,left_ticks_800,14.623962622678079
1,3.0,18.76537156497076,18.797143695434578,19.814198764633694,19.84468970760543,20.894853030307477,20.923319588323242,0.9877221870279614,1.1384537058607007,0.007205170703742414,3.176556061925074,8.0,11.983634013979596,12.360337905900408,12.204469667416674,12.204469667416674,86.67079002690826,83.04187903295586,83.04187903295586,8.0,-1.0,11.5,8.0,14.741958104787955,14.741958104787955,11.876633981474924,15.310835381469637,10.587966890141713,12.949401135805676,4.722868491327925,14.838548532336846,84.78557813557549,83.8438604895478,71.15403559892962,0.6774120318708216,64.64237516869096,15.310835381544674,14.554769753785102,64.64237516869096,74.76407086123005,18.848403058929375,18.75843454790823,18.578497525865945,18.218623481781375,IMG_00159.tif,14.82,left_ticks_800,14.741958104787955
1,3.0,18.761075890418194,18.792759360239526,19.820798415817762,19.85120296780592,20.910655669530748,20.939077620143387,0.9913693102667722,1.1549489496370848,-0.023048137343020553,3.1715310413232456,8.0,11.936970695673764,12.270178838938424,12.152102813437807,12.152102813437807,86.81231603501367,83.20624416265572,83.20624416265572,8.0,-1.0,11.5,8.0,14.525769872568048,14.525769872568048,11.857477221556223,15.22271638943517,10.231447175361371,12.72708178239827,4.9912692140738,14.723589468027791,86.3752438867973,85.2640524667944,71.53964840292664,0.6804805925697648,65.0472334682861,15.222716389507024,14.33454301699,65.0472334682861,75.87063013050012,18.82591093117409,18.75843454790823,18.578497525865945,18.218623481781375,IMG_00160.tif,14.82,left_ticks_800,14.525769872568048
1,3.0,16.53105429666703,16.537876074244583,17.930744743613705,17.937626487565595,19.343246469379597,19.350584742793835,1.2892489597592796,1.5234597087899748,3.992858129804998,1.5871511297674314,11.0,12.477143317331013,12.654022009192591,12.418749129961839,12.418749129961839,87.7360119329767,85.61679215222749,88.23086504825463,11.0,-1.0,12.5,11.0,13.6611965244673,13.965663702377412,12.255973807236558,16.130283357303576,8.742267365989013,12.436275361646295,7.388015991314564,15.391481758172121,79.07480353062434,76.70637898365575,59.458834670060064,0.5680061543733664,86.77462887989203,16.13028335725553,11.344104424509077,86.77462887989203,83.98027276556905,16.689158794421953,16.531713900134953,16.374269005847953,16.194331983805668,IMG_00161.tif,14.82,left_ticks_800,13.6611965244673
1,3.0,16.52505744475687,16.532007580823638,17.930872891440007,17.937735770766665,19.348432255737965,19.355618812340463,1.2923812110323267,1.5312300204845004,3.9699263970557546,1.5849692753683964,10.0,12.428603910805023,12.610624849054673,12.397610660098849,12.397610660098849,88.04807134165952,85.52758975777492,88.51055960513862,10.0,-1.0,12.5,10.0,13.649270003162428,13.071254936049002,12.24930895148509,16.352902981580364,8.480558828165382,12.416730904872875,7.872344153414984,15.565668566238868,79.52033231871832,76.79772345991611,58.650049493110245,0.40531864666029005,86.50472334682861,16.352902981524977,11.336642462654696,86.50472334682861,84.00475179530065,16.689158794421953,16.531713900134953,16.374269005847953,16.194331983805668,IMG_00162.tif,14.82,left_ticks_800,13.649270003162428
1,3.0,16.522573059408483,16.529538509036524,17.92384101398932,17.930815392506386,19.342692144803582,19.34989157566549,1.2846497640618966,1.5357033025670732,3.9599595183111784,1.59810181786624,13.0,12.464072441630407,12.62873932528937,12.375544906296227,12.375544906296227,87.70010788143462,85.66973662122341,88.53914863345973,13.0,-1.0,12.5,13.0,13.631978051851547,13.76912559508935,12.215238873556359,16.203310812448898,8.584469735373537,12.393890273911216,7.61884107707536,15.44142670474136,79.47993716242888,76.92618472418381,59.168461286031366,0.5696680249395816,86.77462887989203,16.20331081240343,11.325764294618104,86.77462887989203,84.07252538564029,16.689158794421953,16.531713900134953,16.374269005847953,16.194331983805668,IMG_00163.tif,14.82,left_ticks_800,13.631978051851547
1,3.0,16.53208851750947,16.538989963632552,17.93135598408789,17.938035692382257,19.33190800722931,19.33891185643729,1.28423601209156,1.515685880713178,3.9794768807526433,1.5636603166059684,12.0,12.424184668452384,12.636752592474506,12.403587452595332,12.403587452595332,87.79540482887283,85.69484977093414,88.43667982400997,12.0,-1.0,12.5,12.0,13.615550591769306,14.099651486882493,12.22201780779352,16.189007299512745,8.607167260259144,12.398087279885946,7.581840039253601,15.430823295587386,79.47111888861676,76.94483848109975,59.25344269367247,0.5688148021925616,86.77462887989203,16.189007299465885,11.326767610997234,86.77462887989203,84.11358902507784,16.689158794421953,16.531713900134953,16.374269005847953,16.194331983805668,IMG_00164.tif,14.82,left_ticks_800,13.615550591769306
1,3.0,16.557727433098385,16.56383830496054,17.944443718991938,17.950701317121364,19.332513217729314,19.339427296312934,1.2566983319644691,1.5188906593879277,3.985077949944621,1.5129109678176325,13.0,12.46016815813877,12.657892310171542,12.42341631688626,12.31950924647515,88.70587312451066,86.11154903910507,88.7981199308218,13.0,-1.0,12.5,13.0,13.657796093286777,13.818899959012583,12.254796473740043,16.15323920591423,8.652314664154583,12.402776935034405,7.5009245417596455,15.403146751738262,79.50463529582429,77.03431213670802,59.47232642651959,0.5680734732314554,87.85425101214575,16.153239205865198,11.272749419807294,87.85425101214575,84.64117854447335,16.734143049932523,16.55420602789024,16.39676113360324,16.194331983805668,IMG_00165.tif,14.82,left_ticks_800,13.657796093286777
1,2.0,22.27089966147049,22.388927811079075,23.80764791521271,23.91919567043771,25.383997378636263,25.492785974811554,1.5055406108880645,1.5983175528444111,1.997072098498613,5.535587054699673,21.0,12.001695692168909,12.072908093754732,12.049709165148698,13.685120578289144,88.10785502330879,89.85683248128169,82.86689423172663,21.0,-1.0,10.5,21.0,15.145035907084889,15.650530583836542,9.593963195819526,19.2181969445151,7.0938030805,13.15600001250755,12.124393864015099,18.00575755811359,106.0250961210531,98.09198797937636,67.8259821179288,0.7532579453651806,72.19973009446693,19.218196944551224,14.746547104521607,72.19973009446693,87.71007871535211,22.514619883040936,22.199730094466936,22.312190733243366,22.06477732793522,IMG_00166.tif,14.82,left_ticks_800,15.650530583836542
1,2.0,22.226563063436473,22.344334333896295,23.78550207983139,23.89392032129159,25.358313128998653,25.462670792883525,1.526076968860262,1.5922594901269667,1.8228450997764092,5.4602114054016315,24.0,12.570732366265148,12.003019323682391,11.93040408177447,13.531465070030691,85.14878032829566,89.29595318036934,82.48325140780086,24.0,-1.0,9.5,24.0,14.940421354688453,15.770258289608023,9.553100914556467,19.243665470708375,7.296821083934041,13.270243277321207,11.946844386774334,18.04898103203094,104.50560009999116,97.06819428921794,67.60430073172313,0.8238690807147314,71.7948717948718,19.243665470738396,14.855865970007772,71.7948717948718,86.90508191650162,22.44714349977508,22.109761583445795,22.22222222222222,21.929824561403507,IMG_00167.tif,14.82,left_ticks_800,15.770258289608023
1,2.0,22.146109687060434,22.262793469260057,23.708325047457507,23.818175781136766,25.26393826666356,25.37228203384385,1.4951982787769502,1.6142902858068398,1.8785883894426785,5.504931513070312,22.0,13.03246022798649,12.138829165200983,12.114185195120882,12.040637488220568,84.46479006757737,88.04396360003254,88.04396360003254,22.0,-1.0,10.5,22.0,14.490120894349758,15.91168392358341,10.116205127385058,18.604065464540877,8.570477776412892,13.587271620476884,10.033587688127986,17.60070669572808,99.13514649860228,94.48768144702429,69.57925565219205,0.8009725187205536,72.19973009446693,18.60406546456996,15.071138684321806,72.19973009446693,85.36954458805734,22.33468286099865,22.06477732793522,22.199730094466936,21.86234817813765,IMG_00168.tif,14.82,left_ticks_800,18.449938452289103
1,2.0,22.11056805684242,22.22597156618149,23.67826219786594,23.785644785697627,25.243840764434008,25.350656486517963,1.5098535378913749,1.614831382445098,1.7777868182444536,5.446413654296913,22.0,12.211666068493273,11.674624038047275,12.19056813228346,8.874409142169128,90.66249385088443,91.58336875356022,121.20360141832234,22.0,-1.0,10.5,22.0,14.269467432789781,15.964808762885923,9.864880543065055,17.93836410744788,7.580680580365113,12.759522343906497,10.357683527082768,16.902595754739608,106.43892671000236,100.3500742516157,71.96013750348274,0.7898122051618897,73.41430499325236,17.938364107475717,14.296011918828608,73.41430499325236,89.75470745471937,22.33468286099865,22.06477732793522,22.17723796671165,21.86234817813765,IMG_00169.tif,14.82,left_ticks_800,16.00106365927593
1,2.0,22.087438555541077,22.20166706833296,23.63512083881588,23.737861863471586,25.20677136692366,25.30304400366854,1.5236489021493205,1.5777280331862606,1.5384792118831587,5.332680236758122,22.0,12.355039455120718,11.598460706852816,12.71311014045412,12.71311014045412,87.88172407719586,84.86741567423084,84.86741567423084,22.0,-1.0,12.5,22.0,14.853077992619063,15.7026539977781,9.589094952346386,18.172013274540532,7.213997670525008,12.693005472532771,10.958015604015525,17.07621171413898,107.79940723230438,100.77653841513789,71.00162519594728,0.787385541926371,72.8744939271255,18.172013274567913,14.353424591883568,72.8744939271255,89.32278717102129,22.312190733243366,22.06477732793522,22.109761583445795,21.86234817813765,IMG_00170.tif,14.82,left_ticks_800,15.710705803762295
1,2.0,25.379596651187263,25.417226966675862,26.870136369865538,26.913361083874506,28.437769907282863,28.49030531454305,1.8594459665133964,1.2136323813537893,-0.22298441676850544,3.2477146780441055,21.0,11.187521714051229,11.594043115043226,13.40388846399793,13.510959602432763,108.0483079080319,94.52477397385434,88.87239609909,21.0,-1.0,11.5,21.0,14.049518350460062,14.440524807848703,8.774659712282869,18.653850747781146,3.066563247054678,10.860206997417912,15.587287500726468,17.0951219977085,169.5491917432342,134.84882084729222,79.43514127916632,0.7803753645448742,96.22132253711202,18.653850747807816,12.379061027178835,96.22132253711202,118.51626780714051,25.641025641025642,25.461088618983354,25.371120107962213,25.236167341430498,IMG_00171.tif,14.82,left_ticks_800,13.814379274792827
1,2.0,25.382413580547123,25.419913701866744,26.873037120669796,26.916294165210413,28.41978719960873,28.470474568262702,1.8357619506732135,1.2147989157227417,-0.2265334081507328,3.248752292382671,22.0,11.002920467256203,11.571299945355,13.401775004341943,13.421292279342964,109.32812097819934,94.53219200356067,88.9951845564873,22.0,-1.0,11.5,22.0,14.40646886616122,14.425472462321807,8.851944108001817,18.246827980925403,3.6962171948862803,10.971522587905842,14.55061078603912,16.79176690232149,160.65209124650846,133.51131096245382,81.15332328018879,0.7826007769248358,96.49122807017544,18.246827980949707,12.485223459606473,96.49122807017544,117.53676351395703,25.641025641025642,25.483580746738642,25.371120107962213,25.236167341430498,IMG_00172.tif,14.82,left_ticks_800,13.733002602500562
1,2.0,25.385779066782312,25.423146960642768,26.87897003229638,26.922022787786602,28.44632693988435,28.498918605754938,1.858636397587909,1.2171352475242583,-0.23684060198630597,3.2407248214793465,22.0,10.817949207317923,11.619558764708009,13.373259048555525,13.508513729464909,113.00644489186803,94.67452711483543,89.06753071554068,22.0,-1.0,11.5,22.0,14.41908322939841,14.41908322939841,8.780885137575353,18.338488879108056,3.5857323450272283,10.962110612067644,14.752756534080829,16.863213225699972,161.97871982071504,133.64169462287143,80.77190819988506,0.7779299087573831,97.16599190283401,18.33848887913367,12.472574523674588,97.16599190283401,117.66917601855236,25.641025641025642,25.483580746738642,25.348627980206928,25.236167341430498,IMG_00173.tif,14.82,left_ticks_800,13.831313781925076
1,2.0,25.388009598792753,25.425356950868476,26.88359699152154,26.926603087339068,28.453285770019818,28.50595093449049,1.8651254270706743,1.2154685565513368,-0.2358386065295372,3.238692198191011,22.0,11.22111024261821,11.45983088158328,12.501983897589923,13.524630428688539,108.55005173974806,95.60547572226282,87.98798966875584,22.0,-1.0,11.5,22.0,14.163126891949872,14.419001275726487,8.703653691364366,18.39246047351252,3.512494282918021,10.95247737821527,14.879966190594502,16.904463854453073,162.92674278328312,133.76965550253928,80.55018761072103,0.7812029549335185,97.43589743589743,18.392460473535955,12.465433997676556,97.43589743589743,117.74594597565219,25.618533513270357,25.483580746738642,25.348627980206928,25.236167341430498,IMG_00174.tif,14.82,left_ticks_800,13.840453762903962
1,2.0,25.39472064631406,25.432141808733398,26.88899346125424,26.931871999666907,28.45694615482868,28.509866278429033,1.865870905961823,1.2118535637338137,-0.23812114709569782,3.233567887935123,23.0,11.138112723446625,11.438842332770827,12.685247850211596,13.393731418115436,108.999501076472,95.32625791341637,88.29024812026837,23.0,-1.0,11.5,23.0,14.212271254849298,14.435419659546,8.55865910989587,17.73628558838959,4.291532557702521,11.013909073046054,13.444753030687068,16.39181028532088,154.6011797280545,133.0682341852362,83.45139240149437,0.7812236969562356,96.76113360323886,17.736285588419076,12.530481053282838,96.76113360323886,117.17572973331359,25.641025641025642,25.483580746738642,25.393612235717498,25.236167341430498,IMG_00175.tif,14.82,left_ticks_800,13.707260095333424
1,2.0,22.316972188214148,22.321748311134808,23.787566840532513,23.792531519045305,25.250885498563395,25.255346051665114,1.7098916253608984,1.2237061151694064,-3.8141815231686547,1.170497313504507,9.0,11.923547386866119,12.481639650313635,12.623950543446483,13.533598427679209,88.6885273182366,88.6885273182366,82.1139208930446,9.0,-1.0,11.5,9.0,12.060326907115154,14.022565566001248,13.112917681768522,10.11584638005509,17.06167651285221,13.588761446453649,-6.945830132797118,10.810429393334802,97.12559464867871,94.98922178937318,127.06662866840514,0.4114432938291729,78.13765182186235,10.115846380391122,15.844005994562467,78.13765182186235,81.74464068531208,22.559604138551506,22.357174988753936,22.17723796671165,21.997300944669366,IMG_00176.tif,14.82,left_ticks_800,
1,2.0,22.321293229901958,22.32589816913402,23.788102953744946,23.7930260446939,25.251944868914194,25.256357008377403,1.702950555257216,1.2275082839861688,-3.821192372274378,1.1655722749001811,9.0,11.733587752351326,12.374158191248021,12.65723234889063,13.374679440868135,88.75796328948009,88.75796328948009,82.27656435847655,9.0,-1.0,11.5,9.0,11.924457336498449,13.849112624211102,13.13166553223357,9.93600675878348,17.074473962274006,13.505240360528742,-7.138467203490526,10.649853479132531,97.88842875353014,95.58273566268468,129.36590548782598,0.41196685206924033,79.08232118758434,9.93600675911988,15.760485420000254,79.08232118758434,82.18145979271043,22.559604138551506,22.357174988753936,22.17723796671165,21.997300944669366,IMG_00177.tif,14.82,left_ticks_800,
1,2.0,22.30930586489201,22.314252522274604,23.785160096410042,23.790149393116888,25.24876789350208,25.25324238666588,1.7077503556303089,1.231239508760971,-3.82155335472475,1.1734546270701633,9.0,11.817134909764661,12.415154794476988,12.713077096456203,13.424680122383364,88.2950427959538,88.2950427959538,82.03913090206845,9.0,-1.0,11.5,9.0,11.866795754557415,13.911811892489823,13.200208866562662,9.82316540833802,17.305696121624415,13.564430764981218,-7.482530713286395,10.571418479666658,97.63364268994809,95.12463230260344,130.77006040416913,0.4123958614574628,79.08232118758434,9.823165408674106,15.834868042829338,79.08232118758434,81.76329873330381,22.559604138551506,22.357174988753936,22.17723796671165,21.997300944669366,IMG_00178.tif,14.82,left_ticks_800,
1,2.0,22.320782940810346,22.325536410510985,23.794352380928576,23.79923049628647,25.25220922436993,25.25659753652397,1.7056785933816019,1.2253825326313779,-3.8142794009436485,1.1600844999917619,9.0,11.985977498095735,12.43873327210187,12.682290864153998,13.279877049302229,88.28670274485557,88.28670274485557,82.21258385270247,9.0,-1.0,11.5,9.0,11.822827847301028,13.77682780000498,13.179241614856778,9.675537688648362,17.460578602508672,13.568058145578517,-7.785040913860311,10.454041780034391,97.8737611330815,95.1476599375059,132.8128651960678,0.4130576001277553,80.02699055330635,9.675537688989351,15.817902499552646,80.02699055330635,81.89004755422565,22.559604138551506,22.357174988753936,22.199730094466936,21.997300944669366,IMG_00179.tif,14.82,left_ticks_800,
1,2.0,22.31751897610148,22.322028094736375,23.788786446693244,23.793579431747563,25.24745371444742,25.251858523506613,1.7115352834544268,1.218295145315812,-3.827345486289266,1.1500535630497113,9.0,11.84721728212591,12.46798412441159,12.768405207257246,13.244114401453885,89.24077662683199,88.72049752716492,82.52241464956444,9.0,-1.0,11.5,9.0,11.996952478027538,13.728336302477658,13.25262710828099,9.397531175267739,17.72163591220056,13.55958354373415,-8.324104736932822,10.22994164896102,98.3364459109642,95.1901637933028,136.68222994619492,0.4160128419428539,81.37651821862347,9.397531175606714,15.806974890771624,81.37651821862347,81.93157451236274,22.53711201079622,22.357174988753936,22.22222222222222,21.997300944669366,IMG_00180.tif,14.82,left_ticks_800,
1,2.0,26.985583864672574,27.012765227190215,28.46215770223567,28.484779732950717,29.94241533412429,29.960810259098817,1.7057036395135807,1.2423413923950188,-1.4929602058003404,2.2836299903502906,15.0,13.313374163850455,12.977940074273937,13.313374163850455,13.575537209421896,104.01883281435782,104.01883281435782,104.01883281435782,15.0,-1.0,11.5,15.0,14.208416189286822,14.208416189286822,13.581602669575886,14.600759290794125,11.99650509163558,13.298632191214853,2.604254199158545,14.34033387087827,117.79976613973972,117.42517381307336,107.15117597965572,0.689603372601403,92.71255060728745,14.600759290885833,15.196270341108825,92.71255060728745,103.04534896196598,27.125506072874494,26.968061178587494,26.810616284300494,26.51821862348178,IMG_00181.tif,14.82,left_ticks_800,17.3234299406802
1,2.0,26.981840798904315,27.00889550183881,28.459779250766683,28.482312194674623,29.94040617181622,29.958702754920523,1.7076912480969924,1.2421160049847213,-1.4980936119845019,2.279227165944642,15.0,13.18606334329806,12.98411486129591,13.18606334329806,13.839623306114873,103.56519151292758,103.56519151292758,103.56519151292758,15.0,-1.0,11.5,15.0,14.203849987612102,14.203849987612102,13.456590275183316,14.469690649652012,12.122345941221134,13.296018295436573,2.347344708430878,14.234956178808925,117.73525725591425,117.43112141901555,108.08537327622481,0.6901687469505116,92.57759784075573,14.469690649744395,15.192167256159408,92.57759784075573,103.05784914371837,27.125506072874494,26.968061178587494,26.810616284300494,26.51821862348178,IMG_00182.tif,14.82,left_ticks_800,16.975298930742014
1,2.0,26.985625063291483,27.012692816453065,28.45984231609278,28.482330858505943,29.940928919229435,29.95919204900596,1.701262837002867,1.2452363955500254,-1.4917693394432416,2.276979391386381,15.0,13.150002371857283,12.950643027179517,13.150002371857283,13.150002371857283,103.32779841903927,103.32779841903927,103.32779841903927,15.0,-1.0,11.5,15.0,13.924909111551074,13.924909111551074,13.411674764327927,14.66263738324394,11.870039075712194,13.266338229478066,2.7925983075317453,14.383377552490765,118.13996613447274,117.70568771143928,106.70866847264648,0.6874364339887041,91.76788124156545,14.662637383338215,15.163971447442712,91.76788124156545,103.25950438404476,27.14799820062978,26.968061178587494,26.810616284300494,26.51821862348178,IMG_00183.tif,14.82,left_ticks_800,17.54675989751479
1,2.0,26.979823617916292,27.00693276841453,28.453744715882575,28.47631570123858,29.93751080660664,29.955975516141184,1.7046352136984488,1.2444075340282028,-1.5270979574678143,2.281390771054106,16.0,13.168276677432004,12.920118977498745,13.193623384383017,13.142929970480992,103.48262608771739,103.47529596872485,103.47529596872485,16.0,-1.0,11.5,16.0,13.754282157413968,13.754282157413968,13.437065392322666,14.399177181995086,12.080911424595913,13.2400443032955,2.3182657573991734,14.16735060625517,118.21049534398001,117.91011564818791,108.59553807002763,0.6872348405281903,91.76788124156545,14.399177182082468,15.140227790628485,91.76788124156545,103.39559975974383,27.14799820062978,26.968061178587494,26.810616284300494,26.51821862348178,IMG_00184.tif,14.82,left_ticks_800,17.399756487252063
1,2.0,26.968691418283928,26.996166766064817,28.451033177684568,28.473716455889917,29.943058162699057,29.961536671684676,1.7144700494538936,1.250899856165963,-1.5558537394513496,2.2871639519025324,16.0,13.0321041542431,12.859668381146522,13.193215532625459,13.193215532625459,104.14577713768604,104.39676634230973,104.39676634230973,16.0,-1.0,11.5,16.0,13.573172222920334,13.573172222920334,13.485223707867249,14.398659302727184,11.960545231601422,13.179602267164302,2.438114071125762,14.154847895614608,118.73103848081877,118.39415941979722,108.55621310746749,0.6861746745804982,89.47368421052632,14.398659302816396,15.104127643191706,89.47368421052632,103.59577563230461,27.125506072874494,26.968061178587494,26.78812415654521,26.51821862348178,IMG_00185.tif,14.82,left_ticks_800,17.532956802293512
1,2.0,25.679234571632055,25.84676425902162,26.77355680300479,26.939023403510404,27.96832984680175,28.131040841740273,0.9767180434012971,1.3075585393173588,0.48213278752782646,6.3536666483614574,22.0,8.656738745911127,7.600128559116979,7.367913423639038,7.367913423639038,150.6197219454254,186.8810107974801,193.56868274606794,22.0,-1.0,6.5,22.0,10.676232994537884,12.510181249548168,6.928018667251592,15.542097558169003,2.937740670199887,9.239919114184445,12.604356887969116,14.28166186937209,196.08413678266282,160.70548351837567,96.30400402892475,0.5894771541679092,79.75708502024291,15.542097558271433,12.482312675726764,79.75708502024291,119.3879724356535,25.588837999479555,25.83530628575371,25.946573089960907,26.195238876872818,IMG_00186.tif,14.82,left_ticks_800,
1,2.0,25.646068944329578,25.812801398980138,26.84383046179673,27.01028560891584,28.092862955732432,28.257756818214244,0.9809691836553888,1.4639862355787134,0.7052872509035333,6.364216466493856,22.0,8.883369586758349,7.861361521503553,7.586325475150431,7.586325475150431,152.94739594473114,189.51008932481324,196.68513211315437,22.0,-1.0,7.5,22.0,9.604920435283532,12.473812643292092,6.785484885164351,15.525251503832754,2.7784661149213936,9.151858809377075,12.746785388911361,14.250572964941618,199.63984117799293,162.03722443016653,96.28635517684106,0.5918320173110115,79.48717948717949,15.525251503937072,12.45750872701861,79.48717948717949,119.47354883947868,25.57071723732661,25.79777661991075,25.91293802293723,26.162149696073282,IMG_00187.tif,14.82,left_ticks_800,
1,2.0,25.806090638867193,25.97432827399169,26.7047587122543,26.87023183229694,27.638470878371923,27.799992277439497,0.9868014162497525,0.8388625871980565,0.3745018007368993,6.361928403099045,21.0,8.47893622149789,7.5464215031913975,7.2413170153863575,7.2413170153863575,150.20806318508596,184.56299474341495,190.67858657532878,21.0,-1.0,6.5,21.0,10.771276801338104,12.851540080849645,7.101694851914431,15.82548409449197,3.311472527041212,9.56847831076659,12.514011567450757,14.574082937746894,186.51057729734006,155.987081443176,95.08020226010312,0.5837463534864629,79.89203778677462,15.82548409459155,12.71339742510781,79.89203778677462,117.81998035561168,25.745049620517193,25.96471519809532,26.04804493020102,26.32317126035613,IMG_00188.tif,14.82,left_ticks_800,
0,,,,,,,,,,,,,,,,,,,,,,,,,,,,,,,,,,,,,,,,,,,,,IMG_00189.tif,14.82,left_ticks_800,
0,,,,,,,,,,,,,,,,,,,,,,,,,,,,,,,,,,,,,,,,,,,,,IMG_00190.tif,14.82,left_ticks_800,
1,3.0,26.365212906276007,26.519753861262696,27.564040561052845,27.72064982351571,28.630921048721692,28.784962254580083,0.8725618112069652,1.392646582110412,5.8128711563174225,6.0932546031173,28.0,12.403037535060776,12.44764216639888,12.211320460809247,12.211320460809247,118.62440927170204,120.28695049239799,120.28695049239799,28.0,-1.0,12.5,28.0,16.268864523143606,16.268864523143606,12.554123753939962,19.141491041256053,10.123857026175997,14.632674033716025,9.017634015080056,18.239727639748047,107.83133238670135,104.3587303518052,80.39968198547842,0.8209723089131719,96.49122807017544,19.141491041255442,14.592955803929497,96.49122807017544,104.63657405060395,26.40345745107686,26.501757370552927,26.564696325294637,26.58569500674764,IMG_00191.tif,14.82,left_ticks_800,16.268864523143606
1,3.0,26.3706474108083,26.525606496912115,27.560097721537232,27.715303764659996,28.627544986839165,28.78230823800833,0.8740710886074444,1.382630652488773,5.840091246548341,6.0664552999667904,28.0,12.4224825369201,12.467536429285735,12.23231208152123,12.23231208152123,118.67772800122277,120.33116185408969,120.33116185408969,28.0,-1.0,12.5,28.0,16.316067799958205,16.316067799958205,12.551183373456524,18.99247877630571,10.155559338211498,14.574019057258605,8.836919438094213,18.10878683249629,108.16080793927541,104.79154801876973,81.02392178229948,0.8243984852268604,96.76113360323886,18.992478776305173,14.536200084737548,96.76113360323886,105.05828757926365,26.383028615604736,26.503910337585005,26.56695906658831,26.58569500674764,IMG_00192.tif,14.82,left_ticks_800,16.316067799958205
1,3.0,26.371694816613523,26.526843421942086,27.558499918314553,27.713264877624127,28.6045784650564,28.758567921464422,0.8711976748716763,1.3605268246506603,5.840872339111176,6.058043956114855,29.0,12.58727587030009,12.46926207431872,12.222407899668724,12.222407899668724,117.13148311900662,120.26863030038257,120.26863030038257,29.0,-1.0,12.5,29.0,16.31073410393796,16.31073410393796,12.511682596792866,18.9277256216795,10.166188307216188,14.546956964447844,8.761537314463311,18.05157189023317,108.3128766373278,104.98491398088241,81.2929440723826,0.8233393652493741,97.30094466936572,18.927725621678796,14.5015171770331,97.30094466936572,105.30679137388361,26.38086553147022,26.50218252902627,26.56576409537234,26.58569500674764,IMG_00193.tif,14.82,left_ticks_800,16.31073410393796
1,3.0,26.364259861641287,26.519177546512363,27.550297241357004,27.705080064038597,28.58832621573536,28.74047561761997,0.8692334377323689,1.3520646333752446,5.839867130218903,6.0592895633675745,30.0,12.60552207690074,12.500436750524532,12.211223596481688,12.211223596481688,116.9527881632265,120.40041644821616,120.40041644821616,30.0,-1.0,12.5,30.0,16.28074379118607,16.28074379118607,12.486766152825453,19.049786142764546,10.09054403754268,14.570165090153614,8.959242105221868,18.15386193224236,108.26312784614309,104.79216219263834,80.76875782317033,0.8252637831950462,97.0310391363023,19.049786142763928,14.526769068652126,97.0310391363023,105.09844246457449,26.380005771046083,26.50114275574865,26.564503961532683,26.58569500674764,IMG_00194.tif,14.82,left_ticks_800,16.28074379118607
1,3.0,26.350107462587346,26.504856659564627,27.542444276613548,27.69849350985368,28.590609747084184,28.74444296892315,0.8735793436556446,1.3660069657028786,5.824270556571864,6.084774417867017,29.0,12.518642805358809,12.510311802183999,12.194120302570639,12.194120302570639,117.71161392553141,120.55690682259764,120.55690682259764,29.0,-1.0,12.5,29.0,16.271172904720174,16.271172904720174,12.472491179829717,19.051716229523116,10.12624416454902,14.588980197036067,8.925472064974095,18.159169023025704,108.03357152301339,104.60593470910464,80.71920457583788,0.8269000778028402,96.62618083670715,19.051716229522626,14.556479759577396,96.62618083670715,104.83442611985502,26.37844217052179,26.499037853435887,26.561736431168534,26.58569500674764,IMG_00195.tif,14.82,left_ticks_800,16.271172904720174
1,2.0,18.838163809368233,18.843411013950725,20.20567331535028,20.212205692900735,21.56952621272001,21.577233339272443,1.8333743839490322,0.9004479413726872,0.2915643878314996,-1.4567268051895053,20.0,14.929444383048377,15.373505192521352,15.069777903778089,15.083971167607501,66.43956398863821,67.27304638777812,65.09803282282118,20.0,1.0,13.5,20.0,15.341493559467267,15.856778648883846,14.744821022420211,16.280606650672606,14.90063674755168,15.590621699112143,1.379969903120926,16.142609660360513,70.1525392598593,70.10720586100697,67.21139351953218,0.7749174228680495,69.75369458128078,16.280606650683808,16.28372870979556,69.75369458128078,67.1988558989239,18.91625615763547,18.78489326765189,18.87246852764094,19.047619047619047,IMG_00196.tif,15.225,juniper_right_8,18.119081344741943
1,2.0,21.96588755199372,21.966093759059728,23.91998183125062,23.920212967658205,26.110111163574746,26.112814843206873,1.1201670794027865,3.0265540047443587,-6.159528451506612,0.2518776533394664,18.0,16.120318147647694,16.470784027480647,16.120928757536973,16.120928757536973,106.42840262703025,109.10558203543872,111.54714204966817,18.0,1.0,16.5,18.0,14.016763944108845,14.016763944108845,15.869176299335237,14.319451942110259,16.461850723371363,15.390651332740811,-2.142398781261103,14.53369182023637,82.81417618370911,82.68167334305924,88.72274586020878,0.7754823013434118,120.19704433497537,14.319451942060173,13.046763750704647,120.19704433497537,97.20479636557569,21.94854953475643,21.94854953475643,22.00328407224959,21.921182266009854,IMG_00197.tif,12.18,juniper_right_10,14.016763944108845
1,2.0,18.16368289385789,18.16519526540073,19.16639529601363,19.16643638502022,20.073852762999962,20.07472936419854,0.9482828159796862,0.9612512828181242,0.9541898047361979,0.11863964611117044,24.0,12.454495542640231,12.830205803220437,12.46969808042391,12.439293004856552,83.09460987399257,82.9589212302102,83.28731579911522,24.0,-1.0,11.5,24.0,13.693929028059415,15.41564958155709,12.848533404553677,14.3957594518349,12.504497892925905,13.450128672380401,1.8912615589089952,14.206633295944,78.21075706937746,78.08271784602614,73.05158981923,0.737569092409329,80.54279749478081,14.395759451829946,13.107224581922306,80.54279749478081,80.08830560340446,18.204592901878918,18.121085594989566,17.95407098121086,17.787056367432154,IMG_00198.tif,15.966666666666663,juniper_right_15,15.41564958155709
1,2.0,16.57134889662481,16.57137977095923,17.390295459304742,17.390304777168637,18.260983878547435,18.260997927157906,0.8769265352482469,0.8126916209504291,0.7062485474252779,0.05931195431889488,12.0,12.70389773766476,10.740352422667424,12.769614683085422,12.769614683085422,77.51565718425293,77.51565718425293,73.8891673456323,12.0,-1.0,13.5,12.0,15.3786273266779,14.447567082388872,7.868249437354962,18.32253256150522,5.696845495162858,12.009689028334039,12.625687066342362,17.059963854870986,88.4506789705985,79.63949237860837,52.712966679663346,0.7323721850082016,70.39665970772444,18.32253256149199,11.600306131017462,70.39665970772444,82.40946117102303,16.43006263048017,16.43006263048017,16.57620041753654,16.722338204592905,IMG_00199.tif,15.966666666666663,juniper_right_15,16.027070148286043
1,2.0,18.52309232954181,18.523566777820015,19.38674598610657,19.387116665762406,20.263762174847198,20.264070908015917,0.7339799421208042,1.0065241880751015,0.7212387079298017,0.3543081039517322,19.0,16.15445275758543,16.567694861157744,16.205820289488884,16.769716304943813,66.91824514003771,66.42911307097148,64.55272288483462,19.0,-1.0,15.5,19.0,18.190666635718372,18.27666331731521,16.263261698540276,19.5493364541469,14.993974221117117,17.27165533763201,4.555362233029782,19.09380023084392,62.746629873728764,62.38603385344814,55.354303518419236,0.7831066624942798,62.12943632567851,19.54933645414107,17.087356269732197,62.12943632567851,63.03851872458456,18.559498956158667,18.559498956158667,18.53862212943633,18.726513569937374,IMG_00200.tif,15.966666666666663,juniper_right_15,18.168898608790755
1,2.0,18.918240442196176,18.91824082615768,19.77349699877611,19.773682706743347,20.67523397583197,20.676364439635424,0.9923966702069359,0.7657269432708059,0.020377543848148258,-0.24831871814954434,33.0,11.521382101374257,11.894998254227497,11.806319812022565,12.208477824787991,92.4706918559592,90.93051597373199,88.37494793871117,33.0,1.0,11.5,33.0,12.284145745678586,13.54258764184587,11.807346506081046,12.635629730487699,11.493054635181144,12.064342182834421,1.1425750953065548,12.521372220957044,90.58068220746576,90.51334435999863,86.48314288320373,0.8768246661740313,92.87356321839081,12.635629730486205,11.925776954662958,92.87356321839081,91.54951878886365,18.87246852764094,18.960043787629996,19.00383141762452,18.65353037766831,IMG_00201.tif,15.225,juniper_right_8,13.54258764184587
1,2.0,21.635111432374835,21.6565952756888,22.77208215111043,22.78099367563249,24.025050233741645,24.03075135832996,1.522906901546135,0.8512491810950226,-4.33966025680792,-1.6026602302844495,31.0,14.097345833422025,13.772831271912619,13.995390867193237,15.08206002428642,93.65372618228393,92.81810157790325,90.02732712845616,31.0,1.0,12.5,31.0,14.63863510752472,16.080790178356096,13.319974021667917,18.163020855440074,9.639566535827488,13.901293695633779,8.523454319612584,17.310675423478813,92.91644016805411,89.95234799746382,69.32801176696962,0.8856231785627149,91.16584564860428,18.16302085543047,12.736976913287862,91.16584564860428,98.0200734549859,21.78434592227696,21.652983032293378,21.60919540229885,21.47783251231527,IMG_00202.tif,15.225,juniper_right_8,17.93310594513673
1,2.0,19.66115049661823,19.661197610568117,20.684402637521032,20.68442216755912,21.703102040588096,21.703112143826143,1.249390652084595,0.7925238811734316,-2.696450514208668,-0.07873494219505987,33.0,14.461879941715296,14.471903842794546,14.47983451905452,14.751577330969752,87.17778302516429,86.20409408217552,87.1671815561221,33.0,1.0,13.5,33.0,14.029435737686129,14.682211784830542,14.843381328878536,13.010392111820636,15.92948110630735,14.469936609063993,-2.9190889944867138,13.302301011269307,78.92364062443521,78.65768303983994,87.30309044157383,0.7685877587779897,103.51395730706076,13.010392111777449,13.08323859539066,103.51395730706076,86.82540115750506,19.616858237547895,19.638752052545158,19.72632731253421,19.770114942528735,IMG_00203.tif,15.225,juniper_right_8,17.64099006408327
1,2.0,20.76441822421677,20.764793962462925,21.917258124042682,21.91749207426822,23.079194184017016,23.079372482022677,0.7790199793668684,1.535558540192884,-7.367545350908775,-0.26473070826430817,23.0,14.93379303597456,16.388235030353453,16.60228251405354,19.878396616375284,102.49227423328206,102.49227423328206,86.98981635894438,23.0,1.0,13.5,23.0,19.694701035739456,22.127476774428033,14.617879046689637,23.26143844967796,9.85445890477624,16.5579486772271,13.406979544901718,21.920740495187786,77.07417756302897,72.7110525810446,52.46929408283065,0.7752756334832811,93.92446633825945,23.147508408055316,13.147508408055316,94.31855500821018,91.1002461777689,20.623973727422005,20.733442802408323,20.8648056923919,20.886699507389164,IMG_00204.tif,15.225,juniper_right_8,22.127476774428033
1,2.0,21.564249349175395,21.582374531544303,22.613517923593687,22.64251029866595,23.712314766125704,23.75687397902436,1.2432256224542448,0.9312738250258099,0.7557741299625111,-2.89977026416449,25.0,12.035276945817117,12.013136669742288,12.180915701376108,12.989544603069305,90.17233344408899,86.02222853713842,85.40641568034573,25.0,1.0,10.5,25.0,12.672722242641782,12.672722242641782,12.985173065423737,14.154981634264855,10.59941182811427,12.377196731189564,3.555569806150585,13.799424653649798,101.36903815202326,100.67248112405278,88.240411489066,0.7981682309642366,84.679802955665,14.154981634280373,13.683346830331416,84.679802955665,91.22079688750681,21.60098522167487,21.57635467980295,21.60098522167487,21.724137931034477,IMG_00205.tif,13.533333333333337,juniper_right_9,12.666402914634972
1,2.0,19.4775888652212,19.47802656809001,20.57602335996815,20.576039868408678,21.683353472338773,21.685011804355618,1.0873060174814004,1.119679218784209,-4.4511753029581325,-0.07257880071385737,19.0,14.447664704852485,14.37473574641126,14.416992047347605,14.416992047347605,107.21817665938508,107.21817665938508,109.97534809588795,19.0,1.0,14.5,19.0,14.36364673894198,14.71860137431986,11.473754791928513,16.122225959322,11.405437388865932,13.763831674093968,4.716788570456069,15.650547102276395,82.62691363037983,81.81838735507625,70.10136594699986,0.6701172017887134,109.50738916256155,16.122225959256554,11.388197983789542,109.50738916256155,98.5856039342321,19.507389162561573,19.556650246305416,19.53201970443349,19.581280788177335,IMG_00206.tif,13.533333333333337,juniper_right_9,15.413235797790065
1,2.0,15.154316513803673,15.164599697671665,16.47082235639192,16.478382467864485,17.752236669472108,17.757536755704706,1.3207407910159583,1.272196267017085,-5.907939410618909,-1.7356455773147381,21.0,16.498908510709526,16.116154708996294,16.498908510709526,15.835583051221647,64.1812191947105,63.55894154943466,63.55894154943466,21.0,1.0,15.5,21.0,15.915283930568563,15.915283930568563,16.681116333955032,14.82170944298339,18.464512298679804,16.6431108708316,-3.642802855696413,15.185989728553032,53.024906759358686,52.81514439943836,59.13228164881576,0.7750437965277779,69.75369458128078,14.82170944294352,14.704358855043342,69.75369458128078,59.593665843317616,15.150519978106185,15.194307608100713,15.172413793103448,15.172413793103448,IMG_00207.tif,15.225,juniper_right_8,15.270525009279424
1,2.0,20.336673039617,20.34046430767805,21.79005664630907,21.794429647624337,22.959268137011385,22.965264094294884,0.7210254723166919,1.9037743143001442,-2.7542151445647494,-1.1477886928424224,32.0,13.021951108718852,13.577424078808217,14.134654875651734,15.075108907226223,89.62146205758054,85.96165217606602,87.2912533671804,32.0,1.0,14.5,32.0,17.311803881258356,17.311803881258356,15.762327722285761,17.308184145227287,15.073327709962022,16.190755927594655,2.2348564352652645,17.08469850170076,72.95913080508785,72.84448965103255,68.27196779799753,0.8571343908372553,97.33990147783251,17.3081841452026,14.248429571293713,97.33990147783251,82.52528553409547,20.120415982484946,20.251778872468527,20.40503557744937,20.558292282430212,IMG_00208.tif,15.225,juniper_right_8,14.454455750142728
1,2.0,17.931271174565122,17.968673249130617,18.670467457279504,18.701011235860808,19.46578785233738,19.487605462072178,0.9084139700541566,0.6105182428874034,-1.948181551096772,-3.275107757630474,14.0,18.11288090218858,17.74043132607858,17.85539057799707,17.248891053821353,53.69452687938918,53.75616218152842,57.93682183610666,14.0,1.0,16.5,14.0,17.258567414365103,16.98600080536889,19.72645978674035,16.63213856639603,19.67294134763083,18.152539957013428,-3.0408027812347997,16.93621884451951,57.73852041340567,57.60524896696649,62.70151416606623,0.5089076772103853,53.858784893267654,16.632138566551355,19.02233822294802,53.858784893267654,55.0622001196152,18.01165971159168,17.90914066776136,17.90914066776136,18.0623973727422,IMG_00209.tif,15.225,juniper_right_8,16.98600080536889
1,2.0,16.387020133540457,16.387091511438598,17.465652760911986,17.465744424412623,18.567064805788046,18.567185635926986,1.1249530062272137,1.0551411182611705,-1.3522232702710546,-0.1856275741706339,23.0,11.380562208589964,11.473358889355618,11.446208216863283,12.206000122722116,89.56961796667188,89.22418428810427,83.97186024607353,23.0,1.0,9.5,23.0,11.706991548491004,11.706991548491004,9.861189436247884,11.911357502223598,10.137426852644808,11.024392177434203,1.7739306495787903,11.733964437265719,85.87064611159724,85.68593927552793,79.3876062891893,0.7834368273320604,84.20361247947454,11.911357502211798,10.383714261373079,84.20361247947454,90.9093105093557,16.354679802955665,16.37657361795293,16.420361247947454,16.551724137931036,IMG_00210.tif,15.225,juniper_right_8,11.706991548491004
1,2.0,27.323428514525393,27.36755749360011,28.401145390422077,28.450923155667837,29.47945071747203,29.535419006675895,1.119482643824087,1.0483788692516995,-2.743999819764401,-3.3897719921147607,25.0,15.72699333781273,15.66707833071381,15.72699333781273,17.763860139575115,96.89500099298819,96.89500099298819,87.15802149059922,25.0,1.0,14.5,25.0,18.523980324141064,18.523980324141064,14.426699432449595,19.846857931919168,13.546822316459151,16.69684012418916,6.3000356154600174,19.216854370373166,96.23192587183213,95.09327421937525,80.47258727638642,0.8316218592937573,92.9392446633826,19.846857931918056,16.609530254259006,92.9392446633826,95.5789506197001,27.640941434044883,27.36726874657909,27.312534209085936,27.339901477832512,IMG_00211.tif,12.18,juniper_right_10,18.523980324141064
1,2.0,21.085637469636595,21.087468586830873,22.031620544120027,22.03303117321488,23.000814510213875,23.00248014443723,0.9682716918094719,0.9467398657968815,-2.7606248154418727,-0.6483495913617169,15.0,23.08163378788589,22.724129126722584,22.872309559585744,22.872309559585744,55.89322095168177,56.38018233724685,56.38018233724685,15.0,1.0,21.5,15.0,23.482307183878874,23.482307183878874,22.889869374701647,24.631934181287104,21.822322684637047,23.227128432962076,2.8096114966500574,24.3509730316221,53.5086294543877,53.44490761370048,50.57120383493488,0.7498598124842102,57.96387520525452,24.63193418117837,22.21557059912154,57.96387520525452,55.74681274727555,21.291735084838532,21.127531472359056,21.01806239737274,20.85385878489327,IMG_00212.tif,12.18,juniper_right_10,19.609882574404367
1,2.0,25.036341719906666,25.03705750650919,26.50528770874099,26.512272538831965,28.02025579871129,28.040548677861544,1.3722504919747731,1.631240679377577,-5.766789001766414,-1.3152297104833846,18.0,17.633524718398505,16.78043230045123,17.58866788468623,18.643355125566615,108.57043027000131,108.63703399339754,104.77236828150488,18.0,1.0,17.5,18.0,18.04777836000673,16.993091119126348,12.894947782590918,20.311342926834108,10.41360715953035,15.36247504318223,9.897735767303757,19.321569350103733,97.84264628476559,94.39332971439204,72.04143799771397,0.7601636019057854,114.77832512315271,20.311342926780707,12.993494041208692,114.77832512315271,111.2216382344222,25.259989053092504,25.177887246852766,25.177887246852766,24.958949096880133,IMG_00213.tif,12.18,juniper_right_10,16.993091119126348
1,2.0,18.59030393042345,18.597252753012977,19.718498481407224,19.74442441565696,20.790747434310894,20.832771248784972,1.514246299469024,0.721272196302971,-0.25419937773152074,-2.9365008590958794,27.0,12.611275866407198,12.92362676110324,12.938088906038416,13.801940881835208,78.77498095511739,76.5008884001825,74.34409075546046,27.0,1.0,12.5,27.0,14.195895427803862,13.575717024192613,11.868213212009636,14.84894740202748,11.211326736565812,13.030137069296647,3.6376206654616685,14.485185335481315,83.0101799574346,82.47208744247489,72.5575799509344,0.8225979929361866,77.76683087027915,14.848947402035579,13.60140500534726,77.76683087027915,79.06947594229429,18.56595511767926,18.56595511767926,18.631636562671048,18.65353037766831,IMG_00214.tif,15.225,juniper_right_8,13.107680421086059
1,2.0,23.241924920461397,23.25290172620777,24.726337643444484,24.7365463075037,26.182824024871316,26.191899704057313,1.987280347661851,0.9517176301876905,-6.633410414139151,-1.646142742849589,22.0,18.859418171154132,18.492715552188503,18.870662934058117,19.728792534119037,89.35148852789072,87.29920292330068,86.57519790402584,22.0,1.0,17.5,22.0,19.50654947938864,20.62399670374097,17.411713169445363,22.021138984288882,14.83225350173799,18.42669624301344,7.188885482550894,21.302250436033795,74.3149784580241,73.3769484960993,61.85860900221345,0.7637606943801175,91.03448275862067,22.0211389841662,16.10139924615755,91.03448275862067,83.6300543707061,23.25123152709359,23.325123152709356,23.374384236453196,23.4975369458128,IMG_00215.tif,13.533333333333337,juniper_right_9,20.62399670374097
1,2.0,20.318862087450785,20.3227380348899,21.970951332834634,21.97856074265303,23.684485655672848,23.696590183545727,1.2143580504887364,2.1594940981670936,0.8116438554897861,1.5077384965306893,16.0,16.88341750697353,16.96748453941351,17.073051188685668,17.592332365414165,71.11577605515646,70.30791599719623,68.2982092186316,16.0,1.0,15.5,16.0,16.55270699263133,17.514054393792406,16.812253409783295,17.064134772581166,16.599780089405638,16.831957430993402,0.46435468317552714,17.017699304263612,70.17507151722434,70.17067684303589,69.24374702305656,0.7288848014587758,73.743842364532,17.064134772579987,16.808662432403292,73.743842364532,70.26511403684769,20.394088669950733,20.418719211822655,20.34482758620689,20.394088669950733,IMG_00216.tif,13.533333333333337,juniper_right_9,11.82947185939048
1,3.0,20.545424677381387,20.569726073121537,21.461399174818755,21.485388443424572,22.344338974137955,22.367352754224004,1.1114746620054194,0.6861520190970456,-0.8055405325291766,-2.707789788240486,26.0,12.754006129370893,12.998522824752184,12.63672381868875,14.36851474604407,84.54533461719177,84.65592854759792,77.98327391862404,26.0,1.0,12.5,26.0,16.356794250662205,16.356794250662205,12.374190583103001,18.449571899639594,10.533394001673198,14.491482950656396,7.916177897966396,17.657954109842954,84.27668882749862,82.15637754756905,64.96191789314274,0.7849711461337185,72.9064039408867,18.44957189965269,15.383001882649163,72.9064039408867,77.50022153701387,20.560449677988014,20.603914420910105,20.57595202002928,20.492610837438423,IMG_00217.tif,15.225,juniper_right_8,17.5629710654444
1,2.0,19.030009298400763,19.030850628704187,20.04614072081021,20.05025610179932,21.038695678911118,21.049727003644943,1.107243197311789,0.91163317762897,-2.9536843097174867,1.1608874609352553,24.0,12.876034703120965,12.120036683020041,13.07845063725901,11.461262004927676,110.94462016864902,110.48620930043286,110.48620930043286,24.0,1.0,12.5,24.0,14.14668204867445,14.391039783211085,7.1626902836007105,15.91300356570602,6.4824731619230525,11.197738363814537,9.430530403782969,14.969950525327725,104.4379864905852,97.97080310448426,69.39118982001207,0.8399648395520679,105.74712643678161,15.913003565688106,9.300518780634883,105.74712643678161,117.72277278183863,19.113300492610836,19.025725232621784,19.244663382594418,19.507389162561577,IMG_00218.tif,15.225,juniper_right_8,14.397675677257098
1,2.0,20.77055369408124,20.776343770200597,21.957281092672666,21.96235061273416,23.174671243462274,23.178920505861463,1.1260820419896682,1.2764946936711934,-2.3695580057543775,-1.231090549106872,16.0,21.649226014494076,21.708963662131005,21.566520788455932,21.2424647411394,58.075028853069966,58.42308694954178,58.448595634082416,16.0,1.0,20.5,16.0,23.120297435873425,23.272076672506984,21.060033029610395,25.697637194233693,19.22315163344331,22.4603944138385,6.474485560790379,25.05018863815465,54.728505521872634,54.35602443817312,47.89064036028332,0.7797454687043858,55.30377668308703,25.697637194219716,22.04318718783415,55.30377668308703,55.332094572049726,20.952380952380953,20.799124247400112,20.689655172413794,20.558292282430212,IMG_00219.tif,15.225,juniper_right_8,18.662478502385966
1,2.0,21.44404425450743,21.4513057121214,22.28668076337999,22.30388866115399,23.173571035214984,23.209300969015406,1.0487953558747014,0.7091999010193075,-3.9894072951366177,-2.250811735732028,41.0,16.3365852728013,16.108494304910955,16.457769547610013,16.457769547610013,85.60922897753942,85.56265749317718,85.56265749317718,41.0,1.0,14.5,41.0,16.034943381343027,16.335004506787357,16.244771790402496,15.227506223991243,16.68673184680418,15.95711903539771,-1.4592256228129359,15.373428786272537,77.99941253893665,77.94563964880567,81.58557064364457,0.8914998313843714,93.66174055829228,15.227506223983195,14.81434093066732,93.66174055829228,83.80788226436732,21.2807881773399,21.45593869731801,21.499726327312533,21.67487684729064,IMG_00220.tif,15.225,juniper_right_8,16.335004506787357
1,2.0,19.334006221940257,19.374341220253687,20.49671278819139,20.53761967647757,21.659633657377547,21.701381874796915,0.6691671201202941,1.657873534422937,-1.9701388995041513,-3.616870098139943,35.0,10.847691994174255,11.182889545437588,11.10352688357483,10.847691994174255,89.40168598081445,89.32119648567527,89.32119648567527,35.0,1.0,10.5,35.0,11.926720648361396,11.891235804891664,13.989081589469407,11.200331163868464,14.426754313225267,12.813542738546866,-3.2264231493568025,11.522973478804145,87.6609458787472,87.19900686945397,99.56190776929081,0.8342560948478656,87.22495894909689,11.200331163870535,13.045534733095772,87.22495894909689,85.67450425694955,19.397920087575258,19.288451012588947,19.441707717569788,19.441707717569788,IMG_00221.tif,15.225,juniper_right_8,11.500659389846106
1,2.0,19.001352339560096,19.008331737491254,19.95617139554388,19.96526974164272,20.915147240857177,20.925465988832435,0.8570296717946746,1.0601045795465063,-1.9235939770644408,-1.7298074365491054,28.0,17.31036384608828,17.428504797373126,17.418215995327955,17.418215995327955,65.1441070937507,64.75323230775909,64.75323230775909,28.0,1.0,16.5,28.0,16.924985176625057,17.540167469443162,17.080411546974773,18.700492868999365,15.48705240304609,17.093772636022727,3.2134404659532763,18.379148822404037,64.83280961809058,64.64391692211287,59.263724482798374,0.7491775476891859,65.41871921182266,18.70049286899902,17.077228489233626,65.41871921182266,64.70467466283907,19.00383141762452,19.06951286261631,19.025725232621784,19.047619047619047,IMG_00222.tif,15.225,juniper_right_8,15.956605885250184
1,2.0,17.17706304194991,17.189097822465737,18.21032286143878,18.220659003034303,19.223244430485728,19.231644626402066,1.088608666744992,0.9539381371913386,-4.306553063348734,-1.9299912836249296,19.0,14.40925694979751,14.017241788514252,14.763360514206624,16.711249473376,77.7868664166716,73.7041586330279,64.34466513773515,19.0,1.0,15.5,19.0,15.080653288426788,15.080653288426788,14.726549724017673,19.097627534264788,11.338282615379669,15.217955074822228,7.759344918885121,18.32169304237628,66.82951061147145,65.37019668954656,52.4457196147829,0.8417624053822966,69.75369458128078,19.09762753424229,13.97810802891295,69.75369458128078,71.03723890309692,17.164750957854405,17.186644772851672,17.274220032840724,17.339901477832512,IMG_00223.tif,15.225,juniper_right_8,15.080653288426788
1,2.0,16.31447984748937,16.319754861917612,16.89863677300524,16.902915856020936,17.493526620574794,17.496817576703926,0.6558991863735257,0.5211635284127872,-2.3437275687824073,-1.2892624500474636,17.0,16.87075368413636,16.719463980569206,16.87075368413636,15.683487240795074,57.7630451335822,57.7630451335822,62.32835546181589,17.0,1.0,15.5,17.0,17.122384506210295,17.021698046414485,15.34512893063075,18.140778352282126,14.486048018027288,16.313413185154708,3.6547303342548387,17.775305318856642,58.30714916826658,58.06533492773072,52.384466828074785,0.7007769181065477,62.66009852216749,18.140778352263794,15.79448461048979,62.66009852216749,59.92209678347107,16.354679802955665,16.44225506294472,16.39846743295019,16.748768472906406,IMG_00224.tif,15.225,juniper_right_8,16.97829430293237
1,2.0,21.075247744836922,21.077984037846377,21.85682328773356,21.858263726219604,22.596557442118606,22.597403454632786,0.831057528405977,0.688361888380435,2.8495598970861042,-0.6577783009297897,22.0,9.56449942159989,10.240861523744199,10.357759580900165,10.357759580900165,109.42976409815296,92.17487690108322,88.78030310065265,22.0,1.0,8.5,22.0,12.232875523587694,12.105332642630373,8.917275723070617,15.059075833646634,6.130106405467731,10.594591119557183,8.928969428178904,14.166178890828746,122.2194983871698,114.63510512582539,81.12179015181553,0.7407168494507915,86.17405582922825,15.059075833665979,12.163625498732427,86.17405582922825,100.02952692632046,21.434044882320745,21.12753147235906,20.974274767378216,20.952380952380953,IMG_00225.tif,15.225,juniper_right_8,13.09033527696181
1,2.0,23.223466007687406,23.265636085968534,24.26074976881142,24.29404604583627,25.28522347787659,25.306968930613394,1.0734027258747678,0.9679301187700907,-7.999284420114038,-3.000096039460844,23.0,16.8785876204779,17.106421184486244,17.540715913921247,18.26950404798282,95.79865442211722,93.06257185267873,92.68628545685196,23.0,1.0,15.5,23.0,17.99972876102487,17.99972876102487,15.961419729850718,19.25130938539774,15.09062749809567,17.170968441746705,4.160681887302072,18.835241196667535,78.7839180995504,78.40199491762804,70.20106393989968,0.764802373754491,100.36124794745484,19.25130938535839,14.811851402861027,100.36124794745484,90.5399363785728,23.295019157088124,23.316912972085387,23.33880678708265,23.448275862068964,IMG_00226.tif,15.225,juniper_right_8,18.725005756986775
1,2.0,23.250949166649114,23.2582871917542,24.247823411096356,24.25316285101958,25.294569592551643,25.295938061163067,1.1128145646335226,0.9248363047753393,-2.967382012931134,-1.2022900666355252,18.0,21.434334717484518,21.46532123902567,21.535163298039805,21.33350613692923,66.20347743882162,65.13735287620237,65.13735287620237,18.0,1.0,20.5,18.0,22.230436686080992,21.782129104304204,21.32216303812723,23.493197304915586,19.5403116115589,21.51675445823724,3.9528856933566865,23.097908735579917,63.539832276860544,63.364458339545266,58.299166548842216,0.7660719839041068,67.25779967159278,23.493197304893595,20.708220859984845,67.25779967159278,65.72340248915226,23.360700602079913,23.295019157088124,23.185550082101805,22.922824302134647,IMG_00227.tif,15.225,juniper_right_8,21.782129104304204
1,2.0,18.452030466978414,18.455223528566798,20.149830965756742,20.15272639365042,21.751135307005455,21.755004717850014,2.296593060327624,1.0031881289555928,-1.8323405382395823,0.9712528423412742,32.0,10.23460271496998,10.294516958057706,10.642259934300284,10.718795933544811,90.15570934606609,83.11168226403635,83.11168226403635,32.0,-1.0,8.5,32.0,11.163751674240984,11.354978714608194,9.859371993368029,12.005763771181833,8.609179899489689,10.307471835335761,3.3965838716921435,11.666105384012617,104.08565576776203,103.1406620877303,88.72171765730823,0.8352246912746557,79.60591133004927,12.005763771194673,11.647416730069343,79.60591133004927,91.41189238927174,18.4783798576902,18.4783798576902,18.58784893267652,18.850574712643677,IMG_00228.tif,15.225,juniper_right_8,11.521637072774524
1,2.0,22.276055533055057,22.28498882375517,23.637525841086568,23.655490606337835,24.99802433673863,25.033240642636333,1.3509380061892795,1.3973138126918814,-1.141016621012572,2.233108951074314,21.0,9.013091150346483,10.116736645733402,9.997926691943348,12.756543609233177,120.64838925788202,106.61669458831634,87.2093198262075,20.0,-1.0,11.5,21.0,13.334438939943254,14.717591031327402,6.246308046770764,15.9954772940954,4.301295778057035,10.148386536076217,11.694181516038364,14.826059142491564,144.09710260167103,126.47150668025388,80.8677504796435,0.7977278737493876,83.0541871921182,15.99547729411276,11.241135459587058,83.0541871921182,114.31311889922061,22.207171554263258,22.243447808074617,22.339901477832505,22.315270935960587,IMG_00229.tif,13.533333333333337,juniper_right_9,11.788412651031763
1,2.0,19.583624047486346,19.586799088327613,21.050997326495835,21.054946931350308,22.413383672426555,22.415283685948737,1.87487263816989,0.9536119594512344,2.144183752113276,1.109798587845059,23.0,17.754393140303335,17.984386967854004,17.767883684967614,19.322270043357122,66.96903417154728,66.32587981296284,59.82488804699254,23.0,-1.0,17.5,23.0,17.99058546555267,17.72998610923628,19.74849824686558,16.430106681513053,21.111245079659817,18.770675880586435,-4.681138398146764,16.89822052132773,61.15311450403391,60.839868079414124,69.21490030487719,0.8112130942974558,76.25615763546796,16.430106681491864,18.00129969920733,76.25615763546796,63.348478415108744,19.876847290640388,19.605911330049256,19.507389162561573,19.581280788177335,IMG_00230.tif,13.533333333333337,juniper_right_9,18.180621343811794
1,2.0,21.412992988274404,21.41972769717347,22.335241228478328,22.34443757730537,23.231386086866213,23.250255127944264,1.0532308659545067,0.7772965648162866,0.2639978308450149,1.6439005126319943,31.0,13.29204221061238,13.674974465091669,13.53151111678821,13.74307278548207,88.04905163006843,85.6010380579286,85.6010380579286,31.0,-1.0,12.5,31.0,13.384366180156803,13.70807713283125,14.045628604235702,13.846027822484777,13.12821334797786,13.487120585231319,0.7178144745069154,13.774246375034084,91.85258558584486,91.83106851905588,89.49541881740768,0.6627073181261887,91.29720853858785,13.846027822495138,14.091027985755325,91.29720853858785,87.97005116682423,21.21510673234811,21.32457580733443,21.346469622331693,21.21510673234811,IMG_00231.tif,15.225,juniper_right_8,13.70807713283125
1,2.0,16.68595374067893,16.701212630894638,17.759221150909596,17.77413745379392,18.81503175414958,18.830113240884845,0.9556950564132571,1.1732055535769534,-1.1778477137293277,2.347493165698155,23.0,13.139876494472674,12.52765045704424,13.269394800948817,14.300587631013087,64.83361641860863,64.32805426396183,60.77527357313241,23.0,-1.0,11.5,23.0,15.226992256763737,15.226992256763737,12.289486497831547,16.35758892778814,11.42496265610018,13.89127579194416,4.932626271687961,15.864326300619345,70.29111865245466,69.55233410578958,59.2907874381659,0.8353139061786707,57.142857142857146,16.35758892780683,15.241692991920642,57.142857142857146,63.51727304476646,16.59551176792556,16.72687465790914,16.70498084291188,16.288998357963877,IMG_00232.tif,15.225,juniper_right_8,13.076751453214229
1,2.0,17.841000214521845,17.894466782288845,18.800956295710513,18.863089966820652,19.79768525360775,19.86817224499186,0.9966688768237628,0.9770365858792546,4.0644057248838275,4.651724682604532,12.0,18.065220421276777,17.70512088204064,18.058691635806213,18.058691635806213,56.504959522184386,56.5729973468589,56.5729973468589,12.0,-1.0,16.5,12.0,18.392132935768302,18.392132935768302,18.379075364827173,18.756480297859238,18.53497797632127,18.645729137090253,0.22150232153796875,18.73433006570544,55.80506914880186,55.80442313923305,55.48666703320732,0.8054278213681929,57.93103448275862,18.75648029786059,18.668456157934948,57.93103448275862,55.738903611226455,17.931034482758623,17.90914066776136,17.887246852764093,17.79967159277504,IMG_00233.tif,15.225,juniper_right_8,18.90404868061711
1,2.0,13.781389299245264,13.786451436596804,14.63517563761268,14.640064104031648,15.508036056053465,15.512428940694145,0.6915688858392507,1.0344086182580907,-1.0410463691278256,-1.4806913677145952,9.0,17.785719318134312,17.4331720774493,17.216020734700265,17.216020734700265,45.360986251848786,45.47969477157252,45.47969477157252,9.0,1.0,17.5,9.0,18.625025969373155,16.67187742824109,17.163339762874898,18.710782615493034,16.156209794808593,17.433496205150814,2.5545728206844425,18.45532533342459,46.08655293421367,46.00509333174887,42.96582982772545,0.5797546377060385,44.15770609318997,18.71078261550772,17.71567080283955,44.15770609318997,45.29527244256792,13.98745519713262,13.82019115890084,13.73655913978495,13.862007168458785,IMG_00234.tif,15.94285714285714,juniper_right_7,
1,2.0,17.111996011561907,17.112059002618388,18.340509716891468,18.340530552948902,19.679892276029573,19.679894545546397,0.6310247030152122,1.9368108399127937,0.5346136517310132,-0.08636534196448281,17.0,19.154169335867778,19.091418721173632,19.491831108585842,19.50500514492714,52.39716478645549,50.878495063291524,50.20045801193892,17.0,1.0,17.5,17.0,20.243352436764724,16.88310748677793,19.4678591664333,22.17471782804853,18.140490178962615,20.157604003505572,4.034227649085912,21.771295063139934,49.82059810064145,49.656909547902735,45.337819555679296,0.6008787045212078,49.42652329749105,22.17471782812908,20.514628127031266,49.42652329749105,48.82900127448479,16.956391875746718,16.998207885304662,17.102747909199525,17.186379928315414,IMG_00235.tif,15.94285714285714,juniper_right_7,
1,2.0,21.63243178173943,21.651187359195532,23.002426031869895,23.02698327002487,24.43702905428617,24.467269298600808,1.1538418701681976,1.6622400692370756,-4.502668736571003,-2.6463511574965377,23.0,15.58989371832655,15.466874735045517,15.745738062223865,16.207726209170602,85.47957444833968,85.47870085025812,80.62712448018614,23.0,1.0,15.5,23.0,16.955602822326853,17.81426068636597,16.218774338136086,17.43345853930807,15.862580685337742,16.648019612322905,1.570877853970329,17.27637075391104,75.46640304026303,75.4110685719097,72.11205283049837,0.8284184914467689,86.60098522167486,17.433458539289003,15.27475856384129,86.60098522167486,82.00714321564705,21.57635467980295,21.527093596059107,21.650246305418715,21.502463054187185,IMG_00236.tif,13.533333333333337,juniper_right_9,19.009587919745456
1,2.0,27.88038015670918,27.88628303554353,29.105692774838165,29.10949927492433,30.35664297203556,30.358788084764512,1.035115801017178,1.4373892482038095,-2.8045291897950566,-0.9265906581843786,20.0,24.202950245274934,23.945470080610576,23.536499898240066,23.536499898240066,70.83203646303045,71.68031709088771,71.68031709088771,20.0,1.0,22.5,20.0,26.074364814044316,26.571531009856756,22.716537863742786,28.495908908745577,20.759940330309405,24.62792461952749,7.735968578436173,27.722312050901962,67.42154817117415,66.87856318974113,58.41569419060649,0.5029202872248588,69.45812807881774,28.495908908703527,23.842424307753376,69.45812807881774,68.94688788543037,28.02408319649699,27.887246852764097,27.859879584017513,27.832512315270936,IMG_00237.tif,12.18,juniper_right_10,
1,2.0,23.263554010735174,23.26683816708741,24.0426371270125,24.046272050046735,24.82145895436997,24.825853900279828,0.7262377438199884,0.8327779893724296,-4.034544546097898,-0.9962465555080727,37.0,14.99657675573971,14.611431625536197,15.612991049611367,16.70450001216804,108.0132001204012,104.88970804166395,88.40171409421808,37.0,1.0,14.5,37.0,13.18194263647436,14.848270676432207,17.16312685332892,12.937905658448113,17.09258769281687,15.015246675632492,-4.154682034368758,13.353373861884988,90.29034176075292,89.71698165428391,103.81441611224517,0.7651387713179261,123.08702791461413,12.937905658429415,13.41273385141236,123.08702791461413,100.20310827534097,23.251231527093598,23.251231527093598,23.229337712096335,23.448275862068964,IMG_00238.tif,15.225,juniper_right_8,17.005225523542464
1,2.0,18.595192137566183,18.597299549923797,19.709986774548476,19.715774015220294,20.829387434483557,20.840879330034785,1.1106721395436205,1.1329076405673644,-2.8695693875882,-1.3882801375501175,24.0,12.340184543406437,12.00206679134113,12.268099259613251,12.268099259613251,98.41356992789872,95.64268556923399,95.64268556923399,24.0,1.0,12.5,24.0,12.656190660082387,12.656190660082387,9.931045572826235,14.365699490329906,7.56971101123908,10.967705250784492,6.795988479090826,13.686100642420822,100.9894574644626,97.6858102781115,74.90741959011274,0.8031704446089475,96.8144499178982,14.365699490312835,9.77015707621754,96.8144499178982,109.52088083261803,18.741105637657363,18.65353037766831,18.60974274767378,18.65353037766831,IMG_00239.tif,15.225,juniper_right_8,12.656190660082387
1,2.0,20.306258359226863,20.30664427880947,21.441162522032386,21.44154576192196,22.578293179757022,22.57860573296282,1.0803822335897502,1.1915792205636027,-2.209755763099826,-0.34256704753618217,15.0,18.85180541671781,19.110118000439975,18.673877801755708,18.531943089109376,67.94749438203553,67.94749438203553,69.32208492498663,15.0,1.0,17.5,15.0,19.115666762746343,19.115666762746343,18.844496279974777,19.949839808924626,17.54882749477122,18.749333651847923,2.401012314153404,19.709738577509285,63.24342866056634,63.158274894572344,59.49889893889354,0.8151013473543953,72.64367816091954,19.949839808895195,17.735765624126028,72.64367816091954,66.64156912537815,20.361247947454846,20.273672687465794,20.207991242474,20.032840722495894,IMG_00240.tif,15.225,juniper_right_8,19.115666762746343
1,2.0,20.434044628409797,20.512216366591893,21.67911665935618,21.753097835647445,22.944236743635177,23.014919516907,1.7244590929003019,0.7782440574148057,-2.3156891881618518,-4.72673060745389,24.0,12.45596108726366,12.290547050327914,12.45652007676108,12.45652007676108,87.55390128552102,84.27158342427398,84.14338427225344,24.0,1.0,10.5,24.0,14.183851670811634,14.379910737809496,12.669102328737438,15.75606367433869,10.365380752355692,13.06072221334719,5.3906829219829975,15.21699538214039,91.88047373351002,90.570287514301,75.3746147328817,0.8193738205578429,74.74548440065682,15.75606367435861,14.276153099479078,74.74548440065682,82.99981847687067,20.623973727422005,20.426929392446635,20.47071702244116,20.755336617405582,IMG_00241.tif,15.225,juniper_right_8,14.379910737809496
1,2.0,22.131767727907796,22.141805386743165,23.114319735438368,23.125678295778208,24.119373070241757,24.132082509273083,1.0518995878999644,0.93837753462996,-4.264227834987395,-1.7958489809834328,15.0,22.602000705537137,22.4552979219314,23.066309652763437,23.804658474019874,62.008355995260104,58.76640129675354,57.895494941305735,15.0,1.0,21.5,15.0,22.95091581027347,21.486726503473932,23.41522475749977,22.279398443062632,24.687890187517954,23.483644315290295,-2.40849174445532,22.520247617508165,55.52716690938207,55.47966938704694,58.31330453685767,0.8741729528356079,65.35303776683087,22.2793984430296,22.03972109091908,65.35303776683087,58.91534694026957,22.304324028461963,22.140120415982487,22.05801860974275,22.00328407224959,IMG_00242.tif,12.18,juniper_right_10,20.673315552963373
1,2.0,19.82501414476555,19.82679518914578,20.886049551673672,20.88834814864074,22.008608011411166,22.011318329783922,1.1847884133074646,0.999734727330674,0.7148241883825863,0.8500040184664899,15.0,21.100388013244753,20.656789139474174,20.311126068358618,21.86468572539283,54.48686734462981,56.65467572147511,52.94744573389934,15.0,-1.0,19.5,15.0,20.405620675162965,22.447325708632718,21.527497022717284,21.640359539761505,20.48836970781568,21.06436462378859,1.151989831945825,21.52516055656692,55.16966052252323,55.15618304095869,53.75582596395554,0.6842692996348054,55.960591133004925,21.640359539755377,20.877389865480964,55.960591133004925,55.62780114479278,19.879584017515054,19.901477832512317,19.857690202517787,20.032840722495894,IMG_00243.tif,15.225,juniper_right_8,22.447325708632718
1,2.0,21.32736184101642,21.33008823218129,22.203211609562096,22.206232664977623,23.071339743744826,23.07497338318596,1.0008539618271755,0.7440311891774949,-1.8501780923566995,0.9451145669111236,28.0,9.130688617514025,9.655171145014592,9.986442857727809,9.986442857727809,112.34756614583338,107.8828422155166,107.8828422155166,28.0,-1.0,8.5,28.0,10.78285066706826,11.213743974864315,8.692861891414964,12.498806236718048,7.229903056251774,9.86435464648491,5.268903180466274,11.97191591867142,127.58814309795272,124.50534525690766,98.55768683605068,0.8542691390175107,95.76354679802957,12.49880623672853,11.087017131458758,95.76354679802957,110.91953468500373,21.346469622331693,21.32457580733443,21.237000547345374,21.149425287356323,IMG_00244.tif,15.225,juniper_right_8,10.78285066706826
1,2.0,23.54570449814025,23.547092718706583,24.54657796870969,24.548140598803,25.59554801699584,25.596039745239782,0.9828861649565301,1.0660608615766645,-4.146504157525791,0.646485405258426,28.0,12.332802977600949,11.299616733402399,11.479290913125311,10.725960202411102,149.04849267891586,157.00617525800138,162.63579197579026,28.0,1.0,10.5,28.0,13.051290066712681,14.877521632629538,9.65480694991328,16.387638271086075,6.619384883512576,11.503511577299326,9.7682533875735,15.410812932328728,125.9475657501913,118.01395288823487,83.41868053138268,0.7376776836652648,139.50738916256157,16.387638271039297,9.066851410830795,139.50738916256157,149.3481057912763,23.535851122058016,23.579638752052546,23.557744937055283,23.776683087027916,IMG_00245.tif,15.225,juniper_right_8,16.001993768293175
1,2.0,19.627743353785625,19.636875880321565,20.615452456978,20.62043099045922,21.638459534383227,21.640954972383238,1.141945945600825,0.8621331464608464,3.310496166117193,1.2590651856851427,21.0,19.300281769601213,19.719618888570825,20.110415730008185,20.452603060419904,60.990994265768215,60.98592681386679,59.58722706659206,21.0,-1.0,18.5,21.0,21.030924692043442,20.506358597483967,19.434195536043063,22.00415402905729,19.133738565656653,20.568946297356973,2.8704154634006374,21.717112482717226,55.91955682989778,55.83042300154358,52.352579019641624,0.8359224951997439,61.871921182266014,22.00415402903361,19.620399152795393,61.871921182266014,58.415433962629564,19.638752052545158,19.660645867542417,19.616858237547895,19.573070607553365,IMG_00246.tif,15.225,juniper_right_8,20.506358597483967
1,2.0,15.89788230523823,15.897895237306042,16.67326608644405,16.67397602136592,17.460406544318072,17.46313937713342,0.9271662398237501,0.638077900003631,1.0117794915084364,0.5287237933694048,22.0,14.129679306683016,14.18727851007753,14.466877400613555,14.466877400613555,66.90087966806581,66.56622503574629,64.88491698702654,22.0,-1.0,12.5,22.0,14.737665723561634,14.737665723561634,14.312003184451413,16.22902807182335,13.38966829154688,14.809348181685117,2.8393597802764727,15.945092093795704,62.38287163468217,62.19313457041817,56.88034883286287,0.7899335979087609,68.17733990147784,16.229028071808457,14.204604551452476,68.17733990147784,64.78294801132519,15.916803503010401,15.873015873015873,15.85112205801861,15.632183908045977,IMG_00247.tif,15.225,juniper_right_8,14.737665723561634
1,2.0,18.897564253844234,18.90047048874238,20.240723594133645,20.242866973649356,21.60184979419432,21.603061276813577,1.6350036104374357,1.0675871776337644,3.1116323514484554,0.8337867507438397,15.0,16.27868086678768,16.530928392712617,15.24640409285388,15.24640409285388,69.56168079256027,76.70094397975934,76.70094397975934,15.0,-1.0,15.5,15.0,15.20635844359657,17.1738237253268,16.238635217530373,16.010797234037,17.220568194784644,16.61568271441082,-1.209770960747645,16.131774330111764,66.08399121391096,66.05514662539521,68.48167605694762,0.6966829232754213,73.95730706075534,16.01079723400255,15.582280823884872,73.95730706075534,70.31634456439517,18.894362342638207,18.98193760262726,18.894362342638207,18.91625615763547,IMG_00248.tif,15.225,juniper_right_8,15.20635844359657
1,2.0,16.662003853951212,16.663889232602898,17.410890163051317,17.412092675685,18.172390117880504,18.173057472276874,0.7668927826734314,0.742275457000543,5.30611552347538,0.6733788453250492,19.0,20.995322999571073,21.214128446686225,21.086547407732724,20.96420088149668,51.58984364842932,53.87076385181292,54.33586935666768,19.0,-1.0,19.5,19.0,20.772936779608813,21.184002029186814,21.91627378939026,19.886411704423185,21.79528598375668,20.840848844089933,-1.9088742793334974,20.077299132356533,46.80690219583989,46.774803291563956,48.92226542834422,0.7887931077821116,57.668308702791464,19.886411704365173,18.71436911640119,57.668308702791464,51.86598449998959,16.70498084291188,16.72687465790914,16.639299397920087,16.420361247947454,IMG_00249.tif,15.225,juniper_right_8,21.184002029186814
1,2.0,19.388003072368384,19.4077927155384,20.638789456305453,20.66066088935005,21.94815001677543,21.967393192824012,0.9204654472518927,1.639135030033717,4.462934719455393,2.636589175642768,24.0,14.938270885735491,14.97567173679851,14.947648346180074,15.083202492874676,78.20062788799399,77.75020480383547,76.65494951599304,24.0,-1.0,14.5,24.0,17.507614369761797,17.761290827325013,15.488162820064616,20.475209271348806,11.519351785208872,15.99728052827884,8.955857486139934,19.579623522734813,72.15805794728705,70.25337579384609,55.34915628626167,0.8368151262275362,76.05911330049261,20.47520927132453,14.616076884792859,76.05911330049261,76.72656618589669,19.26655719759168,19.354132457580736,19.46360153256705,19.441707717569788,IMG_00250.tif,15.225,juniper_right_8,17.507614369761797
1,2.0,13.216323025071432,13.218523773355203,14.129080543485903,14.131010177155442,15.133717888575783,15.134435472830388,0.9841667383628147,0.9317449611123683,-5.3175212830189755,-0.9468766391479347,11.0,23.229257379135447,22.69434135646055,22.566390221655666,22.566390221655666,37.958881491657344,37.958881491657344,37.958881491657344,11.0,1.0,21.5,11.0,23.072115564739136,,21.66221294742519,27.136645336857804,17.076906961171158,22.106776149014483,10.059738375686647,26.130671499289143,35.6839504258885,35.07296582739479,28.93824498239248,0.4190415702805804,41.58663883089771,27.136645336524825,20.049352455662625,41.58663883089771,38.50061448404827,13.235908141962424,13.194154488517748,13.152400835073072,12.839248434237998,IMG_00251.tif,15.966666666666663,juniper_right_15,
1,2.0,18.81438582624707,18.831739676345908,19.934192516087148,19.959205424646093,21.062781049314008,21.099030837147744,1.4267236990608845,0.8405674617409545,-0.17152327680360138,-2.8687550622118376,12.0,13.942259185245376,15.236949205472536,14.079775779512858,18.407227137104684,71.778012638883,69.05047294414045,57.47178813386815,12.0,1.0,12.5,12.0,14.096176540299837,14.096176540299837,15.370922823728762,14.066807702161015,16.101236879786647,15.08402229097383,-2.034429177625632,14.270250619923578,72.45384036071954,72.34497063150386,77.45925369705864,0.7006047206276023,71.86666666666666,14.066807702218904,16.220027928009976,71.86666666666666,67.40031743828726,18.91111111111111,18.866666666666667,18.91111111111111,19.0,IMG_00252.png,15.0,lumify_png,
1,2.0,22.679762153029664,22.68100957620057,24.163739341067906,24.163741838199215,25.61449656180574,25.61614647856662,1.4775279131739363,1.457608989192107,-8.948957648262173,0.026048110799010437,12.0,17.567962378687383,18.38741350867724,18.81198907010267,19.698262443792203,128.73393725495822,127.93838721407906,107.25700221019086,12.0,1.0,18.5,12.0,19.132070012656072,19.132070012656072,15.167105398214261,22.026487485913506,12.850860006902517,17.438673746408014,9.175627479010991,21.10892473801241,77.25904447315833,75.46645350119142,60.304076914157406,0.6627122893228684,114.32835820895522,22.026487485655792,12.503695368091318,114.32835820895522,104.4613441639751,22.761194029850746,22.860696517412933,22.7363184079602,22.686567164179102,IMG_00253.png,13.4,lumify_png,19.132070012656072
1,2.0,18.507320568369327,18.528778422129136,19.53043428379096,19.5410524374025,20.601229852070645,20.604534969999907,1.2721415583217581,0.8036149895490152,0.14241211627767275,-1.888895032840212,10.0,16.80820114223239,16.641119133743125,16.720874927866333,16.720874927866333,57.264027208970504,56.48270488900251,56.48270488900251,10.0,1.0,15.5,10.0,17.91545870865866,17.91545870865866,16.71561718532078,19.171473347290192,15.566652810180702,17.369063078735447,3.604820537109489,18.810991293579242,62.258154989066234,62.03704872897242,56.3941639618963,0.7732880313088341,54.76744186046512,19.17147334732399,18.32734325848175,54.76744186046512,58.89618546072909,18.527131782945737,18.527131782945737,18.527131782945737,18.66279069767442,IMG_00254.png,17.2,lumify_png,19.676726410641038
1,2.0,25.57630695137983,25.576701811957847,26.72570114821225,26.72570452815093,27.925566229424202,27.92562603509431,1.2958751117553136,1.0530491113811429,1.9297238066518048,-0.0288155865456119,12.0,18.255416177736123,18.552481641248495,18.320465648894412,18.320465648894412,77.40822761088455,79.32254858006516,79.32254858006516,12.0,1.0,17.5,12.0,17.096845960404266,16.695471934734286,19.9941640857229,13.68211306086729,21.46750035037378,17.574806705620535,-7.78538728950649,14.460651789817938,86.09789517670998,84.69036168168321,108.11226892235123,0.5933385260432855,83.48837209302326,13.682113060925747,18.95411114515816,83.48837209302326,78.72989231522176,25.697674418604652,25.63953488372093,25.600775193798448,25.697674418604652,IMG_00255.png,17.2,lumify_png,
1,2.0,20.210397148498522,20.21189443080614,21.391548086316682,21.392979080688384,22.59040398300394,22.591617161400173,1.1634163559666533,1.2163063746273854,-5.8008278284309,-0.6627097814038261,3.0,17.705294052658843,17.675404168714167,17.705294052658843,17.705294052658843,89.24722059187556,89.24722059187556,89.24722059187556,3.0,1.0,17.5,3.0,17.902632965891257,17.902632965891257,,15.932568713414826,24.124934268722058,20.02875149106844,-8.192365555307232,16.75180526894555,59.740963072664634,58.91355954234419,73.50444937644859,0.21789914442375047,99.06976744186046,15.932568712339847,17.37837350428961,99.06976744186046,67.55511629026357,20.251937984496124,20.232558139534884,20.232558139534884,20.290697674418606,IMG_00256.png,17.2,lumify_png,17.902632965891257
1,2.0,18.956216916879576,18.96777338296837,20.192205285736414,20.201332574905475,21.409567996660268,21.418224842327604,1.03701393735936,1.4134375219998718,-3.509824916109856,-1.7224034198491252,11.0,24.105465538525692,23.787773446456164,24.105465538525692,24.105465538525692,48.67525279677551,48.67525279677551,48.67525279677551,11.0,1.0,22.5,11.0,22.79565238193277,22.79565238193277,25.216062541438333,21.84309927781409,26.51033889398756,24.176719085900825,-4.667239616173466,22.309823239431438,46.41107270843198,46.2703647588078,50.9321728885699,0.6428714344927894,52.674418604651166,21.843099277773753,23.70597280102711,52.674418604651166,47.13457827360757,18.972868217054263,18.953488372093023,18.895348837209305,18.77906976744186,IMG_00257.png,17.2,lumify_png,22.393896708775515
1,2.0,27.301627562342887,27.34129250357621,28.458738949283987,28.49648198512351,29.640013425044355,29.670744935351365,1.0747647866791872,1.2546876450959676,-5.76542918667781,-2.9492281278904495,10.0,30.16376011792657,29.90892809789308,30.058693607801985,28.347205995096573,56.441890613112676,57.05929913816322,57.33174128577546,10.0,1.0,28.5,10.0,31.787684905994297,31.787684905994297,29.766614539744864,33.340759421680346,27.250160792247456,30.2954601069639,6.090598629432887,32.731699558737056,54.19863343900855,54.022883192561494,49.58421601804666,0.5660319229038029,57.35537190082645,33.34075942157928,28.759099989343458,57.35537190082645,56.64259924165415,27.46556473829201,27.38292011019284,27.300275482093664,27.272727272727273,IMG_00258.png,12.1,lumify_png,31.787684905994297
1,2.0,16.58163071983946,16.593848663871693,17.784229574655335,17.796487472453006,19.009857657251825,19.02071672272869,1.1775023985335629,1.2493656603234349,-2.669930221977745,-2.1266861984547925,7.0,24.045586930693446,24.10376654985143,23.637574261033706,24.045586930693446,40.08388222679739,41.15413191300966,40.08388222679739,7.0,1.0,23.5,7.0,24.160681642850108,23.732098461916678,24.568694312509848,26.29612967890404,22.318899739206184,24.307514709055113,3.9772299396978554,25.898406684934255,40.355340889116135,40.267536902137984,37.415541989200534,0.49261206310763006,40.93333333333333,26.296129678812385,23.810406175071765,40.93333333333333,41.0577461602422,16.644444444444442,16.622222222222224,16.555555555555557,16.6,IMG_00259.png,15.0,lumify_png,
1,2.0,20.46424533304324,20.47001737162749,21.596581746958744,21.605141656859587,22.721186800406574,22.729797411432177,1.3417531602401254,0.9180268795645621,-1.25207953248828,-1.6129021016148093,13.0,18.508929384950846,18.199149756421043,17.571600614252645,17.571600614252645,65.4021298691732,68.80415655484143,68.80415655484143,13.0,1.0,16.5,13.0,16.797013522411874,19.028974080716097,18.109656708651812,18.67287132060449,17.323103450169878,17.997987385387184,1.3497678704346099,18.537894533561026,66.26778983580806,66.23717089001312,63.9240167725994,0.6815083600026789,63.372093023255815,18.672871320618267,18.25191979284267,63.372093023255815,65.34637404965483,20.406976744186046,20.406976744186046,20.310077519379846,20.0,IMG_00260.png,17.2,lumify_png,
1,2.0,21.49205566133293,21.492060691551362,22.38360683372771,22.383657376384498,23.272454868662226,23.272924311173433,0.6386414927061916,1.1422221269158779,-2.8969573660976518,-0.12175904151630625,10.0,17.431988204795346,16.395718556177258,18.53731226116642,18.653127345149727,80.22123406583933,77.45455383606648,76.03990926489107,10.0,1.0,16.5,10.0,18.419605385469993,18.419605385469993,13.495116064908132,22.74087756617958,6.574839731634198,14.657858648906888,16.16603783454538,21.12427378272504,95.44197430123931,84.90757587282093,55.58084353158336,0.6926194286784154,78.93333333333334,22.740877566104817,13.287833672914273,78.93333333333334,93.47925469610149,21.42222222222222,21.466666666666665,21.511111111111113,21.333333333333332,IMG_00261.png,15.0,lumify_png,19.317928435659127
1,2.0,19.623715209679663,19.623785036370982,20.798733617223206,20.798886073081217,21.993568608438853,21.993699263398298,1.3182092051823355,1.0517050218449804,1.523901403359459,-0.21937640523824667,18.0,17.616316349756616,17.396575620621697,17.650922588295543,16.9178929089054,63.17237608054177,62.48281299899914,64.68146578816634,18.0,1.0,15.5,18.0,18.686620879374033,17.96812106646746,16.921387486814666,19.393925804561334,15.296369247058376,17.345147525809857,4.09755655750296,18.98417014881104,66.12295047785307,65.81841763272394,59.09229482321205,0.586582673445835,58.83720930232558,19.393925804598208,18.21360448369271,58.83720930232558,62.779065483146574,19.612403100775193,19.612403100775193,19.612403100775193,19.53488372093023,IMG_00262.png,17.2,lumify_png,17.96812106646746
1,2.0,13.74581394090101,13.746100582423166,14.707267382511274,14.707379399694318,15.711327406331424,15.711330422656511,0.6050180523882227,1.360211787845123,-1.5178215082464166,0.2236209980601182,10.0,15.273145040869892,16.16950851146364,15.615855807272112,16.20216913841051,54.40525685010461,52.413699879189465,52.364311154216324,10.0,1.0,14.5,10.0,17.540679791648586,20.398485369249443,13.927865753279008,24.320356022587,7.368958569613364,15.844657296100182,16.951397452973637,22.62521627728964,56.12554423918959,50.342683834738786,33.374931757835185,0.5094949165981477,45.46511627906977,24.320356022531126,14.772927825427235,45.46511627906977,53.90457901409677,13.62403100775194,13.7015503875969,13.68217054263566,13.837209302325581,IMG_00263.png,17.2,lumify_png,23.504595805839386
1,2.0,19.62741583924949,19.66616863654788,20.781674337444052,20.81262305169994,21.913984852795842,21.937003415796905,1.1913200825591843,1.0795146966898366,-7.804800494529481,-3.124995225771404,8.0,28.380234368864308,28.533902359709963,28.36164106832328,28.36164106832328,43.058175027212236,43.21348406446393,43.26711270260101,8.0,1.0,27.5,8.0,28.639681559635278,28.639681559635278,28.602494958553223,29.66171637384178,27.723283531369518,28.69249995260565,1.9384328424722634,29.467873089594555,40.765601228472484,40.75065300040875,39.534462392239696,0.5355812975964417,46.13333333333333,29.661716373629417,26.46842200728018,46.13333333333333,43.89621710983668,19.733333333333334,19.755555555555553,19.62222222222222,19.6,IMG_00264.png,15.0,lumify_png,
1,2.0,16.94572592615954,16.966751282406275,18.074455629677516,18.09904815180664,19.22469462678681,19.253383008522885,1.1588754896921538,1.1277562364244555,-2.715910421711114,-2.9871737613251743,11.0,23.937686837954402,23.002958456399213,22.631240687601178,22.631240687601178,41.76697895151307,44.10786317719686,44.10786317719686,11.0,1.0,22.5,11.0,25.085073053604788,25.546292461194895,20.65260012576502,27.128739452619417,19.07175341022309,23.100246431421255,8.056986042396328,26.323040848379783,43.63263462503087,43.19727743404646,37.16751445962437,0.5858004365699836,38.6046511627907,27.128739452624956,23.263720060310565,38.6046511627907,42.91042277202861,16.93798449612403,16.996124031007753,16.976744186046513,16.91860465116279,IMG_00265.png,17.2,lumify_png,25.546292461194895
1,3.0,15.401968044071655,15.404854907965529,16.29262114238687,16.294699167516846,17.18422189293123,17.185730668652873,0.6979607253361512,1.0829150353511952,-5.257442677063675,-0.9150492510443287,14.0,26.0393942970598,25.980314005530484,26.091735533110494,25.88758359947812,37.462596048362876,37.49809650736277,37.49809650736277,14.0,1.0,24.5,14.0,27.112565764819664,26.625532782338382,25.44178052988022,29.632019390216904,23.472011967413565,26.552015678815234,6.16000742280334,29.01601864793657,34.55018407619844,34.39952018185059,31.100467462865026,0.5980737218348302,39.333333333333336,29.63201939007879,24.21101985185467,39.333333333333336,37.495709583027846,15.488888888888889,15.377777777777776,15.377777777777776,15.4,IMG_00266.png,15.0,lumify_png,26.625532782338382
1,2.0,21.252052021820752,21.255768665664714,22.3839710267798,22.39475621856887,23.53981801595171,23.558806753106122,1.1994482342743673,1.1035898531670398,-0.13708705405667804,-1.778262326689219,21.0,19.17293615979972,19.383992989833782,19.17293615979972,18.4223410031922,62.90945902807949,62.90945902807949,65.22834436697845,21.0,1.0,17.5,21.0,18.095872246574146,18.666470604524278,19.49287744293983,18.018596789212303,20.513023570040883,19.26581017962659,-2.4944267808285794,18.26803946729516,64.50392906536774,64.41522673698519,68.71035937537917,0.7471026057385695,61.04477611940298,18.01859678921914,19.573032254857424,61.04477611940298,63.44287181655797,21.268656716417908,21.318407960199007,21.19402985074627,21.119402985074625,IMG_00267.png,13.4,lumify_png,19.97280924645355
1,3.0,22.750044447601912,22.766911548745018,23.493337840827905,23.49340640578297,24.09058962613035,24.113058635805537,-0.38178225794946624,1.727929345009988,-2.45021458929398,-0.13842541620549176,15.0,14.50934386305218,16.022253425388573,16.29766666446764,18.00910700509968,88.4466188032455,79.31576733506778,73.56813363178897,15.0,1.0,14.5,15.0,18.980217693759215,18.980217693759215,14.740628462206814,20.78630728239643,11.281109568559996,16.03370842547821,9.50519771383643,19.835787511012782,84.84704255132715,82.32887361628019,64.07586115598721,0.6352856524282281,73.5820895522388,20.786307282371823,15.425860661422233,73.5820895522388,85.4895404744737,22.715617383198715,22.716541184172833,22.835136584743086,22.73414537371063,IMG_00268.png,13.4,lumify_png,19.6129624010255
1,2.0,22.60572925202115,22.67642928710419,23.954279771118056,24.094380198041335,25.286638921737257,25.50883110479773,1.461105983414084,1.3712958342794563,-0.9560121774963899,-6.181731588652462,16.0,16.863496558095463,16.698535710407736,16.978471757173992,17.626878300889928,72.96403872323688,71.40619609776031,67.19611970692767,16.0,1.0,15.5,16.0,18.095268193763815,19.456327395651357,17.21691125189082,19.14222034152639,15.476856055592208,17.3095381985593,3.665364285934182,18.775683912932973,76.39440925759541,76.11191443047234,69.06036095070904,0.8082327097792991,64.66666666666667,19.142220341572656,18.860120723884545,64.66666666666667,70.05490693699348,22.688888888888886,22.711111111111112,22.733333333333334,22.933333333333334,IMG_00269.png,15.0,lumify_png,20.911152222630932
1,2.0,19.33749881732897,19.36424822317591,20.3765595265054,20.407569767742746,21.454941526802994,21.48605480820802,0.8391776730163911,1.28262891201572,-2.6351437404268934,-3.158999572943172,14.0,20.962936188893167,21.626634542641984,21.980808305194074,21.980808305194074,53.391708084562666,51.11728580789198,51.10920972432529,14.0,1.0,22.5,14.0,21.137364383707933,19.536714895025966,22.177015256370765,20.071810097280633,23.385527687280977,21.728668892280805,-3.313717590000343,20.403181856280668,52.338851812244926,52.239417511481804,56.351322305097085,0.5770867330525523,55.58139534883721,20.07181009728616,21.851713083392113,55.58139534883721,51.9595459869732,19.41860465116279,19.37984496124031,19.30232558139535,19.36046511627907,IMG_00270.png,17.2,lumify_png,19.536714895025966
1,2.0,18.6766607662457,18.680439337535844,19.798234205549466,19.808075303416636,20.95796299568518,20.974998117882528,1.0505258405763909,1.2440329397702963,1.511728456519927,-1.8061601193922785,6.0,16.501900358007433,16.976440527030324,17.867630765173942,17.867630765173942,60.779425765421664,55.94480707356977,55.94480707356977,6.0,1.0,17.5,6.0,17.79451989538353,20.017336606409316,13.04492047032116,17.428839862011024,16.376114878496168,16.902477370253596,1.0527249835148564,17.32356736365954,64.27062746568647,64.25011121903032,62.36725260396698,0.5242068759416117,54.76744186046512,17.428839862135465,18.2711129130529,54.76744186046512,59.583692758058916,18.74031007751938,18.624031007751938,18.6046511627907,18.72093023255814,IMG_00271.png,17.2,lumify_png,20.017336606409316
1,2.0,18.67920348184949,18.688708173604315,19.82897250988587,19.83747041305675,20.97821127257561,20.98678267961734,1.1133036367149016,1.1847708692981198,-6.7550021041015285,-1.6771267193630701,12.0,19.091200756457155,17.898948378534197,19.00113661108722,15.501903306093595,64.62336567257745,66.92758611370886,73.73885590477073,12.0,1.0,17.5,12.0,19.670734251409698,16.171500946416074,19.85086254214957,22.594387647562264,16.4000283758437,19.49720801170298,6.1943592717185645,21.974951720390408,56.28041572437123,55.81188824611409,48.48409785711363,0.746102820691374,76.74418604651163,22.594387647448627,16.698611915234434,76.74418604651163,64.8291274767439,18.68217054263566,18.68217054263566,18.77906976744186,18.895348837209305,IMG_00272.png,17.2,lumify_png,16.171500946416074
1,2.0,15.958057938114406,15.963097222079483,16.690444247713714,16.695011322050068,17.456687726338473,17.460207514834053,0.7828262047591532,0.7142840879954143,-4.609232110094189,-1.3402111058720174,13.0,26.116953798210034,25.135392783216588,24.837991521011105,23.295107342138806,40.56036957059721,41.69013184525348,42.8673290298781,13.0,1.0,22.5,13.0,23.421223067016797,23.421223067016797,27.74614271649949,25.170937010834415,24.999254170317474,25.085095590575946,0.1716828405169405,25.153768726782722,37.6004069173586,37.60026428821723,37.480349995310775,0.7141138550102876,41.16279069767442,25.170937010773866,23.520155564231448,41.16279069767442,39.94559012618715,16.007751937984494,16.007751937984494,15.988372093023257,16.1046511627907,IMG_00273.png,17.2,lumify_png,27.390573392568996
1,2.0,21.465819855077587,21.55390505747299,22.78988656734593,22.872785086835673,24.09451108773661,24.176632600030626,1.5530226674328191,1.069704875124822,1.1815820489233277,4.879583441490276,13.0,17.12768293599268,16.685055379791187,16.03728242407695,16.03728242407695,66.22712230174034,68.83969789768136,68.83969789768136,13.0,-1.0,15.5,13.0,16.125377221339107,17.980939074239018,18.150545338836764,15.947917849323801,17.5310128046269,16.739465326975353,-1.5830949553030993,16.106227344854112,74.7711994023252,74.71613318462995,78.32102694045933,0.752513192085323,60.44776119402985,15.947917849400035,18.695488091394417,60.44776119402985,67.13627966330364,21.91542288557214,21.567164179104477,21.542288557213933,21.34328358208955,IMG_00274.png,13.4,lumify_png,19.131364480479874
1,2.0,25.245138034293838,25.336867561299382,26.745545927663443,26.82575330635779,28.18448909519497,28.29762591863825,1.2754559412184112,1.6853024161204473,9.67005428555973,4.4317688181441515,5.0,35.64002720320289,35.713806742333766,35.64002720320289,35.64002720320289,45.574211721978656,45.698541314412736,45.574211721978656,5.0,-1.0,33.5,5.0,34.70231486356863,,35.39745678451442,35.65562233672155,35.35225419260417,35.503938264662864,0.3033681441173812,35.62528552230982,43.287951677261404,43.28770209004049,43.12780786736074,0.5220059045988641,49.0,35.65562233603312,33.22866322980422,49.0,45.87692620483188,25.433333333333334,25.266666666666666,25.133333333333333,24.8,IMG_00275.png,10.0,lumify_png,
1,2.0,21.968377785208908,21.97369748945075,23.09852832063121,23.10969542932062,24.275745110835317,24.30361123194515,1.0986261305792668,1.2312876119151368,0.5517029815325158,-1.7812643695545267,17.0,14.695173501734246,15.42976564677451,15.415623304718963,15.483376878830938,79.4378776605197,77.71843240069335,74.77639418751649,17.0,1.0,13.5,17.0,15.900183832644643,18.02305675319147,15.077831435946848,18.426847845384607,12.277443851734402,15.352145848559505,6.149403993650205,17.81190744601959,84.11908400157733,82.99365614181276,69.51306456963876,0.717694617723149,69.65116279069768,18.426847845403262,16.04998278038568,69.65116279069768,79.47399093766586,21.996124031007753,21.976744186046513,21.91860465116279,21.86046511627907,IMG_00276.png,17.2,lumify_png,18.02305675319147
1,2.0,21.728141550829747,21.72979281337357,22.69126719807037,22.69290144808076,23.690570084794484,23.69162328531893,0.9651915447060723,0.9966389272392826,-4.725746475151296,0.6876294544029427,14.0,15.103774763672092,16.00903000704864,15.342074633084309,14.865474894259876,117.51422554411357,115.49886381143358,119.52958727679358,14.0,1.0,14.5,14.0,15.575890734937872,15.89055517136481,20.681265594394773,16.3335640023223,16.027538289138217,16.18055114573026,0.30602571318408256,16.30296143100389,77.9267478451552,77.92445188022026,77.2140613991929,0.5544868422181961,103.83720930232559,16.33356400220714,13.347594285534408,103.83720930232559,94.06137835220173,21.666666666666668,21.705426356589147,21.76356589147287,21.80232558139535,IMG_00277.png,17.2,lumify_png,15.575890734937872
1,2.0,19.676742687458816,19.68026569720182,20.78516256038426,20.79099584823393,21.952256524515676,21.95962396046888,1.2333865837299078,1.045971679537153,1.694505391054249,1.3572718530879009,10.0,26.91262744213408,26.300231126284686,26.845153156703475,26.845153156703475,43.97342802993285,44.02075567772235,44.02075567772235,10.0,-1.0,25.5,10.0,25.77865293187645,25.395615201457588,26.774873766533375,25.494431471205903,28.41623282093537,26.95533214607064,-2.9218013497294657,25.78661160617885,43.44502331062313,43.403826132065795,45.710271251780895,0.4887500322222699,45.6,25.494431471175755,26.68528937562241,45.6,43.81034125576683,19.733333333333334,19.688888888888886,19.733333333333334,19.933333333333334,IMG_00278.png,15.0,lumify_png,
1,2.0,15.84277139365622,15.843544777150786,16.513273112596966,16.513986747541278,17.272442412476465,17.272812927997517,0.6849122757721366,0.744355875074596,4.5464095507565006,0.5326614687511506,10.0,16.04930171083538,15.998184408540578,15.168228370549627,17.727409872585667,68.48688618178582,70.88195958430343,61.87542950749519,10.0,-1.0,15.5,10.0,18.751659639783497,19.770971472610796,15.417112498154381,21.519786487739267,11.668587918133124,16.594187202936194,9.851198569606142,20.534666630778652,57.09469713341481,55.39678374494352,43.12938842926187,0.6396632678027767,63.08457711442786,21.519786487522996,14.091918958753814,63.08457711442786,64.97842336275218,15.820895522388058,15.820895522388058,15.820895522388058,15.820895522388058,IMG_00279.png,20.1,lumify_png,19.770971472610796
1,2.0,15.167695971217299,15.168379944610052,16.000656786250303,16.002918797057433,16.864710432253226,16.868320495840035,0.8619865151298491,0.8379540361001375,3.301607822885457,0.9633641550128804,10.0,18.502271786381755,17.71652573217592,18.46933706720634,15.770929388154144,50.54051806676814,52.06090435777158,63.03228965374763,10.0,-1.0,15.5,10.0,22.91572163450556,24.205129054531398,15.282808082386623,26.06442891738171,10.459622120927738,18.262025519154726,15.604806796453975,24.503948237736317,51.63634341521408,48.37037374159924,34.49733202453907,0.5769810546931364,46.666666666666664,26.064428917279873,16.635060590736753,46.666666666666664,52.94736074564139,15.1575456053068,15.17412935323383,15.140961857379766,15.124378109452735,IMG_00280.png,20.1,lumify_png,24.205129054531398
1,2.0,17.745374788358003,17.75176476006565,18.846271699103703,18.857655780468246,19.95889733882083,19.978101508221197,0.8626418022946727,1.3636949458608714,4.195319982028283,1.9909695789176167,8.0,23.447650574619445,23.53214416889702,23.432767152795407,23.462533996443483,47.46827204135438,47.62863648582782,47.307907596880945,8.0,-1.0,22.5,8.0,23.562469269409632,26.246395956804434,23.59223611305771,26.223716950943253,20.56635417319329,23.395035562068273,5.657362777749964,25.657980673168257,44.862672121094654,44.648581439396715,40.12096218018288,0.4905518650626961,47.46268656716418,26.223716950761894,22.0012112067758,47.46268656716418,47.323277815978166,17.761194029850746,17.711442786069654,17.736318407960198,17.761194029850746,IMG_00281.png,13.4,lumify_png,26.246395956804434
1,2.0,19.309538280223926,19.311866918399666,20.35789321321121,20.36800595111928,21.507739890483478,21.53146730784876,1.092610561261221,1.126989828187871,-1.082475128598525,1.8055757785704774,19.0,16.58855345633924,16.763870348140124,16.772323367577087,16.772323367577087,72.28457857237643,72.15207035424383,72.15207035424383,19.0,1.0,15.5,19.0,17.481457899808504,17.481457899808504,17.81892471090856,16.351536898140573,18.824791564487033,17.5881642313138,-2.473254666346461,16.59886236477522,64.01215253967736,63.9079934283403,68.59401742742605,0.6268808291197968,87.09302325581396,16.351536898112915,16.247471212914473,87.09302325581396,69.02141136746411,19.36046511627907,19.34108527131783,19.36046511627907,19.476744186046513,IMG_00282.png,17.2,lumify_png,17.481457899808504
1,2.0,22.936860220453884,22.996998876904954,24.32017168163382,24.372743670352435,25.686255745942525,25.728021719893686,1.459222068627028,1.2718007743617041,-7.747247377620234,-3.7639228936140015,11.0,19.408612167464554,19.43598590136483,19.33527888929956,19.33527888929956,76.75701101457791,78.0895019792019,78.0895019792019,11.0,1.0,19.5,11.0,20.53325228776714,22.31150741931765,17.170833458786973,24.997316175180472,11.78627532174132,18.391795748460897,13.211040853439155,23.67621208983656,75.74111008932863,72.41258969965627,54.066334997634875,0.4320344568829111,77.01492537313433,24.997316174304594,15.991442292608797,77.01492537313433,82.93154691171945,23.08457711442786,23.034825870646767,23.009950248756216,23.134328358208954,IMG_00283.png,13.4,lumify_png,20.606585565932136
1,2.0,18.681021640701253,18.682450472236763,20.224369820627828,20.22465746845979,21.878954491838194,21.879407562017406,1.656923186879543,1.540033902901098,4.716560189750839,0.3055822399541641,11.0,23.602579644680247,24.6938011512935,24.52622713817385,24.52622713817385,47.31907586584159,47.31907586584159,47.46203188759943,11.0,-1.0,22.5,11.0,28.9985818823246,26.478982782064122,24.098904716519343,30.24744039589843,22.41643773331537,26.3319390646069,7.83100266258306,29.464340129640124,42.33528564715,42.031031646167634,37.010981192270926,0.673310350435003,51.34328358208955,30.24744039575312,23.35159162603675,51.34328358208955,47.03592677578638,18.70646766169154,18.70646766169154,18.70646766169154,18.65671641791045,IMG_00284.png,13.4,lumify_png,30.1205810114825
1,2.0,20.02149883455189,20.03535397901343,21.34131737643071,21.35797934513949,22.70842490030966,22.725135618882803,1.7173892417790246,0.9723923980903565,5.351047626186259,2.2633355465971947,16.0,20.04305975345528,19.37361341768419,19.85095694388241,18.494977388818143,64.65221401465013,65.64691151886105,66.47330781135598,16.0,-1.0,18.5,16.0,20.679397514587777,17.227330916125396,18.715818809766063,20.001020243211933,19.21538020928774,19.60820022624984,0.7856400339241937,19.922456239819514,59.57552195484433,59.56768946444477,58.44430099971744,0.8212337034372352,71.16279069767442,20.001020243178452,17.887721920908156,71.16279069767442,65.08198277950912,19.98062015503876,19.98062015503876,20.0,20.0,IMG_00285.png,17.2,lumify_png,17.227330916125396
1,2.0,21.664168813529198,21.68372148308815,22.807578208772327,22.834082701313,23.925112701359545,23.95790310704312,1.4483109304252215,0.8258706935297462,6.001396322999233,2.7608805029279497,8.0,22.963589636651747,22.549752026221306,23.606759792937197,23.937248181213818,60.37889328535057,58.799790433304516,58.799790433304516,8.0,-1.0,23.5,8.0,23.292273526332792,,20.937498385609956,31.47758325045683,11.477583250456831,21.47758325045683,20.0,29.47758325045683,63.913780492852666,59.086159086502434,41.430663195305044,0.44242829632656466,55.116279069767444,28.5545217250012,18.5545217250012,58.139534883720934,67.98607437191328,21.666666666666668,21.666666666666668,21.78294573643411,21.80232558139535,IMG_00286.png,17.2,lumify_png,
1,2.0,15.23510934297329,15.235397227246658,16.29288106506563,16.293943172144306,17.380503517198612,17.381584752441164,1.0294340371908055,1.1167534880037038,7.217737701420369,0.6542007570595099,4.0,34.0143221297855,35.46584216246402,35.79833024794277,34.0143221297855,29.793325190972638,27.116910106267397,29.793325190972638,4.0,-1.0,32.5,4.0,31.168440937861448,31.168440937861448,35.585133381208266,28.298289711048426,40.67376932914528,34.48602952009685,-12.375479618096856,29.535837672858108,27.131638338626278,26.85247106503175,32.071781878621024,0.3763495060389323,34.18604651162791,28.298289709290213,31.159871690070325,34.18604651162791,29.383829801176667,15.271317829457367,15.232558139534884,15.193798449612403,15.174418604651164,IMG_00287.png,17.2,lumify_png,
1,2.0,24.4903490834448,24.49237147692316,25.77098596373885,25.77512418955568,27.062817879735217,27.06929856703687,1.2491637787450571,1.3277633113686542,1.9916606246116357,-1.0267155759492108,9.0,22.06914660736814,21.554336090458452,22.06914660736814,22.06914660736814,60.933101800120596,60.933101800120596,60.933101800120596,9.0,1.0,20.5,9.0,22.727152117613088,23.067093770335646,18.024233721792115,27.701593323409135,13.710416665319809,20.70600499436447,13.991176658089325,26.3024756576002,72.04485119870061,69.26714777898245,52.683891648047414,0.5394732684447081,56.36363636363637,27.701593323607092,22.05193257143438,56.36363636363637,65.23156658306772,24.490358126721762,24.490358126721762,24.435261707988982,24.297520661157026,IMG_00288.png,12.1,lumify_png,
1,2.0,17.938959912511873,17.94096351530412,19.184655380523733,19.189091861201167,20.486317080218978,20.49433367769016,1.3702232558543952,1.183146906531648,-0.9818999541949195,1.2320776631962167,8.0,19.49039672316964,20.559110915773477,20.286215964783764,21.089095306414237,51.33394640459316,49.113300215608504,48.02252586521498,8.0,-1.0,17.5,8.0,21.522864718078722,20.502034619989445,18.802604077648112,25.41858410460042,15.973001435150064,20.695792769875244,9.445582669450358,24.474025837655386,51.658095552347575,50.76583357457462,41.79818956876835,0.5208528572317671,45.46666666666667,25.41858410465601,21.50698209898272,45.46666666666667,48.936833660798165,17.955555555555556,17.933333333333334,17.88888888888889,17.866666666666667,IMG_00289.png,15.0,lumify_png,
1,2.0,16.356195498526148,16.35895700184579,17.583454208331904,17.58563727685837,18.831759829660022,18.83365982440996,1.4971699578354374,0.9775328647287299,1.0958185515482122,0.9028108124741343,7.0,20.216089302422915,20.43336019403341,20.662292143055282,20.560122900014278,47.32982940089281,46.39087696502225,46.54724069550455,7.0,-1.0,19.5,7.0,20.722975190340804,18.923457427735173,20.6208059472998,20.01573522755996,21.08089597174637,20.548315599653165,-1.065160744186406,20.122251301978604,46.60867504973126,46.59843565653316,47.7854469351035,0.6010510420185361,46.93333333333333,20.01573522755558,20.496456125261933,46.93333333333333,46.71124563199677,16.377777777777776,16.4,16.355555555555558,16.333333333333332,IMG_00290.png,15.0,lumify_png,18.923457427735173
1,2.0,18.752805844505996,18.755452498614435,19.97143562075621,19.97362734747817,21.18878625919131,21.193845373035668,0.7307132543200137,1.7076796201012157,-5.326394150280611,0.8488018774655508,13.0,15.759604574307104,16.800560381660475,15.814729848508279,15.814729848508279,91.11157564239105,91.11157564239105,91.11157564239105,13.0,1.0,15.5,13.0,15.984459794177297,15.984459794177297,18.53629033257127,18.366042833266462,13.754793866069152,16.060418349667806,4.611248967197309,17.90491793654673,68.20745000943323,67.74161766416374,59.47817285353345,0.7062209056185598,94.66666666666667,18.366042833169,12.831076581589151,94.66666666666667,84.38849858363744,18.866666666666667,18.8,18.711111111111112,18.733333333333334,IMG_00291.png,15.0,lumify_png,19.133476293442357
1,2.0,17.600312202676072,17.611140871850473,18.577881127304284,18.586369241432305,19.568819614679228,19.575863440069252,0.9216504639903376,1.043072104228444,6.7191370712758065,1.7316594385883375,5.0,31.900875340785177,30.131359771163257,31.900875340785177,31.900875340785177,36.06450086881535,36.06450086881535,36.06450086881535,5.0,-1.0,29.5,5.0,34.976227218908406,,31.99263983484167,38.63159604177183,23.139705196722165,30.885650619246995,15.491890845049664,37.08240695726686,34.92094640835389,34.20630542370183,28.125425129753335,0.28850006850503995,38.059701492537314,38.33814480510598,28.338144805105983,38.059701492537314,36.99167644643594,17.686567164179102,17.611940298507463,17.611940298507463,17.611940298507463,IMG_00292.png,13.4,lumify_png,
1,3.0,20.57332179986615,20.58142700680659,21.811361830123083,21.81476490261142,23.115126692003106,23.115137152692547,1.5772646689840069,0.9564454769019465,-1.5002540470406844,1.012053818266876,14.0,12.676649641581548,12.866422059589166,12.843632664938525,10.667788343744462,88.98096763265448,87.79049774180201,101.45650841214616,14.0,-1.0,11.5,14.0,14.47883238051233,14.47883238051233,10.614453452242799,16.412196240301075,9.161358311134167,12.78677727571762,7.250837929166907,15.687112447384383,95.59424346612475,92.99251838032944,72.84282863414234,0.7344792133859862,64.79338842975207,16.412196240356913,14.367590538694524,64.79338842975207,82.94213577074535,20.74380165289256,20.60606060606061,20.523415977961434,20.41322314049587,IMG_00293.png,12.1,lumify_png,15.05155780937659
1,2.0,23.179361954616322,23.251553675938005,24.501992058259024,24.572363610721105,25.82123468901618,25.889383874819217,1.4103906155436527,1.2274395833375606,8.943016270501062,4.337269720367587,14.0,22.55437510359714,23.127677997809535,22.583106622845378,24.438191681740335,67.1891600591421,67.01109268837395,67.01109268837395,14.0,-1.0,21.5,14.0,23.21954674140781,23.21954674140781,22.99781442219708,25.290587053081467,21.61451800264064,23.45255252786105,3.676069050440825,24.922980148037382,58.09729565453559,57.9810974314531,54.015365560059465,0.683827843109326,70.08264462809917,25.290587052973926,20.920896279244538,70.08264462809917,64.62404175629534,23.22314049586777,23.250688705234158,23.27823691460055,23.388429752066116,IMG_00294.png,12.1,lumify_png,25.074631800302768
1,2.0,22.26106522116119,22.26166052122872,23.2352276545576,23.235715444037083,24.203359281812887,24.203636154801895,1.1691523619781266,0.7728232715950482,3.2752942124160405,0.3712586490801204,7.0,23.67809681723577,25.671013738921854,26.975292081650622,26.72742152845919,61.616807166762854,52.14290982640554,53.221840205477086,7.0,-1.0,26.5,7.0,27.314580495736806,27.066709942545373,22.255959455127396,29.043556874803954,22.44378973671006,25.743673305757007,6.599767138093897,28.383580160994565,51.49650334823809,51.221562817409385,45.82707493566316,0.5773821808630564,53.372093023255815,29.043556874652197,24.145888631847914,53.372093023255815,54.387603452640064,22.36434108527132,22.267441860465116,22.189922480620158,22.093023255813954,IMG_00295.png,17.2,lumify_png,24.017385231321953
1,2.0,19.68895550174944,19.830142166273514,21.144399770855983,21.314169846159604,22.559254843610635,22.753204454949266,2.030379421259271,0.8926828674164824,-1.2573236107636483,7.236401903926036,14.0,13.362403681615405,13.345817800324044,13.530496620077571,13.530496620077571,64.15333857682165,64.07893027064166,60.59891631713001,14.0,-1.0,10.5,14.0,13.887289494258425,13.887289494258425,10.702806638118204,15.720946608948056,11.30379376144713,13.512370185197593,4.417152847500926,15.279231324197964,85.51781812437703,84.7566807666026,73.0897711001153,0.7625460379923451,55.371900826446286,15.72094660905029,17.402592196075517,55.371900826446286,66.21500817365389,19.779614325068874,19.779614325068874,19.834710743801654,19.75206611570248,IMG_00296.png,12.1,lumify_png,12.958253601457614
1,2.0,20.777650463982024,20.80653346451248,22.256223183336147,22.290782836985358,23.655911506658853,23.709670380648543,1.4234119482343295,1.4797249679017352,3.1897030814023504,3.190919054225878,15.0,13.840494268703708,14.913639538304302,16.073560664360343,16.073560664360343,87.11779627686313,75.28104984533915,75.28104984533915,15.0,-1.0,13.5,15.0,17.432959847429515,17.877813004814755,11.710584857521553,19.912191823589545,7.653080442887015,13.782636133238281,12.259111380702532,18.686280685519293,93.69230643157385,87.19792859585483,60.995896032256454,0.736345453233663,68.7603305785124,19.9121918235827,13.59545938452144,68.7603305785124,88.37535048541422,20.798898071625345,20.798898071625345,20.826446280991735,20.90909090909091,IMG_00297.png,12.1,lumify_png,17.937430347013674
1,2.0,22.757100592315805,22.794193025868303,24.327682979953977,24.355970746020773,25.936308389223203,25.95139122168976,1.5374021721947178,1.619796023626743,-5.586299654852733,-2.761698581068757,13.0,23.865092951971093,23.063076063884232,23.25204020669736,22.0884712968178,59.50966186782194,62.04590364515748,62.04590364515748,13.0,1.0,21.5,13.0,24.45144037142896,25.081232544757228,22.674818716275666,23.77795825637785,23.490290028241706,23.634124142309776,0.28766822813614434,23.749191433564235,56.66608966288083,56.66540766116769,56.34236546301824,0.7888199182822099,63.96694214876033,23.777958256323377,22.182346420423777,63.96694214876033,60.168275673320565,22.78236914600551,22.78236914600551,22.78236914600551,22.727272727272727,IMG_00298.png,12.1,lumify_png,25.081232544757228
1,2.0,19.669808505633224,19.705833847262706,20.949743602626825,20.989168466745195,22.23243747846358,22.27552273093835,1.2078869215525174,1.3618019621231243,9.341012899924682,3.512312255420935,9.0,29.538210069258213,29.272004342702875,29.67013272532796,29.67013272532796,43.753831899974465,43.753831899974465,46.08245446767065,9.0,-1.0,28.5,9.0,29.923495993935575,29.116696931955772,30.055418650005322,27.70217775407726,32.245885379895356,29.974031566986305,-4.543707625818098,28.15654851665907,39.25391913125514,39.18158146956811,42.108911103438665,0.7835528902574646,52.13333333333333,27.70217775384839,26.84341096636281,52.13333333333333,43.35123334660575,19.733333333333334,19.711111111111112,19.733333333333334,19.733333333333334,IMG_00299.png,15.0,lumify_png,27.184213439167877
1,2.0,16.158887545114375,16.18120772340972,17.780902289438174,17.801717467877587,19.427910459962636,19.445881641319676,1.388560286041537,1.8761136318684206,-1.1165158434527416,2.771016259169267,10.0,15.383936913934647,15.16997747908586,15.291003844993327,15.571685694002554,78.6446625939595,79.77479421738803,79.77479421738803,10.0,1.0,13.5,10.0,14.534988425667848,14.296814072881944,,14.076198149624142,15.433832459390922,14.755015304507532,-1.3576343097667805,14.21196158060082,63.56126530682052,63.51682337751179,66.51348549722607,0.4045342414427451,90.93333333333334,14.076198149495402,13.069888343840123,90.93333333333334,71.53500520688631,16.22222222222222,16.244444444444444,16.155555555555555,16.133333333333333,IMG_00300.png,15.0,lumify_png,14.815670274677075
1,2.0,19.45573687273818,19.4579140966955,20.502238791884743,20.503812244260473,21.573865390126784,21.57472918809426,1.2335839910904343,0.8832311003083291,-2.3828064415668684,0.7098227274196729,10.0,19.87604256243479,19.474376106205643,20.02092936255295,20.02092936255295,51.96217855480356,51.295682748993244,51.295682748993244,10.0,-1.0,17.5,10.0,20.15472303704513,21.609482963646883,20.444496637281446,21.35187089234197,17.083786307224287,19.21782859978313,4.268084585117685,20.925062433830202,59.35172968879972,59.11102559001602,53.43945336978512,0.6078084221830777,49.75206611570248,21.351870892408375,20.626011599713532,49.75206611570248,55.23377950891362,19.53168044077135,19.53168044077135,19.44903581267218,19.50413223140496,IMG_00301.png,12.1,lumify_png,21.609482963646883
1,2.0,20.665269094261976,20.835595602941265,21.6462251818396,21.836144786990054,22.63932683576541,22.848400464841077,1.0768776590152254,0.935927202884587,6.57057752538475,7.562228966783043,17.0,19.367790434338048,19.280995603086662,19.214688080561814,18.960438727190876,60.4827340455983,61.663840901068745,61.84484529125879,17.0,-1.0,18.5,17.0,19.13190363966521,19.539255346812382,20.621810162070688,18.991319089084346,19.87445469961947,19.432886894351906,-0.8831356105351241,19.079632650137857,62.164141346853434,62.153623349038185,63.54358406740532,0.7473298210839903,61.2,18.991319089091338,19.727440564183862,61.2,61.26174511964083,20.733333333333334,20.8,20.91111111111111,20.933333333333334,IMG_00302.png,15.0,lumify_png,19.76509730836179
1,2.0,19.178156232164614,19.190785807846407,20.510479185059946,20.51943988094008,21.798563814846183,21.803992953387958,1.152402027789252,1.460805117752304,4.558247600018119,1.69332981060735,15.0,15.482833497358996,15.297939618638226,15.388269629124437,15.388269629124437,76.54583218369102,78.72226230538715,79.74551321988949,15.0,-1.0,13.5,15.0,16.595510855086616,17.48704104829352,16.206492848200156,16.68548106012066,16.30891475827204,16.497197909196352,0.3765663018486232,16.6478244299358,67.42530968104869,67.42241751007893,66.6828733311882,0.7440346119441704,85.33333333333333,16.685481060067485,14.653845702146597,85.33333333333333,75.68163127792587,19.133333333333333,19.133333333333333,19.155555555555555,19.266666666666666,IMG_00303.png,15.0,lumify_png,17.499905665338417
1,2.0,28.06397979813626,28.07624294853331,29.5334293843525,29.534978409845294,31.00511791520815,31.00590414369355,1.4355068024481068,1.4941543927121284,-0.96049249607819,-0.5868140210150096,14.0,18.66191723049897,19.38715728252846,20.9176888702506,21.534739611491204,86.80443602469862,76.59811380775922,75.83847361024665,14.0,1.0,20.5,14.0,21.36431238611607,20.677436375112904,13.209202957636506,25.359766743866718,12.71114846499769,19.035457604432203,12.648618278869028,24.094904915979818,89.4034638498387,86.06388730375863,65.53810082412187,0.738118602009131,71.2396694214876,25.359766743878055,19.522087154582795,71.2396694214876,83.99915152976064,28.07162534435262,28.09917355371901,28.09917355371901,28.09917355371901,IMG_00304.png,12.1,lumify_png,19.834812889378043
1,3.0,5.3941060486623496,5.395440518549659,6.194788703087578,6.1951405605190955,6.966552208402134,6.966568927071351,0.4522928028093618,1.1188356057123297,5.5968023970333025,0.6106571796791794,0.0,,,,,,,,,,14.5,0.0,,,,,,,,,,,,,,,,,,5.43059593872158,5.396989506114179,5.418073738658096,5.373152445132445,IMG_00305.png,17.2,lumify_png,
1,2.0,18.04977468674155,18.06165733297091,19.2915608633678,19.30315620897844,20.54703728798252,20.558308868708053,1.3914019905039874,1.1052495452331565,0.6432373713709091,-1.9860357364389762,8.0,19.85335305840441,20.18210791077271,20.663907969451174,21.091030585884226,48.57758557237591,47.40049110611321,47.40049110611321,8.0,1.0,19.5,8.0,21.03429981900959,22.571675826615632,16.941941138064408,22.838978658099276,16.191959453035373,19.515469055567323,6.647019205063901,22.174276737592884,54.585791423530154,54.06297575773744,46.53018859514275,0.44843775299185307,46.86046511627907,22.838978658265006,20.904677277857356,46.86046511627907,50.615551242394986,18.06201550387597,18.06201550387597,18.04263565891473,18.02325581395349,IMG_00306.png,17.2,lumify_png,22.571675826615632
1,2.0,22.43477633845463,22.436042153005644,23.272792540387655,23.274210169802952,24.11622212709182,24.119594073796403,0.7271191849729272,0.9564327358178321,1.7965008578826522,0.6323881405722364,8.0,14.038010449803863,15.327674818916664,13.740697043615882,13.740697043615882,87.68636106008577,88.81245027787017,88.81245027787017,8.0,1.0,12.5,8.0,13.780551998465171,13.780551998465171,13.651759137886984,11.429402996804823,19.67036992867577,15.549886462740297,-8.240966931870945,12.253499689991918,85.69836717453977,83.67461042895907,113.19752294977303,0.6171747835394705,86.01307189542483,11.429402996842285,16.123895650997305,86.01307189542483,80.7707048487021,22.52723311546841,22.483660130718953,22.461873638344226,22.549019607843135,IMG_00307.png,15.3,lumify_png,11.949164973751351
1,2.0,20.649673100297306,20.65781769699047,21.527666477115222,21.533427132231207,22.396788678348475,22.40118936230469,0.7273981661517689,1.015973499162448,-6.277510695703812,-1.3253380688048546,9.0,31.467490267700924,31.0829154405635,31.04344875333669,31.772874376182955,43.00046410888889,43.00046410888889,43.00046410888889,9.0,1.0,29.5,9.0,33.75954937472906,31.800796327738226,30.368105398037244,33.69020046210281,29.32753512708849,31.50886779459565,4.362665335014318,33.25393392860138,39.492855753351726,39.43238326953101,37.15249341340628,0.6797283105978856,45.06666666666667,33.69020046189272,29.160630034108937,45.06666666666667,42.294829462013986,20.82222222222222,20.711111111111112,20.644444444444446,20.666666666666668,IMG_00308.png,15.0,lumify_png,31.800796327738226
1,2.0,13.121027154419266,13.130091614882417,14.026524339187642,14.034342615412955,14.927672470876372,14.93382497310031,0.8073848260190364,0.9963485321988562,-4.343976478124698,-1.9125696579670033,8.0,27.574186129461992,26.384652537464593,27.57965512182028,28.33056371056219,29.94286570953914,30.049854829013004,29.83587659006528,8.0,1.0,25.5,8.0,27.59057326434592,27.59057326434592,28.341481853087828,27.63559810638569,23.614040933397796,25.62481951989174,4.021557172987893,27.2334423890869,30.37227485232584,30.311662909997192,28.261669499951484,0.6481992100511514,32.43781094527363,27.63559810630774,24.51193118028003,32.43781094527363,31.59706856018745,13.117744610281923,13.134328358208954,13.117744610281923,13.233830845771143,IMG_00309.png,20.1,lumify_png,27.59057326434592
