ok,n_bands,mt_inner,mt_inner_vert,mt_center,mt_center_vert,mt_outer,mt_outer_vert,sup_thick,deep_thick,deep_angle,sup_angle,n_fasc,pa_med,pa_wmean,pa_wmed,pa_top5,fl_med,fl_wmed,fl_top5,n_fasc_kept,fasc_sign,pa_orient,v2_n,v2_pa_lowhalf,v2_pa_low3,v2_pa_uphalf,v2_pa_fit1,v2_pa_fit0,v2_pa_fitmid,v2_pa_slope,v2_pa_fit09,v2_fl_curve,v2_fl_chord_mid,v2_fl_chord_deep,v2_fasc_span,v2_fl_stream,v2b_pa_fit1,v2b_pa_fitmid,v2b_fl_stream,v2b_fl_chord_mid,v2_mt_raw_1090,v2_mt_raw_1684,v2_mt_raw_2575,v2_mt_raw_mid,image_id,px_per_mm,family,v2_pa_insert
1,2.0,25.07532357852471,25.08815739958528,26.309176152895333,26.321570995104388,27.573887761744608,27.585927538741256,1.4170245754831488,1.0807455636728223,4.230137487685184,1.758406466337501,30.0,17.07371439876559,17.305539711013438,17.368329913521166,17.86640184355474,90.55586579097724,90.14259237000425,91.85466162182972,30.0,-1.0,16.5,30.0,17.873363878461674,16.761298755534284,16.90440346929742,17.80998083894373,16.991477248697215,17.400729043820473,0.8185035902465142,17.728130479919077,83.79211805247868,83.77687534581786,81.91206887078177,0.7157614117764635,96.50246305418717,17.80998083890749,16.231084392242266,96.50246305418717,89.63377623200012,25.295566502463046,25.172413793103445,25.09852216748768,25.123152709359598,IMG_00001.tif,13.533333333333337,juniper_right_9,
1,2.0,18.04935023994085,18.050273301604676,19.084282934738088,19.084977309360738,20.13024232546925,20.130296947695097,1.2950786646365244,0.7849449814538968,-2.673521085965424,0.4887536831480177,17.0,9.968608979894242,9.514946492748676,9.968608979894242,9.75162481747239,86.50657407618031,86.78605061249893,86.78605061249893,17.0,-1.0,8.5,17.0,10.304828875899375,10.304828875899375,8.23069961033957,11.07196115486872,7.846474826025677,9.459217990447199,3.2254863288430444,10.749412521984418,110.89787537675808,109.81830686677615,93.98035371135214,0.7738961854967401,79.86863711001642,11.071961154894367,10.91759157074734,79.86863711001642,95.29272702728302,17.97482211275315,18.018609742747675,17.99671592775041,17.99671592775041,IMG_00002.tif,15.225,juniper_right_8,11.278146354313435
1,2.0,23.24159141360865,23.248200832866438,24.415131460494266,24.418802529710593,25.619064497199656,25.620008263728515,1.466846164221719,0.9049612666403608,-0.3230785548467518,-0.9935212863835674,18.0,13.068492717236936,13.208996329523478,13.087884926576862,13.764791613167574,99.16558270952737,98.66747925944084,94.66600873998574,18.0,1.0,12.5,18.0,13.0079280886317,12.713491785637132,13.723619193902266,12.248077316450463,14.489271570552743,13.368674443501602,-2.241194254102281,12.47219674186069,100.7717958111713,100.53713524486537,109.57509935331845,0.7865281655447284,105.51724137931032,12.248077316462005,13.910853802170262,105.51724137931032,96.69152703004933,23.201970443349747,23.25123152709359,23.30049261083743,23.349753694581274,IMG_00003.tif,13.533333333333337,juniper_right_9,12.713491785637132
1,2.0,26.609022215925723,26.61463004810934,27.85836393172181,27.87035335263144,29.137028945497153,29.15698305111816,1.3622763004059557,1.1800767026028631,2.993089179208746,-1.6806646538811298,16.0,12.034231137729265,12.42925312878132,11.433258799897914,11.39542555176223,111.17680871806917,125.45687718556526,125.45687718556526,16.0,1.0,11.5,16.0,14.960546998894728,15.357555632103157,11.44205947345742,16.077116988891014,9.821315452783324,12.949216220837169,6.2558015361076915,15.451536835280248,121.13151505072967,118.75421984560252,96.09370425335337,0.8251432638354761,84.23645320197042,16.0771169889371,15.029462327020248,84.23645320197042,102.62130944031436,26.724137931034477,26.674876847290633,26.551724137931025,26.45320197044334,IMG_00004.tif,13.533333333333337,juniper_right_9,15.357555632103157
1,2.0,28.35456560937749,28.379841854862647,29.51662447633548,29.53623820620072,30.723784387244315,30.740488074915444,1.6538150525531108,0.7068311674996877,5.0178790655794705,2.088161912164484,16.0,20.314727961205918,20.65287239552987,20.59315575982754,22.44504589129835,90.65829810969842,89.96685351456725,80.2336055033908,16.0,-1.0,19.5,16.0,19.263834006037285,18.882035520013147,22.62695877290767,16.784389124232845,25.895669584498567,21.340029354365708,-9.11128046026572,17.69551717025942,79.01480020891796,77.82411540680526,98.07203846994615,0.5420056706915044,102.06896551724138,16.784389124198636,20.048039080371794,102.06896551724138,82.61290411771166,28.44006568144499,28.407224958949094,28.472906403940886,28.669950738916256,IMG_00005.tif,10.15,juniper_right_12,19.263834006037285
1,2.0,34.086072145974406,34.12635103168124,35.379836690842126,35.41735714079839,36.67265651454357,36.70076029316096,1.6441126910609503,0.9302965704187687,3.5494306750504205,2.6375574105007153,23.0,19.38166728846386,20.350259822362474,21.264727331932505,21.264727331932505,104.59889097941605,95.98769486391619,95.98769486391619,23.0,-1.0,20.5,23.0,21.260511365785902,17.57253103938683,21.768180785315963,18.181985404532746,22.074034294489124,20.128009849510935,-3.8920488899563797,18.57119029352838,99.32363796448394,99.01904625457153,109.1998546955994,0.7764843677941191,122.5615763546798,18.181985404521477,19.7474182694136,122.5615763546798,100.84906979988574,34.15435139573071,34.08866995073892,34.220032840722496,34.285714285714285,IMG_00006.tif,10.15,juniper_right_12,21.260511365785902
1,2.0,28.379901867644758,28.38073934624838,29.67208051592281,29.67359879016605,30.952913572135824,30.95442738079735,1.3844450075225427,1.1892430270264267,-0.5146238469439646,-0.5796014777338435,16.0,19.197862178099015,19.89363830985274,19.95016271553584,19.95016271553584,86.03190700244215,83.03236632263412,83.03236632263412,16.0,1.0,18.5,16.0,20.60222436909629,21.58764187769532,18.878757888634254,23.08170938492875,15.803451011370257,19.442580198149503,7.2782583735584945,22.353883547572902,86.2578866062487,85.25809023442122,72.38783991476484,0.6462717902822868,81.871921182266,23.08170938492223,19.28198383632574,81.871921182266,85.94084242560454,28.596059113300484,28.399014778325114,28.30049261083743,28.22660098522167,IMG_00007.tif,13.533333333333337,juniper_right_9,20.60222436909629
1,2.0,29.387893045255545,29.39685775337592,30.389775367804248,30.400117345621776,31.434546245819085,31.443464469756254,1.1197147249392811,0.9268919914410569,1.6989884912491533,-1.4945626130566996,19.0,20.067305892756394,19.69917967329626,20.189180488971374,20.526515749832924,81.62914007817756,77.06393806121378,77.06393806121378,19.0,1.0,19.5,19.0,20.213560580030247,20.440199093815806,21.087100483314032,20.995361103529714,19.079956641840393,20.037658872685054,1.9154044616893198,20.80382065736078,85.85988748607699,85.79565467208283,82.0470350917425,0.7972892901581666,75.66502463054185,20.99536110355529,21.536912571677963,75.66502463054185,80.07839957056238,29.556650246305413,29.433497536945804,29.33497536945812,29.33497536945812,IMG_00008.tif,13.533333333333337,juniper_right_9,20.440199093815806
1,2.0,18.141900149447693,18.148065882479667,19.1152073590313,19.124606742923383,20.124679700086624,20.138312301205673,1.3773339696275495,0.6129124490984548,2.4218685095868553,-1.7964240313201605,23.0,8.754681237712418,7.992507681342987,7.175412897971228,7.158198035569967,99.31017585145075,103.17280135325197,117.02711694073646,23.0,1.0,7.5,23.0,9.586197319423945,9.586197319423945,7.45568449135294,10.81223677603873,6.0697278037035645,8.440982289871148,4.742508972335167,10.337985878805215,127.03841998616349,123.63047552122103,96.74121517581365,0.8347637465415421,89.1935483870968,10.812236776058526,10.249960947134259,89.1935483870968,101.98661192264503,18.231780167264045,18.106332138590208,18.085424133811234,18.189964157706097,IMG_00009.tif,15.94285714285714,juniper_right_7,9.586197319423945
1,2.0,19.41635813512516,19.440638008858286,20.40193751595921,20.425430284311137,21.42859615186561,21.451810411518807,1.1551209425313074,0.8560514601292132,-2.6918301050809896,-2.7482786005942734,26.0,14.559058447047747,14.329039892361982,14.70157418656359,14.70157418656359,76.49176778063236,75.71740818869284,75.71740818869284,26.0,1.0,12.5,26.0,15.22255689226526,14.989388806579882,13.05897341977672,16.380963694956364,11.713395533092825,14.047179614024595,4.667568161863539,15.91420687877001,80.73875467071392,79.99664798121745,68.84853235156014,0.7312971490860496,74.2200328407225,16.38096369495728,14.076334366226304,74.2200328407225,79.83429645549258,19.485495347564314,19.46360153256705,19.397920087575258,19.441707717569788,IMG_00010.tif,15.225,juniper_right_8,15.379943724432394
1,2.0,18.041286612839308,18.043932512251285,18.81482378284594,18.818153011715136,19.625688612744167,19.630299178230043,0.8444270662437061,0.7419395997350565,0.38571996481075516,-1.0777731535359445,28.0,13.920022849840066,14.193468033046484,14.614548045528153,12.750124289594652,72.78871907861415,68.08220966030497,77.53634092581244,28.0,1.0,12.5,28.0,15.022703171892317,15.059878918518422,13.421385662643615,15.696050143100265,12.273006945046921,13.984528544073594,3.4230431980533442,15.35374582329493,75.03872393490947,74.66571346700296,66.69661507466407,0.8750295202520514,67.52052545155993,15.69605014310775,14.679510047631078,67.52052545155993,71.20304543972834,18.149972632731252,18.0623973727422,17.97482211275315,17.66830870279146,IMG_00011.tif,15.225,juniper_right_8,15.758894426929345
1,2.0,20.012174884266848,20.016468607176353,20.912913572478466,20.92101228151681,21.90478871689939,21.918250735367902,1.2771829153604308,0.6245992128311191,-2.818430625049545,-1.5942931941614626,31.0,13.577198092872408,13.533479352563749,13.38151269501509,13.38151269501509,92.81468365034013,94.64373351268667,96.46247763539797,31.0,1.0,12.5,31.0,13.39821924756157,13.513017464702841,13.614172392033765,13.446474015296934,13.090355724157149,13.268414869727042,0.35611829113978494,13.410862186182955,87.16418534349701,87.15899188622889,86.02567498143661,0.8852841829406616,99.57307060755336,13.446474015284576,12.44423416631776,99.57307060755336,92.83125677045378,19.945265462506843,19.98905309250137,20.098522167487687,20.098522167487687,IMG_00012.tif,15.225,juniper_right_8,13.837361040264625
1,2.0,22.289006206938147,22.353618922920855,23.63443416468626,23.69218890468315,24.918451126123735,24.983656996609025,1.6068109529552608,1.0232271207329042,5.050313053060313,4.001447439148352,26.0,9.215198328722366,9.212634426659772,8.97615038611329,8.97615038611329,140.95201862281704,143.58540839368385,143.58540839368385,26.0,-1.0,9.5,26.0,10.220310607192118,10.264756710832955,9.224710286433606,10.399787392848578,8.499933026606104,9.449860209727342,1.8998543662424743,10.20980195622433,136.1246018930976,135.6663300103453,123.39273334611865,0.8495092871673062,136.32183908045977,10.399787392838315,8.979123450260749,136.32183908045977,142.71575143362378,22.298850574712645,22.337164750957857,22.45210727969349,22.758620689655174,IMG_00013.tif,8.7,juniper_right_14,10.869072178183842
1,2.0,24.8529064206913,25.102464039936965,26.4051014133151,26.64418222256291,28.136874548009548,28.397043226382614,1.927515882948675,1.3670633034969724,-2.8227212761422056,-7.681288446495433,20.0,11.837472982130862,11.878583294349552,12.300966316064972,12.300966316064972,109.31960442560695,111.42299067658831,113.20259176599073,20.0,1.0,10.5,20.0,13.699999061411859,13.699999061411859,11.296394452830981,14.026123218259611,10.840813875161588,12.4334685467106,3.1853093430980235,13.70759228394981,116.70539714578283,116.06837567783167,103.11006319468245,0.7872009484231879,82.00328407224958,14.026123218308271,15.098399389322912,82.00328407224958,95.93992166248712,25.07662835249042,25.016420361247945,25.13683634373289,25.377668308702788,IMG_00014.tif,11.072727272727274,juniper_right_11,13.699999061411859
1,2.0,23.0352535874841,23.222506378483747,24.26910699138852,24.46628013690248,25.481612947554325,25.68260784142202,1.2917746443049745,1.168326818633303,4.492266189783239,7.278965090692599,18.0,11.652627645348915,11.030338744557321,11.146226448919805,11.146226448919805,108.1850725811439,109.6963140097131,115.3865569503367,18.0,-1.0,9.5,18.0,13.803218568767079,13.950298284363043,9.348009627373472,15.245355216271438,8.69835645931802,11.97185583779473,6.546998756953418,14.590655340576095,114.23125820784512,111.34164982406949,87.83216379976709,0.7370476922018165,83.15270935960591,15.245355216296677,13.263225363929768,83.15270935960591,100.66786281771942,23.41543513957307,23.15270935960591,23.251231527093594,23.34975369458128,IMG_00015.tif,10.15,juniper_right_12,13.950298284363043
1,2.0,26.232669073236444,26.255481483743132,27.511398630339126,27.54045476470862,28.84793167542573,28.885074144600974,1.4395584664453018,1.1900341944125425,2.3735373475307573,2.6321412089165044,29.0,17.271669923167195,17.26227197424833,17.271669923167195,16.14315856209717,87.96071180208507,87.96071180208507,93.70534308196449,29.0,-1.0,16.5,29.0,17.48121197716415,17.48121197716415,17.72387285915528,17.258459988208152,16.961432123512928,17.10994605586054,0.297027864695222,17.228757201738627,89.15998713361496,89.15777724173014,88.41359618623864,0.822568192635964,89.45812807881774,17.258459988206813,17.01270978714067,89.45812807881774,89.65216582311669,26.272577996715928,26.20689655172414,26.185002736726876,26.14121510673235,IMG_00016.tif,15.225,juniper_right_8,17.48121197716415
1,2.0,22.391540569855582,22.39532098111301,23.570628778926547,23.59245331172772,24.739963584781727,24.789937862193995,1.5219609884017855,0.8726558926791924,1.2983839523221723,2.464660135826968,20.0,16.31958311029662,16.544442735761447,16.681384500217717,16.681384500217717,79.78358063139035,78.61238537622023,78.61238537622023,20.0,-1.0,15.5,20.0,16.943494328283748,16.943494328283748,15.386765705189703,18.157592688107243,13.840021926342283,15.998807307224762,4.3175707617649595,17.725835611930748,81.72725139708854,81.23442052073284,71.8463955076028,0.6787626216282621,79.47454844006569,18.157592688100543,15.75821998664027,79.47454844006569,82.4425099205927,22.506841817186647,22.441160372194858,22.33169129720854,22.33169129720854,IMG_00017.tif,15.225,juniper_right_8,16.943494328283748
1,2.0,25.233748088052387,25.23642792030312,26.61971557723284,26.621878604440802,28.03108676790672,28.03307163471358,1.4033503119851525,1.393293402425299,1.4032422525350483,0.7303856174650073,22.0,15.195580934337784,15.433011332522728,15.429267554024506,13.9090900488807,96.01609152294027,94.8495602249845,105.0582492968336,22.0,-1.0,13.5,22.0,17.19283048089889,17.19283048089889,14.609565663593798,17.87447766502925,14.12372485410709,15.99910125956817,3.7507528109221595,17.499402383937035,91.94944826654128,91.53153364680598,82.19433673977902,0.8202681902788843,94.99178981937602,17.87447766501434,15.364737385882105,94.99178981937602,95.21388574236717,25.188834154351394,25.11767925561029,25.11767925561029,25.295566502463053,IMG_00018.tif,9.36923076923077,juniper_right_13,15.082406130809062
1,2.0,26.196237932054903,26.302027964804985,27.771705224275372,27.8708645655568,29.393352859327635,29.481310191906797,1.9543993769446417,1.2248828501571667,7.1623747736414005,4.834572439822687,19.0,15.062275062003067,15.48887147353976,15.413877648980133,14.62873146162599,104.63555141707543,103.71869659326653,103.71869659326653,19.0,-1.0,14.5,19.0,15.270751721004842,15.82155555775256,15.622354307981908,15.643499566195562,15.603763629634498,15.623631597915029,0.03973593656106332,15.639525972539456,97.08046986737041,97.08041810137948,96.96019472316216,0.804835785082766,121.67487684729063,15.64349956616121,14.50848960355478,121.67487684729063,104.36313169289141,26.09172451010052,26.469622331691294,26.469622331691294,26.25615763546798,IMG_00019.tif,9.36923076923077,juniper_right_13,12.932444917021144
1,2.0,18.670922838029238,18.670932492579883,19.808672189741564,19.808697747484004,20.982115085524185,20.98234733523828,1.4025637727357552,0.9088510699226436,-0.10925602787238582,0.09203880236856808,22.0,10.91139524407484,10.999017905292229,10.758332472944545,10.750175989212607,98.03694207270033,98.98211538109716,98.98211538109716,22.0,-1.0,10.5,22.0,11.104515960563617,10.964423516425654,10.066072658344467,11.228423247538988,11.177704748560666,11.203063998049826,0.050718498978321376,11.223351397641155,96.10000404824405,96.09984073887446,95.88557672469992,0.7689046725645479,105.35303776683087,11.228423247537615,11.125513123135377,105.35303776683087,96.76118035898311,18.697318007662837,18.67542419266557,18.58784893267652,18.65353037766831,IMG_00020.tif,15.225,juniper_right_8,11.104515960563617
1,2.0,17.70399761296533,17.70438819802605,18.934771620926984,18.936743478554273,20.20673406788915,20.211549861967505,1.3913103982359185,1.1158512657055395,5.369375772249634,-0.8268496142148009,20.0,7.850443411035414,9.157294094595299,8.53749484661634,8.53749484661634,88.79878398934603,77.04682479731312,77.04682479731312,20.0,1.0,7.5,20.0,8.649271298274385,9.647871884407579,7.82302303036866,10.679482794661515,5.440569469962275,8.060026132311895,5.23891332469924,10.155591462191591,130.89327205198654,126.15571651721879,95.45033577049034,0.8009159738878562,72.64367816091954,10.67948279470606,10.879298121719529,72.64367816091954,93.71778377728792,17.84345922276957,17.71209633278599,17.66830870279146,17.60262725779967,IMG_00021.tif,15.225,juniper_right_8,8.649271298274385
1,2.0,23.385776658768034,23.41206191672267,24.42529721294864,24.453557432850612,25.525727495532475,25.553218787113362,1.116331084201934,1.0248257861887589,3.0639692957651907,2.7548389112947014,19.0,18.07100331159097,18.60754294028717,18.07100331159097,18.07100331159097,76.5883531820943,76.5883531820943,76.5883531820943,19.0,-1.0,17.5,19.0,18.312772005051784,18.026780726270715,17.908626469595163,18.11358453638321,19.169520478229717,18.641552507306464,-1.0559359418465069,18.21917813056786,73.17114086623445,73.15187837254011,75.20943439234001,0.769118698793986,77.01149425287356,18.113584536373693,18.48931896535704,77.01149425287356,73.73286880638358,23.700054734537495,23.50848385331144,23.23481116584565,22.742200328407225,IMG_00022.tif,12.18,juniper_right_10,18.026780726270715
1,2.0,22.574500643338528,22.640137597843776,23.67078885201568,23.734842514576602,24.81243872205992,24.87631232079296,1.1619437351965203,1.074230987752662,-3.021891180319737,-4.210310789760989,21.0,15.344797442280253,15.11452816717529,15.349881487067165,15.349881487067165,84.7702301303155,81.08988859117508,81.08988859117508,21.0,1.0,13.5,21.0,15.769125535849582,15.879769500742384,15.248660718639826,16.288726783684687,14.324723147790937,15.306724965737812,1.9640036358937498,16.09232642009531,85.70583025150187,85.58932860729482,80.55682918354056,0.8039818353978847,77.83251231527093,16.288726783699833,16.028352317193495,77.83251231527093,81.8302916742137,22.879036672140124,22.769567597153802,22.495894909688015,22.167487684729064,IMG_00023.tif,12.18,juniper_right_10,15.769125535849582
1,2.0,26.83375108648409,26.842258852393613,27.834861237750296,27.843340979055935,28.855788325179496,28.864508757452796,1.1618205533412045,0.8604293517179878,-2.281756974673425,-1.4140972628029445,33.0,16.751191895795188,16.71041253018984,16.802303373363316,17.786554819273363,95.7447293619702,95.7447293619702,88.73820770698494,33.0,1.0,15.5,33.0,17.422958241094307,17.422958241094307,16.61476438651715,18.299215817038455,15.65550507863679,16.977360447837622,2.6437107384016647,18.03484474319829,92.05911456897549,91.87518054427746,85.44184427171191,0.8900899747498517,97.86535303776684,18.299215817030902,16.486957671733347,97.86535303776684,94.52875373686521,26.863711001642038,26.81992337164751,26.798029556650246,26.666666666666668,IMG_00024.tif,15.225,juniper_right_8,18.888544335515093
1,2.0,24.374985013187864,24.379107536204227,25.764535364244786,25.764942010850774,27.10866106915242,27.10891905498096,1.871196020315459,0.8586154984612814,3.8745194410388195,-0.3219083134572614,16.0,10.915260776194089,11.009676007573795,10.673624698038225,10.592853199317062,98.67804935801594,101.0871606293346,105.5329691605837,16.0,1.0,10.5,16.0,10.902307715174032,13.105523417909609,9.029287092666408,12.46804425132234,9.218903716688752,10.843473984005545,3.2491405346335878,12.14313019785898,130.53377938792602,129.55569506766315,112.8922060301376,0.8623621554289291,88.53858784893268,12.468044251381896,13.193241484233226,88.53858784893268,106.7880072137502,24.324028461959497,24.389709906951285,24.455391351943074,24.63054187192118,IMG_00025.tif,15.225,juniper_right_8,10.73072133221362
1,2.0,25.973947469094345,25.974110783800377,27.501293042909232,27.502134797751854,29.03866322911225,29.040427102537755,0.9103519228640283,2.1559643958733443,2.916691989111691,-0.4482789505431744,25.0,14.683753811260686,14.569552285598837,14.621262022310589,14.430477302045631,92.332155076306,96.79605348064565,96.79605348064565,25.0,1.0,13.5,25.0,14.313319284747053,14.313319284747053,14.50410400501201,15.322843295799252,13.714040045922289,14.51844167086077,1.6088032498769627,15.161962970811555,103.68341211276214,103.57820433683268,98.26089216694787,0.6688569491815537,85.38587848932677,15.322843295822173,16.13695648793433,85.38587848932677,93.42562442712209,26.119321291735087,26.09742747673782,25.70333880678708,25.61576354679803,IMG_00026.tif,15.225,juniper_right_8,13.000689418955943
1,2.0,22.06693469542178,22.067238714585518,22.883330267219677,22.88388039375679,23.73393482672721,23.735117107363788,0.6603480986719032,1.0075302941063689,1.7344353475986176,-0.39728755699034884,24.0,14.034712805853857,14.352931352505237,14.39546161254944,14.166145948279706,85.80783164552653,84.60332354262302,84.60332354262302,24.0,1.0,14.5,24.0,16.04994815048002,16.13905705143327,14.350954001640105,16.404048944120014,13.103129075832268,14.75358900997614,3.300919868287746,16.073956957291237,87.00863562891938,86.64790355834879,78.13474205941698,0.7951323041868457,75.40229885057471,16.404048944133294,15.6678251488963,75.40229885057471,81.70773297061908,22.09085933223864,22.047071702244118,22.09085933223864,22.13464696223317,IMG_00027.tif,15.225,juniper_right_8,16.04994815048002
1,2.0,22.220268151362767,22.221432664026437,23.111661858910086,23.11224492060664,23.993766875332412,23.994034793266405,0.7600541827023972,1.0125479465375713,3.3679609356125697,0.4069815614552737,30.0,12.50345956938203,12.798734137597718,12.79675493783472,12.79675493783472,87.30933659409669,85.12971876767006,85.12971876767006,30.0,1.0,11.5,30.0,12.759902248392734,13.030695333421534,14.983774352072658,12.16286519867641,15.02951144339895,13.59618832103768,-2.8666462447225403,12.449529823148664,94.82787317744953,94.47831214999941,105.41358162815658,0.7052900461655819,91.82266009852216,12.16286519868661,14.86990970142487,91.82266009852216,86.54534811121557,22.112753147235907,22.13464696223317,22.26600985221675,22.52873563218391,IMG_00028.tif,15.225,juniper_right_8,13.030695333421534
1,2.0,22.965530289642768,22.98417464632615,23.8939091804517,23.914600264236906,24.869895106864366,24.891796928420273,1.0548209148193557,0.8528013672747707,0.27392896019464985,-2.3835760047530288,28.0,13.160581080227175,13.427163518345246,13.876535673445261,13.116599409965573,87.41556657889183,86.97819642452943,86.97819642452943,28.0,1.0,12.5,28.0,14.378102088867138,14.378102088867138,12.919789419586834,14.935477709689799,12.132665658849973,13.534071684269886,2.802812050839826,14.655196504605817,98.53947189039414,98.18904004938625,89.15705493893078,0.7618244547020573,86.17405582922825,14.935477709704356,14.57422753481898,86.17405582922825,91.31732701759957,23.054187192118228,23.0103995621237,22.966611932129176,22.857142857142858,IMG_00029.tif,15.225,juniper_right_8,15.100113553424563
1,2.0,17.007270611135148,17.01096046386807,18.245473858222372,18.24797273029044,19.527419263882006,19.529091948948714,1.6935037554543526,0.8246277296262902,-0.1399612557841577,0.9482160148784783,22.0,7.684171946179035,8.256035554720146,7.96549815552558,8.045968392425209,122.67643486804317,113.86670393917971,113.86670393917971,22.0,-1.0,6.5,22.0,9.493084634616025,11.392108427121798,7.692893475183951,9.365729355248511,6.466564885224244,7.916147120236378,2.8991644700242682,9.075812908246085,124.91865706410977,123.51227297435008,104.52870541589394,0.8702478133826486,87.7504105090312,9.365729355262173,8.71912946492519,87.7504105090312,112.21367516028835,16.977889223129125,16.902025177887246,17.05528188286809,17.142857142857142,IMG_00030.tif,15.225,juniper_right_8,4.946524647114302
1,2.0,16.754752470404863,16.778142112917024,17.937647718260138,17.95956898053822,19.154792372828357,19.175605737941563,1.6745127546736533,0.722950870350889,-0.6136209150116086,-2.8311745066627476,16.0,9.856695699159545,9.982913534186514,10.286906362036746,10.678626835621145,90.45957708065598,82.53505865552256,81.28407596315772,16.0,1.0,9.5,16.0,10.59061728901753,10.59061728901753,10.19889681543313,9.62047685973582,10.19081034364296,9.90564360168939,-0.5703334839071408,9.677510208126533,97.51253102802848,97.48568572216705,100.34689495122065,0.8291533117240784,79.21182266009852,9.620476859754884,11.155695191453134,79.21182266009852,86.67796873127521,16.72687465790914,16.77066228790367,16.814449917898195,17.142857142857142,IMG_00031.tif,15.225,juniper_right_8,10.59061728901753
1,2.0,27.15013632029608,27.15128335482549,27.88783205895082,27.88801481562618,28.683044598890145,28.68305579000619,0.7595970174393678,0.7721754177413366,-0.21914087279686698,0.20742719363259893,30.0,14.220130630412115,12.755948455917709,14.287611558119295,14.287611558119295,107.05241879334362,107.36014868264851,107.36014868264851,30.0,-1.0,13.5,30.0,15.860826622755951,17.97529091711752,11.44698345506663,19.827319651660513,7.443552853544843,13.635436252602677,12.38376679811567,18.588942971848947,124.17216154036544,115.1723259138637,80.04768024304448,0.7893195990043296,95.89490968801314,19.827319651663448,13.947738904216486,95.89490968801314,112.64295629316551,27.060755336617405,27.104542966611934,27.192118226600986,27.323481116584567,IMG_00032.tif,15.225,juniper_right_8,18.59107890398579
1,2.0,22.62925608097934,22.630119079582634,23.77694283876204,23.777330729568302,24.981437229162868,24.981479940001655,1.375627929232175,0.975732931186845,-2.028292425907149,0.32727393208353817,25.0,12.321370328950934,12.729501479539772,12.203853599639274,12.203853599639274,89.31070281867981,91.97014045868589,91.97014045868589,25.0,-1.0,11.5,25.0,13.239616438467976,13.701085701932357,12.012670481245323,13.519586307230236,11.435422886632923,12.47750459693158,2.0841634205973136,13.311169965170505,104.9764036748413,104.73346176193101,96.79416718035904,0.8441442156739001,86.4367816091954,13.519586307244502,13.699823423962634,86.4367816091954,95.544611878938,22.725779967159276,22.68199233716475,22.61631089217296,22.52873563218391,IMG_00033.tif,15.225,juniper_right_8,13.415514027601773
1,2.0,30.704708696622088,30.721678708526284,31.97384415800206,32.001721874991965,33.2260756411795,33.268783803477575,1.34423457237559,1.2028705225757053,-1.1174450743215236,-2.391724166734696,30.0,14.477969421536272,14.371790601730954,14.588257170629163,15.386099431411253,118.78176069361155,117.93166208307458,114.19184747642204,30.0,1.0,14.5,30.0,13.56857800797249,11.465034826295351,15.26587470195716,13.075206871789636,15.13815278473372,14.106679828261678,-2.062945912944085,13.281501463084043,126.23193052888918,126.00858051139656,135.75499885826702,0.8326004955373761,126.10837438423646,13.075206871797802,14.560309237685736,126.10837438423646,122.16372378790315,30.89764641488779,30.73344280240832,30.678708264915162,31.198686371100166,IMG_00034.tif,12.18,juniper_right_10,10.908628907118839
1,2.0,18.19064187629713,18.19076756096531,19.31839913002052,19.31847003529638,20.490646291879926,20.49066832713694,1.1562906404364184,1.1436101257352158,-3.6413257253118743,0.15523536754251815,23.0,9.514498529518335,9.460308447692563,9.425194998755813,9.152637886396406,95.56515073883051,95.56515073883051,96.74864894361616,23.0,-1.0,8.5,23.0,10.062209497051185,9.413846051401379,9.365763900055526,12.94645526823503,6.593193402090302,9.769824335162665,6.353261866144727,12.311129081620557,111.18083223885817,107.15874267497176,81.1631389499184,0.7501668483948067,81.70771756978654,12.94645526827808,11.566376719056587,81.70771756978654,90.69099699014549,18.32512315270936,18.281335522714834,18.12807881773399,17.99671592775041,IMG_00035.tif,15.225,juniper_right_8,12.861960944470752
1,3.0,23.589856925042408,23.59761786236925,24.724805037909398,24.733086158017766,25.866926867948184,25.875632098933803,0.9744570173143071,1.303557219250245,-8.53954144262215,-1.4827063077506624,15.0,21.192844950292795,20.849963076712324,21.192844950292795,21.192844950292795,86.58595991312379,85.08077971376726,84.38763195679172,15.0,1.0,19.5,15.0,20.229801517273614,19.504141009768944,20.995593107194168,20.499823012058606,20.899873879318452,20.699848445688527,-0.4000508672598479,20.53982809878459,66.51689799979367,66.51486768600884,67.13554136950877,0.7128809642811107,98.8009592326139,20.499823011980013,17.263458636089773,98.8009592326139,79.22462787351175,23.541167066346922,23.621103117505996,23.621103117505996,23.621103117505996,IMG_00036.tif,16.68,gray853_a,20.229801517273614
1,3.0,12.54524413605148,12.577593872155607,13.415028572561775,13.453982919200241,14.225303620632133,14.267210488037163,0.7251711769758428,0.964445438905714,-7.869036448552473,-4.361089498345891,12.0,16.809219918581277,17.600711142343915,16.578588442912945,16.578588442912945,49.29896897525744,48.32020583377321,48.32020583377321,12.0,1.0,17.5,12.0,19.499740604064016,20.080913453354754,16.638965208261567,21.24044344352146,13.364939099745474,17.302691271633467,7.875504343775986,20.45289300914386,42.79535102447726,42.055842065904244,34.526188835030425,0.48849393527255464,52.33532934131737,21.240443443398053,15.393105442974996,52.33532934131737,47.12263380199568,12.83433133732535,12.654690618762476,12.634730538922156,12.694610778443113,IMG_00037.tif,16.7,gray853_b,19.499740604064016
1,2.0,15.205285265261473,15.209213814430715,16.171838792532668,16.175413460140845,17.17028426185455,17.173793394521283,0.7984433087788753,1.166136271311694,-10.556608851088718,-1.204580326370885,10.0,21.11772650235895,20.801605387882436,21.286608528274655,21.286608528274655,64.27926028890133,62.27072370999636,62.27072370999636,10.0,1.0,19.5,10.0,21.290296386532418,21.988198504731997,22.19570297938344,22.404865565749184,18.522071993970847,20.463468779860015,3.8827935717783357,22.01658620857135,43.398521412124346,43.27046537601853,39.68997969326385,0.496772235476754,77.6978417266187,22.40486556557388,15.83446840445728,77.6978417266187,55.44177952158114,15.207833733013588,15.227817745803357,15.227817745803357,15.167865707434053,IMG_00038.tif,16.68,gray853_a,20.952532334701004
1,2.0,17.826106737754046,17.82815834251328,18.828894520310527,18.830502670446215,19.831035025843004,19.832056329283112,0.461094920158582,1.5428030666112524,6.63607830665307,0.7488124563675083,16.0,17.436227483861032,17.136618550279415,17.342707478235667,18.113898389102786,78.66918842986652,78.42074586801607,78.91763099171699,16.0,-1.0,15.5,16.0,18.205262053976668,18.205262053976668,16.72965691755084,20.0426288488766,14.761323828189502,17.40197633853305,5.281305020687099,19.51449834680789,59.92967366519581,59.4730432296594,51.89911709928529,0.7072554141973302,87.29016786570743,20.042628848683187,14.368856423077885,87.29016786570743,71.6738476232801,17.60591526778577,17.685851318944845,17.845723421262992,17.98561151079137,IMG_00039.tif,16.68,gray853_a,19.074300182998826
1,2.0,18.517125938971724,18.52686529529137,19.55826258904933,19.566142150006208,20.582930384704518,20.588934789792365,1.0575512564910476,1.0045182380099524,-10.974059111679908,-1.6261125949678328,10.0,21.397554444202527,22.28640741877958,21.997713541546972,21.997713541546972,63.85201503239581,63.26447088612236,63.26447088612236,10.0,1.0,19.5,10.0,21.52186124593635,21.52186124593635,22.202129675373385,21.733132189728305,21.935262151246416,21.83419717048736,-0.20212996151810897,21.753345185880118,49.52489474873381,49.52454867106008,49.743621438039085,0.618786176705596,80.719794344473,21.73313218917953,17.51404050759055,80.719794344473,61.20587715686114,18.68037703513282,18.55184233076264,18.380462724935732,18.123393316195372,IMG_00040.tif,7.78,h512,22.683579292092674
1,2.0,21.48593057440113,21.5706527117299,23.367069917179766,23.45240497241946,25.251136284539434,25.336134739575755,2.5390334244698862,1.226448603375973,-5.8763072420400375,-4.889218538103975,6.0,18.501340384052128,19.17147185687086,19.768944495917708,17.233736272186547,70.80746122317287,65.34070377446412,76.27421867188161,6.0,1.0,17.5,6.0,17.37410070937949,17.37410070937949,19.90930893311065,14.542397985078665,23.860404913672635,19.201401449375652,-9.31800692859397,15.474198677938062,66.58534168580061,65.27901159867409,85.5034235895886,0.4367384667227272,77.6349614395887,14.542397984964639,18.73296604240761,77.6349614395887,66.85059135791157,21.80805484147386,21.85089974293059,21.5509854327335,21.59383033419023,IMG_00041.tif,7.78,h512,
1,3.0,21.27566967144426,21.45910106956076,23.841184924006278,23.92927161729836,27.14824235682597,27.170670275610902,4.857802218839245,0.8537669872108951,-9.466705703355926,-4.917692381165723,30.0,17.950444226135048,18.50176881893267,18.56825781016127,18.59999144926178,73.86128142296008,71.34958023892911,68.0559936678935,30.0,1.0,17.5,30.0,18.715028848646824,18.641694625519477,17.891497423856208,19.1090878264061,18.26200048598747,18.685544156196787,0.8470873404186302,19.02437909236424,66.25639028651992,66.2452199438222,64.82997868918994,0.8227094950955169,76.60668380462725,19.109087826386602,17.679762395233848,76.60668380462725,69.883065626223,21.379605826906598,21.422450728363323,21.50814053127678,21.59383033419023,IMG_00042.tif,7.78,h512,20.021880459696888
1,2.0,17.066996354281258,17.13110848366371,18.76336684741391,18.837537487525978,20.44953344782028,20.535728864688434,2.0671174477797214,1.3375029332450026,-11.91789387721079,-5.086091637277622,20.0,21.270362590028455,21.337051305635867,21.37415135396165,21.76899046090338,53.654915985799654,52.95827439918871,52.95827439918871,20.0,1.0,20.5,20.0,21.83576009783249,20.569718239449543,21.034218619630593,21.296510819413093,21.177978864844206,21.23724484212865,0.11853195456888752,21.284657623956207,46.78082281738974,46.780703853314186,46.656544310609995,0.8494488564837318,69.9228791773779,21.296510819336426,17.75163526000359,69.9228791773779,55.57846305264576,17.00942587832048,17.180805484147385,17.26649528706084,17.480719794344473,IMG_00043.tif,7.78,h512,21.83576009783249
1,2.0,16.895733354958256,16.896195198169643,18.107817971943685,18.108262313611235,19.379234268706167,19.38024137618815,1.1996890545934231,1.284357123425085,-11.844248307375658,-0.40138270004881665,19.0,18.367344496696404,18.266416135545374,18.155330743167127,18.155330743167127,79.90220114680767,74.78636023497532,74.78636023497532,19.0,1.0,17.5,19.0,20.10429092982693,20.10429092982693,16.869272462520826,20.746171601769145,16.64729653575487,18.69673406876201,4.098875066014277,20.33628409516772,52.62150497581034,52.41338291724756,47.43147143950516,0.864579048793458,124.16452442159382,20.746171601571998,13.05408048545101,124.16452442159382,74.38585705818505,16.62382176520994,16.83804627249357,17.052270779777206,16.966580976863753,IMG_00044.tif,7.78,h512,18.072062997973774
1,2.0,17.503213166196037,17.510063461141332,18.56376009350689,18.56917452440635,19.603812120506603,19.60933552651545,0.9659371563393933,1.133334909034727,-6.836086045618661,-1.383656514742672,12.0,15.74100193066323,15.63711512856532,15.748481646866935,15.733522214459526,82.9575416043144,77.34070379287924,78.94625660649551,12.0,1.0,14.5,12.0,15.66903735763944,15.598867654873118,15.613827087280526,16.568049176361292,14.469038777686057,15.518543977023675,2.099010398675236,16.35814813649377,65.37284638218426,65.27411764026424,61.24448963244083,0.755333379552562,94.60154241645245,16.56804917623363,12.969197292024106,94.60154241645245,77.81635534971214,17.566409597257923,17.523564695801202,17.566409597257923,17.60925449871465,IMG_00045.tif,7.78,h512,15.598867654873118
1,2.0,12.781541767099881,12.854594843182664,14.269687493073778,14.34670004502264,15.759800406399478,15.8400986318073,1.4283704984704828,1.5571332901541517,-9.960669539847702,-5.939321614379797,17.0,15.39563870471261,14.890176228674898,15.50736904722936,16.044283423568373,59.34707999662873,59.34707999662873,58.040512230651295,17.0,1.0,13.5,17.0,15.735941831656078,12.322630696459385,13.788305136620266,14.681485895935745,14.537238990782399,14.609362443359071,0.14424690515334607,14.66706120542041,50.48160337885533,50.48119708420174,50.23861755712272,0.7898540141692917,67.35218508997428,14.681485895829335,12.825446305710733,67.35218508997428,57.3594728886857,12.982005141388175,12.982005141388175,12.853470437017995,12.724935732647815,IMG_00046.tif,7.78,h512,11.009710839866528
1,3.0,14.64101964866871,14.64319939552221,15.547877460468914,15.54961847541336,16.4401556337686,16.441504626149456,0.6066294737877462,1.1916757568394967,-5.392880402171826,-0.8573991786666239,12.0,13.290856416059256,12.657365776160148,13.215201337035808,11.970211585980167,82.70320456913903,80.02754928742995,74.34820934230589,12.0,1.0,12.5,12.0,13.451847973813841,13.603158131860738,12.206858222758228,13.775825844569447,11.89229331456225,12.834059579565848,1.8835325300071957,13.587472591568726,65.93008040978663,65.81239453186257,61.39155757074498,0.6397435211756285,100.0,13.775825844515001,10.513604543178134,100.0,80.11654344825223,14.648281374900082,14.648281374900082,14.648281374900082,14.628297362110311,IMG_00047.tif,16.68,gray853_a,13.759839101630888
1,2.0,12.475470378666905,12.51563172225129,13.854637389568612,13.899694767128462,15.262419145243458,15.311223031577187,1.4310497223212646,1.3645415870046296,-7.8153372729194155,-4.614613600081434,12.0,14.572192780597987,14.766237646001088,15.133593249636675,14.529866059646395,57.57824406147371,58.79121179638405,58.79121179638405,12.0,1.0,13.5,12.0,15.223555402511323,15.223555402511323,14.514634633240007,16.412016463820063,12.635720483246265,14.523868473533163,3.7762959805737975,16.034386865762684,49.89445454035916,49.61466477471882,44.037703449514744,0.5584549859703538,63.239074550128535,16.4120164637106,12.919443828259457,63.239074550128535,55.65112834397077,12.510711225364181,12.510711225364181,12.339331619537274,12.210796915167094,IMG_00048.tif,7.78,h512,15.223555402511323
1,2.0,15.775893497299469,15.784101134636163,16.878626761821028,16.88974262723483,17.960072016402826,17.974517516276542,0.8733931784784024,1.317023203161976,-5.472634554519688,-2.0788424484229044,15.0,16.900642622798642,17.298369715511843,17.432519500986785,17.432519500986785,64.28980269152764,60.30267259261229,57.84218592954266,15.0,1.0,16.5,15.0,19.03826820596467,17.033881552429392,17.51604139383943,19.037687123200623,16.816218912513047,17.926953017856835,2.2214682106875765,18.815540302131865,51.237275399120534,51.17258911690779,48.288233486077104,0.7861687683606243,65.94724220623502,19.03768712315566,16.07129448887529,65.94724220623502,56.89756833110693,15.72741806554756,15.827338129496404,15.787370103916865,15.647482014388489,IMG_00049.tif,16.68,gray853_a,17.033881552429392
1,2.0,20.41672626518988,20.42886015674653,21.49458674214827,21.508584758567583,22.59002852146416,22.605933772606477,0.9810619583140636,1.1960116575458786,-8.523206663200803,-2.0672286645565303,21.0,19.019446111365113,19.305589813113656,19.08880112769782,19.46905106705094,77.36549232196266,76.01096076295866,64.79800642351351,21.0,1.0,18.5,21.0,18.40502248707034,18.04806041741125,19.594089102423425,17.776903162748383,21.394022679547053,19.58546292114772,-3.617119516798669,18.13861511442825,60.84483341646741,60.67448842363611,66.61672405136719,0.7615799728181587,98.8009592326139,17.776903162691312,16.17982977619376,98.8009592326139,72.98987342956828,20.523581135091927,20.403677058353317,20.423661071143087,20.443645083932854,IMG_00050.tif,16.68,gray853_a,18.04806041741125
1,2.0,14.41271677225524,14.417178662443602,15.498177961136607,15.502944202029704,16.592188760362635,16.596961359274847,0.6535874966500587,1.5261952001811878,-4.4865454396338444,-1.42078924123289,9.0,14.8105127031223,14.039238305842385,13.044368045928422,14.8105127031223,71.21462127866326,71.21462127866326,68.47302553673443,9.0,1.0,13.5,9.0,12.704267694496053,15.666472549154975,12.601234699517562,16.70066182627131,9.917888541997872,13.309275184134592,6.78277328427344,16.02238449784397,63.951612631450516,62.5529254808022,50.10982060700158,0.7071805559398353,75.77937649880096,16.70066182621069,11.948804130984996,75.77937649880096,69.55325355708251,14.368505195843325,14.408473221422863,14.42845723421263,14.568345323741008,IMG_00051.tif,16.68,gray853_a,16.11798980350426
1,2.0,18.173108297362603,18.188629649905412,19.14512969591656,19.157844644144006,20.160436550563723,20.170742170306323,0.7659474897928776,1.2161650306080347,-10.152498250966335,-2.0875920176445444,15.0,21.548714433450897,20.668842754896307,21.414385032196265,20.594819619508485,63.470947161044826,62.9261804283056,61.18596471389159,15.0,1.0,19.5,15.0,20.548782063356896,20.548782063356896,21.502676877299308,20.774567939128445,20.413398290035627,20.593983114582038,0.36116964909281957,20.738450974219163,51.40518546164045,51.403893142763465,50.97656066004549,0.6478405303650018,76.378896882494,20.77456793901159,16.724348293493414,76.378896882494,62.831889076111246,18.005595523581135,18.18545163868905,18.265387689848122,18.585131894484412,IMG_00052.tif,16.68,gray853_a,20.548782063356896
1,2.0,15.686244776985678,15.700197409193118,16.811371674394106,16.824697291801527,18.02715454877616,18.03485286358431,1.0654593267325405,1.2691961276586505,-7.2342882655307195,-2.2805328858657172,14.0,19.428398937201464,19.76106766324917,19.511585180168595,19.511585180168595,57.10733552571327,52.52552916258802,47.85965338836197,14.0,1.0,18.5,14.0,19.461260972433536,18.23002373763012,20.24528373487584,17.812210309885877,21.629281831145168,19.720746070515524,-3.8170715212592885,18.193917462011807,46.50775390638888,46.36473952671756,51.144916781085456,0.6889439714454911,61.990407673860915,17.812210309762605,17.336620481759798,61.990407673860915,52.50309867009279,15.52757793764988,15.627498001598722,15.787370103916865,15.887290167865707,IMG_00053.tif,16.68,gray853_a,18.23002373763012
1,3.0,14.627086253430036,14.634667050850158,15.649581080390158,15.65711576244391,16.66843147437718,16.6757733935868,0.8527871967606571,1.188319145975987,-4.7226971196507375,-1.777590138196376,15.0,14.956205115957658,14.990908610639112,14.956205115957658,16.006264978951947,62.73754388913359,62.73754388913359,65.76826353350737,15.0,1.0,15.5,15.0,15.365887536695965,16.20322246748617,15.1803332079389,13.829695620137215,17.71190793950825,15.770801779822733,-3.882212319371036,14.217916852074318,54.02190841791991,53.75099335645575,61.116020516440045,0.5257691182679377,68.58513189448442,13.829695620082813,14.219519714665154,68.58513189448442,59.47368107985025,14.588329336530776,14.588329336530776,14.608313349320543,14.688249400479616,IMG_00054.tif,16.68,gray853_a,16.23039307093319
1,2.0,16.315122766992864,16.32272539856628,17.522776343858702,17.52884435065955,18.74281749334032,18.74800466128579,0.6572239753848704,1.7680552873346367,-6.565719117280735,-1.507636164392114,17.0,18.523665323078234,18.444809618537334,19.015950921162755,19.015950921162755,62.0238297846103,54.12545592960027,54.12545592960027,17.0,1.0,17.5,17.0,17.648633163542996,16.772608826565715,19.218745231575582,14.903894769839674,22.63141605151385,18.767655410676763,-7.727521281674174,15.676646898007093,51.31589693295939,50.59396122525523,63.28831241833648,0.635156513151315,70.9832134292566,14.903894769765474,16.257798654717437,70.9832134292566,58.142864110676584,16.366906474820144,16.40687450039968,16.326938449240608,16.366906474820144,IMG_00055.tif,16.68,gray853_a,14.016773923589
1,2.0,27.913116175172505,27.914454069359095,29.21275188350859,29.21351103028217,30.536878401018487,30.537330270724855,1.0150193585504317,1.6078568428153235,-2.6433204631811997,-0.41305660207254363,23.0,8.1865719250643,8.27542369425896,8.208016676783359,8.764196646283978,173.22685184556855,161.05227743418655,163.1282709940255,23.0,-1.0,7.5,23.0,7.927505221909655,8.747191670418204,8.666623412849617,9.264775711250014,6.96892856958311,8.116852140416562,2.2958471416669033,9.035190997083323,198.95385858650374,197.62298447248088,173.3128625288572,0.6946090092170994,150.0396510705789,9.264775711276794,9.206816544618203,150.0396510705789,174.39441375604326,27.940787734602168,27.887919640496964,27.887919640496964,27.914353687549564,IMG_00056.tif,12.61,telemed_644,7.927505221909655
1,2.0,27.913680714199312,27.91502746516844,29.210099152079952,29.210869746399514,30.52747051164415,30.527922078559854,1.0148555207544128,1.5980390926369963,-2.6480099812569677,-0.41617811856974946,23.0,8.175245700524982,8.264543601431008,8.21687451611578,8.767455395740825,173.24660448347657,161.15314828251374,163.01412225632234,23.0,-1.0,7.5,23.0,7.922768040602705,8.731534861451678,8.67408497039014,9.249303521861275,6.971432053395725,8.110367787628501,2.277871468465551,9.021516375014722,199.09693605985248,197.78387528675233,173.6037142960967,0.6945069138325657,150.19825535289453,9.249303521887889,9.199651572188978,150.19825535289453,174.53254942064217,27.940787734602168,27.887919640496964,27.887919640496964,27.914353687549564,IMG_00057.tif,12.61,telemed_644,7.922768040602705
1,2.0,27.90422914926719,27.905513013459917,29.202940351291595,29.20369441360859,30.532269816859145,30.532728193609326,1.0201410204936243,1.6070741596557847,-2.6796135217328403,-0.4117402142315785,24.0,8.121879868243155,8.222244099365568,8.15455027152521,8.754113965908374,174.0946604042774,162.62470692412262,162.80369730653172,24.0,-1.0,7.5,24.0,7.8835155775319095,8.720535230798646,8.660848454531788,9.314077938321834,6.8139984378534075,8.06403818808762,2.5000795004684258,9.06406998827499,200.45674536337862,198.8438928455428,172.34737828915056,0.695164759870873,149.8810467882633,9.314077938347868,9.175673206373366,149.8810467882633,174.92427736981168,27.940787734602168,27.887919640496964,27.887919640496964,27.914353687549564,IMG_00058.tif,12.61,telemed_644,7.8835155775319095
1,2.0,27.885565521390497,27.88663394588265,29.19923384524711,29.199966316128503,30.531147273935343,30.531599153417343,1.0307452312865368,1.6142199762481564,-2.657740316049799,-0.4058285020971635,24.0,8.13771663074371,8.295137517213732,8.760112661268153,8.11706195823183,160.49877842620896,158.29278182473396,158.29278182473396,24.0,-1.0,7.5,24.0,8.041945636666128,8.673877083581715,8.64368699467866,9.439415048885952,6.7549858235718485,8.0972004362289,2.684429225314103,9.170972126354542,199.74266787574467,197.9032678402563,169.96620427181782,0.6947725936811032,149.08802537668518,9.439415048911279,9.23350920611632,149.08802537668518,173.72245012712028,27.940787734602168,27.887919640496964,27.887919640496964,27.914353687549564,IMG_00059.tif,12.61,telemed_644,8.000636291642365
1,2.0,27.88757550225498,27.888733415591652,29.202647921882516,29.20340457363987,30.51969507524016,30.520148372563852,1.0305173815081454,1.6008975754640566,-2.715474198798114,-0.4124486134571811,24.0,8.115651750986643,8.350776692970708,8.709700492209578,8.709700492209578,161.7377058900149,157.2474616093025,157.2474616093025,24.0,-1.0,7.5,24.0,8.062836020219322,8.639547567287082,8.628614539174919,9.637479443302741,6.706893745941656,8.172186594622199,2.9305856973610855,9.344420873566634,198.25086915524497,196.11216123819997,166.51588425239072,0.6949752061266943,148.4536082474227,9.637479443328525,9.309411217249282,148.4536082474227,172.32949456551896,27.940787734602168,27.861485593444357,27.887919640496964,27.914353687549564,IMG_00060.tif,12.61,telemed_644,8.062836020219322
1,2.0,27.018464351276833,27.018531260107444,28.168668151756997,28.168978400652314,29.314014430889387,29.31632629167219,1.0256054693533152,1.272189562211426,-6.11503441072252,-0.26891040226161966,11.0,10.007598457450229,10.229325578266188,10.764480789338961,10.764480789338961,133.77790889625354,131.5263242828603,131.5263242828603,11.0,-1.0,9.5,11.0,10.842481676216266,12.247053486152936,9.4757658024173,11.655699310915073,8.974279617509598,10.314989464212337,2.6814196934054757,11.387557341574526,151.526696715753,150.67298117110968,133.5417055960129,0.5870827788199048,98.65186360031721,11.655699311058664,13.269750591141124,98.65186360031721,117.53910141729222,26.883425852498018,26.989162040708432,27.04203013481364,27.279936558287076,IMG_00061.tif,12.61,telemed_644,10.842481676216266
1,2.0,27.02685196097466,27.02702958246172,28.18052600852157,28.180926328580366,29.282393399668138,29.283978249147893,0.9818531440163112,1.2750955226698666,-6.111275927720553,-0.3053965931314145,10.0,9.848248019259984,10.18930083135818,10.729067130028483,10.729067130028483,132.56253210129893,131.3697006997207,131.3697006997207,10.0,-1.0,9.5,10.0,10.82741653010504,12.204174681803806,9.521799288211923,11.587712846839917,8.957248733500297,10.272480790170107,2.6304641133396203,11.324666435505955,152.16512746516028,151.333324334318,134.35309295050644,0.5357810683134566,100.23790642347343,11.587712846985873,13.175082105753134,100.23790642347343,118.40266502407592,26.883425852498018,27.01559608776104,27.04203013481364,27.279936558287076,IMG_00062.tif,12.61,telemed_644,10.82741653010504
1,2.0,27.034281677213354,27.03445980579302,28.173643188480074,28.17434342595086,29.333308692914837,29.33607663639984,1.0439051777876809,1.257711652819148,-6.109697813749083,-0.40395622135504894,9.0,10.202985576200518,10.344557971184862,10.84152264546367,10.73382668601161,131.67510651499452,131.67510651499452,131.67510651499452,9.0,-1.0,9.5,9.0,11.574965494866262,11.574965494866262,9.515625361060643,11.875404729489997,9.059675120368704,10.467539924929351,2.8157296091212936,11.593831768577868,149.4897487801308,148.58774140221612,131.18208428177473,0.5336630646982656,99.2862807295797,11.87540472963722,13.348133233503388,99.2862807295797,116.92951341177628,26.90985989955062,27.01559608776104,27.04203013481364,27.279936558287076,IMG_00063.tif,12.61,telemed_644,10.874346269477769
1,2.0,27.035040060771877,27.035188370478586,28.178417945591843,28.178836639599474,29.31060919738358,29.31290719086737,1.0254293955813993,1.2522894248073806,-6.063665975958993,-0.3123381337110236,10.0,9.681305519246152,10.208588411443715,10.754856150681206,10.754856150681206,132.1589205243165,130.7801589761685,130.7801589761685,10.0,-1.0,9.5,10.0,10.88847070542505,12.374667995558866,9.594546525689793,11.824614630957873,8.856308966491106,10.34046179872449,2.968305664466767,11.527784064511197,151.44312911392026,150.40165519728257,131.744565155163,0.533073263991523,99.44488501189532,11.824614631110212,13.2105958761774,99.44488501189532,118.13125329944006,26.883425852498018,27.01559608776104,27.01559608776104,27.200634417129265,IMG_00064.tif,12.61,telemed_644,10.88847070542505
1,2.0,27.045016196045836,27.045077446671478,28.194730417005104,28.195147935918357,29.343302172033134,29.345609359034952,1.0167480755763123,1.2837838367871708,-6.088901997448592,-0.3118092926763137,10.0,9.54290805035059,10.109341650009801,10.730094880962525,10.730094880962525,135.07697076483043,133.9117254149028,133.9117254149028,10.0,-1.0,9.5,10.0,10.865068029212694,12.241550944049266,9.11407826618938,11.768251842289555,8.730721058990126,10.249486450639841,3.03753078329943,11.464498763959613,152.90205149211639,151.7807723704297,132.4177035935511,0.5386438811609218,99.92069785884219,11.768251842452122,13.165480500201388,99.92069785884219,118.57465745593758,26.883425852498018,27.01559608776104,27.01559608776104,27.200634417129265,IMG_00065.tif,12.61,telemed_644,10.865068029212694
1,3.0,19.041622939244274,19.064442437545466,20.550879849251682,20.578252313602498,22.084516740795877,22.11632464610193,1.4395156853944062,1.612366523162058,1.9200958463715856,2.9555512037079152,20.0,14.690672540455168,14.347996023106353,14.65861957165967,14.722725509250665,71.39642714799854,71.53543749876208,71.53543749876208,20.0,-1.0,13.5,20.0,14.810181275003458,14.343940833411267,12.040887871876294,15.807709145474101,12.447323691016893,14.127516418245497,3.3603854544572087,15.47167060002838,78.40616449146397,78.03827351682389,69.92277025242467,0.6257629249721466,74.89878542510121,15.80770914548943,14.525559655886891,74.89878542510121,75.94394013418005,18.983355825461086,19.073324336482234,19.208277103013945,19.365721997300945,IMG_00066.tif,14.82,left_ticks_800,14.343940833411267
1,3.0,19.05935033345972,19.08204523649454,20.562785036986725,20.589941085481268,22.093698702188473,22.125228898296882,1.436418118306589,1.6067655434957506,1.8590664337414273,2.943005746638123,18.0,14.541029987518783,14.335596869560074,14.301203704444703,14.301203704444703,71.63261892431645,72.98707182720767,72.98707182720767,18.0,-1.0,13.5,18.0,14.45453959441275,14.45453959441275,12.302786885640046,15.968421556758862,12.243595093416136,14.1060083250875,3.7248264633427257,15.59593891042459,78.68373179190958,78.22830776660606,69.30216413438541,0.5374105818464179,75.16869095816465,15.968421556775159,14.517905895819295,75.16869095816465,76.05453970805611,19.005847953216374,19.14080071974809,19.18578497525866,19.365721997300945,IMG_00067.tif,14.82,left_ticks_800,14.45453959441275
1,3.0,19.08159994688137,19.104996586861713,20.55072018319052,20.578575518709872,22.067657330454313,22.10061876199623,1.4229066788648574,1.57271549626966,1.861963798295889,2.9814887408420203,21.0,14.281943368057966,14.127385096550224,14.281943368057966,14.281943368057966,72.9987550947525,72.9987550947525,72.9987550947525,21.0,-1.0,12.5,21.0,14.608086797326536,14.608086797326536,12.167865906819145,16.253661574838826,11.544511222771355,13.89908639880509,4.7091503520674705,15.782746539632079,80.23046210765624,79.46336203250665,68.19848125022888,0.6892884683234385,75.03373819163292,16.253661574853385,14.324921069268868,75.03373819163292,77.1484192419929,19.02834008097166,19.14080071974809,19.23076923076923,19.365721997300945,IMG_00068.tif,14.82,left_ticks_800,14.608086797326536
1,3.0,19.10954058881541,19.134484402817677,20.53555382718379,20.563539195370293,22.016702428130966,22.04977166713378,1.366419459654195,1.5488678046619042,1.958588867329774,2.9895338608951456,21.0,14.749786820229986,14.361582526106979,14.749786820229986,14.81214523593664,70.98580520339674,70.98580520339674,70.98580520339674,21.0,-1.0,13.5,21.0,14.89744920314132,14.835090787434666,13.252385281184957,16.05960887657001,12.354659501197382,14.207134188883696,3.7049493753726277,15.689113939032747,78.33248663167743,77.8903983215316,69.103095435036,0.6893855587176444,74.08906882591093,16.059608876583603,14.64813234570057,74.08906882591093,75.59445164819095,19.005847953216374,19.14080071974809,19.208277103013945,19.365721997300945,IMG_00069.tif,14.82,left_ticks_800,14.835090787434666
1,3.0,19.142731697448262,19.170072071752976,20.544968271628704,20.5743827321574,22.016427083619245,22.050344550047843,1.3227298805667178,1.557542597728152,1.9962709773609781,3.064124601104986,21.0,14.815412819552165,14.433414213448032,14.815412819552165,14.401307357843166,71.23966680815221,71.23966680815221,73.75068682708284,21.0,-1.0,13.5,21.0,15.002056478861903,15.217600744407832,13.126737291248219,16.125235183561237,12.398523018020613,14.261879100790924,3.7267121655406235,15.752563967007175,78.18011637106987,77.73713504575845,68.95306798299559,0.6879130117000375,72.8744939271255,16.125235183576464,14.757769452219678,72.8744939271255,75.18015592879475,19.02834008097166,19.163292847503374,19.23076923076923,19.365721997300945,IMG_00070.tif,14.82,left_ticks_800,15.002056478861903
1,3.0,17.298939540504083,17.301469739277472,18.409221538333632,18.41355329891188,19.54159948033767,19.549414310989675,0.9650412296699938,1.282903342042207,1.2175529158565848,1.2428238110300591,19.0,9.788573013382205,11.048272526130308,9.788573013382205,9.788573013382205,99.2286259071551,99.2286259071551,99.2286259071551,19.0,-1.0,9.5,19.0,10.56006488424589,11.955243515023426,10.242581501698396,12.490690673257767,10.784819034370525,11.637754853814146,1.7058716388872424,12.320103509369043,85.89267701906448,85.73951300611567,79.96848711978538,0.6906285816716078,80.56680161943319,12.490690673246025,11.133179061422515,80.56680161943319,89.5729790300512,17.521367521367523,17.318938371569953,17.049032838506523,16.80161943319838,IMG_00071.tif,14.82,left_ticks_800,13.671227561085743
1,3.0,17.34594422895671,17.348727672863344,18.40860981749799,18.412932302618806,19.514013395656576,19.52184970549707,0.9425205032679554,1.2306015293657657,1.340297758080304,1.2415133728224703,19.0,9.94962245868723,11.156948554047595,9.94962245868723,9.94962245868723,98.28058388317201,98.28058388317201,98.28058388317201,19.0,-1.0,10.5,19.0,10.729609452960972,12.075674871247713,10.50119682693446,12.524545370847967,11.026862728524426,11.775704049686198,1.4976826423235412,12.374777106615614,85.09117700751901,84.97700198309087,79.97030482778283,0.6881115240402793,80.43184885290148,12.524545370835156,11.228743021484888,80.43184885290148,89.05923579424173,17.521367521367523,17.341430499325234,17.049032838506523,16.80161943319838,IMG_00072.tif,14.82,left_ticks_800,13.569759518212663
1,3.0,17.329622217694943,17.33218471260241,18.415895655547324,18.42020043815863,19.517159252794507,19.524989693867557,0.9573592981112822,1.2354456831538696,1.3604207881920802,1.2387239229348144,18.0,10.663320864981188,11.28971460375471,9.98145480012181,9.98145480012181,94.78055505958238,98.32754531990001,98.32754531990001,18.0,-1.0,10.5,18.0,10.732420521370841,13.326739145299257,10.523930014567384,12.1604507413548,10.792844943235954,11.476647842295378,1.3676057981188467,12.023690161542916,87.18109072312683,87.07837764903388,82.24946986827318,0.6880482847567274,82.5910931174089,12.160450741341096,10.913581162786718,82.5910931174089,91.51228855372638,17.54385964912281,17.36392262708052,17.049032838506523,16.80161943319838,IMG_00073.tif,14.82,left_ticks_800,13.326739145299257
1,3.0,17.34095569190888,17.343778858515588,18.408916367066112,18.41328408749966,19.50197259499259,19.510103654318943,0.9467834397522896,1.2195413560510642,1.4195310573402817,1.2479810900166293,17.0,11.611788491028562,11.408496509223863,10.098816978922201,10.098816978922201,89.24559884943235,97.48314082167576,97.48314082167576,17.0,-1.0,10.5,17.0,12.32552837507967,13.313792688021294,10.424409250221231,12.300142895438869,10.78935409702278,11.544748496230824,1.510788798416088,12.14906401559726,86.75135639907293,86.62808028116888,81.38255384104889,0.6889714080841114,82.99595141700405,12.30014289542557,10.995017053415232,82.99595141700405,90.90198085480405,17.56635177687809,17.36392262708052,17.094017094017094,16.80161943319838,IMG_00074.tif,14.82,left_ticks_800,13.483061839590789
1,3.0,17.366997982433798,17.370120334857432,18.397981550523216,18.402369647054357,19.46923369986063,19.477250489150272,0.9258794930840053,1.1812506612088336,1.4397585599732166,1.2512597421519691,17.0,11.53679122578356,11.31765749336064,10.115155459855742,10.115155459855742,89.7012314149295,97.19956252546174,97.19956252546174,17.0,-1.0,10.5,17.0,12.276932231620094,10.855296465692277,10.511873972504873,12.465241447767147,10.551805472343831,11.508523460055489,1.913435975423315,12.273897850224815,87.22715651535103,87.02692508205807,80.44142453227505,0.688301029272384,83.94062078272604,12.465241447753552,10.961766079939135,83.94062078272604,91.31058598700135,17.58884390463338,17.38641475483581,17.11650922177238,16.80161943319838,IMG_00075.tif,14.82,left_ticks_800,13.374094774269565
1,2.0,18.26751810895494,18.424963784690927,19.82042108765581,19.98733751264535,21.313999732306023,21.48782904815696,1.9895148026675074,1.0733504607985256,1.5960021597747744,7.4099008165832005,20.0,9.056252950133427,8.848631671156031,8.414740556723018,8.414740556723018,92.76768622620949,94.10765157391221,100.39270967894072,20.0,-1.0,8.5,20.0,9.960250635908551,11.766822649663993,9.227407691975145,10.203965142082994,9.246766011915074,9.725365576999035,0.9571991301679205,10.108245229066203,108.75176704485,108.66422677374521,103.61778284025158,0.8028363366852331,70.58029689608637,10.203965142152349,12.26885701630597,70.58029689608637,86.38234109969315,18.578497525865945,18.331084120557804,18.376068376068375,18.218623481781375,IMG_00076.tif,14.82,left_ticks_800,11.766822649663993
1,2.0,18.275893490273802,18.435133037593797,19.832143829147057,19.99973352628716,21.334567112136032,21.50800793247385,1.9870874747431164,1.0857874201369315,1.6574397412117987,7.422546352694926,22.0,9.077689667695495,9.023999907028408,8.935330902751986,8.436024775731369,92.64501003253653,93.78072691575409,100.69521351380675,22.0,-1.0,8.5,22.0,10.035247308219141,11.951917297621776,9.428405780653236,10.328925904078275,9.190711593422964,9.75981874875062,1.1382143106553115,10.215104473012744,108.46501344871136,108.3424013317984,102.43246968143204,0.8019750109146269,70.04048582995951,10.328925904132216,12.333551353532377,70.04048582995951,85.9822845825881,18.533513270355378,18.35357624831309,18.35357624831309,18.218623481781375,IMG_00077.tif,14.82,left_ticks_800,11.951917297621776
1,2.0,18.28957481890883,18.447949553597773,19.833379615014884,19.99817824024401,21.334049063696614,21.504212373445895,1.9650731476112444,1.0911896722368835,1.6962325954652464,7.360679310933303,22.0,9.205742446073614,9.086753054350806,8.842480364356248,8.53679918939713,92.4887347476691,94.53954312515344,101.32810964860035,22.0,-1.0,8.5,22.0,9.997497483745974,11.622225761761115,9.119620811078903,10.428162381386592,9.282355751431442,9.855259066409017,1.1458066299551493,10.313581718391077,107.5095175567602,107.38874459573971,101.54903038143351,0.8000254804022708,69.63562753036437,10.428162381440696,12.472269413593885,69.63562753036437,85.10851150405456,18.55600539811066,18.398560503823663,18.376068376068375,18.286099865047234,IMG_00078.tif,14.82,left_ticks_800,11.622225761761115
1,2.0,18.29495701591978,18.453387658212925,19.8347322551063,19.99949815365749,21.31843388684159,21.488217146395826,1.9482035159684334,1.086625972214467,1.699513250514281,7.3597041975223165,24.0,9.21366740186518,9.180090946138616,9.112725092263304,8.509655962558213,92.11014106237005,95.7597607586304,100.54454418638223,24.0,-1.0,8.5,24.0,10.045541392336759,12.055325681459067,9.436638508366741,11.163643247510798,8.895731392860931,10.029687320185865,2.267911854649867,10.936852062045812,106.0167352332059,105.56516892162311,94.95835752831552,0.8039512504134145,68.82591093117409,11.163643247552583,12.611005293794074,68.82591093117409,84.20741696220004,18.55600539811066,18.398560503823663,18.376068376068375,18.286099865047234,IMG_00079.tif,14.82,left_ticks_800,11.976586095324535
1,2.0,18.284810450465454,18.442530227857667,19.824356929942997,19.98830572638418,21.306018022664528,21.473832935474174,1.9355839143215567,1.095718793294954,1.7356982538051968,7.343465369087947,23.0,9.241221453606414,9.127313725376242,9.172657679379654,8.507606608026265,94.86112350139075,97.64606957118795,105.07937029811482,23.0,-1.0,8.5,23.0,9.67428087841489,11.238087727208324,9.127482700556072,10.38610293758419,8.651894552098025,9.518998744841106,1.734208385486164,10.212682099035572,111.44748522909462,111.13955971465916,101.95033294314706,0.8065699356894948,69.36572199730094,10.386102937630945,12.285467070319582,69.36572199730094,86.37768601152833,18.533513270355378,18.398560503823663,18.376068376068375,18.286099865047234,IMG_00080.tif,14.82,left_ticks_800,11.238087727208324
1,2.0,18.603554663975064,18.66346894415054,20.016533130512528,20.084157881904478,21.486421327417958,21.56409157956619,1.7097584679444684,1.1908641674711804,2.304351690204162,4.703114924735878,24.0,9.775454659459811,9.636873784669259,9.164626400135802,9.164626400135802,98.94588900672116,99.76557271366457,104.81352067723935,24.0,-1.0,9.5,24.0,9.317879830265952,12.11639589228696,9.894187301710758,12.323868597942457,8.004423295205546,10.164145946574003,4.319445302736912,11.891924067668768,107.1874884703345,105.56063198853849,87.27693186084959,0.6340840186804418,87.17948717948718,12.3238685979658,11.231454361112043,87.17948717948718,95.64043827193751,18.960863697705804,18.75843454790823,18.51102114260009,18.55600539811066,IMG_00081.tif,14.82,left_ticks_800,
1,2.0,18.595026804944652,18.652209193879795,20.021420233086562,20.0882739070712,21.50133412861117,21.58022030083384,1.7292309045995462,1.1987802023544984,2.342381238949461,4.675730559213074,25.0,9.980800868491684,9.699606133336774,9.220620491363718,9.189543561377803,99.31099561495523,100.47692035340194,105.28823171202849,25.0,-1.0,9.5,25.0,9.339161372320461,11.591712884923766,9.852690098629637,12.710945775804777,7.831381994239742,10.27116388502226,4.879563781565035,12.222989397648274,106.44011651574101,104.41500788535201,84.61442312690912,0.7578893725669459,86.90958164642375,12.710945775826321,11.284505480841071,86.90958164642375,95.14430889836397,18.960863697705804,18.75843454790823,18.51102114260009,18.55600539811066,IMG_00082.tif,14.82,left_ticks_800,11.591712884923766
1,2.0,18.57126252934349,18.626533815819357,19.99572649373591,20.061126398838393,21.46410824284961,21.54116541337185,1.7221511294155178,1.1924804681369714,2.3204095149621002,4.627714812000758,23.0,9.63043161180184,9.680132921195188,9.176143521729301,9.176143521729301,100.94775464838251,103.67173547300118,105.45884200055616,23.0,-1.0,9.5,23.0,9.252882563790422,12.249742577984591,9.285059644129433,12.137239390688691,8.116330742682894,10.126785066685793,4.020908648005797,11.735148525888112,107.16549635404046,105.74783562389965,88.43264268997231,0.6461996164361047,88.79892037786774,12.13723939070978,11.119612775760302,88.79892037786774,96.40944625598772,18.960863697705804,18.73594242015295,18.51102114260009,18.55600539811066,IMG_00083.tif,14.82,left_ticks_800,
1,2.0,18.57146561113869,18.626444372496696,20.007209145403014,20.072790320253542,21.480328934086515,21.556953593478816,1.7300168275067358,1.200492393475388,2.3007770695374368,4.632779883728696,24.0,9.362523937824989,9.608267001156696,9.17276477597133,9.17276477597133,101.66769356004403,105.37537827137132,105.37537827137132,24.0,-1.0,9.5,24.0,9.270973786165712,12.265474011483036,9.294797092223575,12.932297331911501,7.5066451517686925,10.219471241840097,5.425652180142809,12.389732113897221,107.36063119127878,104.79929423671211,83.0806259969517,0.6356355463166368,86.90958164642375,12.932297331936319,11.209710122714288,86.90958164642375,95.64480306638401,18.960863697705804,18.71345029239766,18.51102114260009,18.55600539811066,IMG_00084.tif,14.82,left_ticks_800,
1,2.0,18.57368067536561,18.62847221220899,20.020751571401778,20.08728208403015,21.484526912694093,21.560373468693705,1.7194212837560792,1.2124799727286397,2.2698489131490165,4.664524909651968,27.0,9.757558964195454,9.592479517236354,9.18430533426303,9.140694754352666,99.61297515503162,103.08536213684884,105.50727262488454,27.0,-1.0,9.5,27.0,9.23835365808111,10.678762382221635,9.416156588120828,11.904199999346563,8.12790492104467,10.016052460195617,3.7762950783018927,11.526570491516374,108.20743823079567,106.91803825909474,90.14926385217905,0.8345037507926539,89.60863697705803,11.904199999365526,11.008422187824381,89.60863697705803,97.38309287836552,18.960863697705804,18.71345029239766,18.488529014844804,18.488529014844804,IMG_00085.tif,14.82,left_ticks_800,10.678762382221635
1,2.0,24.931659353209337,24.974804166397576,26.348819858383177,26.392974123393753,27.768593998942414,27.8142490621723,1.2129825963134344,1.6264622994612952,-1.438845982167245,3.314670468733966,12.0,9.102895897054012,9.324054761480122,9.538327537768112,9.538327537768112,123.57170271483358,121.37917961651256,121.37917961651256,12.0,-1.0,9.5,12.0,12.774340626531455,14.930252115673625,9.804002393119617,16.512458827274163,7.437264187712065,11.974861507493113,9.075194639562097,15.604939363317953,126.59785680014016,120.32107589935202,87.83400968136189,0.71445053920391,87.58434547908232,16.512458827350564,13.69876120366629,87.58434547908232,105.41685756195874,24.9212775528565,24.9212775528565,25.0787224471435,25.168690958164643,IMG_00086.tif,14.82,left_ticks_800,14.930252115673625
1,2.0,24.916149818509957,24.960492866633867,26.335315811966762,26.37964767178405,27.759526364241147,27.804505593805825,1.2149729071461028,1.6290398200258598,-1.4250067560813306,3.3221707466699275,13.0,9.587232759178193,9.412161532712897,9.587232759178193,9.587232759178193,121.35265143213266,121.35265143213266,121.35265143213266,13.0,-1.0,9.5,13.0,12.67182779590064,14.17098937833427,9.870820398620538,16.852221959116896,6.170218292267886,11.511220125692391,10.682003666849011,15.784021592431998,135.32155963904282,125.02680990697806,86.06404047959268,0.7172752579994511,87.98920377867746,16.85222195917654,13.291813588990971,87.98920377867746,108.52183041424718,24.9212775528565,24.9212775528565,25.0787224471435,25.168690958164643,IMG_00087.tif,14.82,left_ticks_800,14.17098937833427
1,2.0,24.905655166182786,24.949239068280487,26.336334304084254,26.38063147369268,27.77404890442236,27.819830217709956,1.2266584867390808,1.6439326626903878,-1.4105729895622106,3.3208083691990464,13.0,9.543617294309826,9.351810824870066,9.543617294309826,11.278811791863177,122.0050801847619,122.0050801847619,98.84515571715733,13.0,-1.0,10.5,13.0,12.62203322822387,13.941772005970734,10.029542637177371,16.54321277309216,6.4502564068388635,11.496734589965513,10.092956366253297,15.53391713646683,134.19778724030115,125.12677454015574,87.58663223310695,0.717775218237217,88.93387314439946,16.543212773150255,13.264818211774926,88.93387314439946,108.69055344836084,24.898785425101213,24.898785425101213,25.011246063877643,25.101214574898783,IMG_00088.tif,14.82,left_ticks_800,13.941772005970734
1,2.0,24.918006751370186,24.963971052125284,26.34926079438469,26.394505569802313,27.78927911047237,27.83638886151703,1.2233639540096997,1.6490538553820455,-1.4076748941964128,3.355267426413027,13.0,9.88514724613077,9.702885349763681,10.65167923644887,11.241066963382877,119.28723827739546,110.80597953095796,98.77078845428319,13.0,-1.0,10.5,13.0,12.623558780792337,15.151413325601482,10.916635949976808,17.309067806185123,6.61349020009031,11.961279003137717,10.695577606094814,16.239510045575642,129.4988201673024,120.40119907317276,83.86905096957682,0.7145888641678535,87.04453441295546,17.309067806245622,13.757189880457936,87.04453441295546,104.93021260689257,24.898785425101213,24.9212775528565,25.056230319388213,25.168690958164643,IMG_00089.tif,14.82,left_ticks_800,15.151413325601482
1,2.0,24.950591452698987,24.996994135218706,26.378033217536235,26.424243260362573,27.80414283175059,27.85093590518598,1.2155199777468113,1.6384217922204605,-1.302020489739552,3.3889709562084835,14.0,10.146511155957924,9.681343146770491,10.307542348701048,11.300028273568017,117.81771779393743,114.56426639247954,98.53443208524412,14.0,-1.0,10.5,14.0,12.719813156697171,14.380947923512878,11.388601371101458,16.72219234387777,7.424106918265269,12.07314963107152,9.298085425612499,15.792383801316518,125.90818038737575,119.45289967858044,86.83375980723284,0.7217696992366187,87.3144399460189,16.722192343936925,13.7756144732949,87.3144399460189,104.92522786650395,24.943769680611787,24.943769680611787,25.0787224471435,25.168690958164643,IMG_00090.tif,14.82,left_ticks_800,14.380947923512878
1,2.0,25.7531758728387,25.7945211361808,27.170229688755487,27.20584195849378,28.573083696574894,28.600393913154026,1.0194007230021023,1.7864720539711234,3.298979803375183,2.9319310804659238,29.0,11.702747381336962,12.88308368269001,12.065983457766833,14.247383575411504,130.20753804160157,124.2151283190729,106.31360245205025,29.0,-1.0,11.5,29.0,13.826973693859259,14.080205337810497,10.908588332329145,16.82371028262321,7.958131015119057,12.390920648871134,8.865579267504152,15.937152355872794,125.55731291046905,120.03746568693973,88.99523264682139,0.7602615329413447,111.74089068825911,16.823710282625612,12.573874574982106,111.74089068825911,118.31840219733168,25.753486279802072,25.79847053531264,25.820962663067927,25.843454790823213,IMG_00091.tif,14.82,left_ticks_800,14.080205337810497
1,2.0,25.756268136513764,25.797669059404132,27.170131972793758,27.205714068940548,28.57536977559059,28.603557899902498,1.0247042069239118,1.7811846335744528,3.325942128466098,2.9306953516761176,29.0,11.725314421581714,12.856966276286935,12.151381602622422,14.247774851415784,130.15138105822456,123.59493925166973,106.46172933847937,29.0,-1.0,11.5,29.0,13.815616749762,14.008513648988071,10.922660189562237,16.77196110197367,7.961283661609929,12.3666223817918,8.81067744036374,15.890893357937296,125.76385444498665,120.2833443043569,89.27207480307649,0.7611319010799146,111.87584345479083,16.77196110197594,12.542962048289303,111.87584345479083,118.61883204755074,25.753486279802072,25.79847053531264,25.79847053531264,25.843454790823213,IMG_00092.tif,14.82,left_ticks_800,13.940843795743376
1,2.0,25.752287105402463,25.79358904277703,27.167842569148167,27.20325747176547,28.575002149749388,28.602873550265027,1.0262951585134692,1.782989348974527,3.2963022441039436,2.9239323980553538,29.0,11.714276243423967,12.86709509531055,12.103984223704572,14.155083519191123,130.1349659159465,123.82404130415968,107.02811346781434,29.0,-1.0,11.5,29.0,13.726071031316224,13.927181562654255,10.888326126646461,16.712335223106738,8.017558580074004,12.364946901590372,8.694776643032734,15.842857558803464,125.6089513393531,120.28205488476138,89.5685367935317,0.7608442805243939,112.01079622132254,16.71233522310927,12.552719786657025,112.01079622132254,118.51102411356638,25.753486279802072,25.820962663067927,25.79847053531264,25.843454790823213,IMG_00093.tif,14.82,left_ticks_800,13.974131551734558
1,2.0,25.747198943698326,25.788477939517758,27.171940239470867,27.207435277292703,28.575638295323028,28.60302603359211,1.0213248789723015,1.793223215102051,3.270426933918214,2.9270145153897693,29.0,11.70494321651779,12.826880448362889,12.080335228467334,14.16884054832903,130.06133070582067,123.80537852901219,106.77602767300743,29.0,-1.0,11.5,29.0,13.747530959556912,13.901147060599328,10.852806449378704,16.606454967556306,8.048198646829482,12.327326807192893,8.558256320726825,15.750629335483623,125.81701636167318,120.62056572300591,90.1063050213438,0.7588229326355767,112.14574898785425,16.60645496755891,12.523896066385754,112.14574898785425,118.75690314882308,25.730994152046783,25.79847053531264,25.775978407557353,25.775978407557353,IMG_00094.tif,14.82,left_ticks_800,13.923919581254097
1,2.0,25.744319478321547,25.785751460767173,27.167563516625762,27.20308566250676,28.5738428299741,28.601509342674944,1.0242426828113878,1.7915151990963778,3.312166926920975,2.928366383611547,29.0,12.062996944320531,12.92755414701089,12.0874037824058,14.218378431107965,125.58206355324252,124.04956533531721,106.56332128789101,29.0,-1.0,11.5,29.0,13.78807861067753,13.91262816454065,10.950220937475137,16.618659868927566,8.17726441568949,12.397962142308527,8.441395453238076,15.774520323603758,124.88290326399056,119.92916230041287,90.0308421825875,0.7621469324405195,111.74089068825911,16.618659868930038,12.581244512076374,111.74089068825911,118.20960606384773,25.730994152046783,25.775978407557353,25.775978407557353,25.775978407557353,IMG_00095.tif,14.82,left_ticks_800,13.91262816454065
1,2.0,23.32944804321359,23.330241017378075,24.815630464618444,24.81654526866797,26.270684615859025,26.271798664992037,1.7219222983643772,1.2196353492495888,-4.756571382883402,-0.49196288778211217,11.0,14.962825220965414,13.871033390788462,14.962825220965414,15.117564180087498,74.94787774964237,74.94787774964237,74.94787774964237,11.0,-1.0,12.5,11.0,16.234398853289946,15.288393101076224,11.576898031820974,19.723216737697328,8.602426533083758,14.162821635390543,11.120790204613572,18.611137717235973,100.61611508267858,95.2578089824031,69.064071390846,0.6798320109739269,68.55600539811066,19.723216737807068,16.219493476705473,68.55600539811066,83.44443480209118,23.481781376518217,23.32433648223122,23.234367971210073,22.941970310391362,IMG_00096.tif,14.82,left_ticks_800,
1,2.0,23.30627882588604,23.306952699500286,24.791589163386664,24.79251007792128,26.263347252987277,26.26432625533652,1.739273161245806,1.2181003945904272,-4.721663170619867,-0.4938424164664341,12.0,15.057558612362897,14.29717182800577,15.121105611877368,14.994011612848425,78.31199281887834,74.23940412258159,82.3845815151751,12.0,-1.0,12.5,12.0,16.103125600562777,15.484258451223553,11.620181630822685,19.30655435906942,9.740579491573458,14.52356692532144,9.565974867495962,18.349956872319822,96.41174667415208,92.85042882045603,70.4273715770177,0.6832336058640893,68.15114709851552,19.30655435917843,16.58257005196138,68.15114709851552,81.58767619594046,23.481781376518217,23.32433648223122,23.234367971210073,23.00944669365722,IMG_00097.tif,14.82,left_ticks_800,
1,2.0,23.30472687838162,23.305400693742662,24.791744852615953,24.792542206486353,26.254119038061507,26.255032299632877,1.735238049282567,1.214393556607651,-4.7096950616990085,-0.4595193637489322,12.0,14.991353264031972,14.394490881722986,15.194047287002547,15.194047287002547,77.79838972386729,74.14570538073781,74.14570538073781,12.0,-1.0,13.5,12.0,16.234111320127255,15.204841497719116,11.671855518293,19.163494956141747,9.967840484649587,14.565667720395666,9.195654471492158,18.24392950899253,95.82502689417171,92.58166507970894,70.92842718772994,0.6807026183214528,68.15114709851552,19.163494956254393,16.624728259489277,68.15114709851552,81.38117438877502,23.481781376518217,23.301844354475932,23.189383715699506,22.941970310391362,IMG_00098.tif,14.82,left_ticks_800,
1,2.0,23.307087030676783,23.307718743737862,24.783336166954477,24.784103566557807,26.256556200209648,26.25713389221812,1.731602392867128,1.2178127556131306,-4.6814053227812735,-0.45088203173617175,11.0,15.037581243428235,14.592172914353018,15.28414737674143,15.28414737674143,74.26406069354746,74.26406069354746,74.26406069354746,11.0,-1.0,15.5,11.0,16.27377693820287,15.191842462674288,14.247284158678099,19.239932117121246,10.000573001201921,14.620252559161584,9.239359115919324,18.315996205529313,95.49263006257479,92.25409409031863,70.66536117225564,0.4977177506144784,68.0161943319838,19.23993211725295,16.672904175484515,68.0161943319838,81.16198924294918,23.481781376518217,23.32433648223122,23.234367971210073,23.00944669365722,IMG_00099.tif,14.82,left_ticks_800,
1,2.0,23.30819387994546,23.30879909476599,24.792791516036463,24.793486688152274,26.25541237452404,26.255976456223777,1.7290009295074924,1.2181764319502941,-4.668981485190875,-0.42905800993525406,10.0,15.148511199725988,14.726445322215,15.443694136738372,14.853328262713603,72.4687383662388,74.6131677661658,83.18241614746795,10.0,-1.0,15.5,10.0,16.305987974333505,15.596876720325241,11.259739713327349,19.953490596052845,9.27951759714083,14.616504096596836,10.673972998912014,18.88609329616164,96.70579433747368,92.28221947545548,68.23955534919388,0.48125747824083015,67.61133603238866,19.953490596180227,16.66795900690238,67.61133603238866,81.18976877039714,23.459289248762932,23.32433648223122,23.234367971210073,23.00944669365722,IMG_00100.tif,14.82,left_ticks_800,
1,2.0,26.94992293712849,26.957274864823294,28.43715997659498,28.442094296191193,29.925034752573183,29.928028991510367,1.72435313858643,1.2464009881006426,-3.0417978914803276,1.067276042619922,17.0,11.978416775138356,12.181907248229473,11.869744414267302,11.53239089012817,103.75436260451221,105.7091173683067,116.44255438648231,17.0,-1.0,11.5,17.0,13.23446530768365,13.23446530768365,10.792396130708198,14.53392012427151,9.90704349987257,12.220481812072041,4.626876624398942,14.071232461831617,128.88927636930782,127.34401512413187,107.41225490602854,0.6950132562675733,90.41835357624831,14.5339201243435,14.22704601400762,90.41835357624831,109.67974714678365,27.215474583895634,26.94556905083221,26.855600539811064,26.58569500674764,IMG_00101.tif,14.82,left_ticks_800,12.432354771441055
1,2.0,26.94771841819394,26.95514163794758,28.433763249611534,28.438732457628255,29.92129309913358,29.9242953976821,1.7228811015386956,1.246272658195826,-3.0255792982331684,1.0711059333821378,18.0,11.937650693352253,12.178836977780993,11.916052430336123,11.520090468897251,104.81314475452604,105.85680949279657,116.55367108257322,18.0,-1.0,11.5,18.0,13.498276947897864,13.498276947897864,10.77170661706441,14.502873697413998,9.911630499382893,12.207252098398445,4.591243198031105,14.043749377610887,128.99596737102934,127.470030755613,107.62888943550062,0.6959235755666103,90.41835357624831,14.502873697488123,14.212926808207838,90.41835357624831,109.77793326124113,27.215474583895634,26.968061178587494,26.855600539811064,26.58569500674764,IMG_00102.tif,14.82,left_ticks_800,12.318171224981654
1,2.0,26.943726363261955,26.950954480429687,28.426911481384217,28.4317724878561,29.910146537879168,29.91309166511381,1.7242002001523469,1.237936984531781,-3.0165288521080007,1.0595097317109956,18.0,11.961149640902136,12.143000285999177,11.830003621323897,11.53169370604644,103.8838132047707,105.21313735133525,116.18817603505663,18.0,-1.0,11.5,18.0,13.456748334528527,13.279162836745513,10.756983157044033,14.492610364781413,9.864996243119114,12.178803303950263,4.627614121662298,14.029848952615183,129.30501330498825,127.74345230215347,107.68676284780507,0.6970326676571214,90.68825910931174,14.49261036485255,14.165970248941091,90.68825910931174,110.1172471572359,27.215474583895634,26.94556905083221,26.855600539811064,26.58569500674764,IMG_00103.tif,14.82,left_ticks_800,12.162559809862103
1,2.0,26.94545544225555,26.952790018797064,28.422218641190607,28.427103189207596,29.9007877459821,29.90370146706616,1.72193902186804,1.2289724264010584,-3.012906668485004,1.0621594997367998,20.0,12.49711384554601,12.117205919980606,11.942406782500456,11.641483725273645,103.84432856800053,105.02999744610449,116.48745422850102,20.0,-1.0,11.5,20.0,13.421670818829682,13.480100610507975,10.818117574646294,14.2031520826843,10.248723407095195,12.225937744889746,3.9544286755891043,13.807709215125389,128.38776661272095,127.26744107513119,109.84266816693524,0.7469943042158665,91.36302294197031,14.203152082740807,14.208801021539246,91.36302294197031,109.79989681239485,27.215474583895634,26.94556905083221,26.855600539811064,26.58569500674764,IMG_00104.tif,14.82,left_ticks_800,12.32628440429437
1,2.0,26.9398534738753,26.947087143671343,28.41574599254011,28.420599585154054,29.894625270119818,29.897472263455583,1.7274475429809457,1.2229375768032893,-2.9952847779773335,1.0589095220193336,19.0,12.267790950648049,12.028597835066275,11.901742793925024,11.656495840258543,105.00359962592502,105.00359962592502,115.49384037049862,19.0,-1.0,11.5,19.0,13.410487592158916,13.410487592158916,10.867775688075824,14.170075348902165,10.17509118866197,12.172583268782068,3.9949841602401954,13.770576932878146,128.9487450988473,127.78991539064984,110.07064416408372,0.7462077633115509,91.76788124156545,14.170075348956646,14.140064829650763,91.76788124156545,110.29947811557136,27.19298245614035,26.94556905083221,26.855600539811064,26.58569500674764,IMG_00105.tif,14.82,left_ticks_800,12.655723394111646
1,2.0,27.97119259466261,27.98876940985765,29.58294816796209,29.5956094200287,31.21705136011079,31.222102329466153,1.5905401733547355,1.6427927462537653,-0.2405261347259735,1.6760146029352325,19.0,11.655303453584935,11.982764353148234,11.91845183931565,12.46451904387871,127.39503379495775,125.55573239215967,117.69606346073354,19.0,-1.0,10.5,19.0,11.920110158930015,11.638423613856503,11.933701645897372,10.618491028682563,13.368620014001646,11.993555521342104,-2.750128985319083,10.893503927214471,135.2646162423704,134.67335413604687,151.87261151864456,0.56981455871486,126.56621728786678,10.618491028725384,13.128322556525692,126.56621728786678,123.21142353093919,28.02008987575998,27.887919640496964,27.835051546391753,28.072957969865186,IMG_00106.tif,12.61,telemed_644,13.006179188922829
1,2.0,27.973332307001627,27.990907390710056,29.584339661448205,29.596998803103183,31.218513347511735,31.223530357001444,1.5885003205269352,1.6441226457644516,-0.2361275117034227,1.6758355669577631,20.0,11.656157840288827,11.981675131478335,11.922162879230399,12.506373219297132,127.67974881899852,125.54542925439405,117.38114660318661,20.0,-1.0,10.5,20.0,11.920520069540771,11.644379605724453,11.936159993068372,10.595287856375528,13.383955956515033,11.98962190644528,-2.788668100139506,10.874154666389478,135.33590018724598,134.72716501834125,152.2130000623933,0.5697811653783309,127.04203013481364,10.595287856418516,13.123751399124833,127.04203013481364,123.26298546752456,28.02008987575998,27.887919640496964,27.835051546391753,28.072957969865186,IMG_00107.tif,12.61,telemed_644,13.011729076583038
1,2.0,27.962002363825132,27.97998186195674,29.585262743010933,29.59797068712766,31.219479388543384,31.22449473205955,1.599547256490133,1.6449656136126736,-0.23466306362471062,1.6790353916313172,20.0,11.648827780497584,11.968417186742496,11.923895276642924,12.5135853837169,127.75341728987786,125.33399672878048,117.19491021465429,20.0,-1.0,10.5,20.0,11.918292792318482,11.620644983909756,11.943540414180006,11.85945575685158,11.862516690491617,11.860986223671599,-0.00306093364003706,11.859761850215584,136.11350182774208,136.1135010766908,136.1308149471948,0.5699344084034574,121.49088025376686,11.859455756905396,13.008179342716488,121.49088025376686,124.29009771778503,28.02008987575998,27.887919640496964,27.835051546391753,28.072957969865186,IMG_00108.tif,12.61,telemed_644,12.950038825361958
1,2.0,27.96810374110846,27.985998267627124,29.587257913167516,29.599984249382228,31.227495000790192,31.23266276742685,1.5969957452956036,1.6496687545041235,-0.23483769217999786,1.6801929108369253,20.0,11.651320365155925,11.97591378393787,11.924977753086353,12.510513507786271,127.4719279913161,125.33573113764729,117.27214243060305,20.0,-1.0,10.5,20.0,11.918142977555135,11.628237616061256,11.947139166120792,10.55960952715038,13.397723644428197,11.97866658578929,-2.8381141172778164,10.843420938878163,135.45698725732177,134.8246585016067,152.6943334200171,0.5697389388166841,127.20063441712927,10.559609527193807,13.124022918350054,127.20063441712927,123.23861480139739,28.02008987575998,27.887919640496964,27.835051546391753,28.072957969865186,IMG_00109.tif,12.61,telemed_644,12.984601143918212
1,2.0,27.96721193698737,27.985144652828456,29.588489219170256,29.60114707287361,31.232807963414405,31.23781668928121,1.5996221807747601,1.6530498556779925,-0.22989352092166104,1.6756328769391877,19.0,11.649490750650727,11.972218785922248,11.9335771392592,12.562677519061992,127.55768929242421,125.34388175045594,116.87664939106584,19.0,-1.0,10.5,19.0,11.917778160943783,10.148419249331823,11.943953371092675,10.545843081574816,13.376735840828914,11.961289461201865,-2.830892759254099,10.828932357500225,135.64541390649117,135.01358434484098,152.8867732705336,0.5697674077990879,125.77319587628867,10.545843081619015,13.109764218649245,125.77319587628867,123.36657047904313,28.02008987575998,27.887919640496964,27.835051546391753,28.072957969865186,IMG_00110.tif,12.61,telemed_644,13.035692711713637
1,2.0,23.355949881060205,23.363911176522716,24.945596316579692,24.95428130107915,26.558379333319053,26.566659028246455,1.845560235953609,1.3571876157701237,0.3774008055503742,1.5116881806862834,16.0,14.39980935533164,14.262843656203044,14.86415702929881,15.223559298016596,89.99373445479273,87.90551796224703,86.04183470423351,16.0,-1.0,13.5,16.0,13.96894434051535,13.96894434051535,15.610675008187286,13.808188359465099,15.549190659173608,14.678689509319353,-1.741002299708509,13.98228858943595,92.29279204445405,92.18551204172151,97.87329714257162,0.728272326190282,92.3076923076923,13.808188359478205,15.078817357699824,92.3076923076923,89.79380937335961,23.65847211208036,23.420565688606924,23.2090933121861,22.839016653449644,IMG_00111.tif,12.61,telemed_644,13.96894434051535
1,2.0,23.357531123497587,23.3654894935381,24.92491854832103,24.933704508347475,26.508287075219783,26.516531254368477,1.8492615709996048,1.3017801898307721,0.3654523283297853,1.5210783720463454,16.0,15.055089742748223,14.361003495335295,15.044302988027624,15.334749763291313,86.46426306958696,86.79398546099699,85.08411913193945,16.0,-1.0,13.5,16.0,13.913725134459014,13.913725134459014,15.652790567187111,13.941946418446154,15.602426955121874,14.772186686784014,-1.6604805366757203,14.107994472113726,91.71701715084019,91.62128574243789,96.95939705056534,0.7285083376304833,91.99048374306106,13.941946418459278,15.17816974050069,91.99048374306106,89.22593219279372,23.65847211208036,23.420565688606924,23.235527359238702,22.839016653449644,IMG_00112.tif,12.61,telemed_644,13.418955837083956
1,2.0,23.483286671312452,23.494801360443084,24.966366188498675,24.976209994765714,26.524594310249697,26.533293634684558,1.7236250498840624,1.3148672243574082,0.4324121580254398,1.6086818265284464,15.0,14.609591439854398,14.353753864645796,14.609591439854398,15.503217091234603,88.56933327226066,88.56933327226066,83.78267776092743,15.0,-1.0,13.5,15.0,13.733512650920545,13.733512650920545,15.628376154128006,13.683831144328774,15.797115098571364,14.74047312145007,-2.113283954242589,13.895159539753035,92.47439752465158,92.31729081211569,99.29372570694066,0.6805054509083563,91.5146708961142,13.683831144348769,15.296413963973498,91.5146708961142,89.03786413311694,23.684906159132964,23.499867829764735,23.28839545334391,22.918318794607455,IMG_00113.tif,12.61,telemed_644,13.292169213074033
1,2.0,23.48292428296429,23.49434697083481,24.974162365202975,24.98455609422717,26.50039446785048,26.5088376123059,1.7244910650974676,1.2899995763736278,0.5206364017490803,1.6527324850215992,16.0,14.938699068263986,14.570878090867762,15.225174842022,15.675225684940386,87.93705765212387,86.96364447926989,83.4449095710855,16.0,-1.0,13.5,16.0,13.766009246539397,13.766009246539397,15.466137412473188,13.882358509041676,15.776537454147542,14.829447981594608,-1.8941789451058664,14.071776403552262,91.89832983149242,91.77445038459348,97.89971443497657,0.6806564195170108,90.72164948453609,13.882358509060808,15.393168013703926,90.72164948453609,88.49040276048865,23.65847211208036,23.44699973565953,23.28839545334391,22.839016653449644,IMG_00114.tif,12.61,telemed_644,13.345587646146441
1,2.0,23.48092817357832,23.492416484807418,24.985181062064804,24.995346755727297,26.508236243353235,26.516078437137637,1.7252430360501505,1.2984189162800643,0.39299263580163657,1.6341475854679774,15.0,15.009168936091186,14.557742017636873,15.009168936091186,15.60231148593266,86.89495005400643,86.89495005400643,83.08136510994548,15.0,-1.0,13.5,15.0,13.792128208818838,13.792128208818838,15.576575922090683,13.930534604635225,16.044744136072186,14.987639370353705,-2.1142095314369613,14.141955557778921,90.96919513595098,90.8196300170083,97.55920899428017,0.6836625067916035,90.0872323552736,13.930534604654653,15.540590938623273,90.0872323552736,87.66362145305676,23.684906159132964,23.473433782712135,23.261961406291302,22.839016653449644,IMG_00115.tif,12.61,telemed_644,13.542455264697765
1,3.0,20.013302129136555,20.013388446935714,21.350948765144114,21.351175701922838,22.67141653777603,22.671609853664027,1.5321152895705612,1.1261061171577542,-2.5720870756689185,0.2641676061272211,15.0,12.834698370406244,12.984167405249444,12.765100095747783,12.765100095747783,78.74748369835976,80.04176822349739,82.51308749004744,15.0,-1.0,11.5,15.0,12.59973072919712,12.501760920526863,15.259132615952268,13.02997263957355,14.215539455796147,13.622756047684849,-1.185566816222597,13.14852932119581,85.0138297754253,84.96057249718439,88.75427578664598,0.49870551830741516,80.41237113402062,13.029972639662065,14.746723378336503,80.41237113402062,78.61272140509547,20.089875759978856,19.984139571768438,19.878403383558023,19.746233148295005,IMG_00116.tif,12.61,telemed_644,14.4335344723672
1,3.0,20.024283397068057,20.024459154731133,21.337182179914596,21.33744170286913,22.686448431714435,22.686865763867768,1.5455423614439041,1.1168642476927317,-2.5685056330959335,0.28258869577369194,15.0,12.866090983515562,13.023484882513804,12.835610985131325,12.835610985131325,78.46414529813842,81.25991907505464,81.90515257016722,15.0,-1.0,11.5,15.0,12.604118342831725,12.41809979332777,15.255273204339659,13.300287270158618,13.17752484692967,13.238906058544144,0.12276242322894854,13.288011027835724,87.42832051231676,87.4276987207323,87.03144077635945,0.4916284277198066,81.20539254559874,13.30028727024385,14.379701410842607,81.20539254559874,80.62109441337235,20.06344171292625,19.957705524715834,19.85196933650542,19.587628865979383,IMG_00117.tif,12.61,telemed_644,14.433813706424274
1,3.0,20.01275319350156,20.01285294697546,21.351374460518713,21.351688219139543,22.69957006596327,22.700060069556102,1.5709465721698017,1.1162605504108387,-2.5882385083766604,0.3106131844950386,14.0,13.08149947091485,12.973413683692792,12.681032771833003,12.681032771833003,79.66375530183578,82.07309954651987,82.92682466323214,14.0,-1.0,11.5,14.0,12.590698263669765,13.912216309750647,15.234427636255305,12.995689423414419,14.232463918183505,13.614076670798962,-1.2367744947690869,13.119366872891327,85.06953441461917,85.01146184960528,88.98201218422305,0.4329564803641674,78.35051546391753,12.995689423523377,14.749724267794178,78.35051546391753,78.59500070451493,20.089875759978856,19.93127147766323,19.85196933650542,19.587628865979383,IMG_00118.tif,12.61,telemed_644,14.499890161713182
1,3.0,19.981736948878492,19.98177533492527,21.319163225795247,21.319537024231455,22.682310147119853,22.682874024438828,1.596628189823608,1.1044704996899497,-2.62808212153217,0.33928770352909743,14.0,12.418830185922573,12.617594299525553,12.295392961352434,11.688708259980785,80.81628561644936,81.6338639809044,86.28505724222438,14.0,-1.0,11.5,14.0,12.338786771718162,13.578156296947384,14.966021363747444,13.332322373153387,12.578784962543239,12.955553667848312,0.7535374106101477,13.256968632092372,89.13698222055825,89.11202612666573,86.63744627445179,0.49666026298761606,78.98493259318002,13.33232237324059,14.108027154114978,78.98493259318002,81.9627068316567,20.116309807031456,19.93127147766323,19.85196933650542,19.587628865979383,IMG_00119.tif,12.61,telemed_644,13.578156296947384
1,3.0,19.90699538816404,19.907104669952176,21.227259889985326,21.227747798077786,22.544910824108708,22.54521553630639,1.5051428504870228,1.1329680158671895,-2.5880397470506895,0.3884682356945273,12.0,12.458420023192986,12.736802205548397,12.13441167012536,11.743753303807352,81.29135459902105,81.94371338044313,78.64517958024841,12.0,-1.0,12.5,12.0,12.631500407150497,14.090108705065035,15.298237062197643,13.898572590034979,12.15804787141695,13.028310230725966,1.7405247186180282,13.724520118173176,88.42486310303613,88.29413607637953,82.86446871310554,0.49233948239673414,77.87470261697067,13.898572590128808,14.168710096113081,77.87470261697067,81.31601432865514,19.984139571768438,19.85196933650542,19.825535289452816,19.587628865979383,IMG_00120.tif,12.61,telemed_644,14.090108705065035
1,3.0,24.44536066798713,24.451827160959787,25.672524088842906,25.674983073562235,26.941070876963696,26.941397361623572,1.146392341723589,1.343177858940198,-1.8184580319217383,0.7929830939643948,27.0,10.24241556921723,10.684079994301909,10.709100071045526,10.24241556921723,119.06686249965244,117.14446693955307,119.06686249965244,27.0,-1.0,9.5,27.0,10.713934017295799,10.036453067992852,10.21446773624541,11.779343943715563,9.621998777592419,10.70067136065399,2.1573451661231444,11.563609427103248,132.13470272095324,131.68792173215556,119.776578383567,0.7583153837770515,107.53370340999207,11.77934394374635,12.282738556887908,107.53370340999207,114.93853546970836,24.55722971186889,24.53079566481628,24.477927570711078,24.50436161776368,IMG_00121.tif,12.61,telemed_644,8.726351022486028
1,3.0,24.429820264059437,24.43636357150881,25.669277035138784,25.671705663967355,26.948239086615377,26.948531023253654,1.1544065114543642,1.3577609402904798,-1.7847092811542224,0.7881234770326994,28.0,10.263044865428625,10.673551323312434,10.307890102252713,10.307890102252713,120.28781340796775,119.26682672492647,119.26682672492647,28.0,-1.0,9.5,28.0,10.803203652471439,9.971072879252972,10.131669261277295,12.039973779504841,9.439098284809123,10.739536032156982,2.6008754946957175,11.77988623003527,131.77796845553812,131.1342642771452,117.1469695707397,0.7388088865369377,106.42347343378272,12.039973779535497,12.297641136909567,106.42347343378272,114.72906937667459,24.55722971186889,24.50436161776368,24.45149352365847,24.50436161776368,IMG_00122.tif,12.61,telemed_644,8.746047888887404
1,3.0,24.440587160346148,24.447163570360168,25.67480983384806,25.677199338589407,26.95726135449323,26.95753200367076,1.155945699385158,1.354422733925432,-1.7935237291714916,0.7816658169129915,28.0,10.19903729979832,10.672234226587324,10.37353809145884,10.277263421939466,120.96071976534785,119.36416862909594,119.36416862909594,28.0,-1.0,9.5,28.0,10.813093609192151,10.062107240060072,10.111176395881671,12.069495211971308,9.378240691839611,10.72386795190546,2.6912545201316966,11.800369759958139,132.07461045551383,131.38160437860336,116.91627767514878,0.7599769669436749,106.42347343378272,12.06949521200346,12.28995116603468,106.42347343378272,114.85044831493727,24.55722971186889,24.55722971186889,24.477927570711078,24.50436161776368,IMG_00123.tif,12.61,telemed_644,8.727890754964278
1,3.0,24.444284422450036,24.45086699427583,25.67765489506787,25.680101604314164,26.95365095332348,26.953947437984155,1.1555738716783703,1.347506572029952,-1.81065961673235,0.7909224285876413,27.0,10.100148863701833,10.675832359572176,10.76875500395883,10.243809715672597,117.46699175902366,117.32775732764082,118.86507553478255,27.0,-1.0,9.5,27.0,10.81299321051182,9.949533323302205,10.238791531569916,11.233098645953705,10.396775338788549,10.814936992371127,0.8363233071651562,11.14946631523719,130.3726630820802,130.3079675686068,125.51602556823407,0.7601363928360907,107.37509912767645,11.233098645988084,12.387540746337898,107.37509912767645,113.9768407872132,24.55722971186889,24.55722971186889,24.477927570711078,24.50436161776368,IMG_00124.tif,12.61,telemed_644,8.763364358171486
1,3.0,24.442184184045257,24.448768065952542,25.674466279163124,25.676856041457757,26.95999822569145,26.960270751590556,1.1582524267402756,1.3532502588977384,-1.8111790470464455,0.7817131681857704,26.0,10.26080212203739,10.702667936039735,10.776009977934365,10.237976736031868,118.50836910938872,118.17525106153798,118.84148715723948,26.0,-1.0,9.5,26.0,10.77172402653298,10.279341556641555,10.23369078463054,11.358498242415457,10.320296338866562,10.83939729064101,1.0382019035488954,11.254678052060568,130.10532323725675,130.00625875191793,124.13755492035271,0.7616302648459905,107.37509912767645,11.35849824244992,12.411989333314542,107.37509912767645,113.74608342974554,24.55722971186889,24.50436161776368,24.477927570711078,24.50436161776368,IMG_00125.tif,12.61,telemed_644,8.764733902631178
1,3.0,19.984809836736755,19.984975891343684,21.083772254259376,21.083881019572885,22.189498303528975,22.189540784713568,0.9805301897686697,1.2240347036012122,-3.312068647673913,-0.1840381023688565,13.0,12.03349651467309,11.733018760544756,12.03349651467309,12.03349651467309,84.30915225695102,86.32271517397315,84.30915225695102,13.0,-1.0,10.5,13.0,11.32615591594606,12.427761447430498,12.318003552580194,11.1672603731349,13.135203791953717,12.151232082544308,-1.967943418818818,11.364054715016781,95.1123023072434,94.90531384598957,103.14706893539228,0.5412216600608637,79.93655828707375,11.16726037321618,13.548229360925104,79.93655828707375,85.27516789846624,20.06344171292625,19.93127147766323,19.904837430610627,19.42902458366376,IMG_00126.tif,12.61,telemed_644,13.638294065887862
1,3.0,19.988744094479003,19.988907297870142,21.09044000572236,21.09054547248534,22.198663246997736,22.198709767372726,0.9897163927259852,1.2200860767765982,-3.2996455595431606,-0.18119729644129545,13.0,11.554552666695258,11.657400295350183,11.554552666695258,12.142808293505084,85.82096944909752,85.82096944909752,84.45129462868519,13.0,-1.0,10.5,13.0,11.020329269493686,12.51909793670552,12.393682048243193,11.155600328481254,12.93014524845315,12.042872788467202,-1.7745449199718946,11.333054820478445,95.93764987868838,95.76484716796685,103.27333077329867,0.5194219847802097,80.09516256938937,11.155600328560885,13.45149349991693,80.09516256938937,85.89347339860663,20.037007665873645,19.93127147766323,19.878403383558023,19.34972244250595,IMG_00127.tif,12.61,telemed_644,13.63002113988398
1,3.0,19.981022166576622,19.981213963820885,21.091686548311692,21.09182326302988,22.21272838739878,22.212807781789316,1.0131795386661515,1.2184142793022763,-3.294835613554986,-0.2062948749738527,12.0,11.378263212630216,11.640304895511134,11.64185351725584,12.197814655975037,88.19013289831477,85.48747688228787,84.78461045796342,12.0,-1.0,10.5,12.0,10.452830502050006,12.557356100018865,12.451951206867818,10.903149925835887,13.215720481156339,12.059435203496113,-2.3125705553204523,11.134406981367931,95.89100385211923,95.59818590593035,105.59360817053977,0.46160859176647934,80.72957969865186,10.903149925922783,13.454263203660792,80.72957969865186,85.8428195811833,20.037007665873645,19.904837430610627,19.878403383558023,19.34972244250595,IMG_00128.tif,12.61,telemed_644,13.62184132629966
1,3.0,19.969173994793145,19.969378163227745,21.083061935734104,21.083222215289723,22.192801037259382,22.192897673185655,1.0042104137651964,1.219309096192714,-3.3055839744528743,-0.2234130189143027,13.0,11.574982977234527,11.693909865923967,11.574982977234527,12.24733133552516,84.94211515924215,84.94211515924215,84.85039165803691,13.0,-1.0,11.5,13.0,11.162035820871097,12.6076713754656,12.547025137070705,11.320571220194992,12.913209950839926,12.116890585517458,-1.5926387306449343,11.479835093259485,95.23231685691717,95.09588517084843,101.68851417760776,0.5202157941518742,79.93655828707375,11.32057122027237,13.490290857469606,79.93655828707375,85.56765631465107,20.037007665873645,19.878403383558023,19.878403383558023,19.34972244250595,IMG_00129.tif,12.61,telemed_644,13.668767008644295
1,3.0,19.964666059059425,19.96486547720897,21.08112689027438,21.08130172389695,22.203236519552213,22.20337235232074,1.0148681671156563,1.2236387079961144,-3.2859207224580205,-0.23334671774364243,12.0,11.336166277930403,11.63727889806196,11.60118470540067,12.275542169092176,88.15489427152636,85.02930185432733,84.85210798708604,12.0,-1.0,11.5,12.0,11.249797808047276,12.609303942470547,12.559919840389853,11.037105582828664,13.109884923533894,12.073495253181278,-2.07277934070523,11.244383516899187,95.64516387555004,95.41119181979984,104.24316568950164,0.4643971423468974,80.57097541633624,11.037105582913595,13.446223394878263,80.57097541633624,85.82365347533279,20.037007665873645,19.878403383558023,19.85196933650542,19.34972244250595,IMG_00130.tif,12.61,telemed_644,13.632513866247336
1,2.0,27.95402854725673,27.954864539722724,28.994276915904155,28.995643162116977,30.064535605923332,30.06550270979096,1.0286956892587937,1.0819424808094396,-2.918082380519659,0.5562082776817666,15.0,12.15041043655529,12.727942064183976,13.075672527931744,13.075672527931744,115.99969234036807,115.99969234036807,115.99969234036807,15.0,-1.0,12.5,15.0,15.167687207286036,12.190496074644898,13.067259655541704,17.737930991898875,8.986576744938011,13.362253868418442,8.751354246960863,16.862795567202788,125.52315253066469,120.93339778299648,91.73576063567106,0.5667876577448354,91.5146708961142,17.737930992018484,15.0228070595955,91.5146708961142,107.82474756883067,27.861485593444357,27.887919640496964,27.967221781654775,27.993655828707375,IMG_00131.tif,12.61,telemed_644,
1,2.0,27.96055685227677,27.96142695053649,28.999184943708602,29.000634500046388,30.075252587858223,30.076219340414156,1.0275526804628505,1.0872397094148079,-2.95721376005493,0.5728662526260151,14.0,12.508995773754279,12.752580282067688,13.052952756176182,13.052952756176182,112.97524002167634,116.01649486550158,116.01649486550158,14.0,-1.0,11.5,14.0,15.132411749250167,12.119589748384726,13.110363130608675,17.637901180712973,9.116346247669489,13.377123714191232,8.521554933043484,16.785745687408625,125.15136284857167,120.82948521223156,92.26077423777423,0.5671714474250216,91.19746233148295,17.63790118083495,15.053027908091329,91.19746233148295,107.6382683236067,27.861485593444357,27.887919640496964,27.967221781654775,27.993655828707375,IMG_00132.tif,12.61,telemed_644,
1,2.0,27.957803647700334,27.958640650773237,29.000426338385818,29.001876740229275,30.0771934138874,30.078191758169112,1.0319611387085905,1.0875899686872892,-2.96377663783974,0.5730210294154073,13.0,12.956419388097771,12.801474852507987,13.038330550200158,13.038330550200158,115.9554179402174,115.9554179402174,115.9554179402174,13.0,-1.0,11.5,13.0,15.30662825813323,12.118949907300589,13.122176715585965,17.821142196232962,9.128821039914715,13.47498161807384,8.692321156318249,16.951910080601138,124.36299340133768,119.95635633317777,91.3335374758829,0.5644636141911417,89.61141950832673,17.82114219635793,15.136620578778018,89.61141950832673,107.04716600300944,27.861485593444357,27.887919640496964,27.967221781654775,27.993655828707375,IMG_00133.tif,12.61,telemed_644,
1,2.0,27.9675436414875,27.968374107137958,28.997275567981447,28.998694269583474,30.06045253450611,30.0613843722431,1.0165383982945089,1.0764718668106357,-2.9524540835366393,0.5667554548569957,13.0,12.963161221520153,12.855772417571599,13.023765799124078,13.023765799124078,116.20610381394603,116.20610381394603,116.20610381394603,13.0,-1.0,11.5,13.0,15.407823636035516,12.242846956346852,13.09631936122986,18.164786652668955,8.912460728787094,13.538623690728024,9.25232592388186,17.239554060280767,124.41057991174752,119.4444574297528,89.69350847622809,0.56554608099154,88.81839809674861,18.164786652788887,15.199341856319894,88.81839809674861,106.65285615972815,27.887919640496964,27.887919640496964,27.967221781654775,27.993655828707375,IMG_00134.tif,12.61,telemed_644,
1,2.0,27.974134903811944,27.974875872445732,29.018376605330765,29.01930519365774,30.066446581911613,30.067316236738364,1.0216861178815262,1.0707542464111064,-2.9500605225326457,0.4583601926995795,14.0,12.58608590258713,12.777053483321502,13.018797613166413,13.018797613166413,117.49823813555545,116.33926059136198,116.33926059136198,14.0,-1.0,12.5,14.0,15.424143335551719,12.264871278518513,13.03522033739523,18.38413489569168,8.64656252686642,13.515348711279051,9.737572368825262,17.410377658809157,125.25250193841167,119.67357219695053,88.67986393342105,0.565500703920792,88.81839809674861,18.384134895809204,15.164015324845938,88.81839809674861,106.91982114316932,27.914353687549564,27.914353687549564,28.02008987575998,28.072957969865186,IMG_00135.tif,12.61,telemed_644,
1,2.0,24.904045505063745,24.90424385406084,26.187900147239816,26.187984199924262,27.491162784322913,27.49125001888673,1.4241468161626731,1.1628593486632166,-3.993219403078902,0.14516519621563545,19.0,13.546240867175186,14.53376413198932,14.076628703745968,15.415765440366044,92.89482114104239,89.27029443022852,89.27029443022852,19.0,-1.0,13.5,19.0,15.633980598663555,17.729263447074118,14.085787557680703,17.371064799593036,11.606173196321476,14.488618997957255,5.764891603271558,16.79457563926588,100.82123159455061,99.4887936307044,83.37006780122564,0.6368990210844164,74.38540840602697,17.37106479966063,16.59498612885393,74.38540840602697,87.15153665973939,24.980174464710547,24.874438276500136,24.874438276500136,24.742268041237114,IMG_00136.tif,12.61,telemed_644,17.729263447074118
1,2.0,24.904557000865005,24.904771288099692,26.18380214641728,26.18391114368055,27.492907636308754,27.49301239690718,1.4141743298190974,1.1740667789883923,-3.995332029036225,0.16532111226072288,18.0,13.422749882032505,14.581656950051949,15.434452112859645,15.434452112859645,96.28927075743266,89.81524239654873,89.81524239654873,18.0,-1.0,13.5,18.0,15.82350631130501,17.75496604257171,14.1803327986986,17.59576519787962,11.523965287797902,14.559865242838761,6.071799910081717,16.98858520687145,100.47499608032692,99.01491632878705,82.34054861330192,0.6370848161202496,74.06819984139572,17.595765197951437,16.667995608582103,74.06819984139572,86.78275019227253,24.980174464710547,24.874438276500136,24.874438276500136,24.742268041237114,IMG_00137.tif,12.61,telemed_644,17.75496604257171
1,2.0,24.90005886563774,24.900267980256174,26.194913578823087,26.195005029066827,27.51546166958586,27.5155247996431,1.4163400422502888,1.1989167771366411,-4.024270174046557,0.15139828205825523,19.0,13.43613519083371,14.55887148296149,15.470546256231472,15.470546256231472,92.2798496513232,90.19410663654634,90.19410663654634,19.0,-1.0,13.5,19.0,15.865903273799063,17.701133216658633,14.142997234204216,17.342352365909356,11.732626563052001,14.537489464480679,5.609725802857354,16.78137978562362,100.39260420195372,99.14563057809515,83.49046905370342,0.6385802975586472,74.22680412371135,17.34235236597519,16.65095241522939,74.22680412371135,86.8529440880423,24.980174464710547,24.874438276500136,24.874438276500136,24.742268041237114,IMG_00138.tif,12.61,telemed_644,17.701133216658633
1,2.0,24.902297272300956,24.902497427622077,26.226068218454163,26.22613797346925,27.562716557573008,27.562726012027756,1.446008606350031,1.2142199780556493,-4.074678492665367,0.13214729391690344,17.0,13.21034919250198,14.531117007613569,15.425301902264408,15.425301902264408,92.39864229530009,90.28959063999538,90.28959063999538,17.0,-1.0,13.5,17.0,16.443377350737478,17.677836772045453,14.143018887561055,17.39858072253658,11.710705513835705,14.554643118186142,5.687875208700873,16.82979320166649,100.31770159933794,99.03940640887862,83.23576366379235,0.6422085096677475,74.06819984139572,17.398580722610404,16.67638174658412,74.06819984139572,86.7313557424046,24.980174464710547,24.874438276500136,24.84800422944753,24.742268041237114,IMG_00139.tif,12.61,telemed_644,17.677836772045453
1,2.0,24.903226041418794,24.90350835261946,26.22444553879144,26.22453925280645,27.566156453760485,27.566162117374716,1.4476923110874809,1.2149614536677855,-4.083978169269874,0.1531743685465597,18.0,13.1080022373295,14.561977224850661,15.426531638227402,15.426531638227402,95.92055439776938,90.30192181821062,90.30192181821062,18.0,-1.0,13.5,18.0,16.522911401314218,17.590931981028547,14.095685021832765,17.337051954168885,11.80093427674281,14.568993115455847,5.536117677426075,16.783440186426276,100.15466260999861,98.94874425227802,83.52608114475767,0.6430193644210359,73.9095955590801,17.337051954242536,16.72039889409757,73.9095955590801,86.51370425327691,24.953740417657947,24.874438276500136,24.84800422944753,24.742268041237114,IMG_00140.tif,12.61,telemed_644,17.590931981028547
1,2.0,28.1475707355706,28.15812447009968,29.872049677476717,29.87754351621493,31.57574695330173,31.57770065552848,1.6412272625793738,1.7783489228494276,-0.9796782245672476,1.098777594755005,27.0,12.116217494243529,11.986603107791106,12.260311323463867,12.260311323463867,122.93241175055205,122.03449369715685,122.03449369715685,27.0,-1.0,11.5,27.0,15.077950326286924,14.27434565366741,11.58135902243032,18.47788452999602,7.88159278978862,13.17973865989232,10.596291740207402,17.418255355975283,130.81906480339336,123.48914527725462,88.83846097884751,0.685892996648902,102.93417922283902,18.477884530017008,14.1028367250961,102.93417922283902,115.55440595380317,28.125826063970397,28.072957969865186,28.09939201691779,28.469468675654245,IMG_00141.tif,12.61,telemed_644,16.634899066944797
1,2.0,28.129150129212533,28.139449066808414,29.865526201634943,29.87087593864586,31.577969639343678,31.579886359362,1.64415466813731,1.796282624416277,-0.9297119660857369,1.0843921113581314,29.0,12.157232615930127,12.096860554192952,12.35603185909622,13.431221399333793,122.82258686946574,121.1068890443433,108.20633806304062,29.0,-1.0,11.5,29.0,15.153027805101203,14.377877693102079,11.453276574043798,18.693630607251677,7.827311627639873,13.260471117445775,10.866318979611803,17.606998709290497,130.26523055529933,122.66867934829918,87.79049998034792,0.6853204704509898,102.45836637589215,18.693630607270798,14.141585258370512,102.45836637589215,115.16723688802456,28.125826063970397,28.072957969865186,28.125826063970397,28.469468675654245,IMG_00142.tif,12.61,telemed_644,16.79044022429244
1,2.0,28.258534199504474,28.26877386220741,29.940201206288684,29.945356907132023,31.636312611908387,31.63805729280156,1.656289545136707,1.71299388545743,-1.0304049930028603,1.0632195889484863,27.0,12.072431631952725,11.998508734173148,12.282615584385837,12.89261550142777,125.52850272564906,123.51109971053764,113.01747234465262,27.0,-1.0,11.5,27.0,14.859097373178543,14.096244034884421,11.436255468006607,18.474200495979392,7.573588340892528,13.023894418435962,10.900612155086865,17.384139280470706,133.58192441553336,125.43446759073939,89.20662946425885,0.6860569195386692,103.56859635210151,18.474200496002403,14.040238673324339,103.56859635210151,116.51773305249394,28.205128205128208,28.125826063970397,28.205128205128208,28.548770816812056,IMG_00143.tif,12.61,telemed_644,16.521113598995328
1,2.0,28.293664898365,28.30371907198322,29.972051952289775,29.977123476577066,31.66080897452193,31.662543839798257,1.659867031561903,1.698957736253129,-1.062840670920751,1.0539451985570425,28.0,11.821391134829199,11.992483133372266,12.240505606197388,12.847481681290589,127.79242524233663,124.0856781843882,113.62547926951935,28.0,-1.0,11.5,28.0,14.724921777144942,14.020671438960619,12.163270019435515,18.40223381340242,7.511917871452421,12.957075842427422,10.890315941950002,17.313202219207422,134.50431769613576,126.22690950543067,89.65467015019213,0.6849648989410005,103.56859635210151,18.402233813426207,14.004569358618351,103.56859635210151,116.95376701320966,28.25799629923341,28.152260111023,28.25799629923341,28.548770816812056,IMG_00144.tif,12.61,telemed_644,16.38040603106262
1,2.0,28.31717933779464,28.327009460494974,29.979508103761194,29.984471650511246,31.651757564591758,31.653466494620584,1.6592872121442084,1.6671698219814048,-1.0929734263783286,1.0425370054565612,28.0,11.448489787225967,11.854491406319246,12.225720368609615,12.908121590632817,131.6262611885203,124.66355429788673,113.25170442300652,28.0,-1.0,11.5,28.0,14.023025378951274,14.023025378951274,11.843314456875817,18.404958262282456,7.414286652077934,12.909622457180195,10.99067161020452,17.305891101262002,135.34656716761194,126.78773230470621,89.71598573999427,0.6839589898561212,103.88580491673275,18.404958262307723,13.967958514169261,103.88580491673275,117.35114970721783,28.25799629923341,28.1786941580756,28.310864393338623,28.548770816812056,IMG_00145.tif,12.61,telemed_644,16.343186805575897
1,3.0,19.118291579880317,19.15319657553706,20.23214711884451,20.2654902874108,21.34792330587693,21.380989083764128,1.113231166615051,1.1145613416120206,-0.1676772765560569,3.2871692879035774,15.0,11.292626172317881,11.027766910666697,11.292626172317881,10.323515900708344,92.5283108853742,92.5283108853742,94.43174965125849,15.0,-1.0,10.5,15.0,11.94876444248564,11.698720660983213,10.322009463738596,12.62539770534217,9.395258854513267,11.010328279927718,3.230138850828902,12.30238382025928,100.96948683941288,100.2445561686072,87.59112166799774,0.7689212385477228,78.67746288798921,12.625397705398985,12.824723642773131,78.67746288798921,86.25203707723891,19.18578497525866,19.1183085919928,19.02834008097166,18.82591093117409,IMG_00146.tif,14.82,left_ticks_800,12.559987275822664
1,3.0,19.14727093430939,19.184041488692923,20.25266374731235,20.286182476905307,21.373332150015155,21.404121108643476,1.1524137547759965,1.0676658651745552,-0.09617567080498107,3.294132455506841,14.0,10.698589745801257,11.161519578259272,11.499375572406933,11.499375572406933,90.65027780025973,88.00862389920111,93.06725511385063,14.0,-1.0,10.5,14.0,12.711214497071069,11.497488295148173,10.203019926085005,13.84853020710863,8.811358279236293,11.329944243172461,5.037171927872336,13.344813014321396,99.25494631800454,97.60621929377294,80.11325230262442,0.6657944254479924,73.54925775978407,13.848530207189706,13.176414716402363,73.54925775978407,84.12184741894458,19.208277103013945,19.163292847503374,19.02834008097166,18.82591093117409,IMG_00147.tif,14.82,left_ticks_800,
1,3.0,19.13599015677129,19.171667378980683,20.247346197783063,20.280070884992327,21.380374440822315,21.411338917647,1.1275871531788093,1.1120843854875053,-0.31662533924046504,3.255360314448616,13.0,10.648914981719031,10.74675158847529,10.648914981719031,11.955706639447357,94.73420880858423,94.73420880858423,85.69598192079397,13.0,-1.0,9.5,13.0,11.650648644699572,11.650648644699572,9.9837982100766,13.415352058423563,8.556305266435116,10.98582866242934,4.8590467919884475,12.929447379224719,102.24350758044325,100.56218313925567,82.5993407579657,0.6471774612732373,75.30364372469636,13.415352058511896,12.835420914261958,75.30364372469636,86.264417541707,19.163292847503374,19.095816464237515,19.005847953216374,18.690958164642375,IMG_00148.tif,14.82,left_ticks_800,
1,3.0,19.120374241622923,19.153410647878726,20.22748896276319,20.258570590763096,21.382580173952086,21.414402639320787,1.0727810081193758,1.1882109833226837,-0.4954461272947994,3.1742465167972456,11.0,9.952804072906616,10.877906741839213,10.70909990601092,9.952804072906616,94.41715239802052,85.11767843700568,94.41715239802052,11.0,-1.0,9.5,11.0,12.194297597645402,10.8190235320086,9.823312985263442,14.236614897130268,8.207186371789579,11.221900634459924,6.029428525340689,13.6336720445962,100.84931527841795,98.38653241476885,77.85621196707618,0.5406374373812108,74.08906882591093,14.236614897216196,13.097504174147065,74.08906882591093,84.49330725452715,19.163292847503374,19.163292847503374,18.960863697705804,18.62348178137652,IMG_00149.tif,14.82,left_ticks_800,
1,3.0,19.065064342914592,19.096565755919695,20.11364893639097,20.143369080699767,21.23359703524295,21.2656983618902,1.0369762526341015,1.1321563533364034,-0.659930689621768,3.112794454602229,12.0,10.34652615977538,10.716119110329982,10.523023803677262,10.523023803677262,92.23576645365578,88.97316927550531,88.97316927550531,12.0,-1.0,10.5,12.0,11.871334849933078,11.037142311973469,10.07605763299182,13.564930615986366,8.840269832366952,11.20260022417666,4.724660783619416,13.092464537624426,99.75510308507674,98.26582608956332,81.3950336875399,0.5330532679919702,73.6842105263158,13.564930616175559,13.107398819458778,73.6842105263158,84.18387643080328,19.18578497525866,19.14080071974809,18.960863697705804,18.62348178137652,IMG_00150.tif,14.82,left_ticks_800,
1,3.0,16.760087630302447,16.767373487240196,18.167224033117638,18.173418997424534,19.591913672200953,19.597070188530257,1.240114607065679,1.5895820942243817,3.19737042498007,1.4960670306158546,18.0,12.606578371114963,12.499331049090209,12.436355390429327,13.61710465535515,80.66393819803949,82.56719157563607,77.11613095023634,18.0,-1.0,11.5,18.0,14.13956940554013,14.877289407409307,11.924147734477287,16.970289298167124,9.048655017644723,13.009472157905924,7.9216342805224,16.178125870114883,76.82345217001739,74.40457795824022,57.3852811675605,0.856923970150948,80.16194331983806,16.97028929810505,12.043489195378896,80.16194331983806,80.27340682177731,17.094017094017094,16.91408007197481,16.59919028340081,16.39676113360324,IMG_00151.tif,14.82,left_ticks_800,14.13956940554013
1,3.0,16.757945684460502,16.765054047102492,18.168943361157883,18.17507154173937,19.596344129313348,19.601431060536754,1.2436598079881578,1.5927172054461067,3.20686370059755,1.4879130279979442,18.0,12.536865950835335,12.529374360172683,12.416040774571826,13.61537214573363,80.71161159948245,82.54877404641537,77.21632807587356,18.0,-1.0,11.5,18.0,14.160326467248979,14.8600091765461,11.953018899040046,16.58945684755127,9.705055799698762,13.147256323625015,6.884401047852505,15.901016742766016,75.37045215250772,73.62798292918288,58.65609226121175,0.8575073005311131,80.29689608636977,16.589456847501815,12.157951604349845,80.29689608636977,79.51770395565059,17.094017094017094,16.91408007197481,16.59919028340081,16.39676113360324,IMG_00152.tif,14.82,left_ticks_800,14.160326467248979
1,3.0,16.75961069907285,16.76691552437715,18.16678720998378,18.172922103254233,19.590677650866887,19.595710431397805,1.238386069717649,1.5904088373030134,3.2008901369142193,1.4888158096461586,18.0,12.433501383242316,12.496024434880333,12.34336856477887,13.506182727167669,81.03552033227429,85.2242962285739,77.08629086305564,18.0,-1.0,11.5,18.0,14.168118548045953,14.803518216985168,11.957204485372188,17.046082981894404,9.502073884371622,13.274078433133013,7.544009097522783,16.291682072142127,74.993414585356,72.94425489694517,57.135311220601714,0.8576497824371871,79.75708502024291,17.046082981857072,12.293623005286822,79.75708502024291,78.6612805818666,17.094017094017094,16.91408007197481,16.59919028340081,16.39676113360324,IMG_00153.tif,14.82,left_ticks_800,14.168118548045953
1,3.0,16.7627053945796,16.770015494936995,18.16687675749343,18.17305080970337,19.592277793027872,19.597312686832883,1.2385425088539364,1.5887546830419537,3.1838835873979767,1.4935547759389154,18.0,12.514676522581581,12.498682721173097,12.389506399874818,13.521594626724976,80.9713328620303,85.06388352345677,77.20314533559018,18.0,-1.0,11.5,18.0,14.098356245193969,14.747633870581751,11.89628236440717,16.472914618964218,9.646425052833987,13.0596698358991,6.826489566130229,15.790265662351192,75.88428922101555,74.13604499840189,59.07772713709124,0.8584979183580752,80.43184885290148,16.472914618917347,12.11033403048626,80.43184885290148,79.85036937007062,17.094017094017094,16.91408007197481,16.59919028340081,16.39676113360324,IMG_00154.tif,14.82,left_ticks_800,14.098356245193969
1,3.0,16.7585416095598,16.765816304974503,18.164459772555837,18.170633143526587,19.586874910826964,19.59199035794198,1.2351831700910763,1.5909908828763997,3.1912969715668544,1.4935717284538073,17.0,12.439405573422846,12.486808953724678,12.140347414912753,13.699897807070386,82.8008463961028,85.38929828940826,77.15043609786643,17.0,-1.0,11.5,17.0,14.151867135559087,14.894689948586546,11.95418952699481,16.671381612157234,9.455314598635088,13.063348105396159,7.216067013522144,15.949774910805019,76.0568027931499,74.09550924117549,58.378258815688696,0.857526274099995,80.43184885290148,16.671381612094336,12.085668214607526,80.43184885290148,79.9892888192351,17.094017094017094,16.91408007197481,16.59919028340081,16.39676113360324,IMG_00155.tif,14.82,left_ticks_800,14.151867135559087
1,3.0,18.767979116815336,18.80023322021878,19.829595431490652,19.860847015487213,20.925451935120225,20.954961499549913,0.9896169912185183,1.1651112881126162,0.039830286719021904,3.2146354433205295,8.0,11.93106009543456,12.210764644235239,12.24055765621705,12.24055765621705,87.71325928715069,83.33794570310802,83.33794570310802,8.0,-1.0,11.5,8.0,14.289878925570264,14.289878925570264,11.63508608788186,15.102305771759948,10.338477434083405,12.720391602921676,4.763828337676544,14.625922937992295,86.35486109578527,85.34275296324768,72.12584267208467,0.6174445464381788,65.31713900134953,15.102305771834454,14.372057263901095,65.31713900134953,75.70743628886389,18.82591093117409,18.73594242015295,18.55600539811066,18.218623481781375,IMG_00156.tif,14.82,left_ticks_800,14.289878925570264
1,3.0,18.770312274349433,18.802344868325022,19.828560570999226,19.85938944230721,20.920284308075544,20.949070417933893,0.9925108194441049,1.154214730164763,0.038306369780236146,3.1929321815375156,9.0,11.690809027072532,12.268830493979307,12.326605851570832,12.326605851570832,90.77919630839858,82.27815290657757,82.27815290657757,9.0,-1.0,11.5,9.0,14.604727995183964,14.604727995183964,11.813853052732611,15.421329296539474,10.42501563527276,12.923172465906116,4.996313661266713,14.921697930412803,85.09651618701083,84.03317903547538,70.67500416780042,0.6799116053979202,65.72199730094466,15.421329296608166,14.51497120395466,65.72199730094466,74.98432365319358,18.82591093117409,18.75843454790823,18.578497525865945,18.218623481781375,IMG_00157.tif,14.82,left_ticks_800,14.604727995183964
1,3.0,18.76613223236338,18.79804724405698,19.82133397807964,19.851876923816565,20.90514578159868,20.933658543404597,0.9921864388363603,1.1434248605112585,0.018279346239486516,3.1786887211744803,9.0,11.716259488247744,12.327625800678483,12.263940731084148,12.263940731084148,90.68832662085443,82.70596617020125,82.70596617020125,9.0,-1.0,11.5,9.0,14.857599781927803,14.857599781927803,11.824095932215585,15.723035598687725,10.206165194756316,12.96460039672202,5.516870403931408,15.171348558294584,85.04112090333386,83.75099534701911,69.3369790873339,0.6787153679546036,64.64237516869096,15.723035598756214,14.571134036476233,64.64237516869096,74.68526539614756,18.87089518668466,18.780926675663515,18.600989653621234,18.286099865047234,IMG_00158.tif,14.82,left_ticks_800,14.857599781927803
1,3.0,18.76537156497076,18.797143695434578,19.814198764633694,19.84468970760543,20.894853030307477,20.923319588323242,0.9877221870279614,1.1384537058607007,0.007205170703742414,3.176556061925074,9.0,11.81116136906698,12.400252784085653,12.18396361346774,12.18396361346774,89.95374463630162,83.16466103224886,83.16466103224886,9.0,-1.0,11.5,9.0,14.994791580333356,14.994791580333356,11.924996989999386,15.661571593544672,10.670214908839023,13.165893251191847,4.991356684705647,15.162435925074107,83.49140322093905,82.48893842751795,69.59912495821784,0.6765892523646984,64.23751686909581,15.661571593617904,14.771261869169146,64.23751686909581,73.69215945467612,18.848403058929375,18.75843454790823,18.578497525865945,18.218623481781375,IMG_00159.tif,14.82,left_ticks_800,14.994791580333356
1,3.0,18.761075890418194,18.792759360239526,19.820798415817762,19.85120296780592,20.910655669530748,20.939077620143387,0.9913693102667722,1.1549489496370848,-0.023048137343020553,3.1715310413232456,9.0,11.733766292078428,12.334850039545605,12.185343120135883,12.185343120135883,90.33167071778743,82.99286679135676,82.99286679135676,9.0,-1.0,11.5,9.0,14.861368336834175,14.861368336834175,11.869404935724901,15.695511377857196,10.311249060712663,13.00338021928493,5.3842623171445325,15.157085146142743,84.69829961837958,83.48257286372151,69.43642843642,0.6778086881097573,64.23751686909581,15.69551137792511,14.610841453875,64.23751686909581,74.4662369220781,18.82591093117409,18.75843454790823,18.578497525865945,18.218623481781375,IMG_00160.tif,14.82,left_ticks_800,14.861368336834175
1,3.0,16.53105429666703,16.537876074244583,17.930744743613705,17.937626487565595,19.343246469379597,19.350584742793835,1.2892489597592796,1.5234597087899748,3.992858129804998,1.5871511297674314,12.0,12.655328436024192,12.68122268560509,12.368260308123723,12.368260308123723,87.7874405164525,86.01288860519551,87.7410681594873,12.0,-1.0,12.5,12.0,13.75237274355618,14.074417109600603,12.20548498539847,16.195399441859976,9.132045469457038,12.663722455658506,7.063353972402937,15.489064044619681,77.38708089034746,75.35059878073749,59.22613406774497,0.5664940277669104,85.96491228070175,16.19539944174893,11.571551518516536,85.96491228070175,82.35142757374145,16.689158794421953,16.531713900134953,16.374269005847953,16.194331983805668,IMG_00161.tif,14.82,left_ticks_800,13.75237274355618
1,3.0,16.52505744475687,16.532007580823638,17.930872891440007,17.937735770766665,19.348432255737965,19.355618812340463,1.2923812110323267,1.5312300204845004,3.9699263970557546,1.5849692753683964,11.0,12.40032420843903,12.600470408907254,12.341346362355239,12.341346362355239,87.99500812325807,85.96636676659571,87.36820108701382,11.0,-1.0,12.5,11.0,13.740518718633894,12.995508228700999,12.193044653741481,16.078307084993828,9.073748740855931,12.576027912924879,7.004558344137896,15.377851250580038,77.88420578016526,75.84032498883067,59.62460445050335,0.5097810017875581,86.23481781376518,16.078307084935474,11.49593947070824,86.23481781376518,82.85605340349763,16.689158794421953,16.531713900134953,16.374269005847953,16.194331983805668,IMG_00162.tif,14.82,left_ticks_800,13.740518718633894
1,3.0,16.522573059408483,16.529538509036524,17.92384101398932,17.930815392506386,19.342692144803582,19.34989157566549,1.2846497640618966,1.5357033025670732,3.9599595183111784,1.59810181786624,12.0,12.44343656739936,12.604366562040887,12.322338279817643,12.322338279817643,87.6565241467465,86.08688066473005,87.38274518279499,12.0,-1.0,12.5,12.0,13.70814209584438,13.013458567584848,12.162032247077775,16.162712417063105,8.974173816522445,12.568443116792775,7.188538600540659,15.443858557009039,78.03679309326714,75.87465588945669,59.313105686896506,0.5095017649644955,86.09986504723346,16.16271241700559,11.500317137500998,86.09986504723346,82.81325965707767,16.689158794421953,16.531713900134953,16.374269005847953,16.194331983805668,IMG_00163.tif,14.82,left_ticks_800,13.70814209584438
1,3.0,16.53208851750947,16.538989963632552,17.93135598408789,17.938035692382257,19.33190800722931,19.33891185643729,1.28423601209156,1.515685880713178,3.9794768807526433,1.5636603166059684,12.0,12.462425819036298,12.625079636758821,12.3485672426591,12.3485672426591,87.87823578606356,86.12612561067175,87.35399703428621,12.0,-1.0,12.5,12.0,13.692174663680362,13.045540169191497,12.16699759785729,16.123708628198607,9.013205263222687,12.568456945710647,7.1105033649759175,15.412658291701014,78.03251990565195,75.91827021414278,59.487003717770634,0.5086972147320623,86.09986504723346,16.123708628140506,11.497137276823437,86.09986504723346,82.88356114160035,16.689158794421953,16.531713900134953,16.374269005847953,16.194331983805668,IMG_00164.tif,14.82,left_ticks_800,13.692174663680362
1,3.0,16.557727433098385,16.56383830496054,17.944443718991938,17.950701317121364,19.332513217729314,19.339427296312934,1.2566983319644691,1.5188906593879277,3.985077949944621,1.5129109678176325,13.0,12.498507464687776,12.648853039286502,12.365120773666547,12.365120773666547,88.34003329303606,86.57045107508416,87.99356204804255,13.0,-1.0,12.5,13.0,13.729996325902334,14.168317090318226,12.196500930520301,16.243701065816744,9.030308148615706,12.637004607216223,7.213392917201036,15.522361774096638,77.77501588326436,75.62906459360931,59.149970022907276,0.5669257404437884,86.90958164642375,16.243701065697206,11.506977091984147,86.90958164642375,82.94080821359353,16.734143049932523,16.55420602789024,16.39676113360324,16.194331983805668,IMG_00165.tif,14.82,left_ticks_800,13.729996325902334
1,2.0,22.27089966147049,22.388927811079075,23.80764791521271,23.91919567043771,25.383997378636263,25.492785974811554,1.5055406108880645,1.5983175528444111,1.997072098498613,5.535587054699673,20.0,12.035644921185366,12.060506881438664,12.000685920975911,13.386998464711041,87.68857747508953,90.43166141271077,82.50967764528146,20.0,-1.0,10.5,20.0,14.09462209072268,15.622888159502281,9.56980593842627,19.0589835380967,7.129118294817144,13.094050916456922,11.929865243279558,17.865997013768748,106.31063459865167,98.54790468416536,68.37126478734584,0.7456492566051973,72.33468286099865,19.058983538133482,14.684598008470669,72.33468286099865,88.07190752880012,22.514619883040936,22.199730094466936,22.312190733243366,22.06477732793522,IMG_00166.tif,14.82,left_ticks_800,15.622888159502281
1,2.0,22.226563063436473,22.344334333896295,23.78550207983139,23.89392032129159,25.358313128998653,25.462670792883525,1.526076968860262,1.5922594901269667,1.8228450997764092,5.4602114054016315,21.0,12.13312942007056,11.827473610471314,11.901929676279536,11.901929676279536,85.32363823978905,89.46898014268201,89.46898014268201,21.0,-1.0,10.5,21.0,14.360907713580843,15.662055071501612,9.53080204554044,18.916617663365106,7.5041315733434075,13.210374618354257,11.412486090021698,17.775369054362937,104.30084578091244,97.50022577292283,68.7292184111613,0.7952586426456333,72.06477732793522,18.916617663395087,14.795997311041438,72.06477732793522,87.24882452774332,22.44714349977508,22.109761583445795,22.22222222222222,21.929824561403507,IMG_00167.tif,14.82,left_ticks_800,15.662055071501612
1,2.0,22.146109687060434,22.262793469260057,23.708325047457507,23.818175781136766,25.26393826666356,25.37228203384385,1.4951982787769502,1.6142902858068398,1.8785883894426785,5.504931513070312,21.0,12.490904969494665,12.028631445528413,12.31587457618943,12.05891110589792,87.91818226719388,87.91818226719388,87.91818226719388,21.0,-1.0,10.5,21.0,14.426735027197935,15.9690236384574,10.580962717144189,18.973178813426806,8.296945253555986,13.635062033491398,10.676233559870822,17.905555457439725,99.4302930398046,94.16274816835728,68.27403614135353,0.7931496864424697,71.7948717948718,18.973178813452886,15.118929097335453,71.7948717948718,85.1059572347507,22.33468286099865,22.06477732793522,22.199730094466936,21.86234817813765,IMG_00168.tif,14.82,left_ticks_800,18.215294461515327
1,2.0,22.11056805684242,22.22597156618149,23.67826219786594,23.785644785697627,25.243840764434008,25.350656486517963,1.5098535378913749,1.614831382445098,1.7777868182444536,5.446413654296913,22.0,12.354434244805418,11.68124848646981,12.2665187448207,8.829720416449874,89.7972649976362,91.09496743892933,121.24839071343756,22.0,-1.0,10.5,22.0,14.222156589175853,15.96448634685288,9.820191817345801,17.75750713128523,7.840674569170617,12.799090850227923,9.916832562114614,16.76582387507377,105.51901802866782,100.04499478313848,72.66906086755665,0.7879290031086918,73.27935222672065,17.757507131311552,14.335580425149947,73.27935222672065,89.51213993970431,22.33468286099865,22.06477732793522,22.17723796671165,21.86234817813765,IMG_00169.tif,14.82,left_ticks_800,15.96448634685288
1,2.0,22.087438555541077,22.20166706833296,23.63512083881588,23.737861863471586,25.20677136692366,25.30304400366854,1.5236489021493205,1.5777280331862606,1.5384792118831587,5.332680236758122,22.0,12.34674965218872,11.626478353160197,12.553853820330005,12.553853820330005,87.41833469348359,84.81855088366001,84.81855088366001,22.0,-1.0,9.5,22.0,14.809354202435685,15.692799773551968,9.593466292625749,17.79830728426366,7.212167596609521,12.505237440436591,10.586139687654141,16.739693315498247,109.08412572874067,102.26506552049463,72.44264185025881,0.7871577899312099,72.8744939271255,17.798307284290672,14.165656559786926,72.8744939271255,90.48207004790089,22.312190733243366,22.06477732793522,22.109761583445795,21.86234817813765,IMG_00170.tif,14.82,left_ticks_800,15.692799773551968
1,2.0,25.379596651187263,25.417226966675862,26.870136369865538,26.913361083874506,28.437769907282863,28.49030531454305,1.8594459665133964,1.2136323813537893,-0.22298441676850544,3.2477146780441055,22.0,11.300693740793292,11.664030087663981,13.386236850698197,13.564121883489605,107.19878426019454,94.61856329482197,87.93556597296443,22.0,-1.0,11.5,22.0,14.379392919354132,14.379392919354132,8.852951827507184,18.866735129371403,3.4044815221363294,11.135608325753866,15.462253607235073,17.320509768647895,162.13562954819568,131.55434720959005,78.57091417939546,0.7838548338784103,95.41160593792172,18.86673512939698,12.65446235551585,95.41160593792172,115.97769406345986,25.641025641025642,25.461088618983354,25.371120107962213,25.236167341430498,IMG_00171.tif,14.82,left_ticks_800,13.867541555849698
1,2.0,25.382413580547123,25.419913701866744,26.873037120669796,26.916294165210413,28.41978719960873,28.470474568262702,1.8357619506732135,1.2147989157227417,-0.2265334081507328,3.248752292382671,23.0,11.192942270240337,11.67582784586841,13.376623960994408,13.487781420024419,107.91618841002565,94.6707463394971,88.22130656569706,23.0,-1.0,11.5,23.0,14.359676190650418,14.359676190650418,8.91643881835688,18.894355725639116,3.4760413817310516,11.185198553685083,15.418314343908063,17.352524291248308,160.78555332691536,130.9923437577629,78.46855006572403,0.7828208622807535,95.54655870445345,18.894355725664546,12.698899425385848,95.54655870445345,115.59072787447003,25.641025641025642,25.483580746738642,25.371120107962213,25.236167341430498,IMG_00172.tif,14.82,left_ticks_800,13.799491743181989
1,2.0,25.385779066782312,25.423146960642768,26.87897003229638,26.922022787786602,28.44632693988435,28.498918605754938,1.858636397587909,1.2171352475242583,-0.23684060198630597,3.2407248214793465,22.0,11.124764433636486,11.671915969214643,13.346253664272382,13.557690931712017,106.83058445895816,94.82572361600592,89.37077445414445,22.0,-1.0,11.5,22.0,14.359334068898164,14.359334068898164,8.922589365695103,18.924781143406005,3.3518892834373646,11.138335213421684,15.572891859968639,17.36749195740914,162.77508249059935,131.55336348927054,78.35706524399059,0.7801963911872337,95.81646423751687,18.92478114343174,12.648799125029154,95.81646423751687,116.0559602195748,25.641025641025642,25.483580746738642,25.348627980206928,25.236167341430498,IMG_00173.tif,14.82,left_ticks_800,13.880490984172184
1,2.0,25.388009598792753,25.425356950868476,26.88359699152154,26.926603087339068,28.453285770019818,28.50595093449049,1.8651254270706743,1.2154685565513368,-0.2358386065295372,3.238692198191011,23.0,10.960521810927077,11.61113392696014,13.363172308815507,13.609324453415468,110.00624642019037,94.75660198603076,87.91448848660664,23.0,-1.0,11.5,23.0,14.362518126109535,14.362518126109535,8.803916876491826,18.80573685202127,3.4367825494940623,11.121259700757665,15.368954302527207,17.26884142176855,161.96180618907078,131.76447677076786,78.84195777921961,0.7820397264901231,96.08636977058029,18.805736852045612,12.634216320218917,96.08636977058029,116.19803022201303,25.618533513270357,25.483580746738642,25.348627980206928,25.236167341430498,IMG_00174.tif,14.82,left_ticks_800,13.925147787630863
1,2.0,25.39472064631406,25.432141808733398,26.88899346125424,26.931871999666907,28.45694615482868,28.509866278429033,1.865870905961823,1.2118535637338137,-0.23812114709569782,3.233567887935123,22.0,11.217328162734802,11.62141276361687,13.404268291872512,13.459465530622907,105.83982262521485,94.52852714084898,88.28791548328442,22.0,-1.0,11.5,22.0,14.3693749456327,14.3693749456327,8.620980766889147,18.809740284815017,3.444092543550466,11.126916414182743,15.365647741264553,17.273175510688564,161.85851681077315,131.73353951003958,78.84685599466295,0.7803629712756711,94.73684210526315,18.80974028483921,12.643488394422615,94.73684210526315,116.1452425583699,25.641025641025642,25.483580746738642,25.393612235717498,25.236167341430498,IMG_00175.tif,14.82,left_ticks_800,13.772994207840895
1,2.0,22.316972188214148,22.321748311134808,23.787566840532513,23.792531519045305,25.250885498563395,25.255346051665114,1.7098916253608984,1.2237061151694064,-3.8141815231686547,1.170497313504507,11.0,12.424430567899321,12.659360854003932,12.662459768025286,13.533426134881495,88.08338224248894,88.08338224248894,81.45858476747844,11.0,-1.0,11.5,11.0,12.91339770622136,14.022393273203534,13.151426906347297,11.966740484610991,15.22657221022066,13.596656347415825,-3.259831725609669,12.292723657171958,95.39018677091909,94.93510463560838,107.63693214116985,0.503179350200243,74.49392712550608,11.966740484849186,15.85190089553236,74.49392712550608,81.70497181732215,22.559604138551506,22.357174988753936,22.17723796671165,21.997300944669366,IMG_00176.tif,14.82,left_ticks_800,
1,2.0,22.321293229901958,22.32589816913402,23.788102953744946,23.7930260446939,25.251944868914194,25.256357008377403,1.702950555257216,1.2275082839861688,-3.821192372274378,1.1655722749001811,11.0,12.269393327843915,12.603046762601108,12.67379257319348,13.518976604697457,88.13133297508818,88.13133297508818,81.66726365945922,11.0,-1.0,11.5,11.0,12.743826511186853,13.993409788040367,13.14822575653642,11.982294033638013,15.110788519103618,13.546541276370816,-3.1284944854656054,12.295143482184573,95.7203741320978,95.2967470117171,107.51847611010143,0.5052624304766558,74.62887989203779,11.982294033873824,15.80178633585056,74.62887989203779,81.97211564783771,22.559604138551506,22.357174988753936,22.17723796671165,21.997300944669366,IMG_00177.tif,14.82,left_ticks_800,
1,2.0,22.30930586489201,22.314252522274604,23.785160096410042,23.790149393116888,25.24876789350208,25.25324238666588,1.7077503556303089,1.231239508760971,-3.82155335472475,1.1734546270701633,11.0,12.354225897520223,12.618735678595275,12.702890868074576,13.495386018106956,87.48516798821157,87.48516798821157,81.32408362452247,11.0,-1.0,11.5,11.0,12.84135766762671,13.982517788213443,13.190022638181063,11.77782723080215,15.373099846070378,13.575463538436264,-3.595272615268228,12.137354492328972,95.6058167531992,95.04877489248629,109.30192171956621,0.502854942900542,74.62887989203779,11.777827231044569,15.845900816291342,74.62887989203779,81.70782806230284,22.559604138551506,22.357174988753936,22.17723796671165,21.997300944669366,IMG_00178.tif,14.82,left_ticks_800,
1,2.0,22.320782940810346,22.325536410510985,23.794352380928576,23.79923049628647,25.25220922436993,25.25659753652397,1.7056785933816019,1.2253825326313779,-3.8142794009436485,1.1600844999917619,11.0,12.080136385850551,12.855657260515224,12.661916411174786,13.385412454328645,87.57262667238551,86.85968353194767,81.41626990312498,11.0,-1.0,11.5,11.0,12.577087136553303,13.882363205031425,13.158867161877538,11.693959707087075,15.432227519273633,13.563093613180353,-3.7382678121865585,12.06778648830573,95.78655901042072,95.18183373612183,110.13032569344514,0.5037604085876659,75.30364372469636,11.693959707327148,15.812937967160956,75.30364372469636,81.91510083870081,22.559604138551506,22.357174988753936,22.199730094466936,21.997300944669366,IMG_00179.tif,14.82,left_ticks_800,
1,2.0,22.31751897610148,22.322028094736375,23.788786446693244,23.793579431747563,25.24745371444742,25.251858523506613,1.7115352834544268,1.218295145315812,-3.827345486289266,1.1500535630497113,10.0,11.980286399858173,12.82531084110247,12.759664221638758,13.404545308878909,89.27785216245255,88.00933898516229,81.80898825043104,10.0,-1.0,11.5,10.0,12.710286170464201,13.888767209902653,13.243886122662502,11.21678843572263,15.77686919577025,13.49682881574644,-4.56008076004762,11.672796511727391,96.54284782752855,95.62448484841508,114.73237976953925,0.5062315208483644,76.11336032388664,11.216788435981943,15.744220162791102,76.11336032388664,82.24983423048178,22.53711201079622,22.357174988753936,22.22222222222222,21.997300944669366,IMG_00180.tif,14.82,left_ticks_800,
1,2.0,26.985583864672574,27.012765227190215,28.46215770223567,28.484779732950717,29.94241533412429,29.960810259098817,1.7057036395135807,1.2423413923950188,-1.4929602058003404,2.2836299903502906,15.0,12.65688313772634,13.024368597181983,13.170309305482817,13.890743226857097,104.65581220223571,103.57659421460342,103.25431043310066,15.0,-1.0,11.5,15.0,14.1589717325825,14.1589717325825,12.594121028123027,14.362567232818,12.254817720935595,13.308692476876796,2.1077495118824046,14.15179228162976,117.5823380321094,117.33801031962173,108.88988632727035,0.536010251471003,93.65721997300945,14.362567232914918,15.206330626768704,93.65721997300945,102.97878229802774,27.125506072874494,26.968061178587494,26.810616284300494,26.51821862348178,IMG_00181.tif,14.82,left_ticks_800,
1,2.0,26.981840798904315,27.00889550183881,28.459779250766683,28.482312194674623,29.94040617181622,29.958702754920523,1.7076912480969924,1.2421160049847213,-1.4980936119845019,2.279227165944642,14.0,12.90172608411089,13.141736375128978,13.125261434291104,13.818390638721354,103.61267762337268,103.25302000287935,101.06946430269656,14.0,-1.0,11.5,14.0,14.088917570606611,14.088917570606611,12.948717665815934,14.768757765504567,12.12267202552463,13.445714895514598,2.646085739979937,14.504149191506572,116.52154381329518,116.14740239758218,105.94387400296685,0.5389234851184002,91.76788124156545,14.768757765609525,15.341863856236863,91.76788124156545,102.07607102236805,27.125506072874494,26.968061178587494,26.810616284300494,26.51821862348178,IMG_00182.tif,14.82,left_ticks_800,
1,2.0,26.985625063291483,27.012692816453065,28.45984231609278,28.482330858505943,29.940928919229435,29.95919204900596,1.701262837002867,1.2452363955500254,-1.4917693394432416,2.276979391386381,14.0,12.889356725502324,13.133551429605154,13.10701101042278,13.10701101042278,105.08634752647849,103.4557103373523,103.4557103373523,14.0,-1.0,11.5,14.0,13.809266302679475,13.809266302679475,12.93337483305254,14.745707145557153,12.1049314597924,13.425319302674776,2.640775685764753,14.481629576980678,116.71137492023891,116.33698255873105,106.12074567827284,0.5383841674338099,90.95816464237517,14.745707145663044,15.322952520638221,90.95816464237517,102.21341861168823,27.14799820062978,26.968061178587494,26.810616284300494,26.51821862348178,IMG_00183.tif,14.82,left_ticks_800,
1,2.0,26.979823617916292,27.00693276841453,28.453744715882575,28.47631570123858,29.93751080660664,29.955975516141184,1.7046352136984488,1.2444075340282028,-1.5270979574678143,2.281390771054106,15.0,13.08647601217936,13.156626000476535,13.299576299052887,13.08647601217936,103.44480233293251,103.39957642232642,103.44480233293251,15.0,-1.0,11.5,15.0,13.593711720894532,13.593711720894532,13.380611434021034,14.641613438202333,12.327961548209906,13.48478749320612,2.313651889992427,14.41024824920309,116.09182743237405,115.80868721012074,106.83575560458223,0.5380476752607571,90.55330634278002,14.641613438306843,15.384970980540299,90.55330634278002,101.78957317767198,27.14799820062978,26.968061178587494,26.810616284300494,26.51821862348178,IMG_00184.tif,14.82,left_ticks_800,
1,2.0,26.968691418283928,26.996166766064817,28.451033177684568,28.473716455889917,29.943058162699057,29.961536671684676,1.7144700494538936,1.250899856165963,-1.5558537394513496,2.2871639519025324,15.0,12.625566618567774,12.931671314460802,13.083921683100158,13.083921683100158,106.89000756405991,103.86947642298384,103.86947642298384,15.0,-1.0,11.5,15.0,13.37592985834192,13.37592985834192,12.917574793809536,14.561337297063902,11.887930042158331,13.224633669611118,2.673407254905572,14.293996571573345,118.39948169380793,117.99816186019319,107.36922037736143,0.5395386328883622,90.55330634278002,14.56133729717545,15.149159045636514,90.55330634278002,103.29501123935194,27.125506072874494,26.968061178587494,26.78812415654521,26.51821862348178,IMG_00185.tif,14.82,left_ticks_800,
1,2.0,25.679234571632055,25.84676425902162,26.77355680300479,26.939023403510404,27.96832984680175,28.131040841740273,0.9767180434012971,1.3075585393173588,0.48213278752782646,6.3536666483614574,19.0,8.604384924539744,7.474959451366012,7.408910819183518,7.408910819183518,153.59976345044444,185.86221445578437,192.46930006445814,19.0,-1.0,6.5,19.0,9.649326687404255,12.357710079138542,6.969016062796072,14.841198305463063,3.1130284233885983,8.977113364425831,11.728169882074464,13.668381317255617,197.65078001733937,165.36988224692985,100.74262061106403,0.5650795514496288,81.24156545209176,14.841198305588065,12.219506925975756,81.24156545209176,121.91534435157557,25.588837999479555,25.83530628575371,25.946573089960907,26.195238876872818,IMG_00186.tif,14.82,left_ticks_800,
1,2.0,25.646068944329578,25.812801398980138,26.84383046179673,27.01028560891584,28.092862955732432,28.257756818214244,0.9809691836553888,1.4639862355787134,0.7052872509035333,6.364216466493856,21.0,8.936903701378526,7.852989739403618,7.626469527378873,7.626469527378873,155.50039612009766,188.6014634737153,195.63000221686437,21.0,-1.0,6.5,21.0,9.520863650588751,12.325919923981132,6.825628937392764,14.955771596494033,3.365559213457264,9.16066540497565,11.59021238303677,13.796750358190357,190.78834817619847,161.88277782059225,99.8642435026726,0.5884950251768993,80.16194331983806,14.95577159660558,12.466315322621227,80.16194331983806,119.39048363194587,25.57071723732661,25.79777661991075,25.91293802293723,26.162149696073282,IMG_00187.tif,14.82,left_ticks_800,
1,2.0,25.806090638867193,25.97432827399169,26.7047587122543,26.87023183229694,27.638470878371923,27.799992277439497,0.9868014162497525,0.8388625871980565,0.3745018007368993,6.361928403099045,20.0,8.55332838402164,7.48825002649622,7.284127443524085,7.284127443524085,151.74251065670188,183.08584318600393,189.35244997282527,20.0,-1.0,6.5,20.0,9.913820037568541,12.723919828832436,7.144505280052158,15.375439559438455,3.3828357908734503,9.379137675155953,11.992603768565004,14.176179182581954,188.34741648758714,159.10702376823096,97.79314471451924,0.5663647868067713,80.83670715249663,15.375439559557748,12.524056789504018,80.83670715249663,119.57209500289153,25.745049620517193,25.96471519809532,26.04804493020102,26.32317126035613,IMG_00188.tif,14.82,left_ticks_800,
0,,,,,,,,,,,,,,,,,,,,,,,,,,,,,,,,,,,,,,,,,,,,,IMG_00189.tif,14.82,left_ticks_800,
0,,,,,,,,,,,,,,,,,,,,,,,,,,,,,,,,,,,,,,,,,,,,,IMG_00190.tif,14.82,left_ticks_800,
1,3.0,26.365212906276007,26.519753861262696,27.564040561052845,27.72064982351571,28.630921048721692,28.784962254580083,0.8725618112069652,1.392646582110412,5.8128711563174225,6.0932546031173,28.0,12.662955037046672,12.646313936020425,12.212785822362235,12.012784730295976,116.33114002718276,120.27354794501937,122.23234159665516,28.0,-1.0,12.5,28.0,16.33159637495683,16.33159637495683,12.532190631766753,19.604234346609807,10.074747854190116,14.839491100399963,9.529486492419693,18.65128569736784,106.67438241333772,102.93628007175634,78.57394877051128,0.819082241393311,94.33198380566802,19.604234346609246,14.799772870613449,94.33198380566802,103.20633452149066,26.40345745107686,26.501757370552927,26.564696325294637,26.58569500674764,IMG_00191.tif,14.82,left_ticks_800,16.33159637495683
1,3.0,26.3706474108083,26.525606496912115,27.560097721537232,27.715303764659996,28.627544986839165,28.78230823800833,0.8740710886074444,1.382630652488773,5.840091246548341,6.0664552999667904,28.0,12.584631931382162,12.660967432682257,12.233571741630925,12.02820059652575,117.25087290452132,120.31969844604131,122.32862098270844,28.0,-1.0,12.5,28.0,16.36224898590183,16.36224898590183,12.517460853802731,19.45014883900343,10.105288266411526,14.777718552707476,9.344860572591903,18.51566278174424,107.01178986892317,103.37859072507277,79.18863440927926,0.8221053429734667,94.60188933873144,19.45014883900292,14.739899580186435,94.60188933873144,103.63793483536337,26.383028615604736,26.503910337585005,26.56695906658831,26.58569500674764,IMG_00192.tif,14.82,left_ticks_800,16.36224898590183
1,3.0,26.371694816613523,26.526843421942086,27.558499918314553,27.713264877624127,28.6045784650564,28.758567921464422,0.8711976748716763,1.3605268246506603,5.840872339111176,6.058043956114855,28.0,12.560923195114071,12.658065990736999,12.219281922069058,11.9292020026962,117.33707865821067,120.29824934605372,123.14363781103178,28.0,-1.0,12.5,28.0,16.348735117497228,16.348735117497228,12.489617121407377,19.422480607061658,10.1028753376904,14.762677972376029,9.319605269371259,18.490520080124533,107.10810037484279,103.48417107545309,79.29907128236496,0.8204142207266252,95.1417004048583,19.42248060706102,14.717238184961303,95.1417004048583,103.796589982813,26.38086553147022,26.50218252902627,26.56576409537234,26.58569500674764,IMG_00193.tif,14.82,left_ticks_800,16.348735117497228
1,3.0,26.364259861641287,26.519177546512363,27.550297241357004,27.705080064038597,28.58832621573536,28.74047561761997,0.8692334377323689,1.3520646333752446,5.839867130218903,6.0592895633675745,29.0,12.499130728437734,12.629500893141879,12.208341864820568,11.858818315584188,117.86302880458923,120.42779400952216,123.86480927043326,29.0,-1.0,12.5,29.0,16.32136788973807,16.32136788973807,12.469126239442858,19.42250883099782,10.063654176991028,14.743081503994425,9.358854654006793,18.48662336559714,107.26061922230224,103.58986296240111,79.27691715231882,0.8216864498908721,95.00674763832659,19.422508830997188,14.699685482492928,95.00674763832659,103.888909050693,26.380005771046083,26.50114275574865,26.564503961532683,26.58569500674764,IMG_00194.tif,14.82,left_ticks_800,16.32136788973807
1,3.0,26.350107462587346,26.504856659564627,27.542444276613548,27.69849350985368,28.590609747084184,28.74444296892315,0.8735793436556446,1.3660069657028786,5.824270556571864,6.084774417867017,28.0,12.580548473367912,12.633833321850426,12.188735255657122,11.867950768165258,117.13499407764417,120.60781363038585,123.75437497897008,28.0,-1.0,12.5,28.0,16.32250058854177,16.32250058854177,12.45776239273448,19.346504256012885,10.071871539285494,14.70918789764919,9.27463271672739,18.419040984340146,107.39456961001966,103.76969910960058,79.53530348010428,0.8239884157279839,94.73684210526315,19.34650425601243,14.676687460190529,94.73684210526315,103.9944246065545,26.37844217052179,26.499037853435887,26.561736431168534,26.58569500674764,IMG_00195.tif,14.82,left_ticks_800,16.32250058854177
1,2.0,18.838163809368233,18.843411013950725,20.20567331535028,20.212205692900735,21.56952621272001,21.577233339272443,1.8333743839490322,0.9004479413726872,0.2915643878314996,-1.4567268051895053,18.0,15.231951144817273,15.889162104298714,15.352503060883123,15.430019576111903,66.10535714943724,65.83236599862302,64.98717483376528,18.0,1.0,13.5,18.0,15.610025452742889,17.491869391978128,15.078627530156126,16.808902301505857,15.38826332379093,16.098582812648395,1.4206389777149262,16.666838403734364,67.99453674790385,67.95089616496277,65.15709742679189,0.7929029578869202,67.38916256157636,16.80890230151645,16.791689823331765,67.38916256157636,65.22196113740573,18.91625615763547,18.78489326765189,18.87246852764094,19.047619047619047,IMG_00196.tif,15.225,juniper_right_8,18.06337083550639
1,2.0,21.96588755199372,21.966093759059728,23.91998183125062,23.920212967658205,26.110111163574746,26.112814843206873,1.1201670794027865,3.0265540047443587,-6.159528451506612,0.2518776533394664,16.0,16.510905749741994,15.849571435317788,15.936540481132198,15.465895982226613,104.80116136854508,109.68431569367672,117.73818995189525,16.0,1.0,16.5,16.0,14.242406452764158,14.242406452764158,14.713050951669743,15.145210800902646,13.979880940606018,14.562545870754331,1.1653298602966276,15.028677814872982,87.31911007750863,87.27292468284541,83.98948064840016,0.7776580761477593,121.18226600985221,15.145210800855704,12.218658288715625,121.18226600985221,103.6821877667976,21.94854953475643,21.94854953475643,22.00328407224959,21.921182266009854,IMG_00197.tif,12.18,juniper_right_10,14.242406452764158
1,2.0,18.16368289385789,18.16519526540073,19.16639529601363,19.16643638502022,20.073852762999962,20.07472936419854,0.9482828159796862,0.9612512828181242,0.9541898047361979,0.11863964611117044,20.0,12.512939317773942,12.991160392151361,12.941050848891848,12.487434710651428,82.06159559707922,80.04466654216776,82.97618889882631,20.0,-1.0,11.5,20.0,13.703952697161071,15.599046464343104,12.970091997222312,14.944968019757834,11.713772144884963,13.329370082321399,3.2311958748728715,14.621848432270548,79.16339500622404,78.77713288665971,70.424881814213,0.737247930995085,79.91649269311067,14.94496801975257,12.986465991863314,79.91649269311067,80.82005569385797,18.204592901878918,18.121085594989566,17.95407098121086,17.787056367432154,IMG_00198.tif,15.966666666666663,juniper_right_15,15.599046464343104
1,2.0,16.57134889662481,16.57137977095923,17.390295459304742,17.390304777168637,18.260983878547435,18.260997927157906,0.8769265352482469,0.8126916209504291,0.7062485474252779,0.05931195431889488,13.0,12.146836312692102,10.866027117133285,13.044511000519549,13.044511000519549,79.01683988906757,75.88322421511748,72.84529242829908,13.0,-1.0,13.5,13.0,14.539022985246476,14.539022985246476,12.148753041006785,16.0332888737385,6.876385583975709,11.454837228857103,9.15690328976279,15.11759854476222,88.34219211595294,83.44175970539001,59.99785040268879,0.7353084441643563,74.02922755741129,16.033288873727244,11.045454331541514,74.02922755741129,86.49383833445161,16.43006263048017,16.43006263048017,16.57620041753654,16.722338204592905,IMG_00199.tif,15.966666666666663,juniper_right_15,16.098906889416725
1,2.0,18.52309232954181,18.523566777820015,19.38674598610657,19.387116665762406,20.263762174847198,20.264070908015917,0.7339799421208042,1.0065241880751015,0.7212387079298017,0.3543081039517322,18.0,16.182478135465317,16.643447740767876,16.21644461663061,16.772103482215726,66.64170591330961,66.45381384131112,64.54386966103772,18.0,-1.0,15.5,18.0,18.17594532350128,18.53981769843182,16.273886025682003,19.5367652453684,14.95816171359417,17.247463479481286,4.578603531774233,19.078904892190977,62.836743416487174,62.470873771104316,55.38852944727005,0.7791508914900535,61.87891440501045,19.53676524536249,17.063164411581454,61.87891440501045,63.1252300484376,18.559498956158667,18.559498956158667,18.53862212943633,18.726513569937374,IMG_00200.tif,15.966666666666663,juniper_right_15,18.037953021099668
1,2.0,18.918240442196176,18.91824082615768,19.77349699877611,19.773682706743347,20.67523397583197,20.676364439635424,0.9923966702069359,0.7657269432708059,0.020377543848148258,-0.24831871814954434,32.0,11.830143227722672,11.93278769950962,11.852682983159923,12.185174229317454,90.72885456765081,90.58841513746329,88.70990413651549,32.0,1.0,11.5,32.0,12.337780882993115,13.60100810147091,12.138647387866712,12.440070863022731,11.590395123656203,12.015232993339467,0.8496757393665277,12.355103289086077,90.91549693320736,90.87782221128015,87.82072758203711,0.8810685230431458,93.00492610837439,12.44007086302109,11.876667765168,93.00492610837439,91.92259852619398,18.87246852764094,18.960043787629996,19.00383141762452,18.65353037766831,IMG_00201.tif,15.225,juniper_right_8,13.60100810147091
1,2.0,21.635111432374835,21.6565952756888,22.77208215111043,22.78099367563249,24.025050233741645,24.03075135832996,1.522906901546135,0.8512491810950226,-4.33966025680792,-1.6026602302844495,32.0,14.111922592810416,13.96718100377997,14.182301935886784,15.050503797722001,93.52596421860585,92.16952902826026,90.22547628043696,32.0,1.0,14.5,32.0,15.706148902349128,16.182921283805115,14.16425135246098,18.18318297120748,9.961310996861478,14.072246984034479,8.221871974346,17.360995773772878,91.52510952499928,88.88124659854601,69.25373253916734,0.8929040531391206,91.16584564860428,18.183182971197635,12.907930201688728,91.16584564860428,96.74349338177798,21.78434592227696,21.652983032293378,21.60919540229885,21.47783251231527,IMG_00202.tif,15.225,juniper_right_8,17.973536625278143
1,2.0,19.66115049661823,19.661197610568117,20.684402637521032,20.68442216755912,21.703102040588096,21.703112143826143,1.249390652084595,0.7925238811734316,-2.696450514208668,-0.07873494219505987,32.0,14.318779884004769,14.50775960985093,14.390918335413915,15.326190005234963,87.9912548402825,86.04927812089753,83.02184773431048,32.0,1.0,13.5,32.0,14.121320046263975,14.582761663766377,14.779082718968056,12.64354808188197,16.05484212969039,14.34919510578618,-3.411294047808418,12.984677486662813,79.6788262809244,79.30547833899848,89.79307398412521,0.7669969922574665,104.5648604269294,12.643548081857594,12.962497092118598,104.5648604269294,87.62011293332692,19.616858237547895,19.638752052545158,19.72632731253421,19.770114942528735,IMG_00203.tif,15.225,juniper_right_8,17.550827138430776
1,2.0,20.76441822421677,20.764793962462925,21.917258124042682,21.91749207426822,23.079194184017016,23.079372482022677,0.7790199793668684,1.535558540192884,-7.367545350908775,-0.26473070826430817,21.0,14.53030798452616,16.396050676581172,16.591198696178367,20.17925537436011,109.37572643889897,100.97888804360686,85.25798129061492,21.0,1.0,13.5,21.0,19.863341385075188,18.67552567384405,14.516209694292428,22.880338287245888,9.990670054259503,16.435504170752694,12.889668232986384,21.591371463947247,77.33238616814057,73.23764347823584,53.29511057102929,0.7738266723653426,94.44991789819376,22.88033828717994,13.08202892236034,94.44991789819376,91.54821922066022,20.623973727422005,20.733442802408323,20.8648056923919,20.886699507389164,IMG_00204.tif,15.225,juniper_right_8,21.879387715183327
1,2.0,21.564249349175395,21.582374531544303,22.613517923593687,22.64251029866595,23.712314766125704,23.75687397902436,1.2432256224542448,0.9312738250258099,0.7557741299625111,-2.89977026416449,22.0,12.074705807218379,12.220885222184831,12.218641961637331,12.86539965799372,88.25573646847353,85.35402172496404,85.35402172496404,22.0,1.0,10.5,22.0,12.710448502903006,12.710448502903006,13.098726767977837,14.25666141319368,10.928177116759077,12.592419264976378,3.328484296434602,13.923812983550219,99.55747264469943,98.9789310823064,87.62397665054083,0.7991453247979352,82.90640394088668,14.256661413211171,13.89856936411715,82.90640394088668,89.8353976456991,21.60098522167487,21.57635467980295,21.60098522167487,21.724137931034477,IMG_00205.tif,13.533333333333337,juniper_right_9,12.611415095450212
1,2.0,19.4775888652212,19.47802656809001,20.57602335996815,20.576039868408678,21.683353472338773,21.685011804355618,1.0873060174814004,1.119679218784209,-4.4511753029581325,-0.07257880071385737,18.0,14.507613050876444,14.341890118892826,14.461005105382242,14.461005105382242,107.82466119133689,107.01176425024657,107.01176425024657,18.0,1.0,13.5,18.0,14.376987139471737,15.17586849752064,11.52862365603005,16.25510210099376,11.246779726258048,13.750940913625904,5.008322374735714,15.75426986352019,82.80988434084416,81.89360725742715,69.54359693169974,0.6691244966398205,107.5862068965517,16.25510210092595,11.375307223319876,107.5862068965517,98.69584917262763,19.507389162561573,19.556650246305416,19.53201970443349,19.581280788177335,IMG_00206.tif,13.533333333333337,juniper_right_9,15.17586849752064
1,2.0,15.154316513803673,15.164599697671665,16.47082235639192,16.478382467864485,17.752236669472108,17.757536755704706,1.3207407910159583,1.272196267017085,-5.907939410618909,-1.7356455773147381,18.0,16.225289157168064,16.138231598987282,16.524916912280588,15.925661402055539,63.54493505764941,63.406280143616414,63.406280143616414,18.0,1.0,15.5,18.0,16.005362281402455,15.84685256923322,16.622284901118178,14.794522484906688,18.46910514482839,16.631813814867538,-3.6745826599217026,15.161980750898858,53.06390706632792,52.850004404257284,59.23851282386778,0.7301804144055786,70.01642036124795,14.794522484861737,14.693061799081049,70.01642036124795,59.638475631128685,15.150519978106185,15.194307608100713,15.172413793103448,15.172413793103448,IMG_00207.tif,15.225,juniper_right_8,16.005362281402455
1,2.0,20.336673039617,20.34046430767805,21.79005664630907,21.794429647624337,22.959268137011385,22.965264094294884,0.7210254723166919,1.9037743143001442,-2.7542151445647494,-1.1477886928424224,28.0,13.691701383913937,14.152726796475761,14.90233639672249,15.078523829779016,86.72346711287062,85.19132068542642,86.49809358352704,28.0,1.0,14.5,28.0,17.14482413597085,17.14482413597085,16.815853082012325,17.135461555082582,16.389051311543895,16.76225643331324,0.7464102435386877,17.060820530728712,70.44006961998114,70.42857464009391,68.93918587748412,0.8517094799526886,95.23809523809524,17.135461555055226,14.819930077013362,95.23809523809524,79.41010178366396,20.120415982484946,20.251778872468527,20.40503557744937,20.558292282430212,IMG_00208.tif,15.225,juniper_right_8,14.32363122592534
1,2.0,17.931271174565122,17.968673249130617,18.670467457279504,18.701011235860808,19.46578785233738,19.487605462072178,0.9084139700541566,0.6105182428874034,-1.948181551096772,-3.275107757630474,14.0,17.816347837129385,17.628294513695973,17.241601363758463,17.241601363758463,55.34788445935823,56.786986773163655,57.95674198393028,14.0,1.0,16.5,14.0,17.251277724302213,16.76464143480598,19.446952453970027,17.239226792042313,18.682131011551338,17.960678901796825,-1.4429042195090245,17.383517213993215,58.2308693686405,58.199991133057374,60.55700590280797,0.36395537910459785,53.59605911330049,17.23922679225575,18.830477167715706,53.59605911330049,55.60256511599309,18.01165971159168,17.90914066776136,17.90914066776136,18.0623973727422,IMG_00209.tif,15.225,juniper_right_8,16.5949785020685
1,2.0,16.387020133540457,16.387091511438598,17.465652760911986,17.465744424412623,18.567064805788046,18.567185635926986,1.1249530062272137,1.0551411182611705,-1.3522232702710546,-0.1856275741706339,23.0,11.31720816772119,11.550083246645722,11.432956655707926,12.306905339119481,90.04475087144982,89.68694256565115,83.52992201493613,23.0,1.0,10.5,23.0,11.777465235124907,11.584763140308041,10.291113230654332,11.892798951884776,10.443324276093621,11.168061613989199,1.4494746757911543,11.74785148430566,84.71583525585268,84.59737580480399,79.50970110938867,0.7790402171918216,84.20361247947454,11.89279895187309,10.527383697928677,84.20361247947454,89.68236021658315,16.354679802955665,16.37657361795293,16.420361247947454,16.551724137931036,IMG_00210.tif,15.225,juniper_right_8,11.584763140308041
1,2.0,27.323428514525393,27.36755749360011,28.401145390422077,28.450923155667837,29.47945071747203,29.535419006675895,1.119482643824087,1.0483788692516995,-2.743999819764401,-3.3897719921147607,23.0,15.708013504882246,15.663768906530452,15.708013504882246,15.708013504882246,97.00514287543068,97.00514287543068,97.00514287543068,23.0,1.0,14.5,23.0,18.489293798751902,18.489293798751902,14.15708910244669,19.807604836680106,13.553789549490912,16.680697193085507,6.2538152871891945,19.182223307961188,96.3076319230275,95.1826831722282,80.62563806123846,0.8348824086012216,92.77504105090313,19.80760483667894,16.59338732315537,92.77504105090313,95.66931682648743,27.640941434044883,27.36726874657909,27.312534209085936,27.339901477832512,IMG_00211.tif,12.18,juniper_right_10,18.435092649182764
1,2.0,21.085637469636595,21.087468586830873,22.031620544120027,22.03303117321488,23.000814510213875,23.00248014443723,0.9682716918094719,0.9467398657968815,-2.7606248154418727,-0.6483495913617169,15.0,22.950967451273158,22.804044960173652,22.90288415668215,22.90288415668215,55.677359959493025,56.38741211001289,56.426311634832174,15.0,1.0,20.5,15.0,23.549037233087716,23.869002862426726,22.87185001791022,24.16595319088048,22.06923082373783,23.117592007309156,2.0967223671426516,23.956280954166214,53.72010943370105,53.6841507625351,51.48614086773921,0.7458293635512528,58.949096880131364,24.16595319071405,22.106034173460497,58.949096880131364,56.0090943950312,21.291735084838532,21.127531472359056,21.01806239737274,20.85385878489327,IMG_00212.tif,12.18,juniper_right_10,19.525161017071895
1,2.0,25.036341719906666,25.03705750650919,26.50528770874099,26.512272538831965,28.02025579871129,28.040548677861544,1.3722504919747731,1.631240679377577,-5.766789001766414,-1.3152297104833846,17.0,17.77585230498022,16.96474001981327,17.612390659677544,18.894637262922743,108.45838129404841,108.45838129404841,103.65593241225524,17.0,1.0,17.5,17.0,18.29906049736286,17.01681389411766,12.791217170300598,20.478593041919083,11.31941609215073,15.899004567034906,9.159176949768352,19.562675346942246,93.91488181292517,91.28601133450569,71.4780346700811,0.7700968952924454,111.16584564860428,20.47859304185922,13.530023565061168,111.16584564860428,106.8886480358063,25.259989053092504,25.177887246852766,25.177887246852766,24.958949096880133,IMG_00213.tif,12.18,juniper_right_10,17.01681389411766
1,2.0,18.59030393042345,18.597252753012977,19.718498481407224,19.74442441565696,20.790747434310894,20.832771248784972,1.514246299469024,0.721272196302971,-0.25419937773152074,-2.9365008590958794,25.0,12.863033476163992,12.928139711419007,12.863033476163992,13.845046094469694,76.89851590040394,76.89851590040394,74.11965096951727,25.0,1.0,12.5,25.0,14.406080917127639,14.406080917127639,11.876057563000387,15.312539580149217,10.805399992205153,13.058969786177185,4.507139587944063,14.86182562135481,83.11898418513216,82.29315209219378,70.4110741325751,0.821937693726277,76.71592775041051,15.312539580157855,13.630237722227902,76.71592775041051,78.9053735603404,18.56595511767926,18.56595511767926,18.631636562671048,18.65353037766831,IMG_00214.tif,15.225,juniper_right_8,13.032624991211634
1,2.0,23.241924920461397,23.25290172620777,24.726337643444484,24.7365463075037,26.182824024871316,26.191899704057313,1.987280347661851,0.9517176301876905,-6.633410414139151,-1.646142742849589,21.0,18.919545861094377,18.486616675747012,18.919545861094377,19.730340315354027,87.05106245266943,87.05106245266943,86.50442090328568,21.0,1.0,17.5,21.0,19.50809726062363,20.640722195553963,17.457980086068034,21.933729087214957,15.06756512002594,18.500647103620448,6.866163967189019,21.247112690496056,73.93744501159168,73.09384988762909,62.092893184198786,0.762662516915485,90.44334975369456,21.933729087153566,16.175350106750738,90.44334975369456,83.25785491447536,23.25123152709359,23.325123152709356,23.374384236453196,23.4975369458128,IMG_00215.tif,13.533333333333337,juniper_right_9,20.640722195553963
1,2.0,20.318862087450785,20.3227380348899,21.970951332834634,21.97856074265303,23.684485655672848,23.696590183545727,1.2143580504887364,2.1594940981670936,0.8116438554897861,1.5077384965306893,18.0,16.934949403499658,17.054013270642958,16.84066223451407,16.734544602302776,70.87344385442137,71.3004840062069,71.73237149967873,18.0,1.0,15.5,18.0,17.22976722329335,17.336576648221467,16.5798644556117,16.936169245376796,16.677377545834343,16.80677339560557,0.258791699542453,16.91029007542255,70.2741548036244,70.27278378565653,69.75143531146698,0.62053869972326,74.18719211822658,16.936169245375797,16.783478397015436,74.18719211822658,70.36750879314609,20.394088669950733,20.418719211822655,20.34482758620689,20.394088669950733,IMG_00216.tif,13.533333333333337,juniper_right_9,
1,3.0,20.545424677381387,20.569726073121537,21.461399174818755,21.485388443424572,22.344338974137955,22.367352754224004,1.1114746620054194,0.6861520190970456,-0.8055405325291766,-2.707789788240486,24.0,12.62158659435984,13.166361903772128,12.496859426155225,14.274834064292463,86.29801576799672,87.37361387111302,78.45313076221485,24.0,1.0,12.5,24.0,16.37423417677917,16.650158378647802,12.372909746326826,18.842353842469684,10.8186053624358,14.830479602452744,8.023748480033886,18.039978994466296,82.34967127200618,80.31913944457564,63.655398922026144,0.7834653679844069,71.98686371100165,18.84235384248369,15.721998534445913,71.98686371100165,75.86997322958288,20.560449677988014,20.603914420910105,20.57595202002928,20.492610837438423,IMG_00217.tif,15.225,juniper_right_8,17.57302071948675
1,2.0,19.030009298400763,19.030850628704187,20.04614072081021,20.05025610179932,21.038695678911118,21.049727003644943,1.107243197311789,0.91163317762897,-2.9536843097174867,1.1608874609352553,22.0,13.34745209257457,12.487307753192491,13.706434287563582,13.930443105914321,107.48068200912255,106.76866578787292,106.76866578787292,22.0,1.0,12.5,22.0,14.57984472466569,14.592727150871667,7.193759221264429,16.436783104084746,6.429105952034859,11.432944528059803,10.007677152049887,15.436015388879756,102.89379839283067,95.98128453911957,67.23807502192713,0.8395627225620309,102.98850574712644,16.436783104064396,9.535724944882517,102.98850574712644,114.84492365465935,19.113300492610836,19.025725232621784,19.244663382594418,19.507389162561577,IMG_00218.tif,15.225,juniper_right_8,14.592727150871667
1,2.0,20.77055369408124,20.776343770200597,21.957281092672666,21.96235061273416,23.174671243462274,23.178920505861463,1.1260820419896682,1.2764946936711934,-2.3695580057543775,-1.231090549106872,16.0,21.439868813251564,21.63513603233061,21.42870308353926,21.241810398060522,58.568247616066174,58.620997092194656,58.730967280101304,16.0,1.0,19.5,16.0,22.94229117603038,23.215799175180962,21.059378686531517,25.63120676292744,19.16833582220855,22.399771292567998,6.462870940718892,24.984919668855554,54.869701886695005,54.49553170412199,48.006337695562145,0.784895580676111,55.43513957307061,25.63120676291319,21.982564066563462,55.43513957307061,55.47709557502164,20.952380952380953,20.799124247400112,20.689655172413794,20.558292282430212,IMG_00219.tif,15.225,juniper_right_8,18.729397898453527
1,2.0,21.44404425450743,21.4513057121214,22.28668076337999,22.30388866115399,23.173571035214984,23.209300969015406,1.0487953558747014,0.7091999010193075,-3.9894072951366177,-2.250811735732028,39.0,16.32819260694427,16.104630586091783,16.351743891145077,16.43206159230712,85.6758260021854,85.6949317760072,85.6949317760072,39.0,1.0,15.5,39.0,16.109007981353017,16.109007981353017,16.219063835099604,15.112729012898711,16.736675861426843,15.924702437162777,-1.6239468485281305,15.275123697751525,78.16721381849936,78.10018777564659,82.19059082097573,0.8907749975405206,92.87356321839081,15.112729012889579,14.78192433243266,92.87356321839081,83.98756268575012,21.2807881773399,21.45593869731801,21.499726327312533,21.67487684729064,IMG_00220.tif,15.225,juniper_right_8,16.379259514901122
1,2.0,19.334006221940257,19.374341220253687,20.49671278819139,20.53761967647757,21.659633657377547,21.701381874796915,0.6691671201202941,1.657873534422937,-1.9701388995041513,-3.616870098139943,39.0,11.136296573454246,11.254665443754176,11.254984573737744,10.85733043339522,88.47825706408024,88.47825706408024,89.25172621656644,39.0,1.0,10.5,39.0,12.120983159205366,12.120983159205366,14.037967886387008,11.303415429464753,14.523167047070887,12.91329123826782,-3.219751617606133,11.625390591225367,86.9861212847481,86.53675143244196,98.665578138572,0.8388833568192375,86.56814449917898,11.303415429466874,13.145283232816649,86.56814449917898,85.03570994801314,19.397920087575258,19.288451012588947,19.441707717569788,19.441707717569788,IMG_00221.tif,15.225,juniper_right_8,11.696479289798333
1,2.0,19.001352339560096,19.008331737491254,19.95617139554388,19.96526974164272,20.915147240857177,20.925465988832435,0.8570296717946746,1.0601045795465063,-1.9235939770644408,-1.7298074365491054,28.0,17.236551850693772,17.370377734475607,17.41251787044095,17.41251787044095,65.45453156760745,64.77430217273576,64.77430217273576,28.0,1.0,16.5,28.0,16.94365228546144,17.531587175847392,17.07471342208777,18.438729539844008,15.424004571005941,16.931367055424975,3.014724968838066,18.1372570429602,65.41655161960244,65.24556552841517,60.075186982763675,0.7368805817331999,65.94417077175699,18.43872953984364,16.914822908635884,65.94417077175699,65.30751375882527,19.00383141762452,19.06951286261631,19.025725232621784,19.047619047619047,IMG_00222.tif,15.225,juniper_right_8,16.178539237691155
1,2.0,17.17706304194991,17.189097822465737,18.21032286143878,18.220659003034303,19.223244430485728,19.231644626402066,1.088608666744992,0.9539381371913386,-4.306553063348734,-1.9299912836249296,18.0,14.542098615254915,14.498014110410354,16.305760726443765,16.73231304420588,75.23349585363232,66.34136515678895,65.46282818833956,18.0,1.0,15.5,18.0,16.62305350066393,15.079442851303952,14.612770586981185,18.279240538299593,12.49286374597004,15.386052142134815,5.786376792329554,17.700602859066638,65.44374487220628,64.67297840576074,54.70815081085982,0.8400538658316562,69.49096880131363,18.279240538276344,14.14620509622591,69.49096880131363,70.21003264777883,17.164750957854405,17.186644772851672,17.274220032840724,17.339901477832512,IMG_00223.tif,15.225,juniper_right_8,15.079442851303952
1,2.0,16.31447984748937,16.319754861917612,16.89863677300524,16.902915856020936,17.493526620574794,17.496817576703926,0.6558991863735257,0.5211635284127872,-2.3437275687824073,-1.2892624500474636,20.0,16.715213304318752,16.70485252909023,16.727147462916605,15.555703398418643,58.6104303444297,57.98504474076791,62.84844824887451,20.0,1.0,15.5,20.0,17.17933608311506,16.854223507999023,15.51219428591429,17.9891838828553,15.297562387235164,16.64337313504523,2.6916214956201365,17.720021733293287,57.06884413743321,56.94577710738976,52.81112409238694,0.7594499299311657,61.871921182266014,17.989183882842244,16.12444456038042,61.871921182266014,58.727447640718516,16.354679802955665,16.44225506294472,16.39846743295019,16.748768472906406,IMG_00224.tif,15.225,juniper_right_8,16.87809182519473
1,2.0,21.075247744836922,21.077984037846377,21.85682328773356,21.858263726219604,22.596557442118606,22.597403454632786,0.831057528405977,0.688361888380435,2.8495598970861042,-0.6577783009297897,24.0,9.622862601743236,10.28254865006717,10.298806287511127,10.298806287511127,109.72917263903949,91.39936774272165,89.1643999025391,24.0,1.0,8.5,24.0,12.266571951121819,12.132485384418203,8.94700431164614,15.255531349046581,6.150803108581889,10.703167228814236,9.104728240464693,14.345058525000113,121.1520307454615,113.48556586387284,80.10146076303165,0.7334994782437771,85.2545155993432,15.255531349066583,12.272201607989361,85.2545155993432,99.15792982317784,21.434044882320745,21.12753147235906,20.974274767378216,20.952380952380953,IMG_00225.tif,15.225,juniper_right_8,13.033494103107586
1,2.0,23.223466007687406,23.265636085968534,24.26074976881142,24.29404604583627,25.28522347787659,25.306968930613394,1.0734027258747678,0.9679301187700907,-7.999284420114038,-3.000096039460844,26.0,17.206119956149692,17.190965665459924,17.56394248433017,18.18572169926705,94.47452935033235,92.41217097556094,92.31801454119643,26.0,1.0,16.5,26.0,18.045533216200738,18.045533216200738,15.927235246445775,19.55070768317879,14.90933202703522,17.230019855107003,4.641375656143569,19.08657011756443,78.61279764028446,78.14139997150562,69.16710735810959,0.7645588837072685,99.70443349753695,19.550707683136714,14.870902816221395,99.70443349753695,90.18846960834647,23.295019157088124,23.316912972085387,23.33880678708265,23.448275862068964,IMG_00226.tif,15.225,juniper_right_8,18.831927175020212
1,2.0,23.250949166649114,23.2582871917542,24.247823411096356,24.25316285101958,25.294569592551643,25.295938061163067,1.1128145646335226,0.9248363047753393,-2.967382012931134,-1.2022900666355252,18.0,21.440728992762516,21.69375005333336,21.488368858642303,21.393089126882728,65.81957185368154,64.74323121256506,64.48019358992747,18.0,1.0,20.5,18.0,22.49208659818771,22.000983629456698,21.425170394866512,23.84368854422285,19.618295060785023,21.730991802503937,4.225393483437829,23.421149195879067,62.96422506570472,62.76957656259291,57.491161158564665,0.7663015812524391,66.73234811165845,23.84368854420121,20.92245820425162,66.73234811165845,65.08014644257081,23.360700602079913,23.295019157088124,23.185550082101805,22.922824302134647,IMG_00227.tif,15.225,juniper_right_8,22.000983629456698
1,2.0,18.452030466978414,18.455223528566798,20.149830965756742,20.15272639365042,21.751135307005455,21.755004717850014,2.296593060327624,1.0031881289555928,-1.8323405382395823,0.9712528423412742,31.0,10.350713673104167,10.464201747268849,10.767154641599376,10.767154641599376,85.1688301699806,83.03830733877358,83.03830733877358,31.0,-1.0,9.5,31.0,11.01311805818267,11.079277396020984,9.836634173907157,12.046811159633434,8.480124406589322,10.263467783111379,3.5666867530441118,11.690142484329023,104.63555888475246,103.57810149798998,88.42385919035854,0.8397853648397728,79.60591133004927,12.04681115964655,11.603412677844638,79.60591133004927,91.7537777923118,18.4783798576902,18.4783798576902,18.58784893267652,18.850574712643677,IMG_00228.tif,15.225,juniper_right_8,11.50572119772147
1,2.0,22.276055533055057,22.28498882375517,23.637525841086568,23.655490606337835,24.99802433673863,25.033240642636333,1.3509380061892795,1.3973138126918814,-1.141016621012572,2.233108951074314,21.0,9.029308181638811,10.11752285283788,9.936947014767611,12.773068848063446,120.47167860807092,107.13180560335591,87.10553427577184,20.0,-1.0,11.5,23.0,13.350964178773552,14.626047347290324,6.10089979839023,16.232964333350445,3.7536403060095815,9.993302319680012,12.479324027340862,14.985031930616357,150.52360506671056,128.41378625643995,79.71579605156357,0.7962277121279409,82.16748768472904,16.232964333366787,11.086051243191466,82.16748768472904,115.89183333590937,22.207171554263258,22.243447808074617,22.339901477832505,22.315270935960587,IMG_00229.tif,13.533333333333337,juniper_right_9,14.93437735792017
1,2.0,19.583624047486346,19.586799088327613,21.050997326495835,21.054946931350308,22.413383672426555,22.415283685948737,1.87487263816989,0.9536119594512344,2.144183752113276,1.109798587845059,26.0,17.800485934967355,17.86274694151715,17.829385267561747,19.280195780410907,66.60508532304989,66.31735209204255,59.95519642495168,26.0,-1.0,17.5,26.0,18.033942150432864,17.64363044072087,19.706423983919365,16.762162937009855,20.930721423154996,18.846442180082423,-4.168558486145143,17.17901878562437,60.849038586301106,60.60411253782396,67.88195013356055,0.812048655947396,75.51724137931032,16.76216293699683,18.077065998704835,75.51724137931032,63.09177997982043,19.876847290640388,19.605911330049256,19.507389162561573,19.581280788177335,IMG_00230.tif,13.533333333333337,juniper_right_9,18.297204511892147
1,2.0,21.412992988274404,21.41972769717347,22.335241228478328,22.34443757730537,23.231386086866213,23.250255127944264,1.0532308659545067,0.7772965648162866,0.2639978308450149,1.6439005126319943,30.0,13.411225856372837,13.646756473440597,13.58044079872488,13.77988723009824,87.81924032490508,86.01897654630068,85.3847605435283,30.0,-1.0,12.5,30.0,13.54544514607403,13.74489157744739,13.517351278991441,13.719218235118106,13.572344365270208,13.645781300194157,0.14687386984789833,13.704530848133317,90.78412383143883,90.78325439759844,90.30655355666099,0.6610172396725493,90.77175697865353,13.71921823512952,14.249688700717542,90.77175697865353,87.01050639367726,21.21510673234811,21.32457580733443,21.346469622331693,21.21510673234811,IMG_00231.tif,15.225,juniper_right_8,13.74489157744739
1,2.0,16.68595374067893,16.701212630894638,17.759221150909596,17.77413745379392,18.81503175414958,18.830113240884845,0.9556950564132571,1.1732055535769534,-1.1778477137293277,2.347493165698155,23.0,13.218037883340173,12.699425124426101,13.401259560265714,14.277264806234541,65.05590320406489,61.39139380729784,60.46387267025452,23.0,-1.0,11.5,23.0,15.20366943198519,15.20366943198519,12.41014155033281,16.23025657844358,11.676516404450485,13.953386491447032,4.553740173993096,15.774882561044272,69.86824699373852,69.24883994100085,59.743289829013094,0.8405906156496398,56.88013136288998,16.230256578461226,15.303803691423244,56.88013136288998,63.265609829904236,16.59551176792556,16.72687465790914,16.70498084291188,16.288998357963877,IMG_00232.tif,15.225,juniper_right_8,13.126675314732836
1,2.0,17.841000214521845,17.894466782288845,18.800956295710513,18.863089966820652,19.79768525360775,19.86817224499186,0.9966688768237628,0.9770365858792546,4.0644057248838275,4.651724682604532,13.0,17.948605733532133,17.535949297785358,18.008904818062348,18.008904818062348,56.83860242848512,56.72120410779913,56.72120410779913,13.0,-1.0,16.5,13.0,18.40368961931614,18.40368961931614,18.32928854708331,18.693737876805336,18.541753816791445,18.617745846798393,0.15198406001389148,18.678539470803948,55.88562542307643,55.88531991082611,55.666209973894205,0.8086820341334627,57.93103448275862,18.69373787680662,18.640472867643105,57.93103448275862,55.81959958108003,17.931034482758623,17.90914066776136,17.887246852764093,17.79967159277504,IMG_00233.tif,15.225,juniper_right_8,18.958717105348427
1,2.0,13.781389299245264,13.786451436596804,14.63517563761268,14.640064104031648,15.508036056053465,15.512428940694145,0.6915688858392507,1.0344086182580907,-1.0410463691278256,-1.4806913677145952,11.0,17.269538275916545,17.14390281828804,17.269538275916545,17.269538275916545,45.34409541146236,45.34409541146236,45.34409541146236,11.0,1.0,15.5,11.0,17.151113098824595,17.151113098824595,17.216857304091178,19.260619926755258,15.47703062551821,17.368825276136736,3.7835893012370483,18.882260996631555,46.352489489413294,46.17107942006429,41.78386809534942,0.7285429646685658,44.28315412186381,19.260619926768307,17.650999873825935,44.28315412186381,45.45591585592725,13.98745519713262,13.82019115890084,13.73655913978495,13.862007168458785,IMG_00234.tif,15.94285714285714,juniper_right_7,13.413798620288475
1,2.0,17.111996011561907,17.112059002618388,18.340509716891468,18.340530552948902,19.679892276029573,19.679894545546397,0.6310247030152122,1.9368108399127937,0.5346136517310132,-0.08636534196448281,15.0,18.82136871828996,19.035207367890873,19.50600191836699,19.5327381141189,52.895308917063005,50.881458128044954,50.19639161456239,15.0,1.0,17.5,15.0,20.300488687715244,16.571658540269596,19.48202997621445,23.78835297138481,16.690537264835054,20.239445118109934,7.097815706549758,23.078571400729835,49.97145556099215,49.46448625722349,42.42359922890834,0.6027211037713377,48.548387096774206,23.788352971430097,20.59646924162982,48.548387096774206,48.64335739443639,16.956391875746718,16.998207885304662,17.102747909199525,17.186379928315414,IMG_00235.tif,15.94285714285714,juniper_right_7,
1,2.0,21.63243178173943,21.651187359195532,23.002426031869895,23.02698327002487,24.43702905428617,24.467269298600808,1.1538418701681976,1.6622400692370756,-4.502668736571003,-2.6463511574965377,21.0,15.611357904472158,15.518522786956327,15.611357904472158,16.256329528943297,85.41510782175666,84.91810485500395,80.38408258964434,21.0,1.0,15.5,21.0,16.70483906428467,17.953910152824903,16.24023852428172,17.503573379443335,15.907443412937614,16.705508396190474,1.5961299665057203,17.343960382792762,75.21545611552318,75.15891382206725,71.83217910962719,0.7439924010149418,86.00985221674874,17.503573379423603,15.332247347709437,86.00985221674874,81.70698831627267,21.57635467980295,21.527093596059107,21.650246305418715,21.502463054187185,IMG_00236.tif,13.533333333333337,juniper_right_9,16.70483906428467
1,2.0,27.88038015670918,27.88628303554353,29.105692774838165,29.10949927492433,30.35664297203556,30.358788084764512,1.035115801017178,1.4373892482038095,-2.8045291897950566,-0.9265906581843786,21.0,23.45048330090097,23.717927979366735,23.210500414972472,23.45048330090097,71.9342585124602,74.42023378640994,71.9342585124602,21.0,1.0,22.5,21.0,26.142971729753953,26.55390024319624,22.699942458517484,27.689805859240845,20.892689700809008,24.29124778002493,6.797116158431838,27.010094243397663,68.18357663865022,67.74812661575471,59.975949434698016,0.5754712107844533,70.27914614121511,27.68980585920363,23.50574746825169,70.27914614121511,69.87719520039461,28.02408319649699,27.887246852764097,27.859879584017513,27.832512315270936,IMG_00237.tif,12.18,juniper_right_10,
1,2.0,23.263554010735174,23.26683816708741,24.0426371270125,24.046272050046735,24.82145895436997,24.825853900279828,0.7262377438199884,0.8327779893724296,-4.034544546097898,-0.9962465555080727,36.0,15.092533786790469,14.530203398846364,15.394759410510034,16.70690960581021,110.1918066157117,106.61418011478878,88.22388464409765,36.0,1.0,14.5,36.0,13.465039611743435,14.90715813199435,17.22309214424604,13.029131180467624,16.75807969058196,14.89360543552479,-3.728948510114334,13.402026031479057,90.90522919972359,90.43294981356217,103.09998437394047,0.7709776407091401,123.08702791461413,13.029131180446441,13.291092611304949,123.08702791461413,101.1034404239419,23.251231527093598,23.251231527093598,23.229337712096335,23.448275862068964,IMG_00238.tif,15.225,juniper_right_8,17.056082176148806
1,2.0,18.595192137566183,18.597299549923797,19.709986774548476,19.715774015220294,20.829387434483557,20.840879330034785,1.1106721395436205,1.1329076405673644,-2.8695693875882,-1.3882801375501175,23.0,12.447029349172368,12.158800202784603,12.22927783736796,12.22927783736796,95.99895883397227,95.99895883397227,95.99895883397227,23.0,1.0,12.5,23.0,12.617369237837096,12.617369237837096,10.0552327428031,12.829842382560697,12.624632345688271,12.727237364124484,0.20521003687242648,12.809321378873454,84.3615140259435,84.35969881326851,83.69622199243827,0.7982149592752382,94.84400656814451,12.829842382541376,11.529689189558022,94.84400656814451,92.98419634684979,18.741105637657363,18.65353037766831,18.60974274767378,18.65353037766831,IMG_00239.tif,15.225,juniper_right_8,12.617369237837096
1,2.0,20.306258359226863,20.30664427880947,21.441162522032386,21.44154576192196,22.578293179757022,22.57860573296282,1.0803822335897502,1.1915792205636027,-2.209755763099826,-0.34256704753618217,16.0,18.803594511142137,18.86352715204649,18.639689968022992,18.55370938358027,68.3399394070734,68.55221402168377,70.20256309199996,16.0,1.0,17.5,16.0,18.81030844624206,18.81030844624206,18.79637755239213,20.080955127517278,17.2138395327857,18.647397330151488,2.8671155947315814,19.794243568044124,63.61471300782629,63.491153407785724,59.12629363295329,0.7444923194186218,72.2495894909688,20.08095512749009,17.633829302429046,72.2495894909688,67.01445916931591,20.361247947454846,20.273672687465794,20.207991242474,20.032840722495894,IMG_00240.tif,15.225,juniper_right_8,19.405357654695536
1,2.0,20.434044628409797,20.512216366591893,21.67911665935618,21.753097835647445,22.944236743635177,23.014919516907,1.7244590929003019,0.7782440574148057,-2.3156891881618518,-4.72673060745389,21.0,12.637274632734574,12.323485484502571,12.619535660972815,12.412489815145648,86.0736582210354,84.1791807627673,84.04170721342533,21.0,1.0,10.5,21.0,14.196193491316393,14.212384270649551,12.669673158649118,15.533574200209536,10.539539070430761,13.03655663532015,4.994035129778775,15.034170687231658,91.86185128927357,90.73526034728849,76.42706318607777,0.8018492546241165,74.74548440065682,15.533574200231499,14.251987521452163,74.74548440065682,83.13763042928345,20.623973727422005,20.426929392446635,20.47071702244116,20.755336617405582,IMG_00241.tif,15.225,juniper_right_8,14.196193491316393
1,2.0,22.131767727907796,22.141805386743165,23.114319735438368,23.125678295778208,24.119373070241757,24.132082509273083,1.0518995878999644,0.93837753462996,-4.264227834987395,-1.7958489809834328,15.0,22.836740096125936,22.50646386593124,23.338846595772424,23.70179695548717,62.29762738955198,58.1108449106618,57.92757375370769,15.0,1.0,21.5,15.0,23.18565520086227,21.67818500774203,23.68776170050876,22.431115845203337,24.595449813509074,23.513282829356204,-2.1643339683057374,22.64754924203391,55.45189983267262,55.41370047197654,57.93904619534043,0.869944750268979,65.35303776683087,22.431115845173423,22.06935960498383,65.35303776683087,58.84016969041365,22.304324028461963,22.140120415982487,22.05801860974275,22.00328407224959,IMG_00242.tif,12.18,juniper_right_10,20.820077977783967
1,2.0,19.82501414476555,19.82679518914578,20.886049551673672,20.88834814864074,22.008608011411166,22.011318329783922,1.1847884133074646,0.999734727330674,0.7148241883825863,0.8500040184664899,15.0,21.153711837423458,20.659272565965793,21.1408502492109,21.9717157843194,54.28388672258303,54.38930769151454,52.998823908598396,15.0,-1.0,19.5,15.0,22.35074513728526,22.39882479379193,21.56795925868343,21.87623492141482,20.14757104602518,21.011902983720002,1.7286638753896393,21.703368533875857,55.31823502308049,55.28764193184199,53.20420526028042,0.7654447493288639,55.960591133004925,21.876234921408848,20.824928225412748,55.960591133004925,55.76168800507008,19.879584017515054,19.901477832512317,19.857690202517787,20.032840722495894,IMG_00243.tif,15.225,juniper_right_8,22.54911511489965
1,2.0,21.32736184101642,21.33008823218129,22.203211609562096,22.206232664977623,23.071339743744826,23.07497338318596,1.0008539618271755,0.7440311891774949,-1.8501780923566995,0.9451145669111236,26.0,9.408819304661748,9.677765489930735,9.606900488924907,9.606900488924907,111.53729926248266,111.43565788104975,111.43565788104975,26.0,-1.0,8.5,26.0,10.767885019533878,10.977055902311747,8.697415495286748,12.591435214919915,6.94122401500311,9.766329614961514,5.650211199916805,12.026414094928235,129.42481369241403,125.74270102752372,97.84422783577938,0.8571022594981816,96.1576354679803,12.591435214930996,10.988992099934903,96.1576354679803,111.89664467904298,21.346469622331693,21.32457580733443,21.237000547345374,21.149425287356323,IMG_00244.tif,15.225,juniper_right_8,10.817696439585632
1,2.0,23.54570449814025,23.547092718706583,24.54657796870969,24.548140598803,25.59554801699584,25.596039745239782,0.9828861649565301,1.0660608615766645,-4.146504157525791,0.646485405258426,26.0,11.85334727192108,11.26872993728814,11.521455733447851,10.824635135092478,145.3581277037762,155.25091547879194,160.62615212366745,26.0,1.0,10.5,26.0,13.06112364412283,15.08342648114467,9.667645951245305,16.64115095381977,5.914727305170625,11.277939129495199,10.726423648649146,15.568508588954856,130.83900772533997,120.34289054185226,82.18299730226502,0.7250342807967707,138.0623973727422,16.6411509537687,8.84127896303021,138.0623973727422,153.1270477684037,23.535851122058016,23.579638752052546,23.557744937055283,23.776683087027916,IMG_00245.tif,15.225,juniper_right_8,16.10505686678431
1,2.0,19.627743353785625,19.636875880321565,20.615452456978,20.62043099045922,21.638459534383227,21.640954972383238,1.141945945600825,0.8621331464608464,3.310496166117193,1.2590651856851427,22.0,19.727585086127277,19.831493674023648,20.204328264187325,20.52359752284781,60.74180124122229,60.294009316949186,59.51900420521645,22.0,-1.0,18.5,22.0,21.0447530708808,20.857681774272038,19.72408636653134,22.15333723708858,19.076582958023657,20.614960097556118,3.0767542790649216,21.845661809182086,55.81298151715831,55.71121265283766,52.01759940545173,0.8350310363701333,61.083743842364534,22.153337237064946,19.666412952994957,61.083743842364534,58.28414984124504,19.638752052545158,19.660645867542417,19.616858237547895,19.573070607553365,IMG_00246.tif,15.225,juniper_right_8,20.602935889437845
1,2.0,15.89788230523823,15.897895237306042,16.67326608644405,16.67397602136592,17.460406544318072,17.46313937713342,0.9271662398237501,0.638077900003631,1.0117794915084364,0.5287237933694048,22.0,14.074060763153753,14.224251775887517,14.595979516410978,14.595979516410978,67.0621260436038,65.96801712091066,65.06866331274445,22.0,-1.0,12.5,22.0,14.866767839359056,14.866767839359056,14.241138063560442,16.38700659656352,12.779409228650541,14.58320791260703,3.607597367912977,16.026246859772222,63.45811345136738,63.13615353438843,56.34681369897004,0.7899359785368187,68.70279146141215,16.387006596552236,13.978464282374388,68.70279146141215,65.80960719897261,15.916803503010401,15.873015873015873,15.85112205801861,15.632183908045977,IMG_00247.tif,15.225,juniper_right_8,14.866767839359056
1,2.0,18.897564253844234,18.90047048874238,20.240723594133645,20.242866973649356,21.60184979419432,21.603061276813577,1.6350036104374357,1.0675871776337644,3.1116323514484554,0.8337867507438397,16.0,17.08317449225794,16.678811169049595,16.640476427733688,15.251642573425016,68.46742051090527,72.70219767076631,77.85899536981654,16.0,-1.0,15.5,16.0,16.60043077847638,17.042972653797136,15.030234306759183,16.327917534069744,17.141869439834597,16.73489348695217,-0.8139519057648517,16.40931272464623,65.61069333210229,65.59791851148016,67.18678622344332,0.6965842080460783,72.77504105090313,16.327917534037873,15.701491596427008,72.77504105090313,69.7957601359528,18.894362342638207,18.98193760262726,18.894362342638207,18.91625615763547,IMG_00248.tif,15.225,juniper_right_8,16.60043077847638
1,2.0,16.662003853951212,16.663889232602898,17.410890163051317,17.412092675685,18.172390117880504,18.173057472276874,0.7668927826734314,0.742275457000543,5.30611552347538,0.6733788453250492,18.0,20.715374778638278,20.86036539166217,20.652489117143034,20.108501847328824,52.34849464608068,54.743864126656504,56.649901594389945,18.0,-1.0,19.5,18.0,19.917237745440957,20.461225015255167,21.940788067387388,19.023180921263812,22.679168894928026,20.85117490809592,-3.655987973664213,19.388779718630232,46.87063850701582,46.752670144419085,51.054439197042186,0.6273055638499629,57.79967159277504,19.023180921201345,18.724695180407572,57.79967159277504,51.83840684552254,16.70498084291188,16.72687465790914,16.639299397920087,16.420361247947454,IMG_00249.tif,15.225,juniper_right_8,19.61918500560361
1,2.0,19.388003072368384,19.4077927155384,20.638789456305453,20.66066088935005,21.94815001677543,21.967393192824012,0.9204654472518927,1.639135030033717,4.462934719455393,2.636589175642768,23.0,14.982212804247268,15.196529486349728,14.982212804247268,15.115193972578965,78.48817560486069,76.48937960920946,76.48937960920946,23.0,-1.0,14.5,23.0,17.27696736433083,17.708653038458777,15.869334867542193,18.743398336594087,14.521460139407603,16.632429238000846,4.221938197186485,18.32120451687544,68.00434568887783,67.64210625329356,60.25340890667378,0.8121241105678095,76.19047619047619,18.743398336564404,15.251225594516821,76.19047619047619,73.6024067837292,19.26655719759168,19.354132457580736,19.46360153256705,19.441707717569788,IMG_00250.tif,15.225,juniper_right_8,17.27696736433083
1,2.0,13.216323025071432,13.218523773355203,14.129080543485903,14.131010177155442,15.133717888575783,15.134435472830388,0.9841667383628147,0.9317449611123683,-5.3175212830189755,-0.9468766391479347,12.0,23.11033432829896,22.490870026331187,23.05649571410143,21.820579495537686,37.76460990326158,37.9533842974087,37.9533842974087,12.0,1.0,21.5,12.0,23.00703112810018,,21.663437681141374,26.907235148994978,16.974644431896557,21.940939790445768,9.932590717098421,25.913976077285135,35.93384104892051,35.324824240198126,29.166328592299063,0.43296845704270637,41.83716075156577,26.907235148711194,19.883516097094855,41.83716075156577,38.80856775328293,13.235908141962424,13.194154488517748,13.152400835073072,12.839248434237998,IMG_00251.tif,15.966666666666663,juniper_right_15,
1,2.0,18.81438582624707,18.831739676345908,19.934192516087148,19.959205424646093,21.062781049314008,21.099030837147744,1.4267236990608845,0.8405674617409545,-0.17152327680360138,-2.8687550622118376,12.0,14.100479628101994,15.283906689188278,14.129377100579262,14.636588710455982,71.00801230387447,69.07994188693631,67.78815055029467,12.0,1.0,12.5,12.0,14.087982916411704,14.652989471242961,18.318074578722985,13.526192651310588,16.654149148162315,15.090170899736451,-3.127956496851726,13.838988300995762,72.57419024485266,72.31617743451618,80.49392466288472,0.7013936572723704,73.2,13.526192651370813,16.226176536771096,73.2,67.37546342052993,18.91111111111111,18.866666666666667,18.91111111111111,19.0,IMG_00252.png,15.0,lumify_png,
1,2.0,22.679762153029664,22.68100957620057,24.163739341067906,24.163741838199215,25.61449656180574,25.61614647856662,1.4775279131739363,1.457608989192107,-8.948957648262173,0.026048110799010437,12.0,17.820556146392747,18.206291154752797,18.725837648315775,18.725837648315775,132.76053313552944,129.0846361775958,129.0846361775958,12.0,1.0,18.5,12.0,19.045918590869178,19.045918590869178,14.79966227234101,21.947141942275938,12.560665686995627,17.253903814635784,9.38647625528031,21.008494316747907,78.19236793637364,76.24964269436899,60.511267651837706,0.6640813645321231,115.3731343283582,21.947141942063137,12.318925436295437,115.3731343283582,106.00338233965417,22.761194029850746,22.860696517412933,22.7363184079602,22.686567164179102,IMG_00253.png,13.4,lumify_png,19.045918590869178
1,2.0,18.507320568369327,18.528778422129136,19.53043428379096,19.5410524374025,20.601229852070645,20.604534969999907,1.2721415583217581,0.8036149895490152,0.14241211627767275,-1.888895032840212,10.0,16.145752904755184,16.4678991564695,16.66408745824569,16.251366938440015,58.457515628702524,57.264521074732755,58.31784654870482,10.0,1.0,15.5,10.0,17.64765368698656,17.954684174882715,16.75768160832655,18.453034500096187,16.085597291970995,17.269315896033593,2.367437208125194,18.21629077928367,62.48103249444499,62.3843620941342,58.50884521960651,0.7712890771471184,55.348837209302324,18.453034500142007,18.22759607577959,55.348837209302324,59.20744753653944,18.527131782945737,18.527131782945737,18.527131782945737,18.66279069767442,IMG_00254.png,17.2,lumify_png,19.857706735819733
1,2.0,25.57630695137983,25.576701811957847,26.72570114821225,26.72570452815093,27.925566229424202,27.92562603509431,1.2958751117553136,1.0530491113811429,1.9297238066518048,-0.0288155865456119,15.0,18.305267230436357,18.62861820238617,18.305267230436357,18.305267230436357,76.89261574871725,79.41192054510826,79.41192054510826,15.0,1.0,17.5,15.0,17.571497228358965,16.363531799268912,20.07015649081538,14.273855057316782,21.305114037462918,17.78948454738985,-7.031258980146136,14.976980955331396,84.80093875776278,83.70080731680702,103.71774836119324,0.5963825492199317,81.16279069767442,14.273855057369174,19.168788986925748,81.16279069767442,77.88076362776013,25.697674418604652,25.63953488372093,25.600775193798448,25.697674418604652,IMG_00255.png,17.2,lumify_png,
1,2.0,20.210397148498522,20.21189443080614,21.391548086316682,21.392979080688384,22.59040398300394,22.591617161400173,1.1634163559666533,1.2163063746273854,-5.8008278284309,-0.6627097814038261,9.0,17.73778755128734,18.137464544736996,17.73778755128734,18.572378827034044,74.72332386406856,89.045148225105,74.72332386406856,9.0,1.0,17.5,9.0,17.935126464519755,17.935126464519755,19.019612205701748,16.423308009249514,22.78133806371261,19.60232303648106,-6.358030054463097,17.059111014695823,60.66959705459585,60.143122310102626,71.36590313235835,0.5931049664934438,97.09302325581396,16.423308008894082,16.95194504875253,97.09302325581396,69.20271047064419,20.251937984496124,20.232558139534884,20.232558139534884,20.290697674418606,IMG_00256.png,17.2,lumify_png,17.935126464519755
1,2.0,18.956216916879576,18.96777338296837,20.192205285736414,20.201332574905475,21.409567996660268,21.418224842327604,1.03701393735936,1.4134375219998718,-3.509824916109856,-1.7224034198491252,12.0,24.00560614212722,23.596733866406556,23.557791803456695,24.453420480797746,48.80133766105608,49.60754691672355,47.99512840538862,12.0,1.0,22.5,12.0,22.961674575636494,22.961674575636494,25.020918780156393,20.899040903182105,27.05705675943718,23.978048831309643,-6.158015856255075,21.514842488807613,46.88298233314887,46.63081229381886,53.122932696937916,0.642907240475574,53.72093023255814,20.899040903146155,23.5073025464358,53.72093023255814,47.510042094291876,18.972868217054263,18.953488372093023,18.895348837209305,18.77906976744186,IMG_00257.png,17.2,lumify_png,21.988712396009333
1,2.0,27.301627562342887,27.34129250357621,28.458738949283987,28.49648198512351,29.640013425044355,29.670744935351365,1.0747647866791872,1.2546876450959676,-5.76542918667781,-2.9492281278904495,10.0,30.089379858595095,29.94760072261209,29.869794948708886,28.59945927540207,56.24170344405809,56.304703125858815,57.67659494009473,10.0,1.0,28.5,10.0,31.911669452335417,31.943348855718853,29.840686474723555,33.86009559986335,27.162434093569267,30.51126484671631,6.697661506294085,33.19032944923394,53.885549065550876,53.6772200435366,48.912347355414674,0.564569034639903,57.1900826446281,33.86009559975767,28.974904729094742,57.1900826446281,56.25691676417417,27.46556473829201,27.38292011019284,27.300275482093664,27.272727272727273,IMG_00258.png,12.1,lumify_png,31.943348855718853
1,2.0,16.58163071983946,16.593848663871693,17.784229574655335,17.796487472453006,19.009857657251825,19.02071672272869,1.1775023985335629,1.2493656603234349,-2.669930221977745,-2.1266861984547925,9.0,24.444547684811425,24.279245619609693,23.8190488809189,23.8190488809189,39.63552122009002,40.443538986995264,40.443538986995264,9.0,1.0,23.5,9.0,24.967655066627827,26.607247826619982,24.3421562627353,25.24860638581004,26.160921155621782,25.70476377071591,-0.9123147698117442,25.339837862791214,38.21967323428259,38.21577936367513,38.85971064273945,0.49069093170417655,40.266666666666666,25.248606385717427,25.207655236740262,40.266666666666666,38.91870362667916,16.644444444444442,16.622222222222224,16.555555555555557,16.6,IMG_00259.png,15.0,lumify_png,
1,2.0,20.46424533304324,20.47001737162749,21.596581746958744,21.605141656859587,22.721186800406574,22.729797411432177,1.3417531602401254,0.9180268795645621,-1.25207953248828,-1.6129021016148093,15.0,18.53341116663222,18.204948912445676,17.89938650624285,17.557558983612296,65.31698267336901,67.50123515094968,68.85870944437885,15.0,1.0,16.5,15.0,16.497154295682122,18.83582206073308,18.134138490333186,18.975687087505328,17.11837201360519,18.04702955055526,1.857315073900138,18.78995558011531,66.1206892623563,66.06314187676603,62.94059578155976,0.6792119030329651,62.674418604651166,18.975687087516565,18.30096195800999,62.674418604651166,65.17723373944122,20.406976744186046,20.406976744186046,20.310077519379846,20.0,IMG_00260.png,17.2,lumify_png,
1,2.0,21.49205566133293,21.492060691551362,22.38360683372771,22.383657376384498,23.272454868662226,23.272924311173433,0.6386414927061916,1.1422221269158779,-2.8969573660976518,-0.12175904151630625,10.0,14.878747613764972,15.821837097099147,18.52306818212105,18.89278427594428,91.31522071907877,77.5255498507566,74.99261545237405,10.0,1.0,16.5,10.0,18.405361306424624,18.405361306424624,13.477782134148924,21.99934165532011,8.655325883495314,15.32733376940771,13.344015771824793,20.664940078137626,87.03473581121528,81.28211753587213,57.35662878931588,0.5743274946615059,77.33333333333333,21.99934165524237,13.95730879340357,77.33333333333333,89.0782002179551,21.42222222222222,21.466666666666665,21.511111111111113,21.333333333333332,IMG_00261.png,15.0,lumify_png,
1,2.0,19.623715209679663,19.623785036370982,20.798733617223206,20.798886073081217,21.993568608438853,21.993699263398298,1.3182092051823355,1.0517050218449804,1.523901403359459,-0.21937640523824667,19.0,17.480387517088843,17.2157972587685,17.68157853858986,17.68157853858986,64.21390148230796,62.38162397877901,62.38162397877901,19.0,1.0,15.5,19.0,18.624779750968997,18.038601664041522,16.716793126497777,19.94045736095172,14.462930103183634,17.201693732067675,5.4775272577680845,19.39270463517491,66.91232777931471,66.35051289090303,57.535942750088395,0.6300863934184633,58.372093023255815,19.94045736098693,18.070150689950964,58.372093023255815,63.26061848967751,19.612403100775193,19.612403100775193,19.612403100775193,19.53488372093023,IMG_00262.png,17.2,lumify_png,18.038601664041522
1,2.0,13.74581394090101,13.746100582423166,14.707267382511274,14.707379399694318,15.711327406331424,15.711330422656511,0.6050180523882227,1.360211787845123,-1.5178215082464166,0.2236209980601182,11.0,15.048010683334581,15.710788765987067,15.048010683334581,16.261538900457992,55.94486841164419,55.94486841164419,52.16833890330528,11.0,1.0,14.5,11.0,17.344918106613505,20.163104227021677,13.944596326284284,24.25696516271869,6.98757593465913,15.62227054868891,17.26938922805956,22.530026239912736,57.401109430828505,51.041095157042044,33.45685590683958,0.5230174755775989,45.93023255813954,24.256965162666848,14.550541078016314,45.93023255813954,54.71024695873955,13.62403100775194,13.7015503875969,13.68217054263566,13.837209302325581,IMG_00263.png,17.2,lumify_png,23.379494100459254
1,2.0,19.62741583924949,19.66616863654788,20.781674337444052,20.81262305169994,21.913984852795842,21.937003415796905,1.1913200825591843,1.0795146966898366,-7.804800494529481,-3.124995225771404,9.0,28.346711641949838,28.597817404360182,28.346711641949838,28.346711641949838,43.155974998667105,43.155974998667105,43.29411768657202,9.0,1.0,27.5,9.0,28.66122285969672,28.66122285969672,28.58756553217978,29.44297858752883,27.930134577393805,28.686556582461318,1.512844010135027,29.29169418651533,40.767486199387925,40.75837807891406,39.801562953462536,0.6644333682352648,46.53333333333333,29.44297858737661,26.462478637153637,46.53333333333333,43.90536460854833,19.733333333333334,19.755555555555553,19.62222222222222,19.6,IMG_00264.png,15.0,lumify_png,28.549915043807175
1,2.0,16.94572592615954,16.966751282406275,18.074455629677516,18.09904815180664,19.22469462678681,19.253383008522885,1.1588754896921538,1.1277562364244555,-2.715910421711114,-2.9871737613251743,10.0,23.473038014700336,23.00121576187191,22.689799076288523,22.689799076288523,42.583858793116185,43.99924837784404,43.99924837784404,10.0,1.0,21.5,10.0,24.99978468687104,25.634462176404156,20.650674930048893,26.96961732661233,18.86214568944585,22.91588150802909,8.107471637166482,26.15887016289568,43.977633455234525,43.52585594314005,37.370220916636036,0.5880227614727331,38.95348837209303,26.969617326617907,23.079355136918306,38.95348837209303,43.23423839690686,16.93798449612403,16.996124031007753,16.976744186046513,16.91860465116279,IMG_00265.png,17.2,lumify_png,25.634462176404156
1,3.0,15.401968044071655,15.404854907965529,16.29262114238687,16.294699167516846,17.18422189293123,17.185730668652873,0.6979607253361512,1.0829150353511952,-5.257442677063675,-0.9150492510443287,14.0,25.689266139720246,25.93180713883285,25.72353278978278,26.526407320089646,37.55885926923,37.440836847103505,37.67688169135649,14.0,1.0,24.5,14.0,27.060204569317534,28.540333469964935,25.38363522281719,29.494858637882174,23.307620614446943,26.40123962616456,6.187238023435231,28.87613483553865,34.73638304249358,34.58174969475241,31.23199856849204,0.5645888668365555,39.333333333333336,29.494858637717776,24.060243799200254,39.333333333333336,37.71657345591536,15.488888888888889,15.377777777777776,15.377777777777776,15.4,IMG_00266.png,15.0,lumify_png,28.540333469964935
1,2.0,21.252052021820752,21.255768665664714,22.3839710267798,22.39475621856887,23.53981801595171,23.558806753106122,1.1994482342743673,1.1035898531670398,-0.13708705405667804,-1.778262326689219,20.0,19.341959847561938,19.36756715074274,19.12824789575049,18.366236469237833,62.47622848247164,63.04629427389757,65.41378956987553,20.0,1.0,17.5,20.0,18.2002195831989,18.678424606833033,19.4481891788906,18.49046902056902,20.93946660006127,19.714967810315144,-2.448997579492249,18.735368778518247,63.08387750352183,63.00409830687462,67.0158771570973,0.7470854226644241,60.298507462686565,18.490469020576334,20.022189885545636,60.298507462686565,62.07613321753549,21.268656716417908,21.318407960199007,21.19402985074627,21.119402985074625,IMG_00267.png,13.4,lumify_png,19.929719836143676
1,3.0,22.750044447601912,22.766911548745018,23.493337840827905,23.49340640578297,24.09058962613035,24.113058635805537,-0.38178225794946624,1.727929345009988,-2.45021458929398,-0.13842541620549176,14.0,15.470990088981935,16.11980140903657,16.945076923170888,17.972432144882674,83.63456044913997,78.068861840416,73.71536612903991,14.0,1.0,14.5,14.0,18.94354283354221,18.94354283354221,14.771403575667591,20.709094297351204,11.686767413601393,16.197930855476297,9.02232688374981,19.80686160897622,83.7021467520683,81.5162032210577,64.3042118026362,0.6339981231491054,73.28358208955224,20.70909429732528,15.590083091420569,73.28358208955224,84.61099765866784,22.715617383198715,22.716541184172833,22.835136584743086,22.73414537371063,IMG_00268.png,13.4,lumify_png,19.13464873066974
1,2.0,22.60572925202115,22.67642928710419,23.954279771118056,24.094380198041335,25.286638921737257,25.50883110479773,1.461105983414084,1.3712958342794563,-0.9560121774963899,-6.181731588652462,16.0,16.31938472502327,16.645956392500533,17.39124402681105,17.727362641366568,76.02849401133423,70.31401853495801,66.86782168306726,16.0,1.0,16.5,16.0,18.195752534240455,20.853672919410684,17.33904901851207,19.13757702181555,15.010290151933411,17.07393358687448,4.127286869882138,18.724848334827335,77.50424693524647,77.13026823551037,69.07648891556644,0.7043378197959618,64.66666666666667,19.137577021863045,18.624516112200304,64.66666666666667,70.90908818609512,22.688888888888886,22.711111111111112,22.733333333333334,22.933333333333334,IMG_00269.png,15.0,lumify_png,20.853672919410684
1,2.0,19.33749881732897,19.36424822317591,20.3765595265054,20.407569767742746,21.454941526802994,21.48605480820802,0.8391776730163911,1.28262891201572,-2.6351437404268934,-3.158999572943172,15.0,21.19272708856002,21.663190827388078,21.223778774347096,21.94446708633123,53.01661881567612,52.83793215154093,51.1886509463408,15.0,1.0,22.5,15.0,21.32342158132866,19.66885613088499,22.469834884522612,19.9620588786268,23.509377548253376,21.735718213440087,-3.5473186696265757,20.316790745589458,52.3371906611029,52.223295493848546,56.64839936214475,0.5736546157359943,55.81395348837209,19.962058878632018,21.85876240455147,55.81395348837209,51.943609912536296,19.41860465116279,19.37984496124031,19.30232558139535,19.36046511627907,IMG_00270.png,17.2,lumify_png,19.66885613088499
1,2.0,18.6766607662457,18.680439337535844,19.798234205549466,19.808075303416636,20.95796299568518,20.974998117882528,1.0505258405763909,1.2440329397702963,1.511728456519927,-1.8061601193922785,9.0,15.011149926473024,16.47897931050493,17.707673374663727,17.707673374663727,66.39978644772489,56.394994496879015,56.394994496879015,9.0,1.0,17.5,9.0,17.634562504873315,20.004915949300425,12.957262466046046,16.686682686436033,16.119270462973372,16.402976574704702,0.5674122234626616,16.629941464089768,66.1569514756344,66.15043293196055,65.05691986851916,0.5246204151591225,56.51162790697675,16.686682686556974,17.771612117503654,56.51162790697675,61.202053258686405,18.74031007751938,18.624031007751938,18.6046511627907,18.72093023255814,IMG_00271.png,17.2,lumify_png,20.004915949300425
1,2.0,18.67920348184949,18.688708173604315,19.82897250988587,19.83747041305675,20.97821127257561,20.98678267961734,1.1133036367149016,1.1847708692981198,-6.7550021041015285,-1.6771267193630701,15.0,18.61242503548607,17.760508456870436,18.61242503548607,19.183891988771535,63.32049920208846,63.32049920208846,61.874155917192695,15.0,1.0,17.5,15.0,19.28202267580855,15.883930574173547,19.853489629094014,21.333436639699535,16.839438993922485,19.08643781681101,4.493997645777051,20.88403687512183,57.227877664645526,56.966840732920815,51.20420383930956,0.7540010623283062,81.97674418604652,21.333436639614717,16.287841720348325,81.97674418604652,66.41812084631809,18.68217054263566,18.68217054263566,18.77906976744186,18.895348837209305,IMG_00272.png,17.2,lumify_png,15.883930574173547
1,2.0,15.958057938114406,15.963097222079483,16.690444247713714,16.695011322050068,17.456687726338473,17.460207514834053,0.7828262047591532,0.7142840879954143,-4.609232110094189,-1.3402111058720174,14.0,25.527499988875803,25.064343972701593,24.76468565956364,23.364751972215714,41.0506897675846,41.81747229949871,43.0564793033072,14.0,1.0,22.5,14.0,24.05065404163389,23.325109487675377,26.72549422339071,25.335484909398893,24.62617342588104,24.980829167639964,0.7093114835178543,25.264553761047107,37.74953281386607,37.74706741191452,37.2528462795331,0.7073251675106706,41.16279069767442,25.335484909334422,23.4158891412959,41.16279069767442,40.113379036160204,16.007751937984494,16.007751937984494,15.988372093023257,16.1046511627907,IMG_00273.png,17.2,lumify_png,27.438643037548957
1,2.0,21.465819855077587,21.55390505747299,22.78988656734593,22.872785086835673,24.09451108773661,24.176632600030626,1.5530226674328191,1.069704875124822,1.1815820489233277,4.879583441490276,13.0,17.236513554642755,16.70153551940511,16.16277081522705,16.16277081522705,65.9929856893012,68.36204328808373,68.36204328808373,13.0,-1.0,15.5,13.0,16.250865612489207,17.854027696745675,16.814273744274374,16.155302844150114,17.379792563697517,16.767547703923814,-1.224489719547404,16.277751816104853,74.62734356294644,74.5945821346927,77.34189864753526,0.7524603581409047,60.14925373134328,16.15530284422183,18.723570468342444,60.14925373134328,67.03918801900616,21.91542288557214,21.567164179104477,21.542288557213933,21.34328358208955,IMG_00274.png,13.4,lumify_png,17.324608351904914
1,2.0,25.245138034293838,25.336867561299382,26.745545927663443,26.82575330635779,28.18448909519497,28.29762591863825,1.2754559412184112,1.6853024161204473,9.67005428555973,4.4317688181441515,6.0,35.248029332098966,35.462455749307345,35.676217828357835,35.676217828357835,45.61576129541919,45.66082358180465,45.57069900903373,6.0,-1.0,33.5,6.0,34.577270417151624,,35.43364740966936,35.83293871019064,34.83650893561874,35.33472382290469,0.9964297745719026,35.73329573273345,43.47057259235304,43.46784134371758,42.94276500861488,0.5245951875716319,49.0,35.8329387095656,33.05944878804944,49.0,46.08488985382332,25.433333333333334,25.266666666666666,25.133333333333333,24.8,IMG_00275.png,10.0,lumify_png,
1,2.0,21.968377785208908,21.97369748945075,23.09852832063121,23.10969542932062,24.275745110835317,24.30361123194515,1.0986261305792668,1.2312876119151368,0.5517029815325158,-1.7812643695545267,18.0,15.013046440839503,15.447698480928587,15.389480291097613,15.646153444809215,78.59804811144727,77.83609875918874,74.09265456081513,18.0,1.0,14.5,18.0,16.06296039862292,17.55343224501351,15.027936924748644,19.109047274320822,11.773437188857072,15.441242231588946,7.33561008546375,18.375486265774448,84.11644456390128,82.52633054960368,67.11925675236684,0.7171850032490343,69.18604651162791,19.109047274351422,16.139079163416607,69.18604651162791,79.04682148591858,21.996124031007753,21.976744186046513,21.91860465116279,21.86046511627907,IMG_00276.png,17.2,lumify_png,18.17849345879199
1,2.0,21.728141550829747,21.72979281337357,22.69126719807037,22.69290144808076,23.690570084794484,23.69162328531893,0.9651915447060723,0.9966389272392826,-4.725746475151296,0.6876294544029427,13.0,14.919117557525624,15.691290064869474,14.919117557525624,14.919117557525624,118.89109991899312,118.89109991899312,118.89109991899312,13.0,1.0,14.5,13.0,15.630931770503082,15.856029931105553,14.219599001852743,16.69860113038699,14.254350024265804,15.476475577326397,2.444251106121185,16.45417601977487,81.54487107229969,81.37687952156958,75.57264356345485,0.5572114886948495,104.53488372093024,16.698601130274007,12.643518717115821,104.53488372093024,99.20681320109072,21.666666666666668,21.705426356589147,21.76356589147287,21.80232558139535,IMG_00277.png,17.2,lumify_png,15.630931770503082
1,2.0,19.676742687458816,19.68026569720182,20.78516256038426,20.79099584823393,21.952256524515676,21.95962396046888,1.2333865837299078,1.045971679537153,1.694505391054249,1.3572718530879009,10.0,26.5964050020075,26.252340281802493,26.45784336905706,26.45784336905706,44.4635672152593,44.62207085548137,44.62207085548137,10.0,-1.0,25.5,10.0,26.138473645488403,25.565402986330014,26.38756397888696,26.140307852893667,27.907378009388697,27.023842931141182,-1.7670701564950306,26.31701486854317,43.31697907206399,43.30204105435445,44.65744872935995,0.4928778323741458,45.2,26.14030785286165,26.75380016069322,45.2,43.70639573770746,19.733333333333334,19.688888888888886,19.733333333333334,19.933333333333334,IMG_00278.png,15.0,lumify_png,
1,2.0,15.84277139365622,15.843544777150786,16.513273112596966,16.513986747541278,17.272442412476465,17.272812927997517,0.6849122757721366,0.744355875074596,4.5464095507565006,0.5326614687511506,11.0,17.11498613785963,16.130357917038157,15.348350938129187,15.605072396265854,61.83083614427421,71.3995249116733,71.3995249116733,11.0,-1.0,15.5,11.0,18.732442700006374,18.732442700006374,15.278493819575203,21.49143169444696,11.593294397310965,16.54236304587896,9.898137297135992,20.501617964733356,57.29731875658572,55.565459674362565,43.18359198548729,0.6329593514492853,62.58706467661691,21.491431694261536,14.0400948017041,62.58706467661691,65.21342210810504,15.820895522388058,15.820895522388058,15.820895522388058,15.820895522388058,IMG_00279.png,20.1,lumify_png,16.629322163463684
1,2.0,15.167695971217299,15.168379944610052,16.000656786250303,16.002918797057433,16.864710432253226,16.868320495840035,0.8619865151298491,0.8379540361001375,3.301607822885457,0.9633641550128804,10.0,18.4049022935086,17.64615710112411,18.30869691436078,15.767106029439645,50.84079501527597,52.744360162183625,63.056816240001176,10.0,-1.0,15.5,10.0,22.868327814802115,24.105076118486124,15.23381310637157,25.942128337026272,10.535238797104226,18.238683567065248,15.406889539922046,24.401439383034067,51.61666218307127,48.43016914271256,34.64861775104901,0.576859962365809,46.666666666666664,25.942128336925585,16.611718638646636,46.666666666666664,53.01965891077403,15.1575456053068,15.17412935323383,15.140961857379766,15.124378109452735,IMG_00280.png,20.1,lumify_png,24.105076118486124
1,2.0,17.745374788358003,17.75176476006565,18.846271699103703,18.857655780468246,19.95889733882083,19.978101508221197,0.8626418022946727,1.3636949458608714,4.195319982028283,1.9909695789176167,9.0,23.397433384368156,23.39442224094022,23.414259912885313,23.672519049582263,47.44046629772419,47.44046629772419,47.21711162523315,9.0,-1.0,22.5,9.0,23.54396202949954,26.04870984245801,23.527135500982382,25.695772773684805,21.2447669707039,23.47026987219435,4.451005802980905,25.250672193386713,44.64432419600463,44.51351753648533,40.887550479699954,0.5928505309802394,47.91044776119403,25.69577277351613,22.076445516902943,47.91044776119403,47.17002513479142,17.761194029850746,17.711442786069654,17.736318407960198,17.761194029850746,IMG_00281.png,13.4,lumify_png,26.04870984245801
1,2.0,19.309538280223926,19.311866918399666,20.35789321321121,20.36800595111928,21.507739890483478,21.53146730784876,1.092610561261221,1.126989828187871,-1.082475128598525,1.8055757785704774,18.0,16.683133593252393,16.81080298359228,16.784950687437743,16.784950687437743,72.24646034910911,72.1816581928982,72.1816581928982,18.0,1.0,15.5,18.0,17.49408521966916,17.49408521966916,17.671524275140627,16.237568351742528,18.755474583085014,17.49652146741377,-2.517906231342485,16.48935897487678,64.34185023291272,64.23217676399813,69.0623716439463,0.6312531074601773,87.09302325581396,16.23756835170986,16.155828449014255,87.09302325581396,69.40241008800858,19.36046511627907,19.34108527131783,19.36046511627907,19.476744186046513,IMG_00282.png,17.2,lumify_png,17.49408521966916
1,2.0,22.936860220453884,22.996998876904954,24.32017168163382,24.372743670352435,25.686255745942525,25.728021719893686,1.459222068627028,1.2718007743617041,-7.747247377620234,-3.7639228936140015,11.0,19.412747389599787,19.493116796792332,19.412747389599787,19.16666905974327,76.42371544022117,76.42371544022117,79.23526025427624,11.0,1.0,19.5,11.0,20.61072078806737,22.286959291000045,17.386882009057615,25.211423102385904,11.211007777464491,18.211215439925198,14.000415324921413,23.81138156989376,77.00580050173909,73.10591930676871,53.63682605819047,0.4223640712455928,77.01492537313433,25.211423101951155,15.810861983822203,77.01492537313433,83.85415262784149,23.08457711442786,23.034825870646767,23.009950248756216,23.134328358208954,IMG_00283.png,13.4,lumify_png,22.463350812772404
1,2.0,18.681021640701253,18.682450472236763,20.224369820627828,20.22465746845979,21.878954491838194,21.879407562017406,1.656923186879543,1.540033902901098,4.716560189750839,0.3055822399541641,11.0,23.33355945860535,24.549248752662336,24.472062067348276,24.472062067348276,47.337514530700965,47.337514530700965,47.49034921921753,11.0,-1.0,22.5,11.0,28.555596320429686,26.424817711238546,24.165067781859847,30.891048390532603,22.026612388767724,26.458830389650164,8.86443600176488,30.004604790356115,42.229591729795196,41.84389281020345,36.31375135666291,0.6700696485365009,51.04477611940298,30.891048390383652,23.47848295107182,51.04477611940298,46.79599279243911,18.70646766169154,18.70646766169154,18.70646766169154,18.65671641791045,IMG_00284.png,13.4,lumify_png,30.102793991819368
1,2.0,20.02149883455189,20.03535397901343,21.34131737643071,21.35797934513949,22.70842490030966,22.725135618882803,1.7173892417790246,0.9723923980903565,5.351047626186259,2.2633355465971947,15.0,20.17495265211022,19.503192006329396,20.17495265211022,18.549924803066233,63.7005510710479,63.7005510710479,66.6072714514505,15.0,-1.0,18.5,15.0,20.665736796900802,17.29898058214269,18.770766224014153,19.874115627222814,19.579465440731138,19.726790533976978,0.29465018649167785,19.844650608573648,59.22480741698081,59.223725662334836,58.802260218509836,0.791408043468204,71.27906976744187,19.874115627186672,18.006312228635853,71.27906976744187,64.66741620792371,19.98062015503876,19.98062015503876,20.0,20.0,IMG_00285.png,17.2,lumify_png,17.29898058214269
1,2.0,21.664168813529198,21.68372148308815,22.807578208772327,22.834082701313,23.925112701359545,23.95790310704312,1.4483109304252215,0.8258706935297462,6.001396322999233,2.7608805029279497,9.0,22.265544777581255,21.641972639204923,22.265544777581255,23.959243256145157,62.114043070800925,62.114043070800925,58.7411403221563,9.0,-1.0,22.5,9.0,23.314268601264132,,20.842126147832005,30.69667357366771,10.69667357366771,20.69667357366771,20.0,28.69667357366771,66.67355288497725,61.212174654681505,42.377935842997225,0.4375260883248254,56.51162790697675,27.773612048189943,17.773612048189943,60.0,70.8703035425694,21.666666666666668,21.666666666666668,21.78294573643411,21.80232558139535,IMG_00286.png,17.2,lumify_png,
1,2.0,15.23510934297329,15.235397227246658,16.29288106506563,16.293943172144306,17.380503517198612,17.381584752441164,1.0294340371908055,1.1167534880037038,7.217737701420369,0.6542007570595099,4.0,34.17495256290562,35.05561330094055,32.37358743932691,34.17495256290562,29.660215114696314,32.326963630523245,29.660215114696314,4.0,-1.0,33.5,4.0,30.336608572975678,30.336608572975678,35.763120819749815,26.94948565339456,41.4751319941011,34.21230882374783,-14.525646340706535,28.402050287465215,27.437775330985787,27.040839490211837,33.54777253656105,0.3821061402890118,34.883720930232556,26.94948565208153,30.886150993809828,34.883720930232556,29.618173804497275,15.271317829457367,15.232558139534884,15.193798449612403,15.174418604651164,IMG_00287.png,17.2,lumify_png,
1,2.0,24.4903490834448,24.49237147692316,25.77098596373885,25.77512418955568,27.062817879735217,27.06929856703687,1.2491637787450571,1.3277633113686542,1.9916606246116357,-1.0267155759492108,10.0,21.9552158713672,21.434444519424527,22.219164729204778,22.219164729204778,62.33311993679657,61.70497265302958,60.56897008000086,10.0,1.0,20.5,10.0,22.622642127935677,22.97594453664786,18.076300731607716,28.977510321531856,12.139860174534952,20.558685248033406,16.837650146996904,27.293745306832164,74.00461976017716,69.74178694300461,50.55250743654235,0.5352133923171073,56.36363636363637,28.977510321848747,21.90461282508714,56.36363636363637,65.64848089949912,24.490358126721762,24.490358126721762,24.435261707988982,24.297520661157026,IMG_00288.png,12.1,lumify_png,
1,2.0,17.938959912511873,17.94096351530412,19.184655380523733,19.189091861201167,20.486317080218978,20.49433367769016,1.3702232558543952,1.183146906531648,-0.9818999541949195,1.2320776631962167,8.0,19.745964700067077,20.698656982442348,20.343497209349778,21.063186388208436,50.69562021106766,48.98738625285467,48.07274519987433,8.0,-1.0,17.5,8.0,21.73495021908434,20.559315864555458,18.669501353670597,25.549799895088803,15.933100626760222,20.741450260924513,9.61669926832858,24.58812996825594,51.578753977253925,50.65899298136295,41.59783863849318,0.5195395550696505,45.46666666666667,25.54979989514133,21.552639590031035,45.46666666666667,48.83808593640864,17.955555555555556,17.933333333333334,17.88888888888889,17.866666666666667,IMG_00289.png,15.0,lumify_png,
1,2.0,16.356195498526148,16.35895700184579,17.583454208331904,17.58563727685837,18.831759829660022,18.83365982440996,1.4971699578354374,0.9775328647287299,1.0958185515482122,0.9028108124741343,6.0,20.243990491575545,20.302645557886137,20.816028345152546,20.020419809454182,47.23159265493641,46.06339627040925,47.75880766851963,6.0,-1.0,18.5,6.0,20.876711392438068,19.177313110445226,19.01139021175277,21.156742372363468,19.486396771136498,20.321569571749983,1.670345601226969,20.98970781224077,47.122069911229104,47.096022776674765,45.317219174080066,0.5427395938695273,46.53333333333333,21.156742372358575,20.26971009735849,46.53333333333333,47.21142802983484,16.377777777777776,16.4,16.355555555555558,16.333333333333332,IMG_00290.png,15.0,lumify_png,19.177313110445226
1,2.0,18.752805844505996,18.755452498614435,19.97143562075621,19.97362734747817,21.18878625919131,21.193845373035668,0.7307132543200137,1.7076796201012157,-5.326394150280611,0.8488018774655508,14.0,15.668692394185172,16.4262304861019,15.828248667232117,15.828248667232117,94.53341499594751,95.9195816510173,93.14724834087774,14.0,1.0,15.5,14.0,15.997978612901136,15.997978612901136,15.587379351881879,18.849417582555546,12.515967936868735,15.68269275971214,6.333449645686809,18.216072617986864,70.28636908346688,69.33077411865989,58.00624229793181,0.7052183449302402,93.6,18.849417582466323,12.453350991622067,93.6,86.90581997481242,18.866666666666667,18.8,18.711111111111112,18.733333333333334,IMG_00291.png,15.0,lumify_png,18.930053960372874
1,2.0,17.600312202676072,17.611140871850473,18.577881127304284,18.586369241432305,19.568819614679228,19.575863440069252,0.9216504639903376,1.043072104228444,6.7191370712758065,1.7316594385883375,8.0,29.432608649421326,29.101331216826413,29.21028298740137,29.65493431144128,39.090883324892104,39.284384041975535,38.89738260780868,8.0,-1.0,29.5,8.0,29.746698805497772,,25.23567850644548,39.14356437743281,20.42549149189063,29.784527934661718,18.71807288554218,37.27175708887859,36.53804349483094,35.348494609600245,27.81554253184713,0.3162833891025914,38.507462686567166,35.62393110002954,25.62393110002954,40.0,40.602369413016476,17.686567164179102,17.611940298507463,17.611940298507463,17.611940298507463,IMG_00292.png,13.4,lumify_png,
1,3.0,20.57332179986615,20.58142700680659,21.811361830123083,21.81476490261142,23.115126692003106,23.115137152692547,1.5772646689840069,0.9564454769019465,-1.5002540470406844,1.012053818266876,15.0,12.315102509634158,12.808310872655822,12.935254735787566,12.315102509634158,89.06966996983606,88.9448982656967,89.06966996983606,15.0,-1.0,11.5,15.0,14.425864659381688,14.425864659381688,10.516865466518823,16.588893063514398,8.994065905550245,12.79147948453232,7.5948271579641515,15.829410347717982,95.82452637439462,92.95890341271667,72.08839953727593,0.7357074790391352,64.62809917355372,16.588893063570538,14.3722927475103,64.62809917355372,82.9155707289652,20.74380165289256,20.60606060606061,20.523415977961434,20.41322314049587,IMG_00293.png,12.1,lumify_png,15.303709624245045
1,2.0,23.179361954616322,23.251553675938005,24.501992058259024,24.572363610721105,25.82123468901618,25.889383874819217,1.4103906155436527,1.2274395833375606,8.943016270501062,4.337269720367587,14.0,22.62231320119828,23.187214551507058,22.69432194908623,24.51526924888563,67.43736312160289,66.90982408006715,66.59625315374002,14.0,-1.0,21.5,14.0,23.186744571872765,23.186744571872765,23.399011523478265,25.26687584840034,21.75948011738738,23.51317798289386,3.507395731012961,24.916136275299046,57.944985645634546,57.84005697952075,54.06272127676739,0.6864457370944204,69.91735537190083,25.266875848288322,20.981521734279678,69.91735537190083,64.44569883073747,23.22314049586777,23.250688705234158,23.27823691460055,23.388429752066116,IMG_00294.png,12.1,lumify_png,25.210483587077306
1,2.0,22.26106522116119,22.26166052122872,23.2352276545576,23.235715444037083,24.203359281812887,24.203636154801895,1.1691523619781266,0.7728232715950482,3.2752942124160405,0.3712586490801204,7.0,23.719933050224313,25.67497331151778,26.97616535828527,26.786136170668186,61.62139588796953,52.144656622527584,53.10843280143196,7.0,-1.0,26.5,7.0,27.315453772371455,27.12542458475437,22.185901034013483,28.655083118833122,22.914024507740677,25.784553813286898,5.741058611092445,28.080977257723877,51.35245469789274,51.145897559934724,46.39460620422938,0.583195119141485,53.6046511627907,28.655083118693327,24.186769139376413,53.6046511627907,54.301190050672645,22.36434108527132,22.267441860465116,22.189922480620158,22.093023255813954,IMG_00295.png,17.2,lumify_png,24.059221464310497
1,2.0,19.68895550174944,19.830142166273514,21.144399770855983,21.314169846159604,22.559254843610635,22.753204454949266,2.030379421259271,0.8926828674164824,-1.2573236107636483,7.236401903926036,12.0,13.044449948432785,13.373506919760363,13.172648004350634,13.606500182605146,64.06875191503252,63.88703990162275,60.45181688194034,12.0,-1.0,11.5,12.0,13.924536919723437,13.924536919723437,11.740568254104687,15.818769629557359,11.157928627228697,13.488349128393027,4.66084100232866,15.352685529324493,85.75843316657485,84.90481554570489,72.64922186912119,0.7686341797999258,55.371900826446286,15.818769629658114,17.378571139268644,55.371900826446286,66.30370217699715,19.779614325068874,19.779614325068874,19.834710743801654,19.75206611570248,IMG_00296.png,12.1,lumify_png,13.034764610961474
1,2.0,20.777650463982024,20.80653346451248,22.256223183336147,22.290782836985358,23.655911506658853,23.709670380648543,1.4234119482343295,1.4797249679017352,3.1897030814023504,3.190919054225878,14.0,13.625087342122484,14.737357893195894,15.68724652822408,15.68724652822408,88.62626908670566,77.09675632268767,77.09675632268767,14.0,-1.0,14.5,14.0,15.89121714067656,17.711281443830586,11.315602214124851,19.907843519509612,6.07619260312964,12.992018061319627,13.831650916379973,18.524678427871617,102.93483860258831,92.40455728569607,61.00867817566939,0.7424981751678423,68.59504132231405,19.907843519503977,12.804841312601814,68.59504132231405,93.73223640053759,20.798898071625345,20.798898071625345,20.826446280991735,20.90909090909091,IMG_00297.png,12.1,lumify_png,17.711281443830586
1,2.0,22.757100592315805,22.794193025868303,24.327682979953977,24.355970746020773,25.936308389223203,25.95139122168976,1.5374021721947178,1.619796023626743,-5.586299654852733,-2.761698581068757,14.0,23.391387563584004,22.925218049615488,22.861899802998522,22.023739077082638,60.4456529872287,62.23448679601072,62.23448679601072,14.0,1.0,21.5,14.0,24.542563133092727,25.218230381268512,22.610086496540504,24.17064240348051,22.752319047706006,23.46148072559326,1.418323355774505,24.02881006790306,57.07551263952701,57.05855715843352,55.48064785889634,0.7991765427462196,63.47107438016529,24.170642403426204,22.009703003704598,63.47107438016529,60.61651345513853,22.78236914600551,22.78236914600551,22.78236914600551,22.727272727272727,IMG_00298.png,12.1,lumify_png,25.218230381268512
1,2.0,19.669808505633224,19.705833847262706,20.949743602626825,20.989168466745195,22.23243747846358,22.27552273093835,1.2078869215525174,1.3618019621231243,9.341012899924682,3.512312255420935,10.0,29.02469103231992,29.116230799147413,29.7384311807281,29.77122020053676,45.11426814031029,44.20747444115125,42.24624719567212,10.0,-1.0,27.5,10.0,29.754350987399874,29.065602926594693,30.156506125214122,27.56170065982417,32.304617702675124,29.933159181249646,-4.742917042850953,28.035992364109266,39.30928004564344,39.230113844181744,42.30659022570303,0.7810280517160918,52.13333333333333,27.56170065963236,26.80253858063002,52.13333333333333,43.41243653991544,19.733333333333334,19.711111111111112,19.733333333333334,19.733333333333334,IMG_00299.png,15.0,lumify_png,27.163000848238653
1,2.0,16.158887545114375,16.18120772340972,17.780902289438174,17.801717467877587,19.427910459962636,19.445881641319676,1.388560286041537,1.8761136318684206,-1.1165158434527416,2.771016259169267,9.0,15.16869980187792,15.113864731193228,15.085772103258734,16.2625519280177,80.12809438989812,81.20950265807271,75.24724949783231,9.0,1.0,12.5,9.0,14.329756683933255,14.412684382552442,,14.362962371810367,14.342883612685991,14.352922992248178,0.020078759124375,14.360954495897928,65.25728030174803,65.25726975463598,65.21261491463599,0.40258432167236746,89.33333333333333,14.36296237168072,12.667796031574925,89.33333333333333,73.76672018795979,16.22222222222222,16.244444444444444,16.155555555555555,16.133333333333333,IMG_00300.png,15.0,lumify_png,14.764115673537816
1,2.0,19.45573687273818,19.4579140966955,20.502238791884743,20.503812244260473,21.573865390126784,21.57472918809426,1.2335839910904343,0.8832311003083291,-2.3828064415668684,0.7098227274196729,9.0,19.639103334389006,19.34843516870888,19.639103334389006,20.124946012885914,52.6579528599856,51.502699939967904,51.502699939967904,9.0,-1.0,17.5,9.0,20.062670609117504,21.47014807831772,20.548513287614412,20.971256282238937,17.551213207997137,19.26123474511804,3.420043074241801,20.629251974814757,59.135954385530034,58.98285531447958,54.36445508661311,0.5715925829169399,49.917355371900825,20.971256282316677,20.669417745046243,49.917355371900825,55.12284768683109,19.53168044077135,19.53168044077135,19.44903581267218,19.50413223140496,IMG_00301.png,12.1,lumify_png,21.47014807831772
1,2.0,20.665269094261976,20.835595602941265,21.6462251818396,21.836144786990054,22.63932683576541,22.848400464841077,1.0768776590152254,0.935927202884587,6.57057752538475,7.562228966783043,15.0,19.23728163987076,19.173676187753802,19.168266345108947,19.23728163987076,61.548315670127906,61.59447845410464,61.59447845410464,15.0,-1.0,18.5,15.0,19.109604307213402,18.648259594257723,19.54306491959531,18.858113199270928,20.061837668401957,19.45997543383644,-1.203724469131029,18.97848564618403,62.08991454054381,62.07045042910923,63.97593129173815,0.7497594373488798,61.333333333333336,18.858113199278293,19.75452910366827,61.333333333333336,61.18108805483167,20.733333333333334,20.8,20.91111111111111,20.933333333333334,IMG_00302.png,15.0,lumify_png,18.648259594257723
1,2.0,19.178156232164614,19.190785807846407,20.510479185059946,20.51943988094008,21.798563814846183,21.803992953387958,1.152402027789252,1.460805117752304,4.558247600018119,1.69332981060735,15.0,15.671714872698828,15.40485462391744,15.671714872698828,15.671714872698828,76.80807044227465,78.15602895584293,79.26715659448092,15.0,-1.0,13.5,15.0,16.878956098661007,17.40233953897601,15.912343765000287,17.39933432446925,14.81417044696353,16.10675238571639,2.5851638775057197,17.140817936718676,69.15896649007708,69.01195199274173,64.02654722672486,0.7435940242650322,83.6,17.399334324401643,14.263400178675013,83.6,77.70858880132204,19.133333333333333,19.133333333333333,19.155555555555555,19.266666666666666,IMG_00303.png,15.0,lumify_png,17.40233953897601
1,2.0,28.06397979813626,28.07624294853331,29.5334293843525,29.534978409845294,31.00511791520815,31.00590414369355,1.4355068024481068,1.4941543927121284,-0.96049249607819,-0.5868140210150096,15.0,18.438022514091585,18.96242040194096,20.7536681754664,21.5376133724383,88.32595606152793,77.16094914630233,75.82831798366547,15.0,1.0,20.5,15.0,21.527926414062307,20.513415680328706,13.887407367073763,25.385242861496266,12.475372946214897,18.93030790385558,12.909869915281368,24.09425586996813,90.07533291330391,86.52426716142088,65.47668272544526,0.7429863382041536,71.5702479338843,25.385242861506796,19.41693745400685,71.5702479338843,84.4363467023312,28.07162534435262,28.09917355371901,28.09917355371901,28.09917355371901,IMG_00304.png,12.1,lumify_png,19.699756491319278
1,3.0,5.3941060486623496,5.395440518549659,6.194788703087578,6.1951405605190955,6.966552208402134,6.966568927071351,0.4522928028093618,1.1188356057123297,5.5968023970333025,0.6106571796791794,0.0,,,,,,,,,,16.5,0.0,,,,,,,,,,,,,,,,,,5.43059593872158,5.396989506114179,5.418073738658096,5.373152445132445,IMG_00305.png,17.2,lumify_png,
1,2.0,18.04977468674155,18.06165733297091,19.2915608633678,19.30315620897844,20.54703728798252,20.558308868708053,1.3914019905039874,1.1052495452331565,0.6432373713709091,-1.9860357364389762,8.0,20.237107718579523,20.369838919258726,20.727895143789254,20.727895143789254,48.212463701641774,46.58070078914938,46.58070078914938,8.0,1.0,19.5,8.0,21.572513054559323,22.436826489090862,16.920647660380496,22.789385072326546,16.630022399087988,19.709703735707265,6.159362673238558,22.17344880500269,53.98563319436297,53.551070874232465,46.626031774201735,0.44262191102083,46.74418604651163,22.789385072493552,21.098911957993625,46.74418604651163,50.170554179278184,18.06201550387597,18.06201550387597,18.04263565891473,18.02325581395349,IMG_00306.png,17.2,lumify_png,
1,2.0,22.43477633845463,22.436042153005644,23.272792540387655,23.274210169802952,24.11622212709182,24.119594073796403,0.7271191849729272,0.9564327358178321,1.7965008578826522,0.6323881405722364,7.0,14.640864340657885,15.667989437510677,13.88178101007017,13.88178101007017,84.88269023531556,89.17213239867803,89.17213239867803,7.0,1.0,12.5,7.0,13.720050423024077,13.720050423024077,13.92163596491946,10.557693714852697,22.5487216772168,16.553207696034747,-11.991027962364104,11.756796511089107,82.42961668211078,78.73225584796427,122.42433972945196,0.604363152436213,86.53594771241829,10.557693714893523,17.127216884285613,86.53594771241829,76.16874633014152,22.52723311546841,22.483660130718953,22.461873638344226,22.549019607843135,IMG_00307.png,15.3,lumify_png,11.922422358963075
1,2.0,20.649673100297306,20.65781769699047,21.527666477115222,21.533427132231207,22.396788678348475,22.40118936230469,0.7273981661517689,1.015973499162448,-6.277510695703812,-1.3253380688048546,11.0,30.834609036169667,29.651123506710793,30.19421004920116,28.930847303942556,43.71342690459495,43.230437338107045,45.55554146918878,11.0,1.0,29.5,11.0,32.87462162785917,31.434142648619,28.958769255497828,33.472315841162256,28.898338590673614,31.185327215917937,4.573977250488644,33.01491811611339,39.868204793542404,39.79963491679089,37.36590482792192,0.6808863507830651,45.333333333333336,33.47231584093972,28.8370894554274,45.333333333333336,42.727922151580756,20.82222222222222,20.711111111111112,20.644444444444446,20.666666666666668,IMG_00308.png,15.0,lumify_png,31.434142648619
1,2.0,13.121027154419266,13.130091614882417,14.026524339187642,14.034342615412955,14.927672470876372,14.93382497310031,0.8073848260190364,0.9963485321988562,-4.343976478124698,-1.9125696579670033,8.0,27.712635366562324,26.249881452540265,27.557012344698876,28.164070134806877,29.945942211305812,30.041875353384388,29.85000906922724,8.0,1.0,25.5,8.0,27.567930487224515,27.567930487224515,28.174988277332517,27.375386158048045,23.769216522172165,25.572301340110105,3.6061696358758795,27.014769194460456,30.418714296288467,30.36971213645961,28.509253742186097,0.6398975085901112,32.7363184079602,27.37538615798082,24.459413000491224,32.7363184079602,31.660726845336356,13.117744610281923,13.134328358208954,13.117744610281923,13.233830845771143,IMG_00309.png,20.1,lumify_png,27.567930487224515
