ok,n_bands,mt_inner,mt_inner_vert,mt_center,mt_center_vert,mt_outer,mt_outer_vert,sup_thick,deep_thick,deep_angle,sup_angle,n_fasc,pa_med,pa_wmean,pa_wmed,pa_top5,fl_med,fl_wmed,fl_top5,n_fasc_kept,fasc_sign,pa_orient,v2_n,v2_pa_lowhalf,v2_pa_low3,v2_pa_uphalf,v2_pa_fit1,v2_pa_fit0,v2_pa_fitmid,v2_pa_slope,v2_pa_fit09,v2_fl_curve,v2_fl_chord_mid,v2_fl_chord_deep,v2_fasc_span,v2_fl_stream,v2b_pa_fit1,v2b_pa_fitmid,v2b_fl_stream,v2b_fl_chord_mid,v2_mt_raw_1090,v2_mt_raw_1684,v2_mt_raw_2575,v2_mt_raw_mid,image_id,px_per_mm,family,v2_pa_insert
1,2.0,25.07532357852471,25.08815739958528,26.309176152895333,26.321570995104388,27.573887761744608,27.585927538741256,1.4170245754831488,1.0807455636728223,4.230137487685184,1.758406466337501,29.0,16.962894067471098,17.380498013684388,17.469055221919064,17.852626563510967,91.59136425618496,89.74327032258195,91.87681758541197,29.0,-1.0,16.5,29.0,17.873409633252862,16.836978707416478,16.904781215631203,17.97329101619435,16.9203521515375,17.446821583865923,1.0529388646568472,17.867997129728664,83.5874335041201,83.56240260668383,81.19203665732859,0.7122170950058356,96.05911330049258,17.973291016159138,16.277176932288096,96.05911330049258,89.38679412845781,25.295566502463046,25.172413793103445,25.09852216748768,25.123152709359598,IMG_00001.tif,13.533333333333337,juniper_right_9,
1,2.0,18.04935023994085,18.050273301604676,19.084282934738088,19.084977309360738,20.13024232546925,20.130296947695097,1.2950786646365244,0.7849449814538968,-2.673521085965424,0.4887536831480177,17.0,9.970232221669335,9.515336332624472,9.970232221669335,9.632454896224772,86.61349540968631,86.7722684139978,86.7722684139978,17.0,-1.0,8.5,17.0,10.30645211767444,10.30645211767444,8.261925139169193,11.488784853515096,6.294873746349859,8.891829299932478,5.1939111071652375,10.969393742798573,120.25597508909183,116.76397991354791,90.61402358248397,0.7730213060888556,80.78817733990148,11.488784853539189,10.350202880233812,80.78817733990148,100.45488379336568,17.97482211275315,18.018609742747675,17.99671592775041,17.99671592775041,IMG_00002.tif,15.225,juniper_right_8,11.478609486074674
1,2.0,23.24159141360865,23.248200832866438,24.415131460494266,24.418802529710593,25.619064497199656,25.620008263728515,1.466846164221719,0.9049612666403608,-0.3230785548467518,-0.9935212863835674,19.0,13.270193848602844,13.289432082518648,13.160565758589371,13.76853629716436,97.80838054424315,96.66793401512624,94.48003638059674,19.0,1.0,12.5,19.0,12.999441477258387,12.678906677605738,13.727363877899052,12.183319586514708,14.740352601229425,13.461836093872066,-2.5570330147147176,12.43902288798618,100.15361746222291,99.85409282966432,110.14864663607172,0.7870213650494361,106.69950738916253,12.18331958652539,14.004015452541168,106.69950738916253,96.06101973821696,23.201970443349747,23.25123152709359,23.30049261083743,23.349753694581274,IMG_00003.tif,13.533333333333337,juniper_right_9,12.678906677605738
1,2.0,26.609022215925723,26.61463004810934,27.85836393172181,27.87035335263144,29.137028945497153,29.15698305111816,1.3622763004059557,1.1800767026028631,2.993089179208746,-1.6806646538811298,16.0,11.985658734218617,12.393665661070408,11.439155336698065,11.380802999137956,111.35939051591865,125.39441374201363,125.39441374201363,16.0,1.0,10.5,16.0,14.968971640764579,15.463410191827933,11.44795601025757,16.120668761016642,9.812453199941555,12.966560980479098,6.308215561075088,15.489847204909134,121.00695078610921,118.59808368117879,95.8409555814644,0.8238533674364643,84.08866995073889,16.120668761062426,15.046807086662284,84.08866995073889,102.50574312815466,26.724137931034477,26.674876847290633,26.551724137931025,26.45320197044334,IMG_00004.tif,13.533333333333337,juniper_right_9,15.463410191827933
1,2.0,28.35456560937749,28.379841854862647,29.51662447633548,29.53623820620072,30.723784387244315,30.740488074915444,1.6538150525531108,0.7068311674996877,5.0178790655794705,2.088161912164484,16.0,20.213273416511583,20.64538386738797,20.62769508929523,22.498175718443065,90.09764638039393,89.8097312519252,80.04359742001921,16.0,-1.0,19.5,16.0,19.266230635657223,18.880767682245164,22.655498486488483,16.84770006676317,25.875175172053577,21.361437619408374,-9.027475105290407,17.750447577292213,78.91446689443627,77.74976295846065,97.71412328469356,0.5421616939041808,103.2512315270936,16.847700066728184,20.069447345414485,103.2512315270936,82.5284083451411,28.44006568144499,28.407224958949094,28.472906403940886,28.669950738916256,IMG_00005.tif,10.15,juniper_right_12,19.266230635657223
1,2.0,34.086072145974406,34.12635103168124,35.379836690842126,35.41735714079839,36.67265651454357,36.70076029316096,1.6441126910609503,0.9302965704187687,3.5494306750504205,2.6375574105007153,24.0,19.376858475143692,20.315124304060244,21.271555854541077,21.271555854541077,104.86650968894574,95.95767271592565,95.95767271592565,24.0,-1.0,20.5,24.0,21.267339888394474,17.57099977729675,21.93041036031613,17.9700441183559,22.29884424628176,20.13444418231883,-4.328800127925858,18.402924131148488,99.36564705680063,98.988715672832,110.4445140804975,0.7731475876288881,124.72906403940887,17.97004411834536,19.75385260222157,124.72906403940887,100.81753203569099,34.15435139573071,34.08866995073892,34.220032840722496,34.285714285714285,IMG_00006.tif,10.15,juniper_right_12,21.267339888394474
1,2.0,28.379901867644758,28.38073934624838,29.67208051592281,29.67359879016605,30.952913572135824,30.95442738079735,1.3844450075225427,1.1892430270264267,-0.5146238469439646,-0.5796014777338435,16.0,19.21559587105763,19.88321460349963,19.97427999519948,19.97427999519948,85.95062365854486,82.93657353908738,82.93657353908738,16.0,1.0,18.5,16.0,20.56663642740233,21.604559369554607,18.916053586396345,23.129869096514604,15.746867251774225,19.438368174144415,7.38300184474038,22.39156891204057,86.30595636693737,85.27584995367847,72.24537042274989,0.644254856924032,81.72413793103446,23.12986909650825,19.277771812320573,81.72413793103446,85.95890554078447,28.596059113300484,28.399014778325114,28.30049261083743,28.22660098522167,IMG_00007.tif,13.533333333333337,juniper_right_9,20.56663642740233
1,2.0,29.387893045255545,29.39685775337592,30.389775367804248,30.400117345621776,31.434546245819085,31.443464469756254,1.1197147249392811,0.9268919914410569,1.6989884912491533,-1.4945626130566996,19.0,20.03857906403931,19.729338896331903,20.183187686858105,20.329911704087976,81.32850101917083,77.0451906452474,77.0451906452474,19.0,1.0,19.5,19.0,20.236979993203477,20.445424888087018,21.13706045261023,21.21085906498058,18.729887571334853,19.970373318157716,2.4809714936457246,20.962761915616007,86.18182256026785,86.07286219348191,81.25130825099143,0.7994933889258576,74.48275862068964,21.210859065005142,21.469627017151304,74.48275862068964,80.31745145938466,29.556650246305413,29.433497536945804,29.33497536945812,29.33497536945812,IMG_00008.tif,13.533333333333337,juniper_right_9,20.445424888087018
1,2.0,18.141900149447693,18.148065882479667,19.1152073590313,19.124606742923383,20.124679700086624,20.138312301205673,1.3773339696275495,0.6129124490984548,2.4218685095868553,-1.7964240313201605,25.0,8.832793798324076,8.051780302044826,7.247303012072052,7.178143612784652,94.4651244928243,103.36474100784301,115.74294436785173,25.0,1.0,7.5,25.0,9.674439838297957,9.674439838297957,7.475630068567625,10.816354469865981,6.138579241778647,8.477466855822314,4.6777752280873335,10.348576947057246,126.36930152053529,123.10226905769461,96.7048249160334,0.8331316088210144,90.19713261648748,10.816354469884736,10.286445513085297,90.19713261648748,101.62875400557223,18.231780167264045,18.106332138590208,18.085424133811234,18.189964157706097,IMG_00009.tif,15.94285714285714,juniper_right_7,9.674439838297957
1,2.0,19.41635813512516,19.440638008858286,20.40193751595921,20.425430284311137,21.42859615186561,21.451810411518807,1.1551209425313074,0.8560514601292132,-2.6918301050809896,-2.7482786005942734,27.0,14.612231450177433,14.349185877064093,14.73525364544733,14.73525364544733,76.17752142594416,75.5497687679175,75.5497687679175,27.0,1.0,12.5,27.0,15.330796248836094,15.015560259501683,13.026581833790004,16.496615208908032,11.444131975596703,13.970373592252368,5.05248323331133,15.9913668855769,81.3143813151347,80.42762927135068,68.37913325408455,0.7312245598022766,74.48275862068965,16.49661520890893,13.999528344454111,74.48275862068965,80.26347065210932,19.485495347564314,19.46360153256705,19.397920087575258,19.441707717569788,IMG_00010.tif,15.225,juniper_right_8,15.476413764851344
1,2.0,18.041286612839308,18.043932512251285,18.81482378284594,18.818153011715136,19.625688612744167,19.630299178230043,0.8444270662437061,0.7419395997350565,0.38571996481075516,-1.0777731535359445,28.0,13.945999671232471,14.211972432573955,14.079637376744813,12.79389460004191,72.72294759024194,71.82735114317475,77.29198066288555,28.0,1.0,12.5,28.0,15.022370695213056,15.04803053039086,13.39844369454022,15.87815503031,12.162460720826566,14.020307875568282,3.715694309483433,15.506585599361657,74.91582229169609,74.47897307978364,65.95102608283595,0.8284276620816996,67.52052545155993,15.87815503031743,14.715289379125982,67.52052545155993,71.03372909999527,18.149972632731252,18.0623973727422,17.97482211275315,17.66830870279146,IMG_00011.tif,15.225,juniper_right_8,15.788158150888307
1,2.0,20.012174884266848,20.016468607176353,20.912913572478466,20.92101228151681,21.90478871689939,21.918250735367902,1.2771829153604308,0.6245992128311191,-2.818430625049545,-1.5942931941614626,32.0,13.57606759054886,13.579348876782213,13.473026617879668,13.473026617879668,93.063677249184,94.67947049606055,95.37737368198731,32.0,1.0,12.5,32.0,13.41789825734648,13.489733170426149,13.58777538127731,13.603682704255577,12.92615613931091,13.264919421783244,0.6775265649446671,13.535930047761111,87.200365824405,87.18154722667926,85.04996237454263,0.8872869402553367,99.70443349753695,13.603682704242846,12.440738718374654,99.70443349753695,92.8569280057719,19.945265462506843,19.98905309250137,20.098522167487687,20.098522167487687,IMG_00012.tif,15.225,juniper_right_8,13.792736847140588
1,2.0,22.289006206938147,22.353618922920855,23.63443416468626,23.69218890468315,24.918451126123735,24.983656996609025,1.6068109529552608,1.0232271207329042,5.050313053060313,4.001447439148352,26.0,9.349851109126675,9.322726102253649,9.091248034404373,9.04621429927991,139.95727374785133,141.67218869953828,143.3324990340685,26.0,-1.0,8.5,26.0,10.028494495959421,10.370590528374692,9.29477419960017,10.55416880480853,8.668710412882087,9.611439608845307,1.8854583919264425,10.365622965615884,133.83536517482568,133.40651950976277,121.60781776414622,0.8475907243892971,135.17241379310346,10.554168804797875,9.140702849379414,135.17241379310346,140.21385270115073,22.298850574712645,22.337164750957857,22.45210727969349,22.758620689655174,IMG_00013.tif,8.7,juniper_right_14,10.9283145111458
1,2.0,24.8529064206913,25.102464039936965,26.4051014133151,26.64418222256291,28.136874548009548,28.397043226382614,1.927515882948675,1.3670633034969724,-2.8227212761422056,-7.681288446495433,21.0,11.76201691030829,11.8391134658024,12.329796626740887,12.329796626740887,105.82463049143749,108.74006852049314,112.98748111084713,21.0,1.0,10.5,21.0,13.705676652068405,13.705676652068405,11.24145846614715,14.201716144758281,10.511862367468302,12.356789256113291,3.689853777289979,13.832730767029283,117.65128271538028,116.77732500014807,101.86092309167236,0.7886007653423794,80.73891625615762,14.20171614480634,15.021720098725009,80.73891625615762,96.41829407660973,25.07662835249042,25.016420361247945,25.13683634373289,25.377668308702788,IMG_00014.tif,11.072727272727274,juniper_right_11,13.705676652068405
1,2.0,23.0352535874841,23.222506378483747,24.26910699138852,24.46628013690248,25.481612947554325,25.68260784142202,1.2917746443049745,1.168326818633303,4.492266189783239,7.278965090692599,20.0,11.631536828317394,11.0584778262536,11.124022697569671,11.124022697569671,107.49583299533474,108.43311712981021,115.59245373208533,20.0,-1.0,9.5,20.0,13.830832953588583,14.01819480458181,9.185589904736673,15.273928995687701,8.700554790037971,11.987241892862835,6.573374205649729,14.616591575122726,114.1033275222369,111.20082607077545,87.67175128140337,0.8634060293722208,83.15270935960591,15.273928995711087,13.278611418997519,83.15270935960591,100.55331023722475,23.41543513957307,23.15270935960591,23.251231527093594,23.34975369458128,IMG_00015.tif,10.15,juniper_right_12,14.01819480458181
1,2.0,26.232669073236444,26.255481483743132,27.511398630339126,27.54045476470862,28.84793167542573,28.885074144600974,1.4395584664453018,1.1900341944125425,2.3735373475307573,2.6321412089165044,30.0,17.389747946793264,17.302505338347938,17.267093249928905,16.16308179548625,87.36196643600914,87.9832631103564,93.40617084524054,30.0,-1.0,16.5,30.0,17.47663530392586,17.47663530392586,17.775907467649347,18.057334810929046,16.525419980920326,17.291377395924684,1.5319148300087198,17.904143327928175,88.30742788152322,88.25041074242448,84.62398772762127,0.8228154090630438,88.14449917898195,18.057334810927998,17.19414112720478,88.14449917898195,88.7342845988159,26.272577996715928,26.20689655172414,26.185002736726876,26.14121510673235,IMG_00016.tif,15.225,juniper_right_8,17.47663530392586
1,2.0,22.391540569855582,22.39532098111301,23.570628778926547,23.59245331172772,24.739963584781727,24.789937862193995,1.5219609884017855,0.8726558926791924,1.2983839523221723,2.464660135826968,22.0,16.335546721822965,16.52897835829013,16.641371957212613,16.641371957212613,79.7688048420722,78.72590797042241,78.72590797042241,22.0,-1.0,15.5,22.0,16.918943029684073,16.918943029684073,15.237198740555783,18.25766664075112,13.645168784320983,15.951417712536053,4.612497856430137,17.796416855108106,82.03788331483842,81.46946190531803,71.46590186360123,0.7866239766784144,79.73727422003284,18.257666640743615,15.710830391952449,79.73727422003284,82.68489434095146,22.506841817186647,22.441160372194858,22.33169129720854,22.33169129720854,IMG_00017.tif,15.225,juniper_right_8,16.918943029684073
1,2.0,25.233748088052387,25.23642792030312,26.61971557723284,26.621878604440802,28.03108676790672,28.03307163471358,1.4033503119851525,1.393293402425299,1.4032422525350483,0.7303856174650073,22.0,15.314276877944693,15.40059865826543,15.384474450966138,13.896708799463624,95.76220519119003,95.12141572044996,105.14963627410033,22.0,-1.0,13.5,22.0,17.150901175169935,17.150901175169935,14.597184414176724,18.666220191288435,13.791663215082636,16.228941703185534,4.874556976205798,18.178764493667856,90.94931224746621,90.26935040681802,78.82448337497306,0.8222828125314456,93.07060755336617,18.666220191274903,15.594577829499606,93.07060755336617,93.84463974329246,25.188834154351394,25.11767925561029,25.11767925561029,25.295566502463053,IMG_00018.tif,9.36923076923077,juniper_right_13,14.928410476218886
1,2.0,26.196237932054903,26.302027964804985,27.771705224275372,27.8708645655568,29.393352859327635,29.481310191906797,1.9543993769446417,1.2248828501571667,7.1623747736414005,4.834572439822687,22.0,14.892027281188817,15.390543042842538,15.225600457704473,14.616868898922661,107.25988240327368,104.44738635455562,104.44738635455562,22.0,-1.0,14.5,22.0,15.434077116706248,15.88461207930203,15.695671933930896,15.522045611541989,15.654802978258225,15.588424294900106,-0.1327573667162362,15.535321348213612,97.29480598609963,97.29422423501053,97.70000018162081,0.805080000205238,122.74220032840722,15.5220456115097,14.473282300539786,122.74220032840722,104.611559873626,26.09172451010052,26.469622331691294,26.469622331691294,26.25615763546798,IMG_00019.tif,9.36923076923077,juniper_right_13,13.029712188525593
1,2.0,18.670922838029238,18.670932492579883,19.808672189741564,19.808697747484004,20.982115085524185,20.98234733523828,1.4025637727357552,0.9088510699226436,-0.10925602787238582,0.09203880236856808,22.0,10.851632674246034,10.986913259867615,10.780159462307381,10.780159462307381,97.78065097090223,98.71295511483176,98.71295511483176,22.0,-1.0,10.5,22.0,11.064141258963105,10.944724605338365,10.037213475963881,11.213287083392917,11.169104290561895,11.191195686977405,0.04418279283102107,11.208868804109814,96.20057793923107,96.20045361231871,96.0133470288985,0.7697816980940533,107.32348111658457,11.21328708339158,11.11364481206296,107.32348111658457,96.86321079241463,18.697318007662837,18.67542419266557,18.58784893267652,18.65353037766831,IMG_00020.tif,15.225,juniper_right_8,11.305574794941663
1,2.0,17.70399761296533,17.70438819802605,18.934771620926984,18.936743478554273,20.20673406788915,20.211549861967505,1.3913103982359185,1.1158512657055395,5.369375772249634,-0.8268496142148009,21.0,7.690970446618962,9.153205981943838,8.56064596020039,8.56064596020039,87.5142242205088,77.46958663002751,77.46958663002751,21.0,1.0,7.5,21.0,8.692678796197782,9.575098591401655,7.802390844807121,10.834838455405494,4.855351795825154,7.845095125615324,5.97948665958034,10.23688978944746,136.46312586752478,129.5894656393759,94.09772203277761,0.8001800128675156,72.9064039408867,10.834838455451935,10.664367115020848,72.9064039408867,95.58405785047772,17.84345922276957,17.71209633278599,17.66830870279146,17.60262725779967,IMG_00021.tif,15.225,juniper_right_8,8.692678796197782
1,2.0,23.385776658768034,23.41206191672267,24.42529721294864,24.453557432850612,25.525727495532475,25.553218787113362,1.116331084201934,1.0248257861887589,3.0639692957651907,2.7548389112947014,20.0,18.060933512155856,18.552465541617693,18.068374750340666,18.068374750340666,76.45395196906426,76.3086814992268,76.3086814992268,20.0,-1.0,17.5,20.0,18.230573744413732,18.02415216502041,17.373014536846256,19.28121334474171,17.050720064622386,18.165966704682045,2.230493280119321,19.058164016729776,75.09288738135216,74.99985013583252,70.81283879630344,0.7659265533412422,77.99671592775042,19.281213344734912,18.013733162731533,77.99671592775042,75.61238361225395,23.700054734537495,23.50848385331144,23.23481116584565,22.742200328407225,IMG_00022.tif,12.18,juniper_right_10,18.02415216502041
1,2.0,22.574500643338528,22.640137597843776,23.67078885201568,23.734842514576602,24.81243872205992,24.87631232079296,1.1619437351965203,1.074230987752662,-3.021891180319737,-4.210310789760989,22.0,15.426864204574557,15.164162881694908,15.415435015588173,15.415435015588173,81.53648466837414,80.76509627801565,80.76509627801565,22.0,1.0,13.5,22.0,15.337072625133601,15.852913002197567,15.314214247160834,16.37154049356477,14.286181101837368,15.328860797701068,2.0853593917274003,16.163004554392028,85.59950506589544,85.46868894883745,80.160407692922,0.8068043500857458,77.99671592775042,16.371540493580344,16.050488149155715,77.99671592775042,81.72039800143753,22.879036672140124,22.769567597153802,22.495894909688015,22.167487684729064,IMG_00023.tif,12.18,juniper_right_10,15.776171970833474
1,2.0,26.83375108648409,26.842258852393613,27.834861237750296,27.843340979055935,28.855788325179496,28.864508757452796,1.1618205533412045,0.8604293517179878,-2.281756974673425,-1.4140972628029445,32.0,16.730933815579547,16.702623413806915,16.774896729251395,17.770395774187648,96.08570211495308,96.15031507783715,88.91640914789281,32.0,1.0,15.5,32.0,17.48236115763862,17.48236115763862,16.52926709138012,18.304181924537552,15.657097840304337,16.980639882420945,2.6470840842332137,18.039473516114228,92.04225773368255,91.85795930374825,85.41945676797395,0.8915592101822638,97.86535303776684,18.304181924529797,16.4902371063166,97.86535303776684,94.51047648371957,26.863711001642038,26.81992337164751,26.798029556650246,26.666666666666668,IMG_00024.tif,15.225,juniper_right_8,18.858194373477517
1,2.0,24.374985013187864,24.379107536204227,25.764535364244786,25.764942010850774,27.10866106915242,27.10891905498096,1.871196020315459,0.8586154984612814,3.8745194410388195,-0.3219083134572614,16.0,10.88318376500051,10.974869421829014,10.649736959851225,10.600580428984813,99.49662141559618,101.27853664553176,105.47753531161307,16.0,1.0,9.5,16.0,10.878419976987033,13.075591092515282,9.002361890985384,12.41492968448475,9.247054829471583,10.830992256978167,3.1678748550131677,12.098142198983435,130.63559209392577,129.70321040497922,113.36755950688007,0.861692032934888,89.064039408867,12.414929684539043,13.180759757208483,89.064039408867,106.88733902794947,24.324028461959497,24.389709906951285,24.455391351943074,24.63054187192118,IMG_00025.tif,15.225,juniper_right_8,10.65250214546839
1,2.0,25.973947469094345,25.974110783800377,27.501293042909232,27.502134797751854,29.03866322911225,29.040427102537755,0.9103519228640283,2.1559643958733443,2.916691989111691,-0.4482789505431744,25.0,14.681939205137496,14.573126122487425,14.580603850757427,14.410936151721955,91.79154090898109,96.85184752170112,97.01511299692646,25.0,1.0,13.5,25.0,14.293778134423377,14.293778134423377,14.463445833458849,15.30926725339886,13.736958142769994,14.523112698084427,1.572309110628865,15.152036342335974,103.645990465474,103.54560697284074,98.3459421641833,0.7309493700448446,86.04269293924466,15.309267253420446,16.141627515157985,86.04269293924466,93.39930788895478,26.119321291735087,26.09742747673782,25.70333880678708,25.61576354679803,IMG_00026.tif,15.225,juniper_right_8,13.17268347911741
1,2.0,22.06693469542178,22.067238714585518,22.883330267219677,22.88388039375679,23.73393482672721,23.735117107363788,0.6603480986719032,1.0075302941063689,1.7344353475986176,-0.39728755699034884,22.0,14.134695314056842,14.413240908978233,14.361933892210942,14.152474670786177,84.61676459898227,84.07253516162669,84.67831561401371,22.0,1.0,13.5,22.0,15.773197827431773,16.119326913236733,14.359193956747902,16.324663331118863,13.23827612957018,14.781469730344522,3.0863872015486837,16.016024610963996,86.80137907981832,86.48810061389982,78.5042925828629,0.7958809436412349,75.79638752052546,16.324663331131987,15.695705869264522,75.79638752052546,81.56623249641976,22.09085933223864,22.047071702244118,22.09085933223864,22.13464696223317,IMG_00027.tif,15.225,juniper_right_8,16.043464283496462
1,2.0,22.220268151362767,22.221432664026437,23.111661858910086,23.11224492060664,23.993766875332412,23.994034793266405,0.7600541827023972,1.0125479465375713,3.3679609356125697,0.4069815614552737,30.0,12.458211692805463,12.771423972758255,12.813748606602985,12.813748606602985,87.72846512254924,85.03456013851027,85.03456013851027,30.0,1.0,11.5,30.0,12.75654664032075,13.047689002189799,14.724303314670436,12.18629404510043,14.972696106060553,13.57949507558049,-2.7864020609601234,12.464934251196443,94.92363308230726,94.59226729318837,105.21397443950305,0.7032781787405032,91.95402298850576,12.186294045110383,14.853216455967505,91.95402298850576,86.64042236454722,22.112753147235907,22.13464696223317,22.26600985221675,22.52873563218391,IMG_00028.tif,15.225,juniper_right_8,13.047689002189799
1,2.0,22.965530289642768,22.98417464632615,23.8939091804517,23.914600264236906,24.869895106864366,24.891796928420273,1.0548209148193557,0.8528013672747707,0.27392896019464985,-2.3835760047530288,28.0,13.125783062979295,13.421111833891857,13.87668713505326,13.109050217050992,87.66909458164946,87.15673977249793,87.15673977249793,28.0,1.0,12.5,28.0,14.434134176404626,14.434134176404626,13.14959364905937,14.823778829839537,12.274068646142796,13.548923737991165,2.54971018369674,14.568807811469862,98.37213740266553,98.08341771176323,89.81363660964143,0.7563202312629707,86.69950738916256,14.823778829853785,14.589079588540251,86.69950738916256,91.22637842719716,23.054187192118228,23.0103995621237,22.966611932129176,22.857142857142858,IMG_00029.tif,15.225,juniper_right_8,15.081134085557949
1,2.0,17.007270611135148,17.01096046386807,18.245473858222372,18.24797273029044,19.527419263882006,19.529091948948714,1.6935037554543526,0.8246277296262902,-0.1399612557841577,0.9482160148784783,24.0,7.801700755695947,8.313799966665533,8.058427578321755,8.060116708843793,122.53154348328438,113.67180816445921,113.67180816445921,24.0,-1.0,6.5,23.0,9.411248068842042,11.437192398320235,7.785822897980097,9.48252094679505,6.434012088961272,7.958266517878161,3.048508857833778,9.177670061011671,124.3962007744673,122.86275596980971,103.25283601703963,0.87033248655274,88.01313628899835,9.482520946807558,8.76124886256746,88.01313628899835,111.67839276288849,16.977889223129125,16.902025177887246,17.05528188286809,17.142857142857142,IMG_00030.tif,15.225,juniper_right_8,4.950655136146452
1,2.0,16.754752470404863,16.778142112917024,17.937647718260138,17.95956898053822,19.154792372828357,19.175605737941563,1.6745127546736533,0.722950870350889,-0.6136209150116086,-2.8311745066627476,16.0,9.940262771103633,10.001438828981346,10.263345963372672,10.664043922635841,89.34841831158857,82.42111083349994,81.26937005089094,16.0,1.0,8.5,16.0,10.576034376032226,10.576034376032226,10.175336416769056,9.631222187618231,10.216678971410879,9.923950579514555,-0.5854567837926479,9.689767865997496,97.33578057525466,97.30764825233804,100.23599499068831,0.8271627749596814,79.47454844006569,9.631222187637816,11.174002169278332,79.47454844006569,86.5377600364836,16.72687465790914,16.77066228790367,16.814449917898195,17.142857142857142,IMG_00031.tif,15.225,juniper_right_8,10.576034376032226
1,2.0,27.15013632029608,27.15128335482549,27.88783205895082,27.88801481562618,28.683044598890145,28.68305579000619,0.7595970174393678,0.7721754177413366,-0.21914087279686698,0.20742719363259893,29.0,14.252833593993216,12.79552960476858,14.2962081822742,14.2962081822742,107.2047437932751,107.29813658951615,107.29813658951615,29.0,-1.0,13.5,29.0,15.891716258925811,17.92106794434119,11.460412589126975,19.645291492395177,7.709649337745771,13.677470415070474,11.935642154649406,18.451727276930235,123.01429098984477,114.82509173538624,80.75968006664279,0.7899946920908089,96.1576354679803,19.645291492398112,13.98977306668429,96.1576354679803,112.31122782298728,27.060755336617405,27.104542966611934,27.192118226600986,27.323481116584567,IMG_00032.tif,15.225,juniper_right_8,18.579253796878078
1,2.0,22.62925608097934,22.630119079582634,23.77694283876204,23.777330729568302,24.981437229162868,24.981479940001655,1.375627929232175,0.975732931186845,-2.028292425907149,0.32727393208353817,24.0,12.741090642972011,12.72792462463934,12.185235522913388,12.185235522913388,88.97214493223501,91.95854295379111,91.95854295379111,24.0,-1.0,11.5,24.0,13.151458646186882,13.637951508026276,12.036859914763625,13.492158941987624,11.462824273908726,12.477491607948176,2.029334668078898,13.289225475179734,104.96384705745244,104.73356905973142,96.98727232750846,0.8413420697441828,86.4367816091954,13.492158942001927,13.699810434979298,86.4367816091954,95.54470073316034,22.725779967159276,22.68199233716475,22.61631089217296,22.52873563218391,IMG_00033.tif,15.225,juniper_right_8,13.354305957353063
1,2.0,30.704708696622088,30.721678708526284,31.97384415800206,32.001721874991965,33.2260756411795,33.268783803477575,1.34423457237559,1.2028705225757053,-1.1174450743215236,-2.391724166734696,28.0,14.545153924121905,14.452636245488774,14.411756294456609,15.350168056845064,117.45194744404316,117.4534473727277,114.44961465989165,28.0,1.0,14.5,28.0,13.561209975776848,11.506882162278544,15.22994332739097,13.30839537971564,15.096085192936735,14.202240286326187,-1.7876898132210963,13.487164361037749,125.34221155497804,125.17798713507307,133.41812690826416,0.8077418753659407,123.9737274220033,13.30839537972394,14.655869695750294,123.9737274220033,121.38446073675527,30.89764641488779,30.73344280240832,30.678708264915162,31.198686371100166,IMG_00034.tif,12.18,juniper_right_10,11.506882162278544
1,2.0,18.19064187629713,18.19076756096531,19.31839913002052,19.31847003529638,20.490646291879926,20.49066832713694,1.1562906404364184,1.1436101257352158,-3.6413257253118743,0.15523536754251815,22.0,9.548606882552761,9.483189190499386,9.426059031485693,9.185456277509246,92.36443295195613,95.22413722249557,96.7412017344147,22.0,-1.0,8.5,22.0,10.0660498070946,9.446664442514248,9.402230082753363,13.01442134970079,6.493504118520307,9.753962734110548,6.520917231180482,12.362329626582742,111.60617648411558,107.33131022451454,80.74653315804242,0.6712801700115419,82.36453201970444,13.014421349745737,11.550515118003869,82.36453201970444,90.81384208663509,18.32512315270936,18.281335522714834,18.12807881773399,17.99671592775041,IMG_00035.tif,15.225,juniper_right_8,9.446664442514248
1,3.0,23.589856925042408,23.59761786236925,24.724805037909398,24.733086158017766,25.866926867948184,25.875632098933803,0.9744570173143071,1.303557219250245,-8.53954144262215,-1.4827063077506624,17.0,20.925246053729637,20.677814718823083,21.09412810895529,21.15968744411711,93.57453815012673,85.66757718208969,84.45250466639655,17.0,1.0,19.5,17.0,20.151190900313026,19.90911056791859,20.962435601018484,20.48008810649761,20.481327825062152,20.48070796577988,-0.0012397185645403883,20.480212078354064,67.19550481577106,67.19550479564299,67.1974511972038,0.714659734461478,99.04076738609113,20.480088106423572,17.04431815617884,99.04076738609113,80.2124194397837,23.541167066346922,23.621103117505996,23.621103117505996,23.621103117505996,IMG_00036.tif,16.68,gray853_a,20.151190900313026
1,3.0,12.54524413605148,12.577593872155607,13.415028572561775,13.453982919200241,14.225303620632133,14.267210488037163,0.7251711769758428,0.964445438905714,-7.869036448552473,-4.361089498345891,12.0,16.805107815212352,17.461061741401824,16.618333488849743,16.618333488849743,49.10826146713934,48.232786556126904,48.232786556126904,12.0,1.0,16.5,12.0,17.052258906923583,19.810686907676796,16.678710254198364,19.954246634430298,14.189064294476593,17.071655464453446,5.7651823399537045,19.377728400434926,43.014361384047696,42.60770956782366,36.6520636740449,0.4859802706512373,53.77245508982036,19.954246634322285,15.16206963579496,53.77245508982036,47.823451845101616,12.83433133732535,12.654690618762476,12.634730538922156,12.694610778443113,IMG_00037.tif,16.7,gray853_b,19.409979114575037
1,2.0,15.205285265261473,15.209213814430715,16.171838792532668,16.175413460140845,17.17028426185455,17.173793394521283,0.7984433087788753,1.166136271311694,-10.556608851088718,-1.204580326370885,10.0,21.158754884528932,20.828931186649374,21.316996473019657,21.316996473019657,64.41606734676736,62.398604807661336,62.398604807661336,10.0,1.0,18.5,10.0,21.32068433127739,21.7508137387573,22.160609088256876,22.467089776422533,18.490343598568582,20.47871668749556,3.976746177853952,22.06941515863714,43.373693018542156,43.23962958437809,39.585724733604145,0.49669254925595296,79.25659472422062,22.467089776251186,15.849716312092276,79.25659472422062,55.38980838988998,15.207833733013588,15.227817745803357,15.227817745803357,15.167865707434053,IMG_00038.tif,16.68,gray853_a,21.00420115429597
1,2.0,17.826106737754046,17.82815834251328,18.828894520310527,18.830502670446215,19.831035025843004,19.832056329283112,0.461094920158582,1.5428030666112524,6.63607830665307,0.7488124563675083,16.0,17.388314310943287,17.098011934899674,17.382510276597998,17.382510276597998,79.3135267470874,77.56513619284065,75.38177785183046,16.0,-1.0,15.5,16.0,18.542965930865392,18.35288996973327,16.752393119105932,20.238957262950606,15.232371235499729,17.735664249225167,5.006586027450878,19.73829866020552,58.775964574054285,58.389053642179235,51.416480626954325,0.5302148776178546,87.05035971223022,20.238957262771393,14.702544333764104,87.05035971223022,70.08179906461562,17.60591526778577,17.685851318944845,17.845723421262992,17.98561151079137,IMG_00039.tif,16.68,gray853_a,18.968518173301476
1,2.0,18.517125938971724,18.52686529529137,19.55826258904933,19.566142150006208,20.582930384704518,20.588934789792365,1.0575512564910476,1.0045182380099524,-10.974059111679908,-1.6261125949678328,9.0,21.939228290465564,22.45330051260033,22.480484388441283,21.939228290465564,63.71289371292564,63.556034773935494,63.556034773935494,9.0,1.0,19.5,9.0,21.463375994854943,21.463375994854943,22.150754409270974,21.189247786428393,23.364964684443972,22.277106235436182,-2.1757168980155783,21.406819476229952,48.62637587865869,48.58856489604618,50.959431283031485,0.5380699814997078,79.17737789203085,21.18924778577966,17.956949572620744,79.17737789203085,59.7441717532732,18.68037703513282,18.55184233076264,18.380462724935732,18.123393316195372,IMG_00040.tif,7.78,h512,22.757258396100326
1,2.0,21.48593057440113,21.5706527117299,23.367069917179766,23.45240497241946,25.251136284539434,25.336134739575755,2.5390334244698862,1.226448603375973,-5.8763072420400375,-4.889218538103975,6.0,18.518170221215215,19.136344535677782,19.849298030111242,17.187042412319187,70.90348949074416,65.0802945352046,76.72668444628371,6.0,1.0,17.5,6.0,17.32740684951213,17.32740684951213,19.989662467304186,14.214907161636914,25.538063130023446,19.87648514583018,-11.323155968386532,15.347222758475567,64.91124904652789,63.14706073744014,87.43130765955011,0.4356880611320141,77.37789203084833,14.214907161529514,19.40804973886801,77.37789203084833,64.61031618369849,21.80805484147386,21.85089974293059,21.5509854327335,21.59383033419023,IMG_00041.tif,7.78,h512,
1,3.0,21.27566967144426,21.45910106956076,23.841184924006278,23.92927161729836,27.14824235682597,27.170670275610902,4.857802218839245,0.8537669872108951,-9.466705703355926,-4.917692381165723,30.0,17.8482086245654,18.488170416449712,18.513567600351877,20.404655429176955,74.22051731969005,71.37557446289897,61.6776782850867,30.0,1.0,17.5,30.0,18.634758286794465,18.634758286794465,17.889555368271175,19.113255069099452,18.237597439468782,18.675426254284115,0.8756576296306684,19.025689306136385,66.29178509143267,66.27982889133385,64.81637195347054,0.8219054069580526,76.8637532133676,19.113255069080964,17.669644493321268,76.8637532133676,69.92180390772602,21.379605826906598,21.422450728363323,21.50814053127678,21.59383033419023,IMG_00042.tif,7.78,h512,20.243722963751225
1,2.0,17.066996354281258,17.13110848366371,18.76336684741391,18.837537487525978,20.44953344782028,20.535728864688434,2.0671174477797214,1.3375029332450026,-11.91789387721079,-5.086091637277622,19.0,21.41762707152617,21.292619837447045,21.41762707152617,21.67133630260105,54.412143910914,54.412143910914,52.92249040144887,19.0,1.0,20.5,19.0,21.84863567004686,20.5392096225072,20.829970811184467,21.23464777518559,21.123582837525763,21.179115306355676,0.11106493765982448,21.223541281419607,46.90328039566084,46.903175086988746,46.78616085188914,0.8515861275145802,70.4370179948586,21.234647775113096,17.693505724230867,70.4370179948586,55.75518812537672,17.00942587832048,17.180805484147385,17.26649528706084,17.480719794344473,IMG_00043.tif,7.78,h512,21.84863567004686
1,2.0,16.895733354958256,16.896195198169643,18.107817971943685,18.108262313611235,19.379234268706167,19.38024137618815,1.1996890545934231,1.284357123425085,-11.844248307375658,-0.40138270004881665,19.0,18.21636226597957,18.231973073867564,18.1390892968721,18.1390892968721,78.17412661232397,75.36008314815398,75.36008314815398,19.0,1.0,17.5,19.0,18.003782774628604,20.11982765278225,17.177638026315776,20.281243379407087,16.85904064544072,18.570142012423904,3.4222027339663645,19.93902310601045,52.905701176941534,52.757955380635345,48.47142286286783,0.8697804314158329,126.99228791773778,20.28124337920475,12.92748842910837,126.99228791773778,75.1016933704293,16.62382176520994,16.83804627249357,17.052270779777206,16.966580976863753,IMG_00044.tif,7.78,h512,17.8361198285196
1,2.0,17.503213166196037,17.510063461141332,18.56376009350689,18.56917452440635,19.603812120506603,19.60933552651545,0.9659371563393933,1.133334909034727,-6.836086045618661,-1.383656514742672,12.0,15.761258458894801,15.632788194077824,15.776043447034368,15.746473470755234,80.62004751455243,76.30738526380298,78.10702749782351,12.0,1.0,13.5,12.0,15.714011743289774,15.611818911168825,15.64138888744796,16.617131160035033,14.438946045460188,15.52803860274761,2.178185114574846,16.39931264857755,65.34133148535156,65.2351868434444,61.06867013272717,0.7547513988366645,94.60154241645245,16.617131159912933,12.978691917746307,94.60154241645245,77.7604043652552,17.566409597257923,17.523564695801202,17.566409597257923,17.60925449871465,IMG_00045.tif,7.78,h512,15.611818911168825
1,2.0,12.781541767099881,12.854594843182664,14.269687493073778,14.34670004502264,15.759800406399478,15.8400986318073,1.4283704984704828,1.5571332901541517,-9.960669539847702,-5.939321614379797,18.0,14.942942342827251,14.918375141360306,15.393193304460226,15.92036597316931,59.919036688169925,59.77328300259641,59.77328300259641,18.0,1.0,13.5,18.0,15.638828350760633,14.443125109053966,14.559791665140722,14.954985334310818,14.313554067012078,14.634269700661449,0.6414312672987407,14.890842207580944,50.4051459761877,50.39715078454948,49.3402359578815,0.8179878941691123,68.12339331619538,14.954985334221256,12.85035356301452,68.12339331619538,57.2501606345121,12.982005141388175,12.982005141388175,12.853470437017995,12.724935732647815,IMG_00046.tif,7.78,h512,11.749940071051753
1,3.0,14.64101964866871,14.64319939552221,15.547877460468914,15.54961847541336,16.4401556337686,16.441504626149456,0.6066294737877462,1.1916757568394967,-5.392880402171826,-0.8573991786666239,12.0,13.332063740056412,12.746653905352966,13.215881608265704,11.992584589880607,79.1894382653407,78.36867751614443,74.1865964375017,12.0,1.0,11.5,12.0,13.452528245043766,13.684892508625154,12.22923122665864,13.85225150785368,11.987628300000004,12.919939903926842,1.8646232078536757,13.665789187068313,65.49533663769951,65.3822982056483,61.059418677154596,0.6407597563929839,99.64028776978418,13.852251507803203,10.59948486753883,99.64028776978418,79.47474663250142,14.648281374900082,14.648281374900082,14.648281374900082,14.628297362110311,IMG_00047.tif,16.68,gray853_a,13.749124737348552
1,2.0,12.475470378666905,12.51563172225129,13.854637389568612,13.899694767128462,15.262419145243458,15.311223031577187,1.4310497223212646,1.3645415870046296,-7.8153372729194155,-4.614613600081434,12.0,14.48555906865245,14.78674568567207,15.162228918017718,14.460531126571198,57.90056728860763,59.142653337927285,59.142653337927285,12.0,1.0,13.5,12.0,15.14699749161133,15.14699749161133,14.44529970016481,16.404439994016663,12.66153780296765,14.532988898492157,3.7429021910490112,16.03014977491176,49.85849124711114,49.58419824872574,44.057483270334515,0.5554153929313974,63.49614395886889,16.40443999390836,12.928564253219307,63.49614395886889,55.61253726005306,12.510711225364181,12.510711225364181,12.339331619537274,12.210796915167094,IMG_00048.tif,7.78,h512,15.14699749161133
1,2.0,15.775893497299469,15.784101134636163,16.878626761821028,16.88974262723483,17.960072016402826,17.974517516276542,0.8733931784784024,1.317023203161976,-5.472634554519688,-2.0788424484229044,16.0,16.656031142379717,17.165220419915077,17.403998946452816,17.403998946452816,65.0369012166091,60.266913893711866,57.93845546568758,16.0,1.0,16.5,16.0,19.08103362886169,16.8415481254398,17.490484173820562,18.24348827961579,16.98892924033269,17.61620875997424,1.2545590392830965,18.118032375687477,52.067582951047754,52.045875635550736,50.31414829786971,0.7860142266162157,68.22541966426859,18.243488279580887,15.760550230994555,68.22541966426859,57.99011377514769,15.72741806554756,15.827338129496404,15.787370103916865,15.647482014388489,IMG_00049.tif,16.68,gray853_a,16.8415481254398
1,2.0,20.41672626518988,20.42886015674653,21.49458674214827,21.508584758567583,22.59002852146416,22.605933772606477,0.9810619583140636,1.1960116575458786,-8.523206663200803,-2.0672286645565303,21.0,18.868568824626237,19.31427389632207,19.269783977838358,19.449564256086717,78.11498772375721,74.74243009807267,64.85119201940863,21.0,1.0,18.5,21.0,18.635140494741876,18.06362182973541,19.659690901531917,16.91272161805513,21.403391176831686,19.158056397443406,-4.490669558776557,17.361788573932785,62.25697280334812,61.975578568224435,69.91346318324811,0.761498006867972,101.43884892086331,16.912721617985344,15.752423252487377,101.43884892086331,74.91808909835142,20.523581135091927,20.403677058353317,20.423661071143087,20.443645083932854,IMG_00050.tif,16.68,gray853_a,18.06362182973541
1,2.0,14.41271677225524,14.417178662443602,15.498177961136607,15.502944202029704,16.592188760362635,16.596961359274847,0.6535874966500587,1.5261952001811878,-4.4865454396338444,-1.42078924123289,8.0,14.183856737627423,13.953829103106035,13.025696662357603,15.0637759790269,69.10276094525688,71.33155104907672,67.12841222331151,8.0,1.0,12.5,8.0,12.685596310925234,15.466011112333518,12.639483669790934,16.896108647794506,9.77991120283634,13.338009925315422,7.116197444958164,16.18448890329869,63.95634702105415,62.420599897406106,49.546782224365614,0.6393693867824246,76.13908872901679,16.89610864772583,11.977538872163546,76.13908872901679,69.38882070993495,14.368505195843325,14.408473221422863,14.42845723421263,14.568345323741008,IMG_00051.tif,16.68,gray853_a,16.138283127545748
1,2.0,18.173108297362603,18.188629649905412,19.14512969591656,19.157844644144006,20.160436550563723,20.170742170306323,0.7659474897928776,1.2161650306080347,-10.152498250966335,-2.0875920176445444,16.0,21.749915722784735,20.787826666849558,21.450967790219295,20.44112476606665,63.199641002306365,62.82119132848508,61.27320080552975,16.0,1.0,19.5,16.0,20.39508720991506,20.39508720991506,21.66718147733593,20.569281979961456,20.594053419199547,20.581667699580503,-0.024771439238090043,20.571759123885265,51.43332197829791,51.433315888428446,51.462942988940206,0.6481911345141553,77.81774580335731,20.56928197984884,16.71203287849202,77.81774580335731,62.87686904817926,18.005595523581135,18.18545163868905,18.265387689848122,18.585131894484412,IMG_00052.tif,16.68,gray853_a,21.74057485593036
1,2.0,15.686244776985678,15.700197409193118,16.811371674394106,16.824697291801527,18.02715454877616,18.03485286358431,1.0654593267325405,1.2691961276586505,-7.2342882655307195,-2.2805328858657172,15.0,19.57737167622716,19.83435170411436,19.57737167622716,19.57737167622716,56.12594135037407,53.13125549506335,57.03205481990138,15.0,1.0,18.5,15.0,19.5270474684921,18.1016047159045,20.26063854646364,19.26838658526944,20.360933076137737,19.814659830703587,-1.0925464908682991,19.37764123435627,46.16524892630647,46.15375787724359,47.4104305797366,0.6905924451631464,61.39088729016787,19.2683865851635,17.4305342419448,61.39088729016787,52.228928657338386,15.52757793764988,15.627498001598722,15.787370103916865,15.887290167865707,IMG_00053.tif,16.68,gray853_a,18.07866206695533
1,3.0,14.627086253430036,14.634667050850158,15.649581080390158,15.65711576244391,16.66843147437718,16.6757733935868,0.8527871967606571,1.188319145975987,-4.7226971196507375,-1.777590138196376,13.0,14.863176972232708,14.542566665813167,14.863176972232708,16.277661425617367,63.60095592847911,65.78746032835326,59.58640051592961,13.0,1.0,14.5,13.0,14.641393342775615,14.396454252052763,15.204271331228966,12.71448853287788,18.469440817452828,15.591964675165354,-5.754952284574948,13.289983761335375,54.97518852840212,54.35195062777725,66.37640786032055,0.48499773710676664,71.58273381294964,12.714488532825918,14.04068261000663,71.58273381294964,60.21568565915706,14.588329336530776,14.588329336530776,14.608313349320543,14.688249400479616,IMG_00054.tif,16.68,gray853_a,11.43340751281795
1,2.0,16.315122766992864,16.32272539856628,17.522776343858702,17.52884435065955,18.74281749334032,18.74800466128579,0.6572239753848704,1.7680552873346367,-6.565719117280735,-1.507636164392114,15.0,18.243393127191183,18.541621103524832,19.028490904530344,19.028490904530344,62.4044770610862,53.94603646884249,57.69447626660442,15.0,1.0,17.5,15.0,17.497782921901802,17.376015535177572,19.23128521494317,15.320701196655406,22.194083436998845,18.757392316827126,-6.87338224034344,16.008039420689748,51.18962219055595,50.620646754538555,61.60609962537789,0.6279205037347495,70.86330935251799,15.320701196568226,16.247535560865806,70.86330935251799,58.17860055450098,16.366906474820144,16.40687450039968,16.326938449240608,16.366906474820144,IMG_00055.tif,16.68,gray853_a,13.990622205760843
1,2.0,27.913116175172505,27.914454069359095,29.21275188350859,29.21351103028217,30.536878401018487,30.537330270724855,1.0150193585504317,1.6078568428153235,-2.6433204631811997,-0.41305660207254363,26.0,8.393745110254443,8.242740643250139,8.435103065668528,8.774203391557961,162.96180533781563,161.45441277323044,162.96180533781563,26.0,-1.0,7.5,26.0,8.254813921406026,8.254813921406026,8.6766301581236,9.150600089990709,7.025485882399147,8.088042986194928,2.125114207591561,8.938088669231552,199.47278833478342,198.3221995125366,175.4565921220588,0.6950859229789131,150.99127676447264,9.150600090016603,9.178007390396713,150.99127676447264,174.93711396793506,27.940787734602168,27.887919640496964,27.887919640496964,27.914353687549564,IMG_00056.tif,12.61,telemed_644,7.904050726659648
1,2.0,27.913680714199312,27.91502746516844,29.210099152079952,29.210869746399514,30.52747051164415,30.527922078559854,1.0148555207544128,1.5980390926369963,-2.6480099812569677,-0.41617811856974946,26.0,8.35067549807296,8.235822735311334,8.488804246396967,8.770646132931176,164.21673306557017,161.6240673875542,162.96392380024517,26.0,-1.0,7.5,26.0,7.895265043725317,7.895265043725317,8.677275707580463,9.132471018433261,7.0344229562869405,8.083446987360102,2.0980480621463204,8.92266621221863,199.56128599587078,198.43816913864543,175.8054393933048,0.6948904854387233,150.83267248215702,9.132471018458624,9.172730771920682,150.83267248215702,175.04037732152082,27.940787734602168,27.887919640496964,27.887919640496964,27.914353687549564,IMG_00057.tif,12.61,telemed_644,7.895265043725317
1,2.0,27.90422914926719,27.905513013459917,29.202940351291595,29.20369441360859,30.532269816859145,30.532728193609326,1.0201410204936243,1.6070741596557847,-2.6796135217328403,-0.4117402142315785,26.0,8.062503835382557,8.163235584338887,8.160338909331102,8.773071770387958,166.26860940409458,161.27440948332003,162.48425264771817,26.0,-1.0,6.5,26.0,7.871403250057426,7.871403250057426,8.679806259011343,9.159645232973306,6.853272134571717,8.006458683772511,2.306373098401589,8.929007923133147,201.66409603545537,200.26448420466437,175.22774910789403,0.695713920161066,150.99127676447264,9.159645232998313,9.118093702058326,150.99127676447264,176.01947061755706,27.940787734602168,27.887919640496964,27.887919640496964,27.914353687549564,IMG_00058.tif,12.61,telemed_644,7.871403250057426
1,2.0,27.885565521390497,27.88663394588265,29.19923384524711,29.199966316128503,30.531147273935343,30.531599153417343,1.0307452312865368,1.6142199762481564,-2.657740316049799,-0.4058285020971635,25.0,8.13133349924638,8.380832867246285,8.584623871843007,8.787649569897695,163.95025895098547,158.06687644748828,158.06687644748828,25.0,-1.0,6.5,25.0,8.437761834402522,8.468198205253543,8.67122390330826,9.564704285246975,6.785340168565676,8.175022226906325,2.779364116681299,9.286767873578846,197.94965848919526,196.03195545370826,167.76011147088295,0.695279540284901,148.92942109436956,9.564704285271995,9.311330996793698,148.92942109436956,172.28316592385337,27.940787734602168,27.887919640496964,27.887919640496964,27.914353687549564,IMG_00059.tif,12.61,telemed_644,8.014907832656945
1,2.0,27.88757550225498,27.888733415591652,29.202647921882516,29.20340457363987,30.51969507524016,30.520148372563852,1.0305173815081454,1.6008975754640566,-2.715474198798114,-0.4124486134571811,26.0,8.103200841336132,8.314098999086768,8.462768083934549,8.752179702112585,165.16823768520848,157.51664624451269,157.3864462272031,26.0,-1.0,6.5,26.0,8.05462785534246,8.05462785534246,8.671093749077897,9.560643245750898,6.721666812831238,8.141155029291069,2.8389764329196603,9.276745602458933,198.88254737037332,196.85461387393084,167.84153169162352,0.6954514780755923,149.2466296590008,9.560643245776156,9.27837965191835,149.2466296590008,172.9007787589616,27.940787734602168,27.861485593444357,27.887919640496964,27.914353687549564,IMG_00060.tif,12.61,telemed_644,8.05462785534246
1,2.0,27.018464351276833,27.018531260107444,28.168668151756997,28.168978400652314,29.314014430889387,29.31632629167219,1.0256054693533152,1.272189562211426,-6.11503441072252,-0.26891040226161966,12.0,9.801914014406591,10.284292522743343,10.781072491619284,10.781072491619284,132.3454220557421,131.4552201633755,131.4552201633755,12.0,-1.0,9.5,12.0,10.859073378496646,12.19654292780558,9.480683262838511,11.915267510238825,8.782740259530634,10.34900388488473,3.1325272507081916,11.602014785168006,151.34105847690128,150.18312997683103,130.67326433838818,0.5340290318836487,97.70023790642348,11.915267510385787,13.303765011812194,97.70023790642348,117.24398270722762,26.883425852498018,26.989162040708432,27.04203013481364,27.279936558287076,IMG_00061.tif,12.61,telemed_644,10.859073378496646
1,2.0,27.02685196097466,27.02702958246172,28.18052600852157,28.180926328580366,29.282393399668138,29.283978249147893,0.9818531440163112,1.2750955226698666,-6.111275927720553,-0.3053965931314145,12.0,10.181743320274393,10.23468634929791,10.543252794522147,10.444662928897316,131.8056232212304,131.83474061995543,131.83474061995543,12.0,-1.0,8.5,12.0,11.019768309277424,11.549144462945492,10.017173111728027,11.269648973374057,9.04538938134431,10.157519177359182,2.224259592029747,11.047223014171081,153.64132303771544,153.02781015247234,138.09383147628435,0.5320259402596748,101.66534496431404,11.269648973522619,13.06012049294433,101.66534496431404,119.42655099667675,26.883425852498018,27.01559608776104,27.04203013481364,27.279936558287076,IMG_00062.tif,12.61,telemed_644,10.543012328973873
1,2.0,27.034281677213354,27.03445980579302,28.173643188480074,28.17434342595086,29.333308692914837,29.33607663639984,1.0439051777876809,1.257711652819148,-6.109697813749083,-0.40395622135504894,11.0,9.824078545917871,10.209555938936502,10.456690851563508,10.456690851563508,132.520459190916,132.0290052619183,132.0290052619183,11.0,-1.0,9.5,11.0,11.58579567241793,11.58579567241793,9.48744657122154,11.699334427591278,8.984458652468877,10.341896540030078,2.714875775122402,11.427846850079039,151.24194701901064,150.37292340004717,133.1281849466234,0.5298756990001481,100.23790642347343,11.699334427741025,13.222489848606095,100.23790642347343,118.02052959845253,26.90985989955062,27.01559608776104,27.04203013481364,27.279936558287076,IMG_00063.tif,12.61,telemed_644,10.597210435029695
1,2.0,27.035040060771877,27.035188370478586,28.178417945591843,28.178836639599474,29.31060919738358,29.31290719086737,1.0254293955813993,1.2522894248073806,-6.063665975958993,-0.3123381337110236,11.0,9.57731321873257,10.213843276783994,10.492087649417357,10.492087649417357,133.5599920042375,131.18138886216855,131.18138886216855,11.0,-1.0,9.5,11.0,10.6257022041612,12.30329931040967,9.562997867150102,11.860582673660975,8.83144822443336,10.346015449047169,3.029134449227614,11.557669228738213,151.40520127178877,150.32179959633064,131.3507377777895,0.5292174809992308,99.92069785884219,11.860582673814504,13.216149526500976,99.92069785884219,118.0824955294243,26.883425852498018,27.01559608776104,27.01559608776104,27.200634417129265,IMG_00064.tif,12.61,telemed_644,10.6257022041612
1,2.0,27.045016196045836,27.045077446671478,28.194730417005104,28.195147935918357,29.343302172033134,29.345609359034952,1.0167480755763123,1.2837838367871708,-6.088901997448592,-0.3118092926763137,14.0,9.889581485324626,10.20693197228112,10.447127834919286,10.447127834919286,133.86516786334005,134.10034547122052,134.10034547122052,14.0,-1.0,8.5,14.0,10.582100983169425,12.19453850798692,9.85802181259794,11.589926182680628,8.799084384534025,10.194505283607326,2.7908417981466025,11.310842002865968,153.5506820829356,152.5906321962235,134.42660751683005,0.5340354850090052,101.03092783505156,11.5899261828493,13.110499333171665,101.03092783505156,119.06315708352862,26.883425852498018,27.01559608776104,27.01559608776104,27.200634417129265,IMG_00065.tif,12.61,telemed_644,10.582100983169425
1,3.0,19.041622939244274,19.064442437545466,20.550879849251682,20.578252313602498,22.084516740795877,22.11632464610193,1.4395156853944062,1.612366523162058,1.9200958463715856,2.9555512037079152,21.0,14.530382202783898,14.31658072072178,14.188071067787519,14.7149796091702,71.8405105464532,72.40970289473385,71.40061376510685,21.0,-1.0,12.5,21.0,14.802435374922993,14.275526833540312,12.032440011915753,15.55668598491747,12.831972423336603,14.194329204127037,2.7247135615808666,15.284214628759383,77.91619806042539,77.67843965269935,71.0225086589654,0.6250781056130317,75.84345479082322,15.556685984930311,14.592372441769752,75.84345479082322,75.60372175726638,18.983355825461086,19.073324336482234,19.208277103013945,19.365721997300945,IMG_00066.tif,14.82,left_ticks_800,14.275526833540312
1,3.0,19.05935033345972,19.08204523649454,20.562785036986725,20.589941085481268,22.093698702188473,22.125228898296882,1.436418118306589,1.6067655434957506,1.8590664337414273,2.943005746638123,21.0,14.234149011411262,14.096630916124575,14.234149011411262,14.264284704092432,73.16566315956058,73.16566315956058,73.16566315956058,21.0,-1.0,12.5,21.0,14.376105067901335,14.345969375220164,12.056680094469812,15.906268364542475,12.041347333808082,13.973807849175278,3.864921030734393,15.519776261469035,79.45834485435253,78.95345247649729,69.56592626185973,0.5372358781786961,76.51821862348179,15.906268364558306,14.385705419907477,76.51821862348179,76.73850714698438,19.005847953216374,19.14080071974809,19.18578497525866,19.365721997300945,IMG_00067.tif,14.82,left_ticks_800,14.345969375220164
1,3.0,19.08159994688137,19.104996586861713,20.55072018319052,20.578575518709872,22.067657330454313,22.10061876199623,1.4229066788648574,1.57271549626966,1.861963798295889,2.9814887408420203,22.0,14.250019275856502,13.977174734543492,14.330560879205137,14.330560879205137,73.7774905571221,72.76602881382559,72.76602881382559,22.0,-1.0,12.5,22.0,14.517770363688015,14.517770363688015,11.93852528120135,16.258936849657243,11.455932452701783,13.857434651179512,4.803004396955459,15.778636409961695,80.50337139678922,79.69751128576713,68.17695085780804,0.6894222717416836,75.97840755735493,16.258936849671567,14.283269321643479,75.97840755735493,77.3686931916538,19.02834008097166,19.14080071974809,19.23076923076923,19.365721997300945,IMG_00068.tif,14.82,left_ticks_800,14.517770363688015
1,3.0,19.10954058881541,19.134484402817677,20.53555382718379,20.563539195370293,22.016702428130966,22.04977166713378,1.366419459654195,1.5488678046619042,1.958588867329774,2.9895338608951456,22.0,14.476700797460424,14.086555404153707,14.627591173642628,14.184335959067454,72.6873369162783,71.15155269597827,75.44116763710825,22.0,-1.0,12.5,22.0,14.860759016939198,14.712895140847309,12.15579066449584,16.435729525054956,11.36172187211221,13.898725698583583,5.074007652942746,15.928328759760682,80.47810645016108,79.58359073548031,67.56385514455411,0.6888866248056926,75.03373819163292,16.435729525067575,14.339723855401022,75.03373819163292,77.18509129446137,19.005847953216374,19.14080071974809,19.208277103013945,19.365721997300945,IMG_00069.tif,14.82,left_ticks_800,14.712895140847309
1,3.0,19.142731697448262,19.170072071752976,20.544968271628704,20.5743827321574,22.016427083619245,22.050344550047843,1.3227298805667178,1.557542597728152,1.9962709773609781,3.064124601104986,21.0,14.768316523327542,14.245529717722436,14.768316523327542,14.163245516204114,71.346684719172,71.346684719172,75.49134042018233,21.0,-1.0,12.5,21.0,14.857806043269846,15.333812149697849,13.067739692161126,16.204266156753178,11.920716503215402,14.06249132998429,4.283549653537775,15.7759111913994,79.42943571054532,78.81665175857862,68.62572109353896,0.6876634627982889,73.41430499325236,16.204266156767837,14.558381681413398,73.41430499325236,76.18709146443638,19.02834008097166,19.163292847503374,19.23076923076923,19.365721997300945,IMG_00070.tif,14.82,left_ticks_800,14.857806043269846
1,3.0,17.298939540504083,17.301469739277472,18.409221538333632,18.41355329891188,19.54159948033767,19.549414310989675,0.9650412296699938,1.282903342042207,1.2175529158565848,1.2428238110300591,18.0,10.440940674293955,10.985524782257553,9.674680311662996,9.528679883379596,96.11724386436555,101.15461660506017,101.88282888945741,18.0,-1.0,9.5,18.0,11.978692907788627,13.128884196854187,10.121882430233427,12.796206961999879,10.261159155308514,11.528683058654195,2.535047806691364,12.54270218133074,86.88891215342461,86.53955374842602,78.0899192481738,0.6914351489791177,81.37651821862347,12.796206961987846,11.024107266262023,81.37651821862347,90.44808210044295,17.521367521367523,17.318938371569953,17.049032838506523,16.80161943319838,IMG_00071.tif,14.82,left_ticks_800,13.984739947508956
1,3.0,17.34594422895671,17.348727672863344,18.40860981749799,18.412932302618806,19.514013395656576,19.52184970549707,0.9425205032679554,1.2306015293657657,1.340297758080304,1.2415133728224703,18.0,10.573730846214488,11.103791564218698,9.715152034432123,9.715152034432123,95.25999702564027,100.39968112715101,100.61928536505826,18.0,-1.0,9.5,18.0,12.212296652270652,13.517906451986846,10.348058300110893,12.769936504251358,10.593967751895404,11.681952128073382,2.175968752355955,12.552339629015764,85.8969348394308,85.64938305753958,78.45837145936211,0.6891398418334612,80.83670715249663,12.769936504238443,11.134991099871447,80.83670715249663,89.79949330240258,17.521367521367523,17.341430499325234,17.049032838506523,16.80161943319838,IMG_00072.tif,14.82,left_ticks_800,13.880941323190598
1,3.0,17.329622217694943,17.33218471260241,18.415895655547324,18.42020043815863,19.517159252794507,19.524989693867557,0.9573592981112822,1.2354456831538696,1.3604207881920802,1.2387239229348144,17.0,11.442593490558437,11.231009253900169,9.817344948216856,9.80549328569478,90.44644465506433,100.07538803887908,100.07538803887908,17.0,-1.0,9.5,17.0,12.19355921180744,13.204014275774568,10.257543657203883,12.670531450252058,10.967183794599412,11.818857622425735,1.7033476556526466,12.500196684686795,84.73742423213616,84.5913864844679,78.98926909033375,0.6888838482254964,80.97165991902834,12.670531450238064,11.255790942916326,80.97165991902834,88.76430882340077,17.54385964912281,17.36392262708052,17.049032838506523,16.80161943319838,IMG_00073.tif,14.82,left_ticks_800,13.628625518218712
1,3.0,17.34095569190888,17.343778858515588,18.408916367066112,18.41328408749966,19.50197259499259,19.510103654318943,0.9467834397522896,1.2195413560510642,1.4195310573402817,1.2479810900166293,17.0,11.72858062925036,11.338298973114533,10.0342518884205,9.997455127057037,88.34519521158575,98.46253391972373,98.46253391972373,17.0,-1.0,9.5,17.0,12.442320513301524,13.127341440413602,10.209164710631285,12.888774303452433,10.812944862287532,11.850859582869981,2.0758294411649,12.681191359335942,84.63682964145161,84.4212273401902,77.72448090200875,0.6905563154630535,81.91632928475033,12.888774303438616,11.301128140053274,81.91632928475033,88.4704675678812,17.56635177687809,17.36392262708052,17.094017094017094,16.80161943319838,IMG_00074.tif,14.82,left_ticks_800,13.76263593907288
1,3.0,17.366997982433798,17.370120334857432,18.397981550523216,18.402369647054357,19.46923369986063,19.477250489150272,0.9258794930840053,1.1812506612088336,1.4397585599732166,1.2512597421519691,16.0,11.803601944176307,11.275990656469125,10.194613904154323,10.06901663708166,85.92393826557534,96.80623769714323,97.63748463225487,16.0,-1.0,9.5,16.0,12.491664880373378,13.145210776114482,10.3153263260661,12.384259842257284,10.49265897688042,11.438459409568853,1.8916008653768643,12.195099755719598,87.75212181621453,87.55282553558077,80.95913928451614,0.6899807846637555,85.5600539811066,12.38425984224345,10.891702029452706,85.5600539811066,91.89080713551027,17.58884390463338,17.38641475483581,17.11650922177238,16.80161943319838,IMG_00075.tif,14.82,left_ticks_800,13.535573709197024
1,2.0,18.26751810895494,18.424963784690927,19.82042108765581,19.98733751264535,21.313999732306023,21.48782904815696,1.9895148026675074,1.0733504607985256,1.5960021597747744,7.4099008165832005,21.0,9.202528142676186,8.865053397464164,8.429526148589815,8.429526148589815,91.58096385468536,93.96448759930941,99.92919901940418,21.0,-1.0,8.5,21.0,10.101366738898037,10.101366738898037,9.242193283841914,10.662990788128536,8.97652999398157,9.819760391055052,1.6864607941469647,10.494344708713838,107.89453771681194,107.62976626919034,99.20553219578585,0.8005635936129855,70.17543859649123,10.662990788181073,12.363251830357717,70.17543859649123,85.73295342886912,18.578497525865945,18.331084120557804,18.376068376068375,18.218623481781375,IMG_00076.tif,14.82,left_ticks_800,11.90783365692522
1,2.0,18.275893490273802,18.435133037593797,19.832143829147057,19.99973352628716,21.334567112136032,21.50800793247385,1.9870874747431164,1.0857874201369315,1.6574397412117987,7.422546352694926,22.0,9.111688282668666,9.005799527434002,8.652164920629332,8.437329394936171,92.26057298546237,93.67596354327065,100.46003606435808,22.0,-1.0,8.5,22.0,10.1642592140538,12.17651429716858,9.16863578619359,10.59834612729714,9.066497301655797,9.832421714476467,1.5318488256413416,10.445161244733004,107.76773012174492,107.55017892532402,99.8571809253076,0.7948850822720135,70.04048582995951,10.598346127348416,12.4061543192574,70.04048582995951,85.48692096733747,18.533513270355378,18.35357624831309,18.35357624831309,18.218623481781375,IMG_00077.tif,14.82,left_ticks_800,12.362549554741747
1,2.0,18.28957481890883,18.447949553597773,19.833379615014884,19.99817824024401,21.334049063696614,21.504212373445895,1.9650731476112444,1.0911896722368835,1.6962325954652464,7.360679310933303,23.0,9.206229985802338,9.069443228133245,8.675679319732012,8.526629949550454,92.60224781918784,93.98582593427187,101.0115652260231,23.0,-1.0,8.5,23.0,10.12678851649207,11.688400797732243,9.109451571232285,10.245147079905472,9.17554654846791,9.71034681418669,1.0696005314375627,10.138187026761717,109.08564233227023,108.97564092834155,103.34316641582059,0.7991103723844515,70.44534412955466,10.245147079957146,12.327357161370816,70.44534412955466,86.09323206021689,18.55600539811066,18.398560503823663,18.376068376068375,18.286099865047234,IMG_00078.tif,14.82,left_ticks_800,11.688400797732243
1,2.0,18.29495701591978,18.453387658212925,19.8347322551063,19.99949815365749,21.31843388684159,21.488217146395826,1.9482035159684334,1.086625972214467,1.699513250514281,7.3597041975223165,24.0,9.2767614689364,9.173079828365745,9.15919463535343,8.465323607104096,91.40212823446893,96.24298261411712,100.3698939579622,24.0,-1.0,8.5,24.0,10.16617109539527,11.91072463962928,9.276173520225825,11.14781915556044,8.898783767719856,10.023301461640148,2.2490353878405838,10.92291561677638,106.07661329671501,105.63173647495678,95.09144007705399,0.8036254919695893,69.23076923076923,11.147819155601248,12.604619435248342,69.23076923076923,84.24938785084993,18.55600539811066,18.398560503823663,18.376068376068375,18.286099865047234,IMG_00079.tif,14.82,left_ticks_800,12.02831362908853
1,2.0,18.284810450465454,18.442530227857667,19.824356929942997,19.98830572638418,21.306018022664528,21.473832935474174,1.9355839143215567,1.095718793294954,1.7356982538051968,7.343465369087947,23.0,9.265585973902489,9.097561066845888,8.922099148223253,8.44457317345325,97.17632725532066,98.21528998640285,105.14918637075364,23.0,-1.0,8.5,23.0,9.78388001230934,11.31417891534636,8.962584519720679,10.358417386878715,8.6308431425914,9.494630264735058,1.7275742442873148,10.185659962449984,111.73010842135095,111.42217951869532,102.21983446982316,0.8054437594329373,69.77058029689609,10.358417386924971,12.261098590213743,69.77058029689609,86.54672206320566,18.533513270355378,18.398560503823663,18.376068376068375,18.286099865047234,IMG_00080.tif,14.82,left_ticks_800,11.31417891534636
1,2.0,18.603554663975064,18.66346894415054,20.016533130512528,20.084157881904478,21.486421327417958,21.56409157956619,1.7097584679444684,1.1908641674711804,2.304351690204162,4.703114924735878,25.0,9.716381557534334,9.80922063829711,9.41142158450927,9.41142158450927,99.07662421359015,99.48153280783887,104.76439816177731,25.0,-1.0,9.5,25.0,9.32874141184459,12.34445474594753,9.969047323061432,11.9859160477967,8.684838945146542,10.33537749647162,3.301077102650159,11.655808337531685,104.72308682427298,103.83029584467158,89.70024061021012,0.6455000838068756,88.12415654520917,11.985916047821329,11.402685911009968,88.12415654520917,94.22281395614387,18.960863697705804,18.75843454790823,18.51102114260009,18.55600539811066,IMG_00081.tif,14.82,left_ticks_800,
1,2.0,18.595026804944652,18.652209193879795,20.021420233086562,20.0882739070712,21.50133412861117,21.58022030083384,1.7292309045995462,1.1987802023544984,2.342381238949461,4.675730559213074,25.0,9.830178859538336,9.69537331807089,9.397043925007665,9.210667670635331,99.25206806800357,100.1116751290427,105.32175309860305,25.0,-1.0,9.5,25.0,9.515584805964409,11.421392371003662,9.898177818719432,12.758918692537481,7.792900553823743,10.275909623180612,4.966018138713738,12.262316878666107,106.46450435290357,104.36730354132476,84.3015236510853,0.7561408447385005,87.71929824561403,12.758918692558327,11.28925121899937,87.71929824561403,95.10483105534524,18.960863697705804,18.75843454790823,18.51102114260009,18.55600539811066,IMG_00082.tif,14.82,left_ticks_800,11.421392371003662
1,2.0,18.57126252934349,18.626533815819357,19.99572649373591,20.061126398838393,21.46410824284961,21.54116541337185,1.7221511294155178,1.1924804681369714,2.3204095149621002,4.627714812000758,23.0,9.660586185198184,9.649083389377079,9.181635820120306,9.181635820120306,101.056201562395,102.45398470880232,105.39684519535085,23.0,-1.0,9.5,23.0,9.271446979810207,12.478627830954906,9.290551942520437,12.371101047665931,7.881307375989754,10.126204211827842,4.4897936716761775,11.922121680498314,107.53249767087419,105.75383819056745,86.78625121084157,0.6368205112181785,88.93387314439946,12.371101047686677,11.119031920902255,88.93387314439946,96.41441926714866,18.960863697705804,18.73594242015295,18.51102114260009,18.55600539811066,IMG_00083.tif,14.82,left_ticks_800,
1,2.0,18.57146561113869,18.626444372496696,20.007209145403014,20.072790320253542,21.480328934086515,21.556953593478816,1.7300168275067358,1.200492393475388,2.3007770695374368,4.632779883728696,24.0,9.471683244522879,9.597282473149988,9.188028492157173,9.188028492157173,101.47073930362271,105.20915824847738,105.20915824847738,24.0,-1.0,9.5,24.0,9.290153868593734,12.430696571431213,9.31006080840939,12.801387385145928,7.65964789815467,10.230517641650298,5.141739486991257,12.287213436446802,106.96951956495263,104.68734040165795,83.91582564538483,0.635014875399196,87.58434547908232,12.801387385168974,11.220756522524434,87.58434547908232,95.55184953170713,18.960863697705804,18.71345029239766,18.51102114260009,18.55600539811066,IMG_00084.tif,14.82,left_ticks_800,
1,2.0,18.57368067536561,18.62847221220899,20.020751571401778,20.08728208403015,21.484526912694093,21.560373468693705,1.7194212837560792,1.2124799727286397,2.2698489131490165,4.664524909651968,26.0,9.348510256161191,9.7446911821348,9.356545775761333,9.356545775761333,101.94078725241025,105.36851154416395,105.36851154416395,26.0,-1.0,9.5,26.0,9.251879768769925,12.409789847873697,9.49749762473715,11.880444479333958,8.646851004242237,10.263647741788098,3.2335934750917215,11.557085131824786,105.23830575278916,104.36545651220564,90.32692304377986,0.6518509146731862,89.47368421052632,11.880444479358125,11.256017469418003,89.47368421052632,95.26771208959147,18.960863697705804,18.71345029239766,18.488529014844804,18.488529014844804,IMG_00085.tif,14.82,left_ticks_800,
1,2.0,24.931659353209337,24.974804166397576,26.348819858383177,26.392974123393753,27.768593998942414,27.8142490621723,1.2129825963134344,1.6264622994612952,-1.438845982167245,3.314670468733966,12.0,9.060736256397178,9.24193421179958,9.593428508195075,9.593428508195075,124.10026080391555,120.81278019568458,120.81278019568458,12.0,-1.0,8.5,12.0,12.642323636264564,14.695024065782945,9.761216752778978,16.569808719203877,6.9648185186018985,11.767313618902888,9.604990200601979,15.60930969914368,129.94094559815917,122.41254194155199,87.53848552941928,0.7148131848540327,88.93387314439946,16.56980871927438,13.491213315077397,88.93387314439946,107.00780489453344,24.9212775528565,24.9212775528565,25.0787224471435,25.168690958164643,IMG_00086.tif,14.82,left_ticks_800,14.695024065782945
1,2.0,24.916149818509957,24.960492866633867,26.335315811966762,26.37964767178405,27.759526364241147,27.804505593805825,1.2149729071461028,1.6290398200258598,-1.4250067560813306,3.3221707466699275,12.0,9.167243060266358,9.328959614993806,9.630283791167301,9.630283791167301,123.32358913124283,120.9092303074588,120.9092303074588,12.0,-1.0,9.5,12.0,12.578947600818367,14.1890327966006,9.837793126509723,16.783827651235963,6.163347527215756,11.473587589225861,10.620480124020208,15.721779638833944,135.7002048406551,125.43136558296372,86.40460175692513,0.7161155073807971,89.3387314439946,16.78382765129427,13.254181052524132,89.3387314439946,108.82441656279312,24.9212775528565,24.9212775528565,25.0787224471435,25.168690958164643,IMG_00087.tif,14.82,left_ticks_800,14.1890327966006
1,2.0,24.905655166182786,24.949239068280487,26.336334304084254,26.38063147369268,27.77404890442236,27.819830217709956,1.2266584867390808,1.6439326626903878,-1.4105729895622106,3.3208083691990464,14.0,10.22976849208456,9.511978305032056,10.585814787322391,11.21446232774494,119.9195238462514,116.46116583558697,99.29451018714882,14.0,-1.0,9.5,14.0,12.47685190702532,13.92345391596109,10.821036430322124,16.079576124918578,7.2110862117326056,11.645331168325592,8.868489913185973,15.19272713359998,130.06885303590232,123.55176141192787,90.04254839102128,0.7164196640115539,90.2834008097166,16.07957612497419,13.413414790135004,90.2834008097166,107.50817114492322,24.898785425101213,24.898785425101213,25.011246063877643,25.101214574898783,IMG_00088.tif,14.82,left_ticks_800,13.92345391596109
1,2.0,24.918006751370186,24.963971052125284,26.34926079438469,26.394505569802313,27.78927911047237,27.83638886151703,1.2233639540096997,1.6490538553820455,-1.4076748941964128,3.355267426413027,13.0,9.662267002006956,9.531417833188033,10.51422566237656,11.161288673688716,120.40305877978109,110.79659048743058,99.32907933012046,13.0,-1.0,9.5,13.0,12.532387337551313,14.235041684799171,10.95554522616817,16.48773416433658,6.970350812377768,11.729042488357173,9.517383351958811,15.535995829140699,130.2014728248636,122.75076804554053,87.92225248401964,0.718767905748039,89.20377867746289,16.48773416439558,13.524953365677694,89.20377867746289,106.69750821140671,24.898785425101213,24.9212775528565,25.056230319388213,25.168690958164643,IMG_00089.tif,14.82,left_ticks_800,14.235041684799171
1,2.0,24.950591452698987,24.996994135218706,26.378033217536235,26.424243260362573,27.80414283175059,27.85093590518598,1.2155199777468113,1.6384217922204605,-1.302020489739552,3.3889709562084835,14.0,10.306609616031167,9.654474499865046,10.629621577103165,11.198818375851516,116.31550067933406,111.06803587105249,99.24176512831528,14.0,-1.0,10.5,14.0,12.620682364399158,14.294635626201995,11.46245750090219,16.496141657641815,7.524612882461558,12.010377270051686,8.971528775180255,15.59898878012379,126.13589249164431,120.0679783795,87.98992385242637,0.7212440559566741,89.06882591093117,16.496141657699575,13.712842112274878,89.06882591093117,105.3962679476011,24.943769680611787,24.943769680611787,25.0787224471435,25.168690958164643,IMG_00090.tif,14.82,left_ticks_800,14.294635626201995
1,2.0,25.7531758728387,25.7945211361808,27.170229688755487,27.20584195849378,28.573083696574894,28.600393913154026,1.0194007230021023,1.7864720539711234,3.298979803375183,2.9319310804659238,29.0,11.741060373834927,12.877741551138598,12.006944956395103,14.274030257199882,129.77805996604573,124.82646506924675,106.0014961342196,29.0,-1.0,11.5,29.0,13.853620375647665,13.940522343314626,10.8941663740693,15.248079110148854,8.485274336678305,11.86667672341358,6.762804773470549,14.5717986328018,128.8048147629479,125.25931904010747,97.93846752555837,0.7614328525768458,116.05937921727396,15.248079110151483,12.049630649524707,116.05937921727396,123.38494762339151,25.753486279802072,25.79847053531264,25.820962663067927,25.843454790823213,IMG_00091.tif,14.82,left_ticks_800,13.940522343314626
1,2.0,25.756268136513764,25.797669059404132,27.170131972793758,27.205714068940548,28.57536977559059,28.603557899902498,1.0247042069239118,1.7811846335744528,3.325942128466098,2.9306953516761176,30.0,11.583192596628848,12.786711987465008,11.970381179769475,14.267016984559376,131.43851011736672,126.72097225260936,106.31895044233967,30.0,-1.0,11.5,30.0,13.834858882905621,13.89794186477667,10.922630358563822,16.697587234186614,7.919366764483954,12.308476999335284,8.77822046970266,15.819765187216348,126.36135689040576,120.84273416926098,89.65831107981744,0.7620647669264463,113.09041835357624,16.697587234188767,12.48481666583285,113.09041835357624,119.1624416078487,25.753486279802072,25.79847053531264,25.79847053531264,25.843454790823213,IMG_00092.tif,14.82,left_ticks_800,13.861683893358759
1,2.0,25.752287105402463,25.79358904277703,27.167842569148167,27.20325747176547,28.575002149749388,28.602873550265027,1.0262951585134692,1.782989348974527,3.2963022441039436,2.9239323980553538,30.0,11.569032721513608,12.813875962821061,11.948921848429364,14.193476131067996,131.1901195906221,126.7680113606534,106.73966097211182,30.0,-1.0,11.5,30.0,13.764463643193153,13.913609432334738,10.87164591480672,14.983489482330693,8.197090691824231,11.590290087077461,6.786398790506461,14.304849603280047,132.04300394003198,128.200118414636,99.62428187021924,0.760572689905169,117.00404858299595,14.98348948233356,11.778062972144234,117.00404858299595,126.18446159440064,25.753486279802072,25.820962663067927,25.79847053531264,25.843454790823213,IMG_00093.tif,14.82,left_ticks_800,13.962839477336956
1,2.0,25.747198943698326,25.788477939517758,27.171940239470867,27.207435277292703,28.575638295323028,28.60302603359211,1.0213248789723015,1.793223215102051,3.270426933918214,2.9270145153897693,30.0,11.550070045925125,12.76959565125864,11.971894291637966,14.241028973371868,131.46537823415196,126.3157239577115,106.23743341740663,30.0,-1.0,11.5,30.0,13.819719384599694,13.869620235350169,10.845998995862033,15.051564526818083,8.496312882577689,11.773938704697887,6.555251644240395,14.396039362394045,129.60578930726564,126.20412617828829,99.16525610937617,0.760515380176806,116.73414304993253,15.051564526820904,11.97050796389092,116.73414304993253,124.16121461926501,25.730994152046783,25.79847053531264,25.775978407557353,25.775978407557353,IMG_00094.tif,14.82,left_ticks_800,13.914106412448518
1,2.0,25.744319478321547,25.785751460767173,27.167563516625762,27.20308566250676,28.5738428299741,28.601509342674944,1.0242426828113878,1.7915151990963778,3.312166926920975,2.928366383611547,30.0,11.595596657545073,12.828786978706573,12.030329154338602,14.197095755357736,130.96175019341825,125.92635601847353,106.72313484100204,30.0,-1.0,11.5,30.0,13.766795934927302,13.888787830042133,10.950814352741304,15.209790072114572,8.554081947983164,11.881936010048868,6.655708124131407,14.54421925970143,128.47144739819745,125.05780840849704,98.14546504040445,0.7618858419907866,116.05937921727396,15.20979007211737,12.065218379816898,116.05937921727396,123.18558590534019,25.730994152046783,25.775978407557353,25.775978407557353,25.775978407557353,IMG_00095.tif,14.82,left_ticks_800,13.953550504707152
1,2.0,23.32944804321359,23.330241017378075,24.815630464618444,24.81654526866797,26.270684615859025,26.271798664992037,1.7219222983643772,1.2196353492495888,-4.756571382883402,-0.49196288778211217,10.0,13.26038067602839,13.540004676903909,14.759860315177889,15.124934207832723,87.85450518788657,75.45649700370727,75.45649700370727,10.0,-1.0,12.5,10.0,15.929142374288773,15.295763128821449,11.51601063752571,19.190213918644563,8.813528029666138,14.00187097415535,10.376685888978425,18.152545329746722,101.10303797351551,96.33052939140585,70.90702038860806,0.6522163638193574,69.36572199730094,19.190213918762282,16.05854281547445,69.36572199730094,84.25843186523655,23.481781376518217,23.32433648223122,23.234367971210073,22.941970310391362,IMG_00096.tif,14.82,left_ticks_800,
1,2.0,23.30627882588604,23.306952699500286,24.791589163386664,24.79251007792128,26.263347252987277,26.26432625533652,1.739273161245806,1.2181003945904272,-4.721663170619867,-0.4938424164664341,11.0,14.991617559250102,13.729011416515936,14.991617559250102,14.991617559250102,74.59277337398976,74.59277337398976,74.59277337398976,11.0,-1.0,12.5,11.0,15.92141455561108,15.468763962467989,11.522949042418134,19.696336924443273,8.396864867336657,14.046600895889966,11.299472057106618,18.566389718732612,101.63146962536536,95.93658326835407,69.08736169329829,0.6829202951727429,68.82591093117409,19.69633692454596,16.10560402253171,68.82591093117409,83.93705717451441,23.481781376518217,23.32433648223122,23.234367971210073,23.00944669365722,IMG_00097.tif,14.82,left_ticks_800,
1,2.0,23.30472687838162,23.305400693742662,24.791744852615953,24.792542206486353,26.254119038061507,26.255032299632877,1.735238049282567,1.214393556607651,-4.7096950616990085,-0.4595193637489322,13.0,15.03596643443251,14.423967617103907,15.06748237401365,15.06748237401365,74.60610115679695,74.60610115679695,74.60610115679695,13.0,-1.0,13.5,13.0,16.198388487045207,15.191847156341566,11.529846765354137,19.48815169137688,9.563388779449046,14.525770235412963,9.924762911927836,18.495675400184098,96.68300573458545,92.83046225246576,69.79160697459658,0.665725370425203,68.15114709851552,19.48815169147062,16.584830774505598,68.15114709851552,81.57143157650472,23.481781376518217,23.301844354475932,23.189383715699506,22.941970310391362,IMG_00098.tif,14.82,left_ticks_800,
1,2.0,23.307087030676783,23.307718743737862,24.783336166954477,24.784103566557807,26.256556200209648,26.25713389221812,1.731602392867128,1.2178127556131306,-4.6814053227812735,-0.45088203173617175,13.0,14.865148140931382,14.550301915864377,15.227009725201867,16.09271175361343,74.4897596186273,74.4897596186273,74.4897596186273,13.0,-1.0,15.5,13.0,16.24697297285948,15.019409360177434,11.501228877315611,19.498244060447796,9.665020257748559,14.581632159098177,9.833223802699237,18.51492168017787,96.22455434111001,92.49311591868913,69.76489569502787,0.6636525550206641,67.88124156545209,19.498244060546455,16.63428377542294,67.88124156545209,81.34508315637564,23.481781376518217,23.32433648223122,23.234367971210073,23.00944669365722,IMG_00099.tif,14.82,left_ticks_800,
1,2.0,23.30819387994546,23.30879909476599,24.792791516036463,24.793486688152274,26.25541237452404,26.255976456223777,1.7290009295074924,1.2181764319502941,-4.668981485190875,-0.42905800993525406,12.0,15.006819702689668,14.511861476440506,15.315433119029251,16.142432575036565,72.95170479223435,74.50246993336226,74.50246993336226,12.0,-1.0,15.5,12.0,16.295615158623434,15.46861570261612,11.16234332636418,19.752941169626332,9.183463909113975,14.468202539370154,10.56947726051236,18.695993443575098,97.68001150462996,93.2076265441487,68.90429586575307,0.657787542433504,68.15114709851552,19.752941169726828,16.519657449679023,68.15114709851552,81.89804955998456,23.459289248762932,23.32433648223122,23.234367971210073,23.00944669365722,IMG_00100.tif,14.82,left_ticks_800,
1,2.0,26.94992293712849,26.957274864823294,28.43715997659498,28.442094296191193,29.925034752573183,29.928028991510367,1.72435313858643,1.2464009881006426,-3.0417978914803276,1.067276042619922,17.0,11.763874760774655,12.069343498102242,11.763874760774655,11.686007705871845,104.09698833516786,104.09698833516786,117.38300165384086,17.0,-1.0,10.5,17.0,13.194760071848918,13.580874088090923,10.969992534673736,14.27141862723526,9.957273767600677,12.11434619741797,4.314144859634584,13.840004141271802,129.8183230456325,128.442800936046,109.34578047297077,0.6947100138123256,91.36302294197031,14.271418627303257,14.120910399353798,91.36302294197031,110.48717460156978,27.215474583895634,26.94556905083221,26.855600539811064,26.58569500674764,IMG_00101.tif,14.82,left_ticks_800,12.296435177841374
1,2.0,26.94771841819394,26.95514163794758,28.433763249611534,28.438732457628255,29.92129309913358,29.9242953976821,1.7228811015386956,1.246272658195826,-3.0255792982331684,1.0711059333821378,18.0,11.841478470761572,12.091796999203249,11.836618533555423,11.504488916854285,103.21283969337941,103.3940003122419,117.73599130196313,18.0,-1.0,10.5,18.0,13.353097389365757,13.47402450387574,10.971195926811902,14.284225261300069,9.972115870814656,12.128170566057364,4.312109390485413,13.853014322251529,129.65796258522244,128.2886240239245,109.2413011702594,0.6963425302015174,91.36302294197031,14.284225261370302,14.133845275867063,91.36302294197031,110.37954690337664,27.215474583895634,26.968061178587494,26.855600539811064,26.58569500674764,IMG_00102.tif,14.82,left_ticks_800,12.195540802168694
1,2.0,26.943726363261955,26.950954480429687,28.426911481384217,28.4317724878561,29.910146537879168,29.91309166511381,1.7242002001523469,1.237936984531781,-3.0165288521080007,1.0595097317109956,18.0,11.73818929761238,12.065268837463124,11.743150675515182,11.558025477578042,102.75363522173393,104.00398614540771,116.92668636418132,18.0,-1.0,10.5,18.0,13.394365295990099,13.7548938440259,10.942489658877548,14.286952425748993,9.899435096922954,12.093193761335973,4.387517328826039,13.848200692866389,130.0650718591309,128.63415574662088,109.20393440834268,0.6968991885037877,91.63292847503374,14.286952425815054,14.08036070632689,91.63292847503374,110.77311172342804,27.215474583895634,26.94556905083221,26.855600539811064,26.58569500674764,IMG_00103.tif,14.82,left_ticks_800,12.009902381620464
1,2.0,26.94545544225555,26.952790018797064,28.422218641190607,28.427103189207596,29.9007877459821,29.90370146706616,1.72193902186804,1.2289724264010584,-3.012906668485004,1.0621594997367998,19.0,11.75181517157705,11.965808716961053,11.75181517157705,11.481002286922973,102.91772686422397,102.91772686422397,117.31085779840959,19.0,-1.0,10.5,19.0,13.303819341347491,13.379956082645208,10.969180773241646,13.968042405356368,10.14026565504799,12.054154030202179,3.827776750308378,13.58526473032553,130.1483048491127,129.05371605296077,111.6538331205011,0.7497384232147367,92.44264507422402,13.968042405413202,14.037017306850506,92.44264507422402,111.11613019003714,27.215474583895634,26.94556905083221,26.855600539811064,26.58569500674764,IMG_00104.tif,14.82,left_ticks_800,12.135692793370936
1,2.0,26.9398534738753,26.947087143671343,28.41574599254011,28.420599585154054,29.894625270119818,29.897472263455583,1.7274475429809457,1.2229375768032893,-2.9952847779773335,1.0589095220193336,18.0,11.977512281909043,11.923710830270451,11.766057004518274,11.532279670649615,104.31877564180691,105.89409318326337,116.63576906036606,18.0,-1.0,10.5,18.0,13.416752079004993,13.416752079004993,11.030140386691869,13.95704579615849,10.141057336283742,12.049051566221115,3.815988459874746,13.575446950171013,130.16932103719788,129.08040007203624,111.71654992755566,0.7498904670158246,92.84750337381917,13.957045796216036,14.01653312708817,92.84750337381917,111.25185179802473,27.19298245614035,26.94556905083221,26.855600539811064,26.58569500674764,IMG_00105.tif,14.82,left_ticks_800,12.57690000276341
1,2.0,27.97119259466261,27.98876940985765,29.58294816796209,29.5956094200287,31.21705136011079,31.222102329466153,1.5905401733547355,1.6427927462537653,-0.2405261347259735,1.6760146029352325,20.0,11.785463790785954,11.875851881732505,11.892323055450362,12.538585792868446,127.06552931337822,125.48879323023094,117.05922118587823,20.0,-1.0,10.5,20.0,11.893981375064755,11.75124800768117,11.840950304292392,11.889078148278017,11.850109582525782,11.8695938654019,0.0389685657522343,11.885181291702793,136.05945986257353,136.05933836042308,135.83956072313492,0.5674114532901071,122.28390166534497,11.889078148384222,13.004360900593523,122.28390166534497,124.3653867679019,28.02008987575998,27.887919640496964,27.835051546391753,28.072957969865186,IMG_00106.tif,12.61,telemed_644,12.996038976105297
1,2.0,27.973332307001627,27.990907390710056,29.584339661448205,29.596998803103183,31.218513347511735,31.223530357001444,1.5885003205269352,1.6441226457644516,-0.2361275117034227,1.6758355669577631,20.0,11.793228747221221,11.884087679794932,11.897497634804239,12.565815471826767,126.84921653442481,125.47922013741798,116.87111651956289,20.0,-1.0,10.5,20.0,11.895854825114611,11.745506852706058,11.871850818077519,11.913725488226945,11.73162777308381,11.822676630655376,0.1820977151431344,11.89551571671263,136.60464880746878,136.6019636397274,135.57292085834322,0.5673466943461578,122.60111022997621,11.913725488295253,12.956806123336616,122.60111022997621,124.8235075453005,28.02008987575998,27.887919640496964,27.835051546391753,28.072957969865186,IMG_00107.tif,12.61,telemed_644,13.002303915369794
1,2.0,27.962002363825132,27.97998186195674,29.585262743010933,29.59797068712766,31.219479388543384,31.22449473205955,1.599547256490133,1.6449656136126736,-0.23466306362471062,1.6790353916313172,20.0,11.795652911667275,11.881080535629001,11.902309975530045,12.579575101657213,126.87285623797291,125.26113390267363,116.63067556541804,20.0,-1.0,10.5,20.0,11.896707491205575,11.719521821179,11.871642036820163,11.169496275590562,12.227967224828864,11.698731750209713,-1.058470949238302,11.275343370514392,138.06817150967896,137.97445882313713,144.422989877654,0.5675991611930125,126.24900872323553,11.169496275645235,12.84592486925594,126.24900872323553,125.83308905363805,28.02008987575998,27.887919640496964,27.835051546391753,28.072957969865186,IMG_00108.tif,12.61,telemed_644,12.988929517522365
1,2.0,27.96810374110846,27.985998267627124,29.587257913167516,29.599984249382228,31.227495000790192,31.23266276742685,1.5969957452956036,1.6496687545041235,-0.23483769217999786,1.6801929108369253,21.0,11.709618631385808,11.9118837019862,11.900943021545459,12.58956607808986,127.02081642673322,125.34396836478834,116.59714454423714,21.0,-1.0,10.5,21.0,11.894108246014241,11.702783855854591,11.886975024942785,11.862188208309846,11.74369536601295,11.802941787161398,0.11849284229689525,11.850338924080155,136.80398835094798,136.8028459014098,136.129293128281,0.5670901319053605,122.91831879460746,11.86218820837876,12.94829811972381,122.91831879460746,124.88196669597355,28.02008987575998,27.887919640496964,27.835051546391753,28.072957969865186,IMG_00109.tif,12.61,telemed_644,13.014199641657967
1,2.0,27.96721193698737,27.985144652828456,29.588489219170256,29.60114707287361,31.232807963414405,31.23781668928121,1.5996221807747601,1.6530498556779925,-0.22989352092166104,1.6756328769391877,21.0,11.68523743835155,11.894188100111586,11.897046725190421,12.587866146754408,128.0754587672171,125.40203511002944,116.66034632672623,21.0,-1.0,10.5,21.0,11.881247746875033,11.669438460036133,11.782082230190099,11.911446661538726,11.653771045613883,11.782608853576304,0.2576756159248419,11.885679099946241,137.03686190395356,137.0314311884479,135.57032750006752,0.5675405558578013,122.28390166534497,11.911446661606263,12.931083611025008,122.28390166534497,125.04159484164079,28.02008987575998,27.887919640496964,27.835051546391753,28.072957969865186,IMG_00110.tif,12.61,telemed_644,13.097944410083642
1,2.0,23.355949881060205,23.363911176522716,24.945596316579692,24.95428130107915,26.558379333319053,26.566659028246455,1.845560235953609,1.3571876157701237,0.3774008055503742,1.5116881806862834,16.0,14.286289407546263,14.21030603182178,14.903879315406073,15.130576582237751,90.0694823347128,87.68803987789322,86.90452689307538,16.0,-1.0,12.5,16.0,13.909905963922029,13.909905963922029,15.448704691466645,13.951413550092893,15.227761477815342,14.589587513954118,-1.2763479277224494,14.079048342865137,92.79484108315548,92.7361775224545,96.88816218439213,0.7258761031102763,93.25931800158605,13.951413550105316,14.989715362334985,93.25931800158605,90.31522021784664,23.65847211208036,23.420565688606924,23.2090933121861,22.839016653449644,IMG_00111.tif,12.61,telemed_644,13.17889966171117
1,2.0,23.357531123497587,23.3654894935381,24.92491854832103,24.933704508347475,26.508287075219783,26.516531254368477,1.8492615709996048,1.3017801898307721,0.3654523283297853,1.5210783720463454,19.0,14.143334042795544,14.156253885839774,15.060622821905639,15.21326197420376,91.88585369457155,86.82348704527047,85.16760173999882,19.0,-1.0,12.5,19.0,13.752869951512935,13.752869951512935,15.492056784928252,13.908530053772559,15.156029701652777,14.532279877712668,-1.2474996478802176,14.033280018560582,93.15714665186019,93.1004380653647,97.18773947132922,0.7260950518000503,94.05233941316416,13.908530053784748,14.93826293142986,94.05233941316416,90.62548731284578,23.65847211208036,23.420565688606924,23.235527359238702,22.839016653449644,IMG_00112.tif,12.61,telemed_644,13.365887384491032
1,2.0,23.483286671312452,23.494801360443084,24.966366188498675,24.976209994765714,26.524594310249697,26.533293634684558,1.7236250498840624,1.3148672243574082,0.4324121580254398,1.6086818265284464,17.0,13.464037975645624,14.22123866557635,14.969323702111211,15.577026051816034,92.45529542135114,87.12066942591348,83.41780999838167,17.0,-1.0,13.5,17.0,13.713633223994691,13.713633223994691,15.498223846479902,13.741737157489558,15.392682574851802,14.56720986617068,-1.6509454173622446,13.906831699225782,93.4903617171701,93.39113263258898,98.88331698942291,0.6813917254757706,92.3076923076923,13.741737157509005,15.123150708694656,92.3076923076923,90.03374619915655,23.684906159132964,23.499867829764735,23.28839545334391,22.918318794607455,IMG_00113.tif,12.61,telemed_644,13.096822681257663
1,2.0,23.48292428296429,23.49434697083481,24.974162365202975,24.98455609422717,26.50039446785048,26.5088376123059,1.7244910650974676,1.2899995763736278,0.5206364017490803,1.6527324850215992,18.0,14.397993579167277,14.429528831980493,15.161128231294697,15.712039166237474,89.92775772020224,87.86083284152151,83.26405159752268,18.0,-1.0,13.5,18.0,13.77350737532231,13.77350737532231,15.299776679577178,13.88240447926372,15.447025336719127,14.664714907991424,-1.5646208574554075,14.038866565009261,92.8697260958727,92.78238847371954,97.89939661850048,0.6805088471473498,91.83187946074544,13.88240447928119,15.228434940101195,91.83187946074544,89.42463013967149,23.65847211208036,23.44699973565953,23.28839545334391,22.839016653449644,IMG_00114.tif,12.61,telemed_644,13.188882504618732
1,2.0,23.48092817357832,23.492416484807418,24.985181062064804,24.995346755727297,26.508236243353235,26.516078437137637,1.7252430360501505,1.2984189162800643,0.39299263580163657,1.6341475854679774,16.0,15.185851674225944,14.611198338412349,15.087109423163156,15.695740951006798,86.11600583311758,87.43365235166105,82.62792248837063,16.0,-1.0,13.5,16.0,13.805433695452052,13.805433695452052,15.380137627597605,14.129307444835057,15.845196652240658,14.987252048537858,-1.7158892074056007,14.300896365575618,90.92034739786112,90.82192332756355,96.21408450623805,0.734698419730376,89.92862807295798,14.129307444851985,15.54020361680866,89.92862807295798,87.66575252462593,23.684906159132964,23.473433782712135,23.261961406291302,22.839016653449644,IMG_00115.tif,12.61,telemed_644,13.307349403004764
1,3.0,20.013302129136555,20.013388446935714,21.350948765144114,21.351175701922838,22.67141653777603,22.671609853664027,1.5321152895705612,1.1261061171577542,-2.5720870756689185,0.2641676061272211,14.0,12.685439333009555,12.901145538027839,12.699768575753609,13.924828730985297,79.65552699351502,80.03384263393703,72.80125312547773,14.0,-1.0,11.5,14.0,12.591521806747778,12.06728767259068,15.396108464450862,12.435641662781872,14.941052904650098,13.688347283715984,-2.5054112418682264,12.686182786968693,84.79653977535799,84.5611815844222,92.92440176072172,0.4376630506692898,82.47422680412372,12.435641662877227,14.812314614367383,82.47422680412372,78.27235060610445,20.089875759978856,19.984139571768438,19.878403383558023,19.746233148295005,IMG_00116.tif,12.61,telemed_644,14.417259265978771
1,3.0,20.024283397068057,20.024459154731133,21.337182179914596,21.33744170286913,22.686448431714435,22.686865763867768,1.5455423614439041,1.1168642476927317,-2.5685056330959335,0.28258869577369194,15.0,12.798749385937214,13.01454918854906,12.724801786303914,12.724801786303914,78.7959879087919,81.64253634261864,82.53132747600816,15.0,-1.0,11.5,15.0,12.600686363761781,12.208695610503469,15.496936720567874,13.29256894037898,13.149103363052525,13.220836151715751,0.14346557732645346,13.278222382646334,87.5459126877261,87.54505999892568,87.08106486542738,0.4931185808434588,81.83980967486123,13.292568940462509,14.361631504015564,81.83980967486123,80.72039505699374,20.06344171292625,19.957705524715834,19.85196933650542,19.587628865979383,IMG_00117.tif,12.61,telemed_644,14.497588864964086
1,3.0,20.01275319350156,20.01285294697546,21.351374460518713,21.351688219139543,22.69957006596327,22.700060069556102,1.5709465721698017,1.1162605504108387,-2.5882385083766604,0.3106131844950386,14.0,12.886733733060723,12.987881397452034,12.616193687244305,12.616193687244305,80.185422279677,80.34720143517082,83.30386547985825,14.0,-1.0,11.5,14.0,12.56100888378353,13.74814611160042,15.427289979754278,13.137501420760193,14.045680372415523,13.591590896587858,-0.9081789516553305,13.228319315925726,85.18090053467607,85.14944926309595,88.03812171646604,0.43204422186976515,79.14353687549564,13.137501420861444,14.727238493585228,79.14353687549564,78.7123402316496,20.089875759978856,19.93127147766323,19.85196933650542,19.587628865979383,IMG_00118.tif,12.61,telemed_644,14.497344350915341
1,3.0,19.981736948878492,19.98177533492527,21.319163225795247,21.319537024231455,22.682310147119853,22.682874024438828,1.596628189823608,1.1044704996899497,-2.62808212153217,0.33928770352909743,14.0,12.755530164843321,12.654837670437322,12.597520699982425,11.65077332351288,79.78256664580282,81.60480870078764,86.52406456220851,14.0,-1.0,11.5,14.0,12.384026977981534,13.527332984415239,15.080126477863871,13.601623531487832,12.204070438586758,12.902846985037295,1.3975530929010729,13.461868222197724,89.55683478622997,89.46982661534302,84.95348890945405,0.5005268320984455,79.14353687549564,13.601623531564794,14.05532047130646,79.14353687549564,82.26383757086971,20.116309807031456,19.93127147766323,19.85196933650542,19.587628865979383,IMG_00119.tif,12.61,telemed_644,13.527332984415239
1,3.0,19.90699538816404,19.907104669952176,21.227259889985326,21.227747798077786,22.544910824108708,22.54521553630639,1.5051428504870228,1.1329680158671895,-2.5880397470506895,0.3884682356945273,13.0,12.682152192989008,12.767306916531192,12.682152192989008,11.6518892778912,80.48351600450324,80.48351600450324,79.16632728071068,13.0,-1.0,11.5,13.0,12.247172180020868,14.165583702598553,15.552355025545836,13.844425401461727,12.306260857216634,13.075343129339181,1.5381645442450935,13.690608947037218,88.08297679688773,87.98203899626841,83.18219229867577,0.49592595381234583,78.03330689928629,13.844425401545509,14.215742994728224,78.03330689928629,81.05249560276869,19.984139571768438,19.85196933650542,19.825535289452816,19.587628865979383,IMG_00120.tif,12.61,telemed_644,14.165583702598553
1,3.0,24.44536066798713,24.451827160959787,25.672524088842906,25.674983073562235,26.941070876963696,26.941397361623572,1.146392341723589,1.343177858940198,-1.8184580319217383,0.7929830939643948,29.0,10.176034803208069,10.551630119883031,10.267505696019754,10.267505696019754,122.92936859279436,118.3517453053839,118.3517453053839,29.0,-1.0,8.5,29.0,10.668665278380331,10.602746119035487,10.066681514986612,11.851282665765885,9.27585869900643,10.563570682386157,2.575423966759455,11.593740269089938,134.04099459024178,133.37726238575652,119.05982442901472,0.7575074370509629,108.00951625693894,11.851282665795988,12.145637878619798,108.00951625693894,116.21614584741684,24.55722971186889,24.53079566481628,24.477927570711078,24.50436161776368,IMG_00121.tif,12.61,telemed_644,8.793525522861728
1,3.0,24.429820264059437,24.43636357150881,25.669277035138784,25.671705663967355,26.948239086615377,26.948531023253654,1.1544065114543642,1.3577609402904798,-1.7847092811542224,0.7881234770326994,28.0,10.235952862759547,10.590366222782063,10.327981422339292,10.327981422339292,123.47408500005835,118.43920563565206,118.43920563565206,28.0,-1.0,9.5,28.0,10.757825669917906,10.644418474187091,10.138375049093383,11.461610362779421,9.999484419360723,10.730547391070072,1.462125943418699,11.315397768437553,131.44552889714143,131.2428223894071,122.97318332116332,0.7373559296418872,107.53370340999207,11.461610362810113,12.288652495821907,107.53370340999207,114.81169678760187,24.55722971186889,24.50436161776368,24.45149352365847,24.50436161776368,IMG_00122.tif,12.61,telemed_644,8.823634662933046
1,3.0,24.440587160346148,24.447163570360168,25.67480983384806,25.677199338589407,26.95726135449323,26.95753200367076,1.155945699385158,1.354422733925432,-1.7935237291714916,0.7816658169129915,29.0,10.13508175584073,10.602972115240911,10.66558965502395,10.31851938480051,123.38707753835435,118.42344837994254,118.42344837994254,29.0,-1.0,9.5,29.0,10.746750746466603,10.655954873248447,10.125446974065198,12.024553940972046,9.2647529129023,10.644653426937174,2.7598010280697474,11.748573838165072,133.0935375544641,132.347908830181,117.34677709484222,0.7595223908471221,107.0578905630452,12.024553941003015,12.210736641066168,107.0578905630452,115.58409146976251,24.55722971186889,24.55722971186889,24.477927570711078,24.50436161776368,IMG_00123.tif,12.61,telemed_644,8.815960101657197
1,3.0,24.444284422450036,24.45086699427583,25.67765489506787,25.680101604314164,26.95365095332348,26.953947437984155,1.1555738716783703,1.347506572029952,-1.81065961673235,0.7909224285876413,28.0,10.190616563357366,10.602827635764804,10.628427655542083,10.280261448026323,122.46214944361282,117.927479004168,117.927479004168,28.0,-1.0,8.5,28.0,10.770831590690591,10.623409471439402,10.275243263923642,11.065923795307086,10.417824225640189,10.741874010473637,0.6480995696668963,11.001113838340395,131.2234037435012,131.1837679861132,127.38804524796669,0.7598758342912376,108.32672482157018,11.065923795339954,12.314477764440166,108.32672482157018,114.64253859265541,24.55722971186889,24.55722971186889,24.477927570711078,24.50436161776368,IMG_00124.tif,12.61,telemed_644,8.869754829636861
1,3.0,24.442184184045257,24.448768065952542,25.674466279163124,25.676856041457757,26.95999822569145,26.960270751590556,1.1582524267402756,1.3532502588977384,-1.8111790470464455,0.7817131681857704,27.0,10.2679669457805,10.606625563534983,10.2679669457805,10.2679669457805,123.95878660629313,117.79539981227737,117.79539981227737,27.0,-1.0,8.5,27.0,10.923644204206767,10.784957508764819,10.263680994379115,11.70865423175145,9.55684262263237,10.63274842719191,2.1518116091190786,11.49347307083954,132.95605385437923,132.50302444485231,120.47465624866841,0.7605394668423305,107.6923076923077,11.7086542317818,12.20534046986556,107.6923076923077,115.64195736805013,24.55722971186889,24.50436161776368,24.477927570711078,24.50436161776368,IMG_00125.tif,12.61,telemed_644,10.784957508764819
1,3.0,19.984809836736755,19.984975891343684,21.083772254259376,21.083881019572885,22.189498303528975,22.189540784713568,0.9805301897686697,1.2240347036012122,-3.312068647673913,-0.1840381023688565,12.0,11.76792733450516,11.727304548773684,11.963478860650497,11.963478860650497,85.66747051909212,86.76531108367145,84.5696299545128,12.0,-1.0,10.5,12.0,11.272909751176371,12.64293383628251,12.247985898557602,11.472406315559576,12.726808093621747,12.099607204590662,-1.2544017780621708,11.597846493365793,95.38914800344685,95.30416633426682,100.43885071136602,0.519126991306863,79.14353687549564,11.472406315640477,13.496604482971147,79.14353687549564,85.59525754462541,20.06344171292625,19.93127147766323,19.904837430610627,19.42902458366376,IMG_00126.tif,12.61,telemed_644,13.663291468615512
1,3.0,19.988744094479003,19.988907297870142,21.09044000572236,21.09054547248534,22.198663246997736,22.198709767372726,0.9897163927259852,1.2200860767765982,-3.2996455595431606,-0.18119729644129545,12.0,11.817104572830132,11.818911091378688,12.122066983988475,12.122066983988475,85.32195854085705,85.9482386856892,84.6956783960249,12.0,-1.0,10.5,12.0,11.219170511460447,12.635444060943144,12.372940738726584,11.454112058524103,12.873001140370084,12.163556599447094,-1.41888908184598,11.596000966708703,94.93588831014439,94.8287973983504,100.61643019963016,0.522061167588562,78.98493259318002,11.454112058605592,13.57217731089876,78.98493259318002,85.14385770192946,20.037007665873645,19.93127147766323,19.878403383558023,19.34972244250595,IMG_00127.tif,12.61,telemed_644,13.646300474682448
1,3.0,19.981022166576622,19.981213963820885,21.091686548311692,21.09182326302988,22.21272838739878,22.212807781789316,1.0131795386661515,1.2184142793022763,-3.294835613554986,-0.2062948749738527,11.0,11.659789430400167,11.806987214844538,12.190241482326712,12.190241482326712,85.53225371405652,85.53225371405652,84.74073060058754,11.0,-1.0,10.5,11.0,11.209455891282573,12.675221272548242,12.444378033219493,11.218906739725258,13.14747751992871,12.183192129826985,-1.928570780203452,11.411763817745603,94.83871204992057,94.64155681202772,102.65816012867874,0.4627177615490191,79.46074544012689,11.218906739813406,13.578020129993444,79.46074544012689,85.07490711545685,20.037007665873645,19.904837430610627,19.878403383558023,19.34972244250595,IMG_00128.tif,12.61,telemed_644,13.622897925283382
1,3.0,19.969173994793145,19.969378163227745,21.083061935734104,21.083222215289723,22.192801037259382,22.192897673185655,1.0042104137651964,1.219309096192714,-3.3055839744528743,-0.2234130189143027,13.0,11.817367749390996,11.880801394213846,12.189081207928155,12.189081207928155,84.92598189263765,84.92598189263765,84.84766506399734,13.0,-1.0,10.5,13.0,11.384750297852975,12.686440266577165,12.48877500947367,11.667228420407632,12.847253276339783,12.257240848373709,-1.1800248559321513,11.785230906000848,94.09564386567065,94.02337749207074,98.70717470556545,0.5209035675953456,78.50911974623315,11.667228420482136,13.630641120329061,78.50911974623315,84.70302287604962,20.037007665873645,19.878403383558023,19.878403383558023,19.34972244250595,IMG_00129.tif,12.61,telemed_644,13.683447601998239
1,3.0,19.964666059059425,19.96486547720897,21.08112689027438,21.08130172389695,22.203236519552213,22.20337235232074,1.0148681671156563,1.2236387079961144,-3.2859207224580205,-0.23334671774364243,12.0,11.843509311881945,11.799026447350707,12.263230419131247,12.263230419131247,85.07654411427679,84.92830447267423,84.92830447267423,12.0,-1.0,10.5,12.0,11.325032884051154,12.679283495697632,12.547608090428923,11.274947246730667,13.111902608942158,12.193424927836412,-1.8369553622114905,11.458642782951816,94.6649778834403,94.48676716888745,102.07175335074075,0.46459789662952866,79.46074544012689,11.274947246812838,13.566153069537002,79.46074544012689,85.07898559362685,20.037007665873645,19.878403383558023,19.85196933650542,19.34972244250595,IMG_00130.tif,12.61,telemed_644,13.666938891777136
1,2.0,27.95402854725673,27.954864539722724,28.994276915904155,28.995643162116977,30.064535605923332,30.06550270979096,1.0286956892587937,1.0819424808094396,-2.918082380519659,0.5562082776817666,17.0,11.93790757222348,12.737781608331995,13.022425871228762,13.022425871228762,116.43696591231986,116.43696591231986,116.43696591231986,17.0,-1.0,11.5,17.0,15.293448031541146,13.248610633971566,13.059037994192977,17.044403246479163,9.446143965693954,13.245273606086558,7.598259280785208,16.284577318400643,125.47701630405523,121.98211617543528,95.35086862880623,0.6346618803781454,93.73513084853292,17.044403246582206,14.905826797260712,93.73513084853292,108.6515487172547,27.861485593444357,27.887919640496964,27.967221781654775,27.993655828707375,IMG_00131.tif,12.61,telemed_644,
1,2.0,27.96055685227677,27.96142695053649,28.999184943708602,29.000634500046388,30.075252587858223,30.076219340414156,1.0275526804628505,1.0872397094148079,-2.95721376005493,0.5728662526260151,17.0,11.962524627231545,12.693369340112506,13.010335671000007,13.010335671000007,116.36622565868186,116.36622565868186,116.36622565868186,17.0,-1.0,11.5,17.0,15.259037448548924,13.606027308157877,13.028923264659113,17.118077390135635,9.338542240586687,13.228309815361161,7.779535149548949,16.34012387518074,125.85274249941085,122.1641276419041,94.97475704160401,0.6314801527398047,93.10071371927043,17.118077390238284,14.904214009258286,93.10071371927043,108.68828721954692,27.861485593444357,27.887919640496964,27.967221781654775,27.993655828707375,IMG_00132.tif,12.61,telemed_644,
1,2.0,27.957803647700334,27.958640650773237,29.000426338385818,29.001876740229275,30.0771934138874,30.078191758169112,1.0319611387085905,1.0875899686872892,-2.96377663783974,0.5730210294154073,17.0,12.201060885835574,12.685001554018848,13.005434449008504,13.005434449008504,118.3809311376271,116.2244925586525,116.2244925586525,17.0,-1.0,11.5,17.0,15.391493832341325,13.82357467281463,13.056175399932556,17.306969835883585,9.244794313050527,13.275882074467056,8.062175522833057,16.500752283600278,125.65565127548543,121.7223133339194,93.96021753198404,0.6302429011335943,91.03885804916733,17.30696983598751,14.937521035168086,91.03885804916733,108.44085555662168,27.861485593444357,27.887919640496964,27.967221781654775,27.993655828707375,IMG_00133.tif,12.61,telemed_644,
1,2.0,27.9675436414875,27.968374107137958,28.997275567981447,28.998694269583474,30.06045253450611,30.0613843722431,1.0165383982945089,1.0764718668106357,-2.9524540835366393,0.5667554548569957,15.0,12.97883205694933,12.817338120459397,12.988182835342144,12.988182835342144,116.49925611469172,116.49925611469172,116.49925611469172,15.0,-1.0,11.5,15.0,15.449300856113325,13.852142572225716,13.051385619055111,17.7096630196716,9.12228990007928,13.41597645987544,8.587373119592318,16.850925707712367,124.87087366627588,120.51610010488834,91.92182570731984,0.6280439238671309,90.0872323552736,17.709663019771504,15.076694625464377,90.0872323552736,107.50010233570534,27.887919640496964,27.887919640496964,27.967221781654775,27.993655828707375,IMG_00134.tif,12.61,telemed_644,
1,2.0,27.974134903811944,27.974875872445732,29.018376605330765,29.01930519365774,30.066446581911613,30.067316236738364,1.0216861178815262,1.0707542464111064,-2.9500605225326457,0.4583601926995795,15.0,12.965985760577155,12.826581629903728,13.002547746875479,13.002547746875479,116.47315756607627,116.47315756607627,116.47315756607627,15.0,-1.0,11.5,15.0,15.475455351766271,13.855735089186226,13.035730686984607,17.740702572571436,9.108325969621337,13.424514271096388,8.632376602950101,16.87746491227643,124.86418069584848,120.46829787701336,91.7870620202141,0.6287199622058521,90.24583663758922,17.740702572669917,15.073180884659898,90.24583663758922,107.54907641385697,27.914353687549564,27.914353687549564,28.02008987575998,28.072957969865186,IMG_00135.tif,12.61,telemed_644,
1,2.0,24.904045505063745,24.90424385406084,26.187900147239816,26.187984199924262,27.491162784322913,27.49125001888673,1.4241468161626731,1.1628593486632166,-3.993219403078902,0.14516519621563545,19.0,13.396000782412415,14.428152487007864,13.899342108854825,15.380367318092027,93.09226373876393,89.36486547604153,89.36486547604153,19.0,-1.0,13.5,19.0,15.366112185845537,17.708010896534404,13.69421293229459,17.22197250650813,11.603668619211918,14.412820562860023,5.618303887296211,16.66014211777851,101.28517725436352,100.00084476187953,84.06965938662977,0.6384547026698736,74.70261697065821,17.221972506574165,16.51918769375754,74.70261697065821,87.54021351336249,24.980174464710547,24.874438276500136,24.874438276500136,24.742268041237114,IMG_00136.tif,12.61,telemed_644,17.708010896534404
1,2.0,24.904557000865005,24.904771288099692,26.18380214641728,26.18391114368055,27.492907636308754,27.49301239690718,1.4141743298190974,1.1740667789883923,-3.995332029036225,0.16532111226072288,18.0,13.281554136776762,14.448936660472935,14.047711774025885,15.41743787180701,96.11974768657535,89.92134308180785,89.92134308180785,18.0,-1.0,12.5,18.0,15.347048640136336,17.758724742847562,14.064464261454447,17.34399816421464,11.588161684970544,14.466079924592592,5.755836479244094,16.76841451629023,100.97751482460119,99.64301039868958,83.49827913218476,0.6372495824121438,74.54401268834259,17.343998164285736,16.574210290336968,74.54401268834259,87.2599203790124,24.980174464710547,24.874438276500136,24.874438276500136,24.742268041237114,IMG_00137.tif,12.61,telemed_644,17.758724742847562
1,2.0,24.90005886563774,24.900267980256174,26.194913578823087,26.195005029066827,27.51546166958586,27.5155247996431,1.4163400422502888,1.1989167771366411,-4.024270174046557,0.15139828205825523,19.0,13.22733459277029,14.461763995543556,15.458841189901875,15.478448396809853,92.41872736278751,90.15656322665944,90.15656322665944,19.0,-1.0,12.5,19.0,16.346709165018012,17.671122797920503,14.134365146115641,17.136912417982746,11.806379556220518,14.471645987101631,5.330532861762227,16.603859131806523,100.72606257277025,99.58702674549363,84.46080124122167,0.6381526657016561,74.54401268834259,17.136912418048293,16.58510893785115,74.54401268834259,87.18801123251248,24.980174464710547,24.874438276500136,24.874438276500136,24.742268041237114,IMG_00138.tif,12.61,telemed_644,17.671122797920503
1,2.0,24.902297272300956,24.902497427622077,26.226068218454163,26.22613797346925,27.562716557573008,27.562726012027756,1.446008606350031,1.2142199780556493,-4.074678492665367,0.13214729391690344,18.0,12.93983858371054,14.412036772337885,14.050553416312795,15.436866365938215,95.74317684151521,90.31536142098238,90.31536142098238,18.0,-1.0,12.5,18.0,16.468585199405624,17.66832289917852,14.111475303690582,17.1208336494229,11.832030900262287,14.476432274842594,5.288802749160611,16.591953374506836,100.68282268068685,99.56295276665304,84.54466259107485,0.6414493937294913,74.54401268834259,17.12083364949513,16.598170903241787,74.54401268834259,87.12845747055084,24.980174464710547,24.874438276500136,24.84800422944753,24.742268041237114,IMG_00139.tif,12.61,telemed_644,17.66832289917852
1,2.0,24.903226041418794,24.90350835261946,26.22444553879144,26.22453925280645,27.566156453760485,27.566162117374716,1.4476923110874809,1.2149614536677855,-4.083978169269874,0.1531743685465597,18.0,13.47679345353373,14.534889783090588,15.334977844966659,15.434019830847745,96.45503826632074,90.26451814391808,90.26451814391808,18.0,-1.0,12.5,18.0,16.576821428709565,17.586572733605294,14.13654601121479,17.124512149088716,11.982524015865701,14.55351808247721,5.141988133223016,16.610313335766417,100.09217439569363,99.05168214801382,84.5311290544525,0.6429077618261838,74.22680412371135,17.124512149162804,16.70492386111922,74.22680412371135,86.59156142125339,24.953740417657947,24.874438276500136,24.84800422944753,24.742268041237114,IMG_00140.tif,12.61,telemed_644,17.586572733605294
1,2.0,28.1475707355706,28.15812447009968,29.872049677476717,29.87754351621493,31.57574695330173,31.57770065552848,1.6412272625793738,1.7783489228494276,-0.9796782245672476,1.098777594755005,28.0,11.541282642007815,11.99648098583246,12.314384834863716,12.314384834863716,128.03095467992924,121.56064158729139,121.56064158729139,28.0,-1.0,11.5,28.0,14.326448824290026,14.326448824290026,12.374121553491136,18.479705538984774,7.910470294201518,13.195087916593145,10.569235244783256,17.42278201450645,130.60910202747422,123.34804004301567,88.83001238589014,0.6857308274345502,105.31324345757336,18.479705539005877,14.118185981796934,105.31324345757336,115.43132434589711,28.125826063970397,28.072957969865186,28.09939201691779,28.469468675654245,IMG_00141.tif,12.61,telemed_644,16.705605345366166
1,2.0,28.129150129212533,28.139449066808414,29.865526201634943,29.87087593864586,31.577969639343678,31.579886359362,1.64415466813731,1.796282624416277,-0.9297119660857369,1.0843921113581314,29.0,12.164185108189344,12.08920818666977,12.378849269583554,13.509212445278251,122.29663810205558,120.70282364236796,107.66688828564067,29.0,-1.0,11.5,29.0,14.428015751666038,14.428015751666038,11.364102072486048,18.714182289618417,7.800623311379062,13.257402800498738,10.913558978239355,17.622826391794483,130.3729215186903,122.6965613418228,87.69753699446899,0.6857699644023381,105.78905630452023,18.714182289637243,14.13851694142346,105.78905630452023,115.19172074781132,28.125826063970397,28.072957969865186,28.125826063970397,28.469468675654245,IMG_00142.tif,12.61,telemed_644,16.854917512931138
1,2.0,28.258534199504474,28.26877386220741,29.940201206288684,29.945356907132023,31.636312611908387,31.63805729280156,1.656289545136707,1.71299388545743,-1.0304049930028603,1.0632195889484863,27.0,12.05839951438432,12.017356499397819,12.339809796543022,12.92249467476799,124.8474437695613,122.99930890037871,112.79198069680746,27.0,-1.0,11.5,27.0,14.22355133093805,14.136207257663472,11.363874330048475,18.531809954213955,7.535692603750409,13.03375127898218,10.996117350463544,17.4321982191676,133.62977208653308,125.34124704580105,88.9390080672862,0.6864608935522799,105.63045202220461,18.531809954236113,14.050095533870412,105.63045202220461,116.43763327498016,28.205128205128208,28.125826063970397,28.205128205128208,28.548770816812056,IMG_00143.tif,12.61,telemed_644,16.588045682841653
1,2.0,28.293664898365,28.30371907198322,29.972051952289775,29.977123476577066,31.66080897452193,31.662543839798257,1.659867031561903,1.698957736253129,-1.062840670920751,1.0539451985570425,30.0,11.554455518536429,11.979590771487592,12.28840672512979,12.88014537705186,128.38634393182193,123.6185192162815,113.37627734031243,30.0,-1.0,11.5,30.0,14.079264125639952,14.06062702086939,11.73513858199965,18.46859904819395,7.408200157741056,12.938399602967504,11.060398890452896,17.362559159148663,135.01809180316226,126.40600033801995,89.34368007876523,0.6850996211783218,105.63045202220461,18.468599048216753,13.985893119158323,105.63045202220461,117.10682220208221,28.25799629923341,28.152260111023,28.25799629923341,28.548770816812056,IMG_00144.tif,12.61,telemed_644,16.473835383614528
1,2.0,28.31717933779464,28.327009460494974,29.979508103761194,29.984471650511246,31.651757564591758,31.653466494620584,1.6592872121442084,1.6671698219814048,-1.0929734263783286,1.0425370054565612,28.0,11.594444227912632,11.886302257850296,12.265410830728541,12.894798486589679,131.28891472103368,124.17533432729564,113.35373263733227,28.0,-1.0,11.5,28.0,14.073030472965286,14.073030472965286,12.07731756666135,18.404706315442144,7.428762927898944,12.916734621670544,10.9759433875432,17.307111976687825,135.23678827932622,126.71910663852405,89.71717134959252,0.6851882725006748,105.63045202220461,18.40470631546598,13.975070678659417,105.63045202220461,117.29261576002862,28.25799629923341,28.1786941580756,28.310864393338623,28.548770816812056,IMG_00145.tif,12.61,telemed_644,16.41030615265325
1,3.0,19.118291579880317,19.15319657553706,20.23214711884451,20.2654902874108,21.34792330587693,21.380989083764128,1.113231166615051,1.1145613416120206,-0.1676772765560569,3.2871692879035774,15.0,11.476669774367934,11.027265659355585,11.557387082473241,9.753985678121012,92.16502889154232,84.39661874230984,100.06509825066827,15.0,-1.0,10.5,15.0,11.817935281162818,11.804914242802056,10.427887990314275,12.282896551691563,9.775621564316745,11.029259058004154,2.507274987374817,12.032169052954082,100.50687568692851,100.07462002332771,89.99443684997064,0.7590445400358791,80.02699055330635,12.282896551746395,12.843654420850548,80.02699055330635,86.12703861092874,19.18578497525866,19.1183085919928,19.02834008097166,18.82591093117409,IMG_00146.tif,14.82,left_ticks_800,12.411600701959173
1,3.0,19.14727093430939,19.184041488692923,20.25266374731235,20.286182476905307,21.373332150015155,21.404121108643476,1.1524137547759965,1.0676658651745552,-0.09617567080498107,3.294132455506841,14.0,11.512689593373707,11.21233305465596,11.523650703209086,11.593319512954594,87.79199371992677,87.78411055454087,92.3733586224774,14.0,-1.0,9.5,14.0,12.741000859640792,11.474913600119862,10.377949456279794,13.724472125568585,9.016412296452808,11.370442211010696,4.7080598291157765,13.253666142657007,98.68228274275788,97.26312781253587,80.82331913943165,0.6656930759706773,75.03373819163292,13.724472125642611,13.216912684240308,75.03373819163292,83.86865680489737,19.208277103013945,19.163292847503374,19.02834008097166,18.82591093117409,IMG_00147.tif,14.82,left_ticks_800,
1,3.0,19.13599015677129,19.171667378980683,20.247346197783063,20.280070884992327,21.380374440822315,21.411338917647,1.1275871531788093,1.1120843854875053,-0.31662533924046504,3.255360314448616,13.0,9.781269955086714,10.607957467760876,10.751454121996801,11.56723589595012,102.54704481075045,96.17025141008551,85.80396917267528,13.0,-1.0,9.5,13.0,12.893001658501532,11.43093412107595,9.894703969462853,12.945825718697158,8.724510161527514,10.835167940112335,4.221315557169644,12.523694162980194,103.25701859490913,101.94342114711665,85.54113840868257,0.6468642369142875,76.92307692307692,12.945825718774723,12.684760191945035,76.92307692307692,87.27191200221483,19.163292847503374,19.095816464237515,19.005847953216374,18.690958164642375,IMG_00148.tif,14.82,left_ticks_800,
1,3.0,19.120374241622923,19.153410647878726,20.22748896276319,20.258570590763096,21.382580173952086,21.414402639320787,1.0727810081193758,1.1882109833226837,-0.4954461272947994,3.1742465167972456,12.0,10.248302407115276,10.845846449238998,10.601234160191751,9.8953706540388,94.67358033142258,92.7321272886798,94.9031946687408,12.0,-1.0,9.5,12.0,12.76726153289195,10.71115778618946,9.886955559722196,14.058028313260154,8.329185576243109,11.193606944751632,5.728842737017045,13.485144039558449,100.86274166730902,98.63203658984841,78.82495357616577,0.5411988503661631,75.43859649122807,14.058028313340317,13.06921048443891,75.43859649122807,84.67303400552973,19.163292847503374,19.163292847503374,18.960863697705804,18.62348178137652,IMG_00149.tif,14.82,left_ticks_800,
1,3.0,19.065064342914592,19.096565755919695,20.11364893639097,20.143369080699767,21.23359703524295,21.2656983618902,1.0369762526341015,1.1321563533364034,-0.659930689621768,3.112794454602229,12.0,10.462672577471764,10.715600660116799,10.65306258825558,10.65306258825558,91.98731849746532,87.97612244505764,87.97612244505764,12.0,-1.0,9.5,12.0,11.973132067145286,10.974899730632728,10.01727603483232,13.192535943399779,8.875611354780528,11.034073649090153,4.316924588619252,12.760843484537855,101.04377921724881,99.74764090290057,83.65014378459661,0.5311066726990719,75.03373819163292,13.192535943506709,12.938872244357102,75.03373819163292,85.26128828449426,19.18578497525866,19.14080071974809,18.960863697705804,18.62348178137652,IMG_00150.tif,14.82,left_ticks_800,
1,3.0,16.760087630302447,16.767373487240196,18.167224033117638,18.173418997424534,19.591913672200953,19.597070188530257,1.240114607065679,1.5895820942243817,3.19737042498007,1.4960670306158546,19.0,12.952782916426486,12.521871358340576,12.439296304373784,13.638863455326742,78.73905015584587,83.21247306663032,77.26237932205814,19.0,-1.0,11.5,19.0,14.115052703091777,14.90718086090223,11.908930597053313,17.022927011203542,9.154456886582697,13.088691948893118,7.868470124620844,16.236079998741456,76.3019077348954,73.96203154548952,57.213064294763726,0.856452572007223,81.64642375168691,17.022927011148163,12.12270898636576,81.64642375168691,79.75660877021689,17.094017094017094,16.91408007197481,16.59919028340081,16.39676113360324,IMG_00151.tif,14.82,left_ticks_800,14.115052703091777
1,3.0,16.757945684460502,16.765054047102492,18.168943361157883,18.17507154173937,19.596344129313348,19.601431060536754,1.2436598079881578,1.5927172054461067,3.20686370059755,1.4879130279979442,18.0,12.610944608376869,12.532462941726903,12.414151429314586,13.694547732157616,80.91006399883584,82.93612293791688,77.36911877795703,18.0,-1.0,11.5,18.0,14.134828333213648,14.94426841942979,11.932358818695548,16.6061643203078,9.678278024946867,13.142221172627334,6.927886295360936,15.913375690771709,75.4233152103961,73.65569511403656,58.59873760799949,0.8570513300722846,81.91632928475033,16.606164320261918,12.152916453351992,81.91632928475033,79.55015356659169,17.094017094017094,16.91408007197481,16.59919028340081,16.39676113360324,IMG_00152.tif,14.82,left_ticks_800,14.134828333213648
1,3.0,16.75961069907285,16.76691552437715,18.16678720998378,18.172922103254233,19.590677650866887,19.595710431397805,1.238386069717649,1.5904088373030134,3.2008901369142193,1.4888158096461586,18.0,12.501154142390476,12.501272516057773,12.320416213343805,13.53072374016142,81.39534050845108,83.39617034332353,77.23140471383964,18.0,-1.0,11.5,18.0,14.143788270706523,14.860694341945788,11.937117501613045,16.798318749355104,9.837280179628433,13.317799464491769,6.961038569726672,16.102214892382438,74.42291964401333,72.70909313374796,57.95319763789737,0.8573027751776731,81.64642375168691,16.798318749321773,12.337344036645137,81.64642375168691,78.38681985211643,17.094017094017094,16.91408007197481,16.59919028340081,16.39676113360324,IMG_00153.tif,14.82,left_ticks_800,14.143788270706523
1,3.0,16.7627053945796,16.770015494936995,18.16687675749343,18.17305080970337,19.592277793027872,19.597312686832883,1.2385425088539364,1.5887546830419537,3.1838835873979767,1.4935547759389154,18.0,12.608792851674522,12.512845803961419,12.355921102852506,13.52125523796451,81.42185320871491,83.5152104151185,77.34637984677622,18.0,-1.0,11.5,18.0,14.074441965767022,14.71868097369412,11.875496393090316,16.463459741347098,9.684568153201463,13.074013947274281,6.778891588145635,15.785570582532534,75.77320227365479,74.05612119293204,59.110715419593724,0.8577140875283376,82.05128205128204,16.463459741302664,12.124678141861574,82.05128205128204,79.75731415939694,17.094017094017094,16.91408007197481,16.59919028340081,16.39676113360324,IMG_00154.tif,14.82,left_ticks_800,14.074441965767022
1,3.0,16.7585416095598,16.765816304974503,18.164459772555837,18.170633143526587,19.586874910826964,19.59199035794198,1.2351831700910763,1.5909908828763997,3.1912969715668544,1.4935717284538073,18.0,12.618645804551235,12.54143679311119,12.439650405574753,13.677225787493626,80.87592608871697,83.15715603711328,77.28671823897541,18.0,-1.0,11.5,18.0,14.129195115982327,14.936662691071916,11.932071984657398,16.53567200095636,9.742100008122435,13.138886004539398,6.793571992833924,15.856314801672967,75.37519934937352,73.67694946088875,58.843833307023225,0.8569922224601739,82.05128205128204,16.53567200091102,12.161206113750913,82.05128205128204,79.49985907473888,17.094017094017094,16.91408007197481,16.59919028340081,16.39676113360324,IMG_00155.tif,14.82,left_ticks_800,14.129195115982327
1,3.0,18.767979116815336,18.80023322021878,19.829595431490652,19.860847015487213,20.925451935120225,20.954961499549913,0.9896169912185183,1.1651112881126162,0.039830286719021904,3.2146354433205295,9.0,11.558512418897607,12.240456623684349,12.196046116548672,12.196046116548672,92.55589890393465,83.61880712349569,83.61880712349569,9.0,-1.0,11.5,9.0,14.437463897650218,14.437463897650218,11.572035972127424,15.281556490987168,10.202614544281523,12.742085517634345,5.078941946705643,14.773662296316601,86.3477333723741,85.199850707323,71.29962086474927,0.6767018407467901,65.45209176788124,15.281556491057044,14.393751178614265,65.45209176788124,75.59573700454104,18.82591093117409,18.73594242015295,18.55600539811066,18.218623481781375,IMG_00156.tif,14.82,left_ticks_800,14.437463897650218
1,3.0,18.770312274349433,18.802344868325022,19.828560570999226,19.85938944230721,20.920284308075544,20.949070417933893,0.9925108194441049,1.154214730164763,0.038306369780236146,3.1929321815375156,9.0,11.63839749137395,12.331554943030701,12.296779667765207,12.296779667765207,91.15728377812778,82.46375643022799,82.46375643022799,9.0,-1.0,11.5,9.0,14.647561043504368,14.647561043504368,11.761441517034086,15.502324196229743,10.269311240464996,12.885817718347369,5.233012955764747,14.979022900653268,85.45212113922723,84.27264419103936,70.3147332899162,0.6761379569922095,65.85695006747638,15.502324196294419,14.477616456396749,65.85695006747638,75.17364493232004,18.82591093117409,18.75843454790823,18.578497525865945,18.218623481781375,IMG_00157.tif,14.82,left_ticks_800,14.647561043504368
1,3.0,18.76613223236338,18.79804724405698,19.82133397807964,19.851876923816565,20.90514578159868,20.933658543404597,0.9921864388363603,1.1434248605112585,0.018279346239486516,3.1786887211744803,9.0,11.637606833623408,12.411592036493602,12.262761440524343,12.262761440524343,91.25696511821656,82.71720691796412,82.71720691796412,9.0,-1.0,11.5,9.0,14.981891291453906,14.981891291453906,11.745443277591221,15.666109364404555,10.378232841356414,13.022171102880485,5.28787652304814,15.137321712099741,84.55373868975127,83.38708946606756,69.58258564938428,0.6730033818534744,64.1025641025641,15.666109364472819,14.62870474263236,64.1025641025641,74.39772136578259,18.87089518668466,18.780926675663515,18.600989653621234,18.286099865047234,IMG_00158.tif,14.82,left_ticks_800,14.981891291453906
1,3.0,18.76537156497076,18.797143695434578,19.814198764633694,19.84468970760543,20.894853030307477,20.923319588323242,0.9877221870279614,1.1384537058607007,0.007205170703742414,3.176556061925074,9.0,11.773961179360754,12.453249180123052,12.204286782113087,12.204286782113087,90.21690140733057,83.04102869722264,83.04102869722264,9.0,-1.0,11.5,9.0,15.054981385222504,15.054981385222504,11.887796800293131,15.652592816862732,10.609152477493799,13.130872647178265,5.043440339368933,15.14824878292584,83.7373716698052,82.70505936319289,69.63804997371885,0.6706203894166702,63.967611336032384,15.652592816932136,14.73624126515605,63.967611336032384,73.86339601035378,18.848403058929375,18.75843454790823,18.578497525865945,18.218623481781375,IMG_00159.tif,14.82,left_ticks_800,15.054981385222504
1,3.0,18.761075890418194,18.792759360239526,19.820798415817762,19.85120296780592,20.910655669530748,20.939077620143387,0.9913693102667722,1.1549489496370848,-0.023048137343020553,3.1715310413232456,9.0,11.714373704449685,12.384528814079097,12.17335299937207,12.17335299937207,90.46815355169484,83.07168868113808,83.07168868113808,9.0,-1.0,11.5,9.0,14.973759798271658,14.973759798271658,11.850012348096186,15.714740287060776,10.249883371482216,12.982311829271495,5.46485691557856,15.168254595502919,84.87535027934726,83.61572069673389,69.35360182158024,0.6737569073415399,64.1025641025641,15.714740287126183,14.589773063861816,64.1025641025641,74.57143069327132,18.82591093117409,18.75843454790823,18.578497525865945,18.218623481781375,IMG_00160.tif,14.82,left_ticks_800,14.973759798271658
1,3.0,16.53105429666703,16.537876074244583,17.930744743613705,17.937626487565595,19.343246469379597,19.350584742793835,1.2892489597592796,1.5234597087899748,3.992858129804998,1.5871511297674314,12.0,12.727086383313406,12.70343063663523,12.424682370184684,12.360641337683234,87.81925652624491,85.58873110530034,87.95457404051822,12.0,-1.0,11.5,12.0,13.737579922465898,14.28737874426119,12.261907047459431,16.234082616426345,9.09548943665871,12.664786026542528,7.138593179767636,15.520223298449583,77.42616348950995,75.34437432657215,59.08879128042797,0.5633381304575864,87.71929824561403,16.23408261631802,11.5726150894006,87.71929824561403,82.34396232660711,16.689158794421953,16.531713900134953,16.374269005847953,16.194331983805668,IMG_00161.tif,14.82,left_ticks_800,13.737579922465898
1,3.0,16.52505744475687,16.532007580823638,17.930872891440007,17.937735770766665,19.348432255737965,19.355618812340463,1.2923812110323267,1.5312300204845004,3.9699263970557546,1.5849692753683964,11.0,12.535000066516233,12.673140673785978,12.397968163432324,12.385598345686446,87.47795052407757,85.54211140679868,87.47795052407757,11.0,-1.0,11.5,11.0,13.737626842959685,14.347100491989181,12.249666454818566,16.248908495025727,9.06942187972508,12.659165187375404,7.179486615300648,15.530959833495665,77.4594032921329,75.35030588227215,59.0152007351262,0.5644263566002994,87.58434547908232,16.24890849491852,11.579076745152582,87.58434547908232,82.26918453827679,16.689158794421953,16.531713900134953,16.374269005847953,16.194331983805668,IMG_00162.tif,14.82,left_ticks_800,13.737626842959685
1,3.0,16.522573059408483,16.529538509036524,17.92384101398932,17.930815392506386,19.342692144803582,19.34989157566549,1.2846497640618966,1.5357033025670732,3.9599595183111784,1.59810181786624,11.0,12.528228431284532,12.670859884224775,12.38979092609884,12.380329155809562,87.47440477596511,85.58040232875695,87.47440477596511,11.0,-1.0,11.5,11.0,13.702869955507822,14.195360195458363,12.229484893358972,16.244147890031027,9.014983275530865,12.629565582780945,7.229164614500161,15.521231428581011,77.66860881179458,75.51337392300573,59.023706297640956,0.5651894682207088,87.71929824561403,16.244147889924182,11.561439603483148,87.71929824561403,82.38135781341649,16.689158794421953,16.531713900134953,16.374269005847953,16.194331983805668,IMG_00163.tif,14.82,left_ticks_800,13.702869955507822
1,3.0,16.53208851750947,16.538989963632552,17.93135598408789,17.938035692382257,19.33190800722931,19.33891185643729,1.28423601209156,1.515685880713178,3.9794768807526433,1.5636603166059684,11.0,12.520587352885855,12.687425974019721,12.409516047762935,12.409516047762935,87.3811767482788,85.66682827588002,87.3811767482788,11.0,-1.0,11.5,11.0,13.687540460041305,14.156294282811587,12.227946402961152,16.214783800718216,9.04759413597852,12.631188968348368,7.1671896647396975,15.498064834244246,77.66421213753313,75.54730945131008,59.1617702232149,0.5639210539525421,87.58434547908232,16.214783800610114,11.559869299454979,87.58434547908232,82.43984639393463,16.689158794421953,16.531713900134953,16.374269005847953,16.194331983805668,IMG_00164.tif,14.82,left_ticks_800,13.687540460041305
1,3.0,16.557727433098385,16.56383830496054,17.944443718991938,17.950701317121364,19.332513217729314,19.339427296312934,1.2566983319644691,1.5188906593879277,3.985077949944621,1.5129109678176325,12.0,12.494122000368364,12.68354621989382,12.451701346612907,12.42363337339583,88.2705848564769,85.91410991837702,88.06333110763978,12.0,-1.0,11.5,12.0,13.72629349385494,14.25946471985057,12.283081503466633,16.28703126096126,8.994366032851591,12.640698646906426,7.29266522810967,15.557764738150293,77.80125962568013,75.60732282202844,58.99685149159651,0.5632252587374356,88.66396761133603,16.287031260844884,11.510671131674867,88.66396761133603,82.91454949100869,16.734143049932523,16.55420602789024,16.39676113360324,16.194331983805668,IMG_00165.tif,14.82,left_ticks_800,13.72629349385494
1,2.0,22.27089966147049,22.388927811079075,23.80764791521271,23.91919567043771,25.383997378636263,25.492785974811554,1.5055406108880645,1.5983175528444111,1.997072098498613,5.535587054699673,21.0,11.987267779838021,12.03462363945096,11.987267779838021,13.377606882605846,87.31948039438664,90.4047892168199,82.82330536324976,21.0,-1.0,9.5,21.0,14.342178369792833,15.556743950062355,9.666209278635051,19.214703355559458,7.053771272707936,13.134237314133696,12.160932082851522,17.998610147274306,106.28411257206193,98.2516568451717,67.8378481958892,0.7409286583556124,72.33468286099865,19.214703355593738,14.724784406147267,72.33468286099865,87.83683812215087,22.514619883040936,22.199730094466936,22.312190733243366,22.06477732793522,IMG_00166.tif,14.82,left_ticks_800,15.556743950062355
1,2.0,22.226563063436473,22.344334333896295,23.78550207983139,23.89392032129159,25.358313128998653,25.462670792883525,1.526076968860262,1.5922594901269667,1.8228450997764092,5.4602114054016315,22.0,12.196251919460366,11.822381672538963,12.174259964409174,13.14442882100198,85.34899257318868,89.57002711617129,82.5451330311237,22.0,-1.0,9.5,22.0,14.215152100957567,15.587524945040059,9.555874808491126,18.96495899415384,7.426219943130561,13.1955894686422,11.53873905102328,17.811085089051513,104.60574146363469,97.60752941305161,68.56044970001041,0.812359974015935,72.46963562753037,18.964958994184137,14.781212161328966,72.46963562753037,87.33414893860463,22.44714349977508,22.109761583445795,22.22222222222222,21.929824561403507,IMG_00167.tif,14.82,left_ticks_800,15.587524945040059
1,2.0,22.146109687060434,22.262793469260057,23.708325047457507,23.818175781136766,25.26393826666356,25.37228203384385,1.4951982787769502,1.6142902858068398,1.8785883894426785,5.504931513070312,22.0,12.246691762127156,12.039195610022766,12.144608977851732,12.05890455095448,85.46014764563576,87.924551871136,87.924551871136,22.0,-1.0,10.5,22.0,14.437567903516452,15.85178769089029,10.156969565006534,18.734745746352164,8.3244137432338,13.529579744792983,10.410332003118365,17.693712546040327,99.99093904019867,94.88302445226279,69.1111611780239,0.7920877928083059,72.46963562753037,18.734745746375616,15.013446808636491,72.46963562753037,85.69000640095214,22.33468286099865,22.06477732793522,22.199730094466936,21.86234817813765,IMG_00168.tif,14.82,left_ticks_800,15.85178769089029
1,2.0,22.11056805684242,22.22597156618149,23.67826219786594,23.785644785697627,25.243840764434008,25.350656486517963,1.5098535378913749,1.614831382445098,1.7777868182444536,5.446413654296913,23.0,12.398480642194983,11.75478501447556,12.398480642194983,8.880303445814604,89.31324867785979,89.31324867785979,120.69928794319839,23.0,-1.0,10.5,23.0,14.354216276084799,15.990547015659672,9.87077484671056,17.79930330206856,7.892890085734128,12.846096693901345,9.906413216334432,16.808661980435115,105.08258967642949,99.68503590149736,72.50392569965057,0.7862961236408705,73.6842105263158,17.799303302093403,14.382586268823083,73.6842105263158,89.22573278952096,22.33468286099865,22.06477732793522,22.17723796671165,21.86234817813765,IMG_00169.tif,14.82,left_ticks_800,15.990547015659672
1,2.0,22.087438555541077,22.20166706833296,23.63512083881588,23.737861863471586,25.20677136692366,25.30304400366854,1.5236489021493205,1.5777280331862606,1.5384792118831587,5.332680236758122,23.0,12.205575220779735,11.630194733804867,12.490860790931805,12.490860790931805,91.16258939154248,85.27440194210615,85.27440194210615,23.0,-1.0,12.5,23.0,14.846915066648847,15.777020898248992,9.604628370746354,18.699131214390306,7.102548574742538,12.900839894566422,11.59658263964777,17.53947295042553,106.75616207144103,99.17988375998557,69.06872271671521,0.7850917296294437,72.33468286099865,18.699131214410908,14.561259013915937,72.33468286099865,88.07485547877131,22.312190733243366,22.06477732793522,22.109761583445795,21.86234817813765,IMG_00170.tif,14.82,left_ticks_800,15.792636746839378
1,2.0,25.379596651187263,25.417226966675862,26.870136369865538,26.913361083874506,28.437769907282863,28.49030531454305,1.8594459665133964,1.2136323813537893,-0.22298441676850544,3.2477146780441055,22.0,11.24858467392555,11.65375637851605,13.344337819263359,13.593591439073236,107.0033703368729,94.87126708386342,89.05163143012675,22.0,-1.0,11.5,22.0,14.404113476647808,14.404113476647808,8.784370692158404,18.969365203722543,3.2691856627069193,11.11927543321473,15.700179541015622,17.39934724962098,163.9646207687681,131.7451475013394,78.16134217603141,0.7837104194306107,94.46693657219973,18.969365203747348,12.638129462976963,94.46693657219973,116.12513442929107,25.641025641025642,25.461088618983354,25.371120107962213,25.236167341430498,IMG_00171.tif,14.82,left_ticks_800,13.8970111114333
1,2.0,25.382413580547123,25.419913701866744,26.873037120669796,26.916294165210413,28.41978719960873,28.470474568262702,1.8357619506732135,1.2147989157227417,-0.2265334081507328,3.248752292382671,23.0,11.131576556169733,11.694661090820365,13.349083104655534,13.526898739068201,108.32121709515442,94.83689656967967,89.21075908207433,23.0,-1.0,11.5,23.0,14.38231030297257,14.38231030297257,8.845512845538053,18.432463896694134,3.2610531843837913,10.846758540538962,15.171410712310342,16.9153228254631,167.12455606827274,135.02830735935038,80.36398460250429,0.7822288010837418,95.68151147098516,18.432463896719426,12.360459412240065,95.68151147098516,118.70441474837838,25.641025641025642,25.483580746738642,25.371120107962213,25.236167341430498,IMG_00172.tif,14.82,left_ticks_800,13.838609062225828
1,2.0,25.385779066782312,25.423146960642768,26.87897003229638,26.922022787786602,28.44632693988435,28.498918605754938,1.858636397587909,1.2171352475242583,-0.23684060198630597,3.2407248214793465,22.0,11.081252737469214,11.665664369192612,13.304573726181644,13.59410121625561,106.92810495356832,95.07898426642905,89.2963942143239,22.0,-1.0,11.5,22.0,14.373627409711673,14.373627409711673,8.781008571396569,18.48206004431197,3.1410491189641174,10.811554581638045,15.341010925347854,16.94795895177719,169.12898670620726,135.4801142838689,80.16612315179604,0.7798978099474829,96.76113360323886,18.482060044337835,12.32201849324585,96.76113360323886,119.08426962045243,25.641025641025642,25.483580746738642,25.348627980206928,25.236167341430498,IMG_00173.tif,14.82,left_ticks_800,13.916901268715776
1,2.0,25.388009598792753,25.425356950868476,26.88359699152154,26.926603087339068,28.453285770019818,28.50595093449049,1.8651254270706743,1.2154685565513368,-0.2358386065295372,3.238692198191011,22.0,11.108568965070162,11.568587426005447,13.343270272056259,13.643384522377858,106.32614355503767,95.0207402766786,87.79361121804425,22.0,-1.0,11.5,22.0,14.373817988200472,14.373817988200472,8.702794123247088,18.584823984071143,3.3775564608922903,10.981190222481716,15.207267523178853,17.06409723175326,164.1988624833999,133.42416044334925,79.74544226651335,0.7801534315905185,96.35627530364373,18.58482398409421,12.494146841943316,96.35627530364373,117.47964153550505,25.618533513270357,25.483580746738642,25.348627980206928,25.236167341430498,IMG_00174.tif,14.82,left_ticks_800,13.959207856593252
1,2.0,25.39472064631406,25.432141808733398,26.88899346125424,26.931871999666907,28.45694615482868,28.509866278429033,1.865870905961823,1.2118535637338137,-0.23812114709569782,3.233567887935123,22.0,11.22303268718332,11.592125064586027,13.415820976805804,13.483194703031387,106.34140820947296,94.46220529070317,88.20579012461037,22.0,-1.0,11.5,22.0,14.375343052847597,14.375343052847597,8.552951134698048,18.391753480589475,3.4244430132450034,10.90809824691724,14.967310467344472,16.89502243385503,164.4934445856044,134.34316327636995,80.57471046729746,0.7777636779976302,95.00674763832659,18.391753480613826,12.424670227157613,95.00674763832659,118.15772885781715,25.641025641025642,25.483580746738642,25.393612235717498,25.236167341430498,IMG_00175.tif,14.82,left_ticks_800,13.796723380249375
1,2.0,22.316972188214148,22.321748311134808,23.787566840532513,23.792531519045305,25.250885498563395,25.255346051665114,1.7098916253608984,1.2237061151694064,-3.8141815231686547,1.170497313504507,10.0,12.115858521227167,12.685579827004773,12.5965384551466,13.620659302811617,86.89771012608266,85.96638711156574,81.93349393168222,10.0,-1.0,11.5,10.0,13.483939957164182,14.109626441133656,13.08550559346861,10.478704828296733,17.126118543507083,13.802411685901909,-6.64741371521035,11.143446199817767,95.4053980766655,93.54676097037168,122.71319157808236,0.5073510452747867,76.51821862348179,10.478704828600296,16.057656234013333,76.51821862348179,80.68507266887421,22.559604138551506,22.357174988753936,22.17723796671165,21.997300944669366,IMG_00176.tif,14.82,left_ticks_800,
1,2.0,22.321293229901958,22.32589816913402,23.788102953744946,23.7930260446939,25.251944868914194,25.256357008377403,1.702950555257216,1.2275082839861688,-3.821192372274378,1.1655722749001811,10.0,12.118143792794129,12.59758836388669,12.584076876767654,13.533016599593907,87.05058095297211,86.59868806358072,82.42605294898279,10.0,-1.0,11.5,10.0,13.372079002931116,14.007449782936845,13.05851006011062,10.403358745341771,17.07250529536857,13.73793202035517,-6.669146550026797,11.070273400344451,95.89285015399254,93.99412617026903,123.6141444184533,0.5084424504678822,76.92307692307692,10.403358745645578,15.993177079830001,76.92307692307692,81.01630850536432,22.559604138551506,22.357174988753936,22.17723796671165,21.997300944669366,IMG_00177.tif,14.82,left_ticks_800,
1,2.0,22.30930586489201,22.314252522274604,23.785160096410042,23.790149393116888,25.24876789350208,25.25324238666588,1.7077503556303089,1.231239508760971,-3.82155335472475,1.1734546270701633,10.0,12.099537787458274,12.622658014828046,12.60088816298196,13.520433784282147,86.6136906737778,86.1447370636326,81.68046034392646,10.0,-1.0,11.5,10.0,13.436494783747207,14.007565554388634,13.088019933088447,11.675345317232065,15.45352363603522,13.564434476633643,-3.778178318803154,12.05316314911238,95.74197119630205,95.12460676165327,110.24784238906872,0.5060274860074285,74.35897435897435,11.675345317480788,15.83487175449276,74.35897435897435,81.76328005859655,22.559604138551506,22.357174988753936,22.17723796671165,21.997300944669366,IMG_00178.tif,14.82,left_ticks_800,
1,2.0,22.320782940810346,22.325536410510985,23.794352380928576,23.79923049628647,25.25220922436993,25.25659753652397,1.7056785933816019,1.2253825326313779,-3.8142794009436485,1.1600844999917619,10.0,12.111334878588266,12.845831840235437,12.81437027014681,13.449233803036435,87.03647670614325,86.88054494140903,81.44561954795586,10.0,-1.0,11.5,10.0,13.311321020849562,13.946184553739158,13.01886368772358,11.634737195605757,15.433465964487306,13.534101580046531,-3.798728768881549,12.014610072493912,96.01064406563962,95.38190858764867,110.68311974231963,0.5074944405992959,74.89878542510121,11.634737195851029,15.783945934031248,74.89878542510121,82.06172682635209,22.559604138551506,22.357174988753936,22.199730094466936,21.997300944669366,IMG_00179.tif,14.82,left_ticks_800,
1,2.0,22.31751897610148,22.322028094736375,23.788786446693244,23.793579431747563,25.24745371444742,25.251858523506613,1.7115352834544268,1.218295145315812,-3.827345486289266,1.1500535630497113,10.0,12.091977432805123,12.814692471063372,12.49850881985978,13.489820775350495,88.03146445396749,86.8758899898342,82.05304700542412,10.0,-1.0,11.5,10.0,13.398893314698853,13.974042676374268,12.982730720883524,11.552379572134864,15.424944550608576,13.48866206137172,-3.8725649784737106,11.939636069982235,96.34160340654029,95.68130646066655,111.4427972570111,0.5102109251489583,75.16869095816465,11.552379572382259,15.736053408417867,75.16869095816465,82.29144099545303,22.53711201079622,22.357174988753936,22.22222222222222,21.997300944669366,IMG_00180.tif,14.82,left_ticks_800,
1,2.0,26.985583864672574,27.012765227190215,28.46215770223567,28.484779732950717,29.94241533412429,29.960810259098817,1.7057036395135807,1.2423413923950188,-1.4929602058003404,2.2836299903502906,14.0,12.213941178703806,12.679530856559323,13.279619541005388,13.813128345953544,112.04731336591297,105.48086579370788,103.82939169636974,14.0,-1.0,11.5,14.0,14.081356851678947,14.081356851678947,12.559778473765732,13.903385639119204,12.362376384119834,13.132881011619519,1.5410092549993706,13.749284713619268,119.01635047932386,118.88066748939039,112.41174886053587,0.5351628075948573,96.22132253711202,13.903385639208334,15.030519161509792,96.22132253711202,104.15507594365098,27.125506072874494,26.968061178587494,26.810616284300494,26.51821862348178,IMG_00181.tif,14.82,left_ticks_800,
1,2.0,26.981840798904315,27.00889550183881,28.459779250766683,28.482312194674623,29.94040617181622,29.958702754920523,1.7076912480969924,1.2421160049847213,-1.4980936119845019,2.279227165944642,14.0,12.401338655478156,12.691795021404785,13.148708310761634,13.671109322902112,112.08006093967919,103.55319158149531,103.40417334065259,14.0,-1.0,12.5,14.0,13.94163625478734,13.94163625478734,12.90212736609817,13.089019377624957,12.831450451037467,12.960234914331211,0.2575689265874894,13.063262484966208,120.42344733904542,120.41951181280608,119.25506944528914,0.5368519505509525,98.110661268556,13.089019377712965,14.856383875049405,98.110661268556,105.33293815538185,27.125506072874494,26.968061178587494,26.810616284300494,26.51821862348178,IMG_00182.tif,14.82,left_ticks_800,
1,2.0,26.985625063291483,27.012692816453065,28.45984231609278,28.482330858505943,29.940928919229435,29.95919204900596,1.701262837002867,1.2452363955500254,-1.4917693394432416,2.276979391386381,14.0,12.551940200371845,12.706942736170234,13.140132117680366,13.140132117680366,111.26573385209551,103.91864703267602,103.08095504436163,14.0,-1.0,11.5,14.0,13.701138081548152,13.701138081548152,13.119413789434077,13.22079797561045,12.71149688442894,12.966147430019696,0.5093010911815111,13.1698678664923,120.39786049916398,120.3824893224255,118.10387699499485,0.5357451783348228,97.30094466936572,13.22079797570182,14.86378064797988,97.30094466936572,105.29652536835447,27.14799820062978,26.968061178587494,26.810616284300494,26.51821862348178,IMG_00183.tif,14.82,left_ticks_800,
1,2.0,26.979823617916292,27.00693276841453,28.453744715882575,28.47631570123858,29.93751080660664,29.955975516141184,1.7046352136984488,1.2444075340282028,-1.5270979574678143,2.281390771054106,16.0,12.975133469669046,12.718908795709037,13.162553396580279,13.162553396580279,105.12888459185447,103.35368364301785,103.35368364301785,16.0,-1.0,11.5,16.0,13.471569295491463,13.471569295491463,13.08184896459943,13.625759643805706,12.367334938386929,12.996547291096318,1.2584247054187778,13.499917173263828,120.17341062226829,120.08013211980197,114.6328539822455,0.6829117701975458,95.1417004048583,13.625759643886212,14.896730778425198,95.1417004048583,105.04647643128075,27.14799820062978,26.968061178587494,26.810616284300494,26.51821862348178,IMG_00184.tif,14.82,left_ticks_800,18.147037131348213
1,2.0,26.968691418283928,26.996166766064817,28.451033177684568,28.473716455889917,29.943058162699057,29.961536671684676,1.7144700494538936,1.250899856165963,-1.5558537394513496,2.2871639519025324,17.0,12.774293217118498,12.585748838977926,12.95761944861249,12.95761944861249,107.44383100979202,104.1212431042478,104.1212431042478,17.0,-1.0,11.5,17.0,13.24962762385428,13.24962762385428,13.066301392360288,14.803808028011034,11.237850338702025,13.020829183356529,3.56595768930901,14.447212259080134,120.56440600403953,119.81243595206104,105.64897824517352,0.6838741500527735,89.06882591093117,14.803808028098835,14.945354559380286,89.06882591093117,104.67085914164102,27.125506072874494,26.968061178587494,26.78812415654521,26.51821862348178,IMG_00185.tif,14.82,left_ticks_800,18.091666211414122
1,2.0,25.679234571632055,25.84676425902162,26.77355680300479,26.939023403510404,27.96832984680175,28.131040841740273,0.9767180434012971,1.3075585393173588,0.48213278752782646,6.3536666483614574,22.0,8.624433606063803,7.7148223517763626,7.569117221552773,7.417479758935656,151.76610834390732,187.0535825618896,192.94793146845848,22.0,-1.0,6.5,22.0,10.247864818775042,12.366568879761246,6.97758500254821,15.195871686773678,3.4225536063282496,9.309212646550964,11.773318080445428,14.018539878729136,187.96740785012466,159.519692697485,98.444752757241,0.5817221448326089,80.16194331983806,15.19587168686839,12.551606208092178,80.16194331983806,118.73935866265474,25.588837999479555,25.83530628575371,25.946573089960907,26.195238876872818,IMG_00186.tif,14.82,left_ticks_800,
1,2.0,25.646068944329578,25.812801398980138,26.84383046179673,27.01028560891584,28.092862955732432,28.257756818214244,0.9809691836553888,1.4639862355787134,0.7052872509035333,6.364216466493856,22.0,8.819294776114333,7.952917402972677,7.809970568059583,7.635724646795808,154.90492635550908,189.57601717936956,195.98621481414068,22.0,-1.0,6.5,22.0,9.552896414328984,12.345112484702895,6.834884056809699,15.155426987567914,3.260462827220149,9.207944907394031,11.894964160347765,13.965930571533137,191.51548215464885,161.05868099982672,98.57886948699142,0.5848451618798377,79.89203778677462,15.155426987664937,12.513594825034701,79.89203778677462,118.94655102524676,25.57071723732661,25.79777661991075,25.91293802293723,26.162149696073282,IMG_00187.tif,14.82,left_ticks_800,
1,2.0,25.806090638867193,25.97432827399169,26.7047587122543,26.87023183229694,27.638470878371923,27.799992277439497,0.9868014162497525,0.8388625871980565,0.3745018007368993,6.361928403099045,21.0,8.549562189321506,7.6394259341111255,7.4563076220236155,7.294104014470207,150.96703356965847,183.90657238676647,189.63112052901445,21.0,-1.0,6.5,21.0,10.159304155605867,12.758196602550811,7.154481850998309,15.400138376534256,3.696198107625047,9.548168242079651,11.703940268909209,14.229744349643335,181.93010659601222,156.31579714791434,97.64008978966847,0.5768007097350576,80.43184885290148,15.400138376627437,12.693087356419875,80.43184885290148,118.00540113985757,25.745049620517193,25.96471519809532,26.04804493020102,26.32317126035613,IMG_00188.tif,14.82,left_ticks_800,
0,,,,,,,,,,,,,,,,,,,,,,,,,,,,,,,,,,,,,,,,,,,,,IMG_00189.tif,14.82,left_ticks_800,
0,,,,,,,,,,,,,,,,,,,,,,,,,,,,,,,,,,,,,,,,,,,,,IMG_00190.tif,14.82,left_ticks_800,
1,3.0,26.365212906276007,26.519753861262696,27.564040561052845,27.72064982351571,28.630921048721692,28.784962254580083,0.8725618112069652,1.392646582110412,5.8128711563174225,6.0932546031173,28.0,12.445300657947556,12.460584059391554,12.219573592782211,12.219573592782211,118.25160886102915,120.21011397386395,120.21011397386395,28.0,-1.0,11.5,28.0,16.39076864657295,16.39076864657295,12.528388528435073,19.269416261586727,10.098142214486543,14.683779238036635,9.171274047100184,18.35228885687671,107.56405425918042,104.00346716457383,79.8860043438497,0.8202298564524346,96.35627530364373,19.269416261586084,14.644061008250109,96.35627530364373,104.2793554304841,26.40345745107686,26.501757370552927,26.564696325294637,26.58569500674764,IMG_00191.tif,14.82,left_ticks_800,16.39076864657295
1,3.0,26.3706474108083,26.525606496912115,27.560097721537232,27.715303764659996,28.627544986839165,28.78230823800833,0.8740710886074444,1.382630652488773,5.840091246548341,6.0664552999667904,29.0,12.785261881563486,12.58362682350629,12.2413585134328,12.2413585134328,115.53014699772761,120.24687496987846,120.24687496987846,29.0,-1.0,12.5,29.0,16.396678144955217,16.396678144955217,12.516843175167878,19.326957806693564,10.086033976621291,14.706495891657426,9.240923830072271,18.402865423686336,107.46981902514015,103.86812342401825,79.67391237381871,0.8238870635329019,96.22132253711202,19.326957806693034,14.668676919136374,96.22132253711202,104.13001837450054,26.383028615604736,26.503910337585005,26.56695906658831,26.58569500674764,IMG_00192.tif,14.82,left_ticks_800,16.396678144955217
1,3.0,26.371694816613523,26.526843421942086,27.558499918314553,27.713264877624127,28.6045784650564,28.758567921464422,0.8711976748716763,1.3605268246506603,5.840872339111176,6.058043956114855,29.0,12.673614895948248,12.64072219520288,12.22926401007797,12.22926401007797,116.37295603101146,120.20497465526006,120.20497465526006,29.0,-1.0,12.5,29.0,16.392257197674184,16.392257197674184,12.487413529531409,19.518077049312126,10.082516705336447,14.800296877324287,9.43556034397568,18.57452101491456,106.9182073422631,103.22699271621168,78.9257081677805,0.8226156771085109,96.08636977058029,19.518077049311465,14.754857089909562,96.08636977058029,103.53780444954123,26.38086553147022,26.50218252902627,26.56576409537234,26.58569500674764,IMG_00193.tif,14.82,left_ticks_800,16.392257197674184
1,3.0,26.364259861641287,26.519177546512363,27.550297241357004,27.705080064038597,28.58832621573536,28.74047561761997,0.8692334377323689,1.3520646333752446,5.839867130218903,6.0592895633675745,30.0,12.725104409015572,12.550330652644568,12.215853677748385,12.215853677748385,115.98387950859279,120.35740687301698,120.35740687301698,30.0,-1.0,12.5,30.0,16.37927178278477,16.37927178278477,12.470624267634946,19.304464475979465,10.038645659283604,14.671555067631534,9.265818816695859,18.377882594309877,107.7322520332465,104.08371445984845,79.74303299231805,0.8235576298727013,96.49122807017544,19.304464475978875,14.62815904613005,96.49122807017544,104.38572190623482,26.380005771046083,26.50114275574865,26.564503961532683,26.58569500674764,IMG_00194.tif,14.82,left_ticks_800,16.37927178278477
1,3.0,26.350107462587346,26.504856659564627,27.542444276613548,27.69849350985368,28.590609747084184,28.74444296892315,0.8735793436556446,1.3660069657028786,5.824270556571864,6.084774417867017,29.0,12.76934167503262,12.547124315303039,12.199367581411138,12.199367581411138,115.57085878329485,120.50788102812412,120.50788102812412,29.0,-1.0,12.5,29.0,16.35374133931495,16.35374133931495,12.462776430897748,19.14645294331266,10.080005525863955,14.613229234588307,9.066447417448703,18.23980820156779,107.96144301969792,104.43612362611776,80.33467416316003,0.8256891995353781,96.35627530364373,19.146452943312223,14.58072879712965,96.35627530364373,104.66384785891859,26.37844217052179,26.499037853435887,26.561736431168534,26.58569500674764,IMG_00195.tif,14.82,left_ticks_800,16.35374133931495
1,2.0,18.838163809368233,18.843411013950725,20.20567331535028,20.212205692900735,21.56952621272001,21.577233339272443,1.8333743839490322,0.9004479413726872,0.2915643878314996,-1.4567268051895053,20.0,15.329421299746357,15.861637303112515,15.370358841801163,15.394815498662581,66.14119973958421,65.97074760171714,65.30775448450571,20.0,1.0,13.5,20.0,15.62788123366093,17.47450446858005,14.868204008263973,16.771394378636305,14.486005231665391,15.628699805150848,2.2853891469709136,16.542855463939212,70.06432023840851,69.94063719921515,65.29861642221479,0.849495274679034,68.44006568144499,16.771394378646487,16.321806815833874,68.44006568144499,67.04633272931402,18.91625615763547,18.78489326765189,18.87246852764094,19.047619047619047,IMG_00196.tif,15.225,juniper_right_8,18.100553702280735
1,2.0,21.96588755199372,21.966093759059728,23.91998183125062,23.920212967658205,26.110111163574746,26.112814843206873,1.1201670794027865,3.0265540047443587,-6.159528451506612,0.2518776533394664,16.0,16.757484123642243,15.88502713787831,15.953494091695859,16.609984712146456,103.36196542319612,109.0098095029715,107.16282741281226,16.0,1.0,16.5,16.0,14.240263006681943,14.240263006681943,15.386495182684001,15.136000550406632,14.068245914220698,14.602123232313666,1.0677546361859338,15.029225086788038,87.07995868270491,87.04150430149748,84.03939267326128,0.7764330148866432,121.18226600985221,15.13600055036019,12.25823565027493,121.18226600985221,103.35253437907947,21.94854953475643,21.94854953475643,22.00328407224959,21.921182266009854,IMG_00197.tif,12.18,juniper_right_10,14.240263006681943
1,2.0,18.16368289385789,18.16519526540073,19.16639529601363,19.16643638502022,20.073852762999962,20.07472936419854,0.9482828159796862,0.9612512828181242,0.9541898047361979,0.11863964611117044,20.0,12.548678027368098,12.954868602938253,12.945789585754795,12.47893416083997,81.75926212775013,80.05806556900137,83.02908379468366,20.0,-1.0,11.5,20.0,13.737242863330664,15.493313956013253,12.983165228017185,14.945023000199528,11.67395200268534,13.309487501442435,3.271070997514189,14.61791590044811,79.29041617087327,78.89268616733702,70.42462863445915,0.7234711827758883,80.04175365344469,14.94502300019389,12.966583410984303,80.04175365344469,80.94185499790048,18.204592901878918,18.121085594989566,17.95407098121086,17.787056367432154,IMG_00198.tif,15.966666666666663,juniper_right_15,15.493313956013253
1,2.0,16.57134889662481,16.57137977095923,17.390295459304742,17.390304777168637,18.260983878547435,18.260997927157906,0.8769265352482469,0.8126916209504291,0.7062485474252779,0.05931195431889488,14.0,12.085930701315206,10.45632376263911,12.859661772090277,13.000428693066794,77.1891184200669,76.13962441313377,72.71714727746112,14.0,-1.0,13.5,14.0,15.44980702667587,14.643921965418912,7.928031203547221,17.419424362882573,5.91444554978476,11.666934956333666,11.504978813097814,16.268926481572795,89.72353627589439,81.94529525375377,55.3544812134763,0.7585844306244587,73.15240083507308,17.41942436287093,11.257552059017215,73.15240083507308,84.88468779765542,16.43006263048017,16.43006263048017,16.57620041753654,16.722338204592905,IMG_00199.tif,15.966666666666663,juniper_right_15,16.15343409805584
1,2.0,18.52309232954181,18.523566777820015,19.38674598610657,19.387116665762406,20.263762174847198,20.264070908015917,0.7339799421208042,1.0065241880751015,0.7212387079298017,0.3543081039517322,18.0,16.25654377444573,16.650623417033326,16.284337857539697,16.7537962835236,66.240325307174,66.09964047702402,64.6126453008059,18.0,-1.0,15.5,18.0,18.18030329544635,18.60795797070216,16.25982330212267,19.553480437299072,14.95661752315301,17.25504898022604,4.596862914146061,19.093794145884466,62.81258162459205,62.44424569034362,55.34303110779458,0.778120531637619,62.12943632567851,19.553480437293317,17.070749912326246,62.12943632567851,63.098014325961984,18.559498956158667,18.559498956158667,18.53862212943633,18.726513569937374,IMG_00200.tif,15.966666666666663,juniper_right_15,18.082816295070756
1,2.0,18.918240442196176,18.91824082615768,19.77349699877611,19.773682706743347,20.67523397583197,20.676364439635424,0.9923966702069359,0.7657269432708059,0.020377543848148258,-0.24831871814954434,32.0,11.664027485256739,11.940431297201654,11.696063025067275,12.184154086766625,91.66931241312008,91.63316861395101,88.7911753550538,32.0,1.0,11.5,32.0,12.382711425111978,13.602692363971954,11.982027429774064,12.487041698905111,11.568920654085275,12.027981176495192,0.9181210448198355,12.395229594423126,90.82677442084398,90.78291972605541,87.49560145162647,0.8822241213738885,93.26765188834155,12.4870416989035,11.88941594832373,93.26765188834155,91.82545290352253,18.87246852764094,18.960043787629996,19.00383141762452,18.65353037766831,IMG_00201.tif,15.225,juniper_right_8,13.602692363971954
1,2.0,21.635111432374835,21.6565952756888,22.77208215111043,22.78099367563249,24.025050233741645,24.03075135832996,1.522906901546135,0.8512491810950226,-4.33966025680792,-1.6026602302844495,30.0,14.182403723621022,13.87848220831905,14.1387576244517,15.05912455798574,93.67586764528951,92.40594670981773,90.17367563916649,30.0,1.0,13.5,30.0,14.76733909689304,16.11777771792535,13.400674020946212,18.111582349108286,9.923477160801559,14.017529754954921,8.188105188306727,17.292771830277612,91.87414807479774,89.22120280385533,69.51827918509936,0.8720143924640714,91.82266009852216,18.11158234909806,12.853212972609134,91.82266009852216,97.1483626405048,21.78434592227696,21.652983032293378,21.60919540229885,21.47783251231527,IMG_00202.tif,15.225,juniper_right_8,17.26099542167438
1,2.0,19.66115049661823,19.661197610568117,20.684402637521032,20.68442216755912,21.703102040588096,21.703112143826143,1.249390652084595,0.7925238811734316,-2.696450514208668,-0.07873494219505987,32.0,14.402378659721421,14.559034142940005,14.408643283440227,15.34253403847947,86.66889419351216,84.23410861890862,82.92049482249881,32.0,1.0,13.5,32.0,14.059617500055197,14.61102054921625,14.802329837527168,12.664995445455066,16.04470492744814,14.354850186451603,-3.3797094819930757,13.002966393654372,79.64086524031687,79.27489207439571,89.64349354346668,0.7675188943119409,104.95894909688013,12.664995445430952,12.968152172783832,104.95894909688013,87.58255830805956,19.616858237547895,19.638752052545158,19.72632731253421,19.770114942528735,IMG_00203.tif,15.225,juniper_right_8,17.630409579933684
1,2.0,20.76441822421677,20.764793962462925,21.917258124042682,21.91749207426822,23.079194184017016,23.079372482022677,0.7790199793668684,1.535558540192884,-7.367545350908775,-0.26473070826430817,22.0,14.416980533545939,16.165272404306464,16.60044150215043,20.21481383946812,108.30956954512382,102.53520974932349,85.05908358289722,22.0,1.0,13.5,22.0,19.8988998501832,18.72413844733694,14.44304382603184,22.845639842868756,9.786543149824018,16.316091496346388,13.05909669304474,21.539730173564287,78.07399911208641,73.75892100510572,53.371710603199666,0.7726178817394653,95.5008210180624,22.84563984280526,12.962616247953134,95.5008210180624,92.37693122694873,20.623973727422005,20.733442802408323,20.8648056923919,20.886699507389164,IMG_00204.tif,15.225,juniper_right_8,21.86387706952607
1,2.0,21.564249349175395,21.582374531544303,22.613517923593687,22.64251029866595,23.712314766125704,23.75687397902436,1.2432256224542448,0.9312738250258099,0.7557741299625111,-2.89977026416449,22.0,12.028974732086567,12.21885440021791,12.201572715783044,12.905998616834012,87.74470385372243,85.39486313659638,85.39486313659638,22.0,1.0,10.5,22.0,12.693379257048719,12.693379257048719,13.119652298155643,14.214116692162364,10.880103281800062,12.547109986981212,3.3340134103623003,13.880715351126133,99.91743570623167,99.33059422810477,87.88081986009426,0.79830765385458,83.64532019704431,14.214116692179333,13.853260086122255,83.64532019704431,90.12344237378852,21.60098522167487,21.57635467980295,21.60098522167487,21.724137931034477,IMG_00205.tif,13.533333333333337,juniper_right_9,12.655583401970205
1,2.0,19.4775888652212,19.47802656809001,20.57602335996815,20.576039868408678,21.683353472338773,21.685011804355618,1.0873060174814004,1.119679218784209,-4.4511753029581325,-0.07257880071385737,19.0,14.488699924897304,14.415602959773171,14.488699924897304,14.488699924897304,108.39262142998705,107.22213943634102,107.22213943634102,19.0,1.0,14.5,19.0,14.4046819589868,14.637774779683866,11.789123383982485,16.31217502887694,11.315765393968995,13.813970211422967,4.996409634907945,15.812534065386146,82.4264144328457,81.52716837522689,69.3068536465366,0.6693645524184675,107.88177339901475,16.312175028811193,11.438336521116796,107.88177339901475,98.15918463839782,19.507389162561573,19.556650246305416,19.53201970443349,19.581280788177335,IMG_00206.tif,13.533333333333337,juniper_right_9,15.35529916680619
1,2.0,15.154316513803673,15.164599697671665,16.47082235639192,16.478382467864485,17.752236669472108,17.757536755704706,1.3207407910159583,1.272196267017085,-5.907939410618909,-1.7356455773147381,19.0,15.92348333016335,16.08179775259452,16.465065032611278,15.92348333016335,63.48397052863417,63.48397052863417,63.48397052863417,19.0,1.0,15.5,19.0,16.003184209510266,15.863811061950003,16.544765911958194,14.806200816677853,18.440796295043235,16.623498555860543,-3.6345954783653824,15.16966036451439,53.08524850376332,52.87569402886538,59.192832182009845,0.7743940644254413,70.93596059113301,14.80620081663405,14.684746540073682,70.93596059113301,59.67150267881458,15.150519978106185,15.194307608100713,15.172413793103448,15.172413793103448,IMG_00207.tif,15.225,juniper_right_8,15.271290320848465
1,2.0,20.336673039617,20.34046430767805,21.79005664630907,21.794429647624337,22.959268137011385,22.965264094294884,0.7210254723166919,1.9037743143001442,-2.7542151445647494,-1.1477886928424224,28.0,13.585434570060727,13.863287943874871,14.494368717879098,15.10026727960286,86.431698713494,85.70823901759736,85.70823901759736,28.0,1.0,13.5,28.0,17.2763918750006,17.2763918750006,16.650000685924965,17.19512847459619,16.213795636339434,16.70446205546781,0.9813328382567537,17.096995190770514,70.68534600037532,70.66526529617701,68.70715565500535,0.8515237353229077,95.89490968801314,17.19512847457065,14.762135699167583,95.89490968801314,79.71404526388396,20.120415982484946,20.251778872468527,20.40503557744937,20.558292282430212,IMG_00208.tif,15.225,juniper_right_8,14.188340345333927
1,2.0,17.931271174565122,17.968673249130617,18.670467457279504,18.701011235860808,19.46578785233738,19.487605462072178,0.9084139700541566,0.6105182428874034,-1.948181551096772,-3.275107757630474,15.0,18.35114452996524,17.65318800390822,17.263504844990678,17.263504844990678,53.196362830942014,57.292380335560246,57.88872577066191,15.0,1.0,16.5,15.0,17.273181205534428,16.658233183109076,19.556428894489812,17.376895837768675,18.094086668185067,17.73549125297687,-0.7171908304163919,17.448614920810314,58.92266850391048,58.914751553433234,60.091867397942934,0.3641244392897108,53.858784893267654,17.37689583793378,18.605289518900573,53.858784893267654,56.251293017690074,18.01165971159168,17.90914066776136,17.90914066776136,18.0623973727422,IMG_00209.tif,15.225,juniper_right_8,16.658233183109076
1,2.0,16.387020133540457,16.387091511438598,17.465652760911986,17.465744424412623,18.567064805788046,18.567185635926986,1.1249530062272137,1.0551411182611705,-1.3522232702710546,-0.1856275741706339,23.0,11.254861981879458,11.487964968417321,11.492967517939775,12.25820633764559,89.99124340993475,89.59279426809827,83.87957060915039,23.0,1.0,10.5,23.0,11.704083462706137,11.591209860366803,10.01086942050756,11.925493514660399,10.205794076805025,11.065643795732713,1.7196994378553738,11.753523570874862,85.54207689701299,85.3704699116908,79.29486376519249,0.7815158879206701,84.20361247947454,11.925493514649665,10.424965879671053,84.20361247947454,90.55353707648443,16.354679802955665,16.37657361795293,16.420361247947454,16.551724137931036,IMG_00210.tif,15.225,juniper_right_8,11.704083462706137
1,2.0,27.323428514525393,27.36755749360011,28.401145390422077,28.450923155667837,29.47945071747203,29.535419006675895,1.119482643824087,1.0483788692516995,-2.743999819764401,-3.3897719921147607,26.0,15.391221876929919,15.650578711276495,15.663005610942207,17.707039513995625,99.03283433341024,97.26571699950756,87.42064641414527,26.0,1.0,14.5,26.0,18.562617547039565,18.562617547039565,14.523540573007693,19.85760056892302,13.696953053997722,16.777276811460368,6.160647514925294,19.24153581743049,95.72236847857484,94.65037263109494,80.43080871636133,0.8408610412104031,92.61083743842364,19.857600568921853,16.68996694153023,92.61083743842364,95.13132044242543,27.640941434044883,27.36726874657909,27.312534209085936,27.339901477832512,IMG_00211.tif,12.18,juniper_right_10,18.451819681814186
1,2.0,21.085637469636595,21.087468586830873,22.031620544120027,22.03303117321488,23.000814510213875,23.00248014443723,0.9682716918094719,0.9467398657968815,-2.7606248154418727,-0.6483495913617169,14.0,22.904094462336275,22.79531994197309,22.864501469535924,22.864501469535924,55.71144278417508,56.108851021222314,56.45098066600661,14.0,1.0,20.5,14.0,23.666052798228122,25.216865691803406,22.86184289734757,24.34549869673461,21.939733893827807,23.142616295281208,2.4057648029068024,24.104922216443928,53.67649354184283,53.62928828758258,51.12931524929745,0.7462739959478262,58.45648604269294,24.345498696531006,22.13105846142587,58.45648604269294,55.94893918309231,21.291735084838532,21.127531472359056,21.01806239737274,20.85385878489327,IMG_00212.tif,12.18,juniper_right_10,19.665477974026913
1,2.0,25.036341719906666,25.03705750650919,26.50528770874099,26.512272538831965,28.02025579871129,28.040548677861544,1.3722504919747731,1.631240679377577,-5.766789001766414,-1.3152297104833846,17.0,17.898312981334357,16.91799730982855,17.56924632259276,18.806571076564012,109.35788777316408,108.81102102949507,104.28375262691772,17.0,1.0,16.5,17.0,18.21099431100413,16.973669557032878,13.345489818062163,20.35344699233088,11.371737494616704,15.862592243473793,8.981709497714178,19.455276042559465,94.03095564984385,91.49015711159281,71.89871245057492,0.7643002468971155,112.15106732348112,20.35344699227257,13.493611241499785,112.15106732348112,107.17171151694785,25.259989053092504,25.177887246852766,25.177887246852766,24.958949096880133,IMG_00213.tif,12.18,juniper_right_10,16.973669557032878
1,2.0,18.59030393042345,18.597252753012977,19.718498481407224,19.74442441565696,20.790747434310894,20.832771248784972,1.514246299469024,0.721272196302971,-0.25419937773152074,-2.9365008590958794,24.0,12.97443606559628,12.895595343661906,12.910015031572783,13.786478357460396,76.25112564276952,76.64684098837584,74.41990432897992,24.0,1.0,12.5,24.0,14.421090557827682,14.827751022915834,11.895839006921022,15.546484373700736,10.634664381371278,13.090574377536008,4.911819992329458,15.055302374467791,83.07489752224608,82.09792825844788,69.37706967510243,0.8095826482361789,76.84729064039409,15.546484373709562,13.661842313587,76.84729064039409,78.72629857524858,18.56595511767926,18.56595511767926,18.631636562671048,18.65353037766831,IMG_00214.tif,15.225,juniper_right_8,13.979488832745403
1,2.0,23.241924920461397,23.25290172620777,24.726337643444484,24.7365463075037,26.182824024871316,26.191899704057313,1.987280347661851,0.9517176301876905,-6.633410414139151,-1.646142742849589,20.0,18.927785331108296,18.452652398104615,18.919150498335227,17.658314500186293,87.41046741351624,87.17310633610607,87.17310633610607,20.0,1.0,17.5,20.0,19.456575765310475,20.65946824383647,17.436071445455894,21.729241996451982,15.66382762908851,18.696534812770246,6.065414367363471,21.122700559715636,72.98963851191643,72.35498080384441,62.64854627285318,0.764280651577155,90.44334975369456,21.72924199639616,16.371237815898127,90.44334975369456,82.28842006814918,23.25123152709359,23.325123152709356,23.374384236453196,23.4975369458128,IMG_00215.tif,13.533333333333337,juniper_right_9,20.65946824383647
1,2.0,20.318862087450785,20.3227380348899,21.970951332834634,21.97856074265303,23.684485655672848,23.696590183545727,1.2143580504887364,2.1594940981670936,0.8116438554897861,1.5077384965306893,19.0,16.97546169255159,16.92914458728095,16.97546169255159,17.496315594721125,70.73304701949702,70.73304701949702,68.66772369946064,19.0,1.0,15.5,19.0,16.530517774737376,17.25683238580706,16.71466391364922,16.98533624842824,16.62298067008564,16.80415845925694,0.36235557834259996,16.94910069059398,70.28609291775638,70.28340367594964,69.55545169147878,0.7243038594831455,74.63054187192117,16.985336248427235,16.78086346066681,74.63054187192117,70.37815864221011,20.394088669950733,20.418719211822655,20.34482758620689,20.394088669950733,IMG_00216.tif,13.533333333333337,juniper_right_9,11.907365913345359
1,3.0,20.545424677381387,20.569726073121537,21.461399174818755,21.485388443424572,22.344338974137955,22.367352754224004,1.1114746620054194,0.6861520190970456,-0.8055405325291766,-2.707789788240486,24.0,12.720588314674188,13.18903371827817,12.53600308292809,12.53600308292809,84.67376336370319,87.11947266541242,87.11947266541242,24.0,1.0,12.5,24.0,16.35093676078023,17.044853476763876,12.363338658307498,18.713567528091758,10.84959393563814,14.781580731864949,7.863973592453617,17.927170168846395,82.54572789547724,80.57889232461703,64.07762333885255,0.7835851410770617,72.38095238095238,18.713567528106168,15.673099663858393,72.38095238095238,76.10072026545456,20.560449677988014,20.603914420910105,20.57595202002928,20.492610837438423,IMG_00217.tif,15.225,juniper_right_8,17.560083322835794
1,2.0,19.030009298400763,19.030850628704187,20.04614072081021,20.05025610179932,21.038695678911118,21.049727003644943,1.107243197311789,0.91163317762897,-2.9536843097174867,1.1608874609352553,24.0,12.817281156443642,12.38182767916837,13.542600752382327,13.962920973216853,109.5209596481186,106.44072904253656,106.44072904253656,24.0,1.0,12.5,24.0,14.264918246912714,14.556910696488643,7.19601441044864,16.382063391247172,6.414856971123893,11.398460181185534,9.967206420123281,15.385342749234846,103.18497551139771,96.26780331142018,67.45648060358255,0.8540581557515642,103.9080459770115,16.38206339122678,9.501240598008055,103.9080459770115,115.25789980947762,19.113300492610836,19.025725232621784,19.244663382594418,19.507389162561577,IMG_00218.tif,15.225,juniper_right_8,14.614755544889306
1,2.0,20.77055369408124,20.776343770200597,21.957281092672666,21.96235061273416,23.174671243462274,23.178920505861463,1.1260820419896682,1.2764946936711934,-2.3695580057543775,-1.231090549106872,16.0,21.47549128217021,21.674227152812374,21.4238230388859,21.211887666372462,58.44184391431844,58.528444106380036,58.528444106380036,16.0,1.0,19.5,16.0,22.600885730809637,23.267168199452016,21.029455954843456,25.657448313824553,19.242342512529927,22.44989541317724,6.415105801294628,25.01593773369509,54.74624119404266,54.38012945261612,47.9605601440419,0.7799871023707549,55.30377668308703,25.657448313810505,22.032688187172738,55.30377668308703,55.3571478084238,20.952380952380953,20.799124247400112,20.689655172413794,20.558292282430212,IMG_00219.tif,15.225,juniper_right_8,18.667298173540786
1,2.0,21.44404425450743,21.4513057121214,22.28668076337999,22.30388866115399,23.173571035214984,23.209300969015406,1.0487953558747014,0.7091999010193075,-3.9894072951366177,-2.250811735732028,39.0,16.24866612481557,16.06915833916997,16.35569305378334,16.814827153586236,85.75288098116225,85.78172171856616,85.75288098116225,39.0,1.0,14.5,39.0,16.156109512380425,16.156109512380425,16.103902312482262,15.197280352367613,16.72502689166214,15.961153622014876,-1.5277465392945258,15.350055006297065,77.98535295985268,77.92644904310083,81.74400153757834,0.8904804438191318,94.05582922824303,15.197280352358616,14.818375517284684,94.05582922824303,83.78557480427897,21.2807881773399,21.45593869731801,21.499726327312533,21.67487684729064,IMG_00220.tif,15.225,juniper_right_8,16.30648959937784
1,2.0,19.334006221940257,19.374341220253687,20.49671278819139,20.53761967647757,21.659633657377547,21.701381874796915,0.6691671201202941,1.657873534422937,-1.9701388995041513,-3.616870098139943,39.0,11.093184735057662,11.243057582212524,11.093184735057662,10.603681509084396,88.3930018362932,88.3930018362932,91.9743351837156,39.0,1.0,10.5,39.0,12.144393459101963,12.144393459101963,13.340643662930773,11.367111007238313,14.433512269655346,12.900311638446828,-3.0664012624170334,11.673751133480016,87.03080413655333,86.62234155949336,98.11991775202057,0.8359232314188181,87.09359605911331,11.36711100724032,13.13230363299569,87.09359605911331,85.11827773055055,19.397920087575258,19.288451012588947,19.441707717569788,19.441707717569788,IMG_00221.tif,15.225,juniper_right_8,11.719959600864541
1,2.0,19.001352339560096,19.008331737491254,19.95617139554388,19.96526974164272,20.915147240857177,20.925465988832435,0.8570296717946746,1.0601045795465063,-1.9235939770644408,-1.7298074365491054,29.0,17.348269605462434,17.38446195783397,17.397479671496285,17.397479671496285,65.04459688154584,64.82974121498924,64.82974121498924,29.0,1.0,16.5,29.0,17.010465157109252,17.51541329799096,17.059675223143103,18.31955947706606,15.638897693184102,16.97922858512508,2.680661783881958,18.051493298677865,65.20095715468463,65.06704232719991,60.45244142480135,0.7407396603947589,66.20689655172414,18.31955947706565,16.962684438335987,66.20689655172414,65.12863616384296,19.00383141762452,19.06951286261631,19.025725232621784,19.047619047619047,IMG_00222.tif,15.225,juniper_right_8,16.23361023198555
1,2.0,17.17706304194991,17.189097822465737,18.21032286143878,18.220659003034303,19.223244430485728,19.231644626402066,1.088608666744992,0.9539381371913386,-4.306553063348734,-1.9299912836249296,21.0,14.312125047370614,14.019145609488298,14.807600282573304,16.71897854274573,77.35017473771478,74.24109314813883,64.32498275799212,21.0,1.0,15.5,21.0,15.124893056793468,15.124893056793468,14.629417821590778,18.632986388228083,11.68719153885596,15.160088963542023,6.945794849372126,17.938406903290872,66.78728285662963,65.61383131317957,53.70536014814877,0.8410108640627799,70.41050903119869,18.63298638820664,13.920241917632683,70.41050903119869,71.32666953334281,17.164750957854405,17.186644772851672,17.274220032840724,17.339901477832512,IMG_00223.tif,15.225,juniper_right_8,15.124893056793468
1,2.0,16.31447984748937,16.319754861917612,16.89863677300524,16.902915856020936,17.493526620574794,17.496817576703926,0.6558991863735257,0.5211635284127872,-2.3437275687824073,-1.2892624500474636,20.0,16.770611546394463,16.797714819711416,16.78410466533103,15.61533169919744,58.55522974852371,57.78398923631275,62.606447618945076,20.0,1.0,15.5,20.0,17.225316580897186,16.90806278973602,15.509768928984982,17.326376357083056,15.904419178010432,16.615397767546746,1.4219571790726249,17.184180639175793,57.07336967198966,57.03894710225058,54.76583594255207,0.7602151090014215,62.26600985221675,17.326376357069098,16.096469192881447,62.26600985221675,58.82680839764894,16.354679802955665,16.44225506294472,16.39846743295019,16.748768472906406,IMG_00224.tif,15.225,juniper_right_8,16.935049027609153
1,2.0,21.075247744836922,21.077984037846377,21.85682328773356,21.858263726219604,22.596557442118606,22.597403454632786,0.831057528405977,0.688361888380435,2.8495598970861042,-0.6577783009297897,22.0,9.524156561352711,10.284546668592009,10.307692205097055,10.307692205097055,111.49403892980823,90.63551279849779,89.10420731563349,22.0,1.0,8.5,22.0,12.212115993669983,12.094292933174529,8.969346512816117,14.924594321144319,6.472859986639726,10.698727153892023,8.451734334504593,14.07942088769386,120.03208255723028,113.53211446087742,81.83592503569903,0.7303352821675809,85.7799671592775,14.924594321164545,12.267761533066976,85.7799671592775,99.19326767957847,21.434044882320745,21.12753147235906,20.974274767378216,20.952380952380953,IMG_00225.tif,15.225,juniper_right_8,13.110588781413611
1,2.0,23.223466007687406,23.265636085968534,24.26074976881142,24.29404604583627,25.28522347787659,25.306968930613394,1.0734027258747678,0.9679301187700907,-7.999284420114038,-3.000096039460844,24.0,16.862441049389318,17.125315562543133,17.56645815685556,18.200135389688313,95.79912695518718,92.32919012540398,92.26554646879482,24.0,1.0,15.5,24.0,18.30723312842713,18.038253821277465,15.912942833777947,19.557402280596243,14.84841156190739,17.202906921251817,4.708990718688852,19.086503208727358,78.74852884864262,78.26082408775599,69.14435739514542,0.7648356829085782,100.09852216748769,19.55740228055516,14.843789882365812,100.09852216748769,90.3494911337331,23.295019157088124,23.316912972085387,23.33880678708265,23.448275862068964,IMG_00226.tif,15.225,juniper_right_8,18.845632709392135
1,2.0,23.250949166649114,23.2582871917542,24.247823411096356,24.25316285101958,25.294569592551643,25.295938061163067,1.1128145646335226,0.9248363047753393,-2.967382012931134,-1.2022900666355252,18.0,21.427127357864023,21.61011051482396,21.471712760486696,21.38254195524135,66.08361621363727,64.897575088684,64.74154697372374,18.0,1.0,20.5,18.0,22.261069826750997,21.91390568192631,21.415022538128113,23.641867026222208,19.65929422188741,21.650580624054808,3.9825728043347954,23.243609745788728,63.16618546517811,62.9914404137018,57.95340831253058,0.766602445997464,67.1264367816092,23.64186702620116,20.84204702580246,67.1264367816092,65.31999565408258,23.360700602079913,23.295019157088124,23.185550082101805,22.922824302134647,IMG_00227.tif,15.225,juniper_right_8,21.91390568192631
1,2.0,18.452030466978414,18.455223528566798,20.149830965756742,20.15272639365042,21.751135307005455,21.755004717850014,2.296593060327624,1.0031881289555928,-1.8323405382395823,0.9712528423412742,31.0,10.356674016240646,10.468170768384999,10.778738443465727,10.778738443465727,85.40789228660756,82.97076763168988,82.97076763168988,31.0,-1.0,8.5,31.0,11.037457923584157,11.153234879103763,9.87278917261051,12.040934166631537,8.517080611901529,10.279007389266534,3.5238535547300094,11.688548811158537,104.45021789829673,103.42319385499793,88.46637980149636,0.8376069717494964,79.86863711001642,12.040934166643787,11.61895228399986,79.86863711001642,91.63274638364332,18.4783798576902,18.4783798576902,18.58784893267652,18.850574712643677,IMG_00228.tif,15.225,juniper_right_8,11.516954377736681
1,2.0,22.276055533055057,22.28498882375517,23.637525841086568,23.655490606337835,24.99802433673863,25.033240642636333,1.3509380061892795,1.3973138126918814,-1.141016621012572,2.233108951074314,22.0,9.11117715687405,10.07647992841772,9.11117715687405,12.750269167104392,117.97808890179154,117.97808890179154,87.23884640210288,21.0,-1.0,11.5,24.0,13.328164497814441,14.63563392707104,6.052028980341788,16.610587218781983,3.048971949566297,9.82977958417414,13.561615269215688,15.254425691860417,160.3349037024617,130.52848051278886,77.95288754110565,0.8003526299069272,82.4630541871921,16.61058721879598,10.922528507686806,82.4630541871921,117.60532330339892,22.207171554263258,22.243447808074617,22.339901477832505,22.315270935960587,IMG_00229.tif,13.533333333333337,juniper_right_9,14.948924122515876
1,2.0,19.583624047486346,19.586799088327613,21.050997326495835,21.054946931350308,22.413383672426555,22.415283685948737,1.87487263816989,0.9536119594512344,2.144183752113276,1.109798587845059,26.0,17.762568410826333,17.799935181073604,17.7703409913955,19.35136513363176,66.82752367774583,66.75855057070615,59.741803897242484,26.0,-1.0,17.5,26.0,18.008258895735395,17.756401163126952,19.777593337140217,16.598390255708484,20.731358679705515,18.664874467707,-4.132968423997031,17.011687098108187,61.42020077520976,61.1723469748281,68.53260580661674,0.8120629461220767,76.69950738916255,16.59839025569668,17.895498286329254,76.69950738916255,63.71063907108895,19.876847290640388,19.605911330049256,19.507389162561573,19.581280788177335,IMG_00230.tif,13.533333333333337,juniper_right_9,18.181024033765624
1,2.0,21.412992988274404,21.41972769717347,22.335241228478328,22.34443757730537,23.231386086866213,23.250255127944264,1.0532308659545067,0.7772965648162866,0.2639978308450149,1.6439005126319943,30.0,13.380674262775244,13.651155912015255,13.577769480697725,13.787179467762655,87.80253702445265,85.87476892431381,85.34266290475666,30.0,-1.0,12.5,30.0,13.542773828046847,13.752183815111835,13.361154755172606,13.680050665856879,13.655331343422997,13.667691004639938,0.024719322433881398,13.67757873361349,90.64051500877174,90.64049049988752,90.56015855250376,0.6619890435630973,91.0344827586207,13.680050665867896,14.27159840516337,91.0344827586207,86.87969590272164,21.21510673234811,21.32457580733443,21.346469622331693,21.21510673234811,IMG_00231.tif,15.225,juniper_right_8,13.752183815111835
1,2.0,16.68595374067893,16.701212630894638,17.759221150909596,17.77413745379392,18.81503175414958,18.830113240884845,0.9556950564132571,1.1732055535769534,-1.1778477137293277,2.347493165698155,25.0,13.258673083929324,12.642504293185794,13.343499303256522,14.30281006949329,64.82472334067339,63.23954133898133,60.48698813265421,25.0,-1.0,11.5,25.0,15.120219420260554,15.22921469524394,12.420752532327583,16.219347977081334,11.737363513189074,13.978355745135204,4.481984463892261,15.77114953069211,69.72409155008053,69.12759954986423,59.78239103494571,0.8401775954641338,57.142857142857146,16.219347977098963,15.32877294511157,57.142857142857146,63.16502014617718,16.59551176792556,16.72687465790914,16.70498084291188,16.288998357963877,IMG_00232.tif,15.225,juniper_right_8,13.130480581565848
1,2.0,17.841000214521845,17.894466782288845,18.800956295710513,18.863089966820652,19.79768525360775,19.86817224499186,0.9966688768237628,0.9770365858792546,4.0644057248838275,4.651724682604532,13.0,17.934417203089964,17.53455024386008,18.024107432056468,18.024107432056468,56.88121053301939,56.675825258427714,56.675825258427714,13.0,-1.0,16.5,13.0,18.401952736514346,18.401952736514346,18.34449116107743,18.706381426347917,18.529641184095535,18.618011305221728,0.17674024225238308,18.68870740212268,55.88496446335546,55.88455133366247,55.62993055764581,0.8045515536410988,58.062397372742204,18.706381426349232,18.64073832606643,58.062397372742204,55.81883291303421,17.931034482758623,17.90914066776136,17.887246852764093,17.79967159277504,IMG_00233.tif,15.225,juniper_right_8,18.929527255531525
1,2.0,13.781389299245264,13.786451436596804,14.63517563761268,14.640064104031648,15.508036056053465,15.512428940694145,0.6915688858392507,1.0344086182580907,-1.0410463691278256,-1.4806913677145952,11.0,17.29628193984277,17.076681586137685,17.29628193984277,17.29628193984277,45.2766483281632,45.2766483281632,45.2766483281632,11.0,1.0,15.5,11.0,17.042981962001733,17.042981962001733,17.243600968017404,18.07784676760796,16.078181975963215,17.07801437178559,1.999664791644744,17.877880288443485,46.986308911925505,46.93327730605708,44.41723155729795,0.7273327420819176,44.78494623655915,18.07784676761846,17.3601889694744,44.78494623655915,46.19334074963842,13.98745519713262,13.82019115890084,13.73655913978495,13.862007168458785,IMG_00234.tif,15.94285714285714,juniper_right_7,13.3912147981884
1,2.0,17.111996011561907,17.112059002618388,18.340509716891468,18.340530552948902,19.679892276029573,19.679894545546397,0.6310247030152122,1.9368108399127937,0.5346136517310132,-0.08636534196448281,15.0,18.675147327369245,18.95952940675488,19.487171788453907,19.487171788453907,53.44192743240958,50.868437280182064,50.868437280182064,15.0,1.0,17.5,15.0,20.323524613976673,16.849721876886775,19.463199846301364,24.369170087587023,16.337831165858383,20.353500626722703,8.03133892172864,23.56603619541416,49.840460173467406,49.198961683322985,41.472026537618945,0.6024840199808775,48.42293906810037,24.369170087636405,20.710524750244097,48.42293906810037,48.38714604256844,16.956391875746718,16.998207885304662,17.102747909199525,17.186379928315414,IMG_00235.tif,15.94285714285714,juniper_right_7,
1,2.0,21.63243178173943,21.651187359195532,23.002426031869895,23.02698327002487,24.43702905428617,24.467269298600808,1.1538418701681976,1.6622400692370756,-4.502668736571003,-2.6463511574965377,21.0,15.638345555993823,15.51007519599106,15.638345555993823,16.286703595948836,85.74054857961102,84.8697271325653,80.23236064042382,21.0,1.0,15.5,21.0,16.598872426887795,18.02544729806249,16.267226175803387,17.045350387684074,17.203756916886523,17.1245536522853,-0.15840652920244788,17.06119104060432,73.37335751405304,73.37284117711256,73.7035886778234,0.7433532119020596,85.12315270935959,17.04535038766386,15.75129260380525,85.12315270935959,79.58613899797369,21.57635467980295,21.527093596059107,21.650246305418715,21.502463054187185,IMG_00236.tif,13.533333333333337,juniper_right_9,16.598872426887795
1,2.0,27.88038015670918,27.88628303554353,29.105692774838165,29.10949927492433,30.35664297203556,30.358788084764512,1.035115801017178,1.4373892482038095,-2.8045291897950566,-0.9265906581843786,23.0,23.985918195541785,23.746651556366558,23.270783863754502,23.270783863754502,72.46701980925587,72.46701980925587,72.46701980925587,23.0,1.0,22.5,23.0,25.002106146233842,26.55422010673996,22.747478793497123,27.43668612504997,21.24303980116023,24.339862963105098,6.193646323889741,26.817321492660994,67.97968883421629,67.62102521845162,60.485722314749125,0.6739959733139137,70.44334975369458,27.436686125014557,23.55436265133256,70.44334975369458,69.74116439410454,28.02408319649699,27.887246852764097,27.859879584017513,27.832512315270936,IMG_00237.tif,12.18,juniper_right_10,
1,2.0,23.263554010735174,23.26683816708741,24.0426371270125,24.046272050046735,24.82145895436997,24.825853900279828,0.7262377438199884,0.8327779893724296,-4.034544546097898,-0.9962465555080727,34.0,15.015742896442262,14.619039637595742,15.337476715541158,16.67211369074184,110.68251156553404,106.55918581967578,88.33684877811619,34.0,1.0,14.5,34.0,13.209068271281183,14.913732241159465,17.21397803228274,13.011380885369183,17.04685122567728,15.029116055523232,-4.0354703403080965,13.414927919399993,90.17515838319248,89.63609279436561,103.2382036069886,0.765984150943709,123.2183908045977,13.011380885349263,13.426603231303561,123.2183908045977,100.10149943954647,23.251231527093598,23.251231527093598,23.229337712096335,23.448275862068964,IMG_00238.tif,15.225,juniper_right_8,17.11522469248152
1,2.0,18.595192137566183,18.597299549923797,19.709986774548476,19.715774015220294,20.829387434483557,20.840879330034785,1.1106721395436205,1.1329076405673644,-2.8695693875882,-1.3882801375501175,24.0,12.330996237378656,12.066041334132512,12.20758002065196,12.20758002065196,98.49661888401407,96.19112378753587,96.19112378753587,24.0,1.0,12.5,24.0,12.595671421121097,12.595671421121097,10.103573431117582,13.999293862395348,8.822580408898054,11.4109371356467,5.176713453497293,13.481622517045619,95.59301255746794,93.93884177174822,76.82726726839888,0.798881748573524,95.89490968801314,13.999293862379938,10.213388961077927,95.89490968801314,104.81520660612021,18.741105637657363,18.65353037766831,18.60974274767378,18.65353037766831,IMG_00239.tif,15.225,juniper_right_8,12.595671421121097
1,2.0,20.306258359226863,20.30664427880947,21.441162522032386,21.44154576192196,22.578293179757022,22.57860573296282,1.0803822335897502,1.1915792205636027,-2.209755763099826,-0.34256704753618217,15.0,18.901051471281647,18.990201648184264,18.689562570361005,18.53167930467376,67.79354819417583,67.89344415195977,70.28691132853473,15.0,1.0,17.5,15.0,18.773385592616677,19.246310727836942,18.860181048580074,20.026161172121505,17.29123449091129,18.658697831516395,2.7349266812102133,19.752668504000482,63.56625654253295,63.45406827033163,59.28140098495775,0.7414158135168835,72.51231527093596,20.026161172094195,17.64512980379369,72.51231527093596,66.9729051633065,20.361247947454846,20.273672687465794,20.207991242474,20.032840722495894,IMG_00240.tif,15.225,juniper_right_8,19.246310727836942
1,2.0,20.434044628409797,20.512216366591893,21.67911665935618,21.753097835647445,22.944236743635177,23.014919516907,1.7244590929003019,0.7782440574148057,-2.3156891881618518,-4.72673060745389,24.0,12.691878716444322,12.334822343735125,12.649803435275828,12.373936605262287,85.2806309172127,84.25311162931114,84.1505072624807,24.0,1.0,10.5,24.0,14.128250812665556,14.346956323036181,12.631119948765757,15.579039532921392,10.511690775909956,13.045365154415673,5.067348757011435,15.072304657220247,91.83336218100669,90.67505518730346,76.20952101677432,0.8069576012730513,75.13957307060755,15.57903953294269,14.260796040547575,75.13957307060755,83.08734234188287,20.623973727422005,20.426929392446635,20.47071702244116,20.755336617405582,IMG_00241.tif,15.225,juniper_right_8,14.346956323036181
1,2.0,22.131767727907796,22.141805386743165,23.114319735438368,23.125678295778208,24.119373070241757,24.132082509273083,1.0518995878999644,0.93837753462996,-4.264227834987395,-1.7958489809834328,16.0,22.505339951238128,22.58495643224378,23.26689718803192,23.787594483834113,62.2914223944577,58.28308682603101,57.72802923485154,16.0,1.0,21.5,16.0,22.9140587885895,21.539572453383187,23.615812292768254,22.182837161460498,24.5614973862305,23.3721672738455,-2.378660224770002,22.420703183937498,55.77633140275561,55.729339851330266,58.55424626809733,0.8655575246555641,66.00985221674877,22.18283716143236,21.92824404947265,66.00985221674877,59.19997602924801,22.304324028461963,22.140120415982487,22.05801860974275,22.00328407224959,IMG_00242.tif,12.18,juniper_right_10,20.87058143751659
1,2.0,19.82501414476555,19.82679518914578,20.886049551673672,20.88834814864074,22.008608011411166,22.011318329783922,1.1847884133074646,0.999734727330674,0.7148241883825863,0.8500040184664899,17.0,21.084188454260016,20.60892254016664,20.51287200937992,22.102810050903628,54.526455655497024,55.953140468667215,52.713809928555484,17.0,-1.0,19.5,17.0,20.93998101885245,22.52991906037616,20.631310275825882,21.98095477369475,19.954461125592278,20.967707949643515,2.0264936481024733,21.778305408884503,55.441234986581094,55.398909683249755,52.963204456644874,0.7633699719183016,56.09195402298851,21.98095477368907,20.78073319133609,56.09195402298851,55.87501534202425,19.879584017515054,19.901477832512317,19.857690202517787,20.032840722495894,IMG_00243.tif,15.225,juniper_right_8,22.550837999015386
1,2.0,21.32736184101642,21.33008823218129,22.203211609562096,22.206232664977623,23.071339743744826,23.07497338318596,1.0008539618271755,0.7440311891774949,-1.8501780923566995,0.9451145669111236,26.0,9.391641966719178,9.665939279258334,9.99693513385543,9.99693513385543,111.09248994968138,107.774309751591,107.774309751591,26.0,-1.0,8.5,26.0,10.76313245644701,11.015221007921241,8.717608838654769,12.45728363730941,7.247922727578884,9.852603182444145,5.209360909730524,11.936347546336357,127.67391075121535,124.65237686594914,98.88098042739672,0.8569824317690924,96.42036124794745,12.45728363732016,11.075265667417725,96.42036124794745,111.03575455022036,21.346469622331693,21.32457580733443,21.237000547345374,21.149425287356323,IMG_00244.tif,15.225,juniper_right_8,10.810586150996983
1,2.0,23.54570449814025,23.547092718706583,24.54657796870969,24.548140598803,25.59554801699584,25.596039745239782,0.9828861649565301,1.0660608615766645,-4.146504157525791,0.646485405258426,26.0,11.845471726288608,11.190224376700822,10.868554800975375,9.630862997412322,149.41019338670532,153.98420147771924,169.26142313357633,26.0,1.0,10.5,26.0,13.027039212951422,14.98220464211201,9.646888173180628,16.629877144826864,5.930054183461589,11.279965664144228,10.699822961365276,15.559894848690337,130.75072145264016,120.32154997197335,82.23713626093813,0.7261530244982362,139.11330049261085,16.616466535297796,8.781322761931321,139.376026272578,154.16426965790336,23.535851122058016,23.579638752052546,23.557744937055283,23.776683087027916,IMG_00245.tif,15.225,juniper_right_8,16.11020861588659
1,2.0,19.627743353785625,19.636875880321565,20.615452456978,20.62043099045922,21.638459534383227,21.640954972383238,1.141945945600825,0.8621331464608464,3.310496166117193,1.2590651856851427,22.0,19.2997083939092,19.685869888256736,19.937909866084226,20.519452494543856,60.75634286801734,60.51979561784166,59.58456212709155,22.0,-1.0,18.5,22.0,20.861364462587403,20.853536745968086,19.613666597517692,22.076136155385324,19.03392987351452,20.555033014449922,3.042206281870804,21.771915527198242,55.96693866261525,55.86657648875923,52.19036745383276,0.8305595493206862,61.477832512315274,22.07613615536161,19.606485869888395,61.477832512315274,58.455254564233954,19.638752052545158,19.660645867542417,19.616858237547895,19.573070607553365,IMG_00246.tif,15.225,juniper_right_8,20.732845947458088
1,2.0,15.89788230523823,15.897895237306042,16.67326608644405,16.67397602136592,17.460406544318072,17.46313937713342,0.9271662398237501,0.638077900003631,1.0117794915084364,0.5287237933694048,22.0,13.900532181348268,14.053028749914171,14.231202916772219,14.587651854796462,68.05665896932913,66.00674135897285,64.82675810812508,22.0,-1.0,12.5,22.0,14.85844017774454,14.85844017774454,13.862242051639782,16.95879403317942,12.26944995911215,14.614121996145785,4.689344074067271,16.489859625772695,63.54950842489486,63.005497774985216,54.50003982010335,0.7874347065288138,68.44006568144499,16.958794033166654,14.009378365912717,68.44006568144499,65.66728309771734,15.916803503010401,15.873015873015873,15.85112205801861,15.632183908045977,IMG_00247.tif,15.225,juniper_right_8,14.85844017774454
1,2.0,18.897564253844234,18.90047048874238,20.240723594133645,20.242866973649356,21.60184979419432,21.603061276813577,1.6350036104374357,1.0675871776337644,3.1116323514484554,0.8337867507438397,16.0,16.967509470698687,16.738664148279383,16.3062429228695,15.305798474293027,69.01082395359151,72.71230539448634,77.95256685241053,16.0,-1.0,15.5,16.0,16.59877766277492,17.256149980107836,16.266197273612192,16.94604660206798,16.30785544748626,16.62695102477712,0.6381911545817192,16.882227486609807,66.01964883712387,66.01164263294267,64.80407772592284,0.6945373023336997,73.43185550082102,16.946046602038336,15.593549134250576,73.43185550082102,70.26679156267771,18.894362342638207,18.98193760262726,18.894362342638207,18.91625615763547,IMG_00248.tif,15.225,juniper_right_8,16.59877766277492
1,2.0,16.662003853951212,16.663889232602898,17.410890163051317,17.412092675685,18.172390117880504,18.173057472276874,0.7668927826734314,0.742275457000543,5.30611552347538,0.6733788453250492,18.0,20.927404131876216,21.008086055482522,21.123070055133468,21.32233304155605,52.416212151979096,54.33070348781541,54.33070348781541,18.0,-1.0,19.5,18.0,20.57268130609924,21.131068939668182,22.007942464271338,19.390852452060567,22.520013985756183,20.955433218908375,-3.129161533695617,19.703768605430128,46.61548180146938,46.53045242891383,50.12259167450227,0.6129721933970995,57.79967159277504,19.39085245200015,18.82895349121878,57.79967159277504,51.56169338499833,16.70498084291188,16.72687465790914,16.639299397920087,16.420361247947454,IMG_00249.tif,15.225,juniper_right_8,20.9318059532456
1,2.0,19.388003072368384,19.4077927155384,20.638789456305453,20.66066088935005,21.94815001677543,21.967393192824012,0.9204654472518927,1.639135030033717,4.462934719455393,2.636589175642768,24.0,15.097756209405333,15.083880082186402,15.1133366355686,15.128559486701107,78.54513496067531,78.4972446229801,75.75535418528982,24.0,-1.0,14.5,24.0,17.267262903330845,17.267262903330845,16.000458698863525,19.744237711754675,12.3673886630198,16.055813187387237,7.376849048734874,19.00655280688119,71.26150680740204,70.00396459782256,57.31197460953465,0.8115253337975212,76.45320197044335,19.74423771172858,14.67460954390139,76.45320197044335,76.42720798118498,19.26655719759168,19.354132457580736,19.46360153256705,19.441707717569788,IMG_00250.tif,15.225,juniper_right_8,17.267262903330845
1,2.0,13.216323025071432,13.218523773355203,14.129080543485903,14.131010177155442,15.133717888575783,15.134435472830388,0.9841667383628147,0.9317449611123683,-5.3175212830189755,-0.9468766391479347,12.0,23.133042492687068,22.514267390075517,23.131676269050786,21.869952317842603,37.76200333195841,37.86009463606597,37.86009463606597,12.0,1.0,21.5,12.0,22.977266901927038,,21.712810503446292,27.208567633619644,17.10057894397048,22.154573288795063,10.107988689649167,26.19776876465473,35.61408302865639,35.00109510890294,28.86756616828298,0.4339425960197102,41.58663883089771,27.20856763334814,20.097149595442204,41.58663883089771,38.412821321044355,13.235908141962424,13.194154488517748,13.152400835073072,12.839248434237998,IMG_00251.tif,15.966666666666663,juniper_right_15,
1,2.0,18.81438582624707,18.831739676345908,19.934192516087148,19.959205424646093,21.062781049314008,21.099030837147744,1.4267236990608845,0.8405674617409545,-0.17152327680360138,-2.8687550622118376,13.0,13.947602583899794,15.18332346449237,14.087865662518055,14.793062891566962,73.80427081698242,69.01006327384442,67.15161242661306,13.0,1.0,11.5,13.0,14.104266423305035,14.80946365235394,13.964003344686773,13.69554095044947,16.32307074112322,15.009305845786345,-2.6275297906737514,13.958293929516845,72.881439465706,72.6967669882963,79.51727888858952,0.700633788456121,74.4,13.695540950505414,16.1453114828213,74.4,67.70387196383798,18.91111111111111,18.866666666666667,18.91111111111111,19.0,IMG_00252.png,15.0,lumify_png,
1,2.0,22.679762153029664,22.68100957620057,24.163739341067906,24.163741838199215,25.61449656180574,25.61614647856662,1.4775279131739363,1.457608989192107,-8.948957648262173,0.026048110799010437,12.0,17.66997037324049,18.16011435662613,18.753439804188986,18.753439804188986,129.8314713092455,128.75567745057046,128.75567745057046,12.0,1.0,17.5,12.0,19.07352074674239,19.07352074674239,14.712715679377936,22.02146088073794,12.668056584278068,17.344758732508005,9.353404296459875,21.086120451091958,77.75977011884974,75.8624138476733,60.31715708413009,0.663664282179182,116.26865671641791,22.021460880541763,12.409780354149207,116.26865671641791,105.23934756741808,22.761194029850746,22.860696517412933,22.7363184079602,22.686567164179102,IMG_00253.png,13.4,lumify_png,19.07352074674239
1,2.0,18.507320568369327,18.528778422129136,19.53043428379096,19.5410524374025,20.601229852070645,20.604534969999907,1.2721415583217581,0.8036149895490152,0.14241211627767275,-1.888895032840212,10.0,15.969508077488783,16.441140339520377,16.652414348203564,16.18662390273508,58.430277027542786,58.25679120066656,58.51527113785927,10.0,1.0,15.5,10.0,17.635980576944434,17.90655192470038,16.735958480983356,18.391885821993895,16.10433216185956,17.248108991926728,2.287553660134337,18.163130455980465,62.54930282804214,62.458729542582184,58.69661219393541,0.7719043513234933,55.58139534883721,18.39188582203989,18.206389171673045,55.58139534883721,59.2740716779547,18.527131782945737,18.527131782945737,18.527131782945737,18.66279069767442,IMG_00254.png,17.2,lumify_png,19.822793762544336
1,2.0,25.57630695137983,25.576701811957847,26.72570114821225,26.72570452815093,27.925566229424202,27.92562603509431,1.2958751117553136,1.0530491113811429,1.9297238066518048,-0.0288155865456119,14.0,18.23740417321278,18.66876926163182,18.324492317095093,18.324492317095093,77.7121913767966,79.4815749725828,79.4815749725828,14.0,1.0,17.5,14.0,17.430866358667856,16.60422260600197,20.049318219901522,14.278308164121043,21.3190771592911,17.79869266170607,-7.040768995170058,14.982385063638048,84.76034987996638,83.65890575902755,103.68607304912817,0.5913187476370034,81.04651162790698,14.278308164174355,19.177997101242433,81.04651162790698,77.84477602219111,25.697674418604652,25.63953488372093,25.600775193798448,25.697674418604652,IMG_00255.png,17.2,lumify_png,
1,2.0,20.210397148498522,20.21189443080614,21.391548086316682,21.392979080688384,22.59040398300394,22.591617161400173,1.1634163559666533,1.2163063746273854,-5.8008278284309,-0.6627097814038261,7.0,18.529162067564755,18.743718286362853,17.858621353868614,18.529162067564755,70.11360745550384,74.9394150510137,74.9394150510137,7.0,1.0,16.5,7.0,17.930186328995234,17.930186328995234,22.417295399966378,15.78469229799512,24.983293422231643,20.38399286011338,-9.198601124236523,16.70455241041877,58.92465671786275,57.929406636891024,74.17530857444089,0.5915253573609245,98.83720930232559,15.7846922977745,17.73361487226557,98.83720930232559,66.24404738680312,20.251937984496124,20.232558139534884,20.232558139534884,20.290697674418606,IMG_00256.png,17.2,lumify_png,17.930186328995234
1,2.0,18.956216916879576,18.96777338296837,20.192205285736414,20.201332574905475,21.409567996660268,21.418224842327604,1.03701393735936,1.4134375219998718,-3.509824916109856,-1.7224034198491252,14.0,23.57314706274545,23.344433394757626,23.573015053944573,24.271577960346463,49.06006956201756,49.57515267124129,48.347882962313875,14.0,1.0,22.5,14.0,22.986254957062727,22.986254957062727,24.239103707949567,21.90447372919724,26.093229155918344,23.998851442557793,-4.188755426721105,22.32334927186935,46.70852968532514,46.5927807825225,50.79645740981886,0.8233846798230186,53.02325581395349,21.904473729157807,23.528105157684283,53.02325581395349,47.4704206092189,18.972868217054263,18.953488372093023,18.895348837209305,18.77906976744186,IMG_00257.png,17.2,lumify_png,15.44007896873643
1,2.0,27.301627562342887,27.34129250357621,28.458738949283987,28.49648198512351,29.640013425044355,29.670744935351365,1.0747647866791872,1.2546876450959676,-5.76542918667781,-2.9492281278904495,12.0,29.755085376398142,29.80970692368002,29.84167406145309,28.521041441469606,56.681501238398454,56.99732613103014,57.728774943630654,12.0,1.0,28.5,12.0,31.774694572403604,31.908027932363666,29.842534658161952,33.53063590348329,27.287112627705103,30.408874265594193,6.243523275778184,32.90628357590547,54.023265032495615,53.840574782444335,49.33597104421676,0.5633009911062697,57.5206611570248,33.53063590338207,28.87251414797382,57.5206611570248,56.439150675569664,27.46556473829201,27.38292011019284,27.300275482093664,27.272727272727273,IMG_00258.png,12.1,lumify_png,31.908027932363666
1,2.0,16.58163071983946,16.593848663871693,17.784229574655335,17.796487472453006,19.009857657251825,19.02071672272869,1.1775023985335629,1.2493656603234349,-2.669930221977745,-2.1266861984547925,8.0,24.998308487028808,24.339921622579844,23.858428632982708,26.454739895863383,39.0519535415371,40.38091006283157,37.236457581671964,8.0,1.0,23.5,8.0,23.99540181738169,26.66129572289131,24.38153601479911,27.091032977176972,21.725282411059805,24.408157694118387,5.365750566117168,26.554457920565255,40.26997205589887,40.111606023683365,36.397188906183246,0.48839933373940125,40.666666666666664,27.091032977100742,23.91104916013257,40.666666666666664,40.89501946868282,16.644444444444442,16.622222222222224,16.555555555555557,16.6,IMG_00259.png,15.0,lumify_png,
1,2.0,20.46424533304324,20.47001737162749,21.596581746958744,21.605141656859587,22.721186800406574,22.729797411432177,1.3417531602401254,0.9180268795645621,-1.25207953248828,-1.6129021016148093,17.0,18.762609085706515,18.312421348090187,18.512537221904495,18.899336695500295,64.53828406100509,65.48586851824699,64.10485441980089,17.0,1.0,16.5,17.0,16.432254868009352,19.01330579506552,18.11326454560546,19.12956287906396,17.196523413489125,18.163043146276543,1.9330394655748369,18.936258932506476,65.71642561009455,65.65526917804705,62.45303667411294,0.6809893531493209,62.674418604651166,19.129562879075017,18.416975553731273,62.674418604651166,64.7807696763488,20.406976744186046,20.406976744186046,20.310077519379846,20.0,IMG_00260.png,17.2,lumify_png,
1,2.0,21.49205566133293,21.492060691551362,22.38360683372771,22.383657376384498,23.272454868662226,23.272924311173433,0.6386414927061916,1.1422221269158779,-2.8969573660976518,-0.12175904151630625,10.0,14.700127872381756,15.862155370137135,18.485965066204386,18.485965066204386,92.68723138646456,77.70211639299558,77.70211639299558,10.0,1.0,16.5,10.0,18.36825819050796,18.36825819050796,13.17833151443341,24.26476704607215,5.338941615765638,14.801854330918895,18.925825430306514,22.3721845030415,99.45398341012177,84.0997671285051,52.2821754205844,0.5650800695223099,76.8,22.59889166385919,12.59889166385919,79.46666666666667,98.5014234908414,21.42222222222222,21.466666666666665,21.511111111111113,21.333333333333332,IMG_00261.png,15.0,lumify_png,
1,2.0,19.623715209679663,19.623785036370982,20.798733617223206,20.798886073081217,21.993568608438853,21.993699263398298,1.3182092051823355,1.0517050218449804,1.523901403359459,-0.21937640523824667,17.0,17.69666090582345,17.447639725552353,17.69666090582345,17.69666090582345,62.52597066215522,62.33160620656283,62.33160620656283,17.0,1.0,16.5,17.0,18.70687404459639,18.015064277251668,16.91176795211382,19.606428438089175,15.170183796657609,17.38830611737339,4.436244641431564,19.162803973946016,66.01488910781413,65.66008104106163,58.476619534518115,0.5865560594449354,58.48837209302326,19.606428438125736,18.25676307525606,58.48837209302326,62.63569639292552,19.612403100775193,19.612403100775193,19.612403100775193,19.53488372093023,IMG_00262.png,17.2,lumify_png,18.015064277251668
1,2.0,13.74581394090101,13.746100582423166,14.707267382511274,14.707379399694318,15.711327406331424,15.711330422656511,0.6050180523882227,1.360211787845123,-1.5178215082464166,0.2236209980601182,11.0,15.18086381199953,15.69597379296046,15.18086381199953,16.260194846804353,55.43521632233968,55.43521632233968,52.17348933888498,11.0,1.0,14.5,11.0,17.504123463509927,20.08165681026827,13.956299786619041,24.111528096193492,7.260689792707062,15.686108944450277,16.85083830348643,22.42644426584485,56.73906106524906,50.838555415101496,33.64649859041105,0.5260483615227132,46.16279069767442,24.11152809614443,14.614379473777102,46.16279069767442,54.47643367915081,13.62403100775194,13.7015503875969,13.68217054263566,13.837209302325581,IMG_00263.png,17.2,lumify_png,23.251299570667868
1,2.0,19.62741583924949,19.66616863654788,20.781674337444052,20.81262305169994,21.913984852795842,21.937003415796905,1.1913200825591843,1.0795146966898366,-7.804800494529481,-3.124995225771404,11.0,28.445723401929342,28.704504254765002,28.30277002089059,28.30277002089059,43.361606412760686,43.361606412760686,43.361606412760686,11.0,1.0,27.5,11.0,28.686577292159285,28.686577292159285,28.543623911120534,29.48253731865899,28.088822094015885,28.78567970633744,1.3937152246431068,29.343165796194683,40.63762901404393,40.62997849224718,39.75294782712608,0.6704584727644403,46.666666666666664,29.482537318527505,26.561601761035142,46.666666666666664,43.75336136699055,19.733333333333334,19.755555555555553,19.62222222222222,19.6,IMG_00264.png,15.0,lumify_png,28.387985220103758
1,2.0,16.94572592615954,16.966751282406275,18.074455629677516,18.09904815180664,19.22469462678681,19.253383008522885,1.1588754896921538,1.1277562364244555,-2.715910421711114,-2.9871737613251743,10.0,23.489722259553375,23.021145062691943,22.62668800919954,22.62668800919954,42.55438073260848,44.11622898352245,44.11622898352245,10.0,1.0,22.5,10.0,25.199334968055666,25.614185312603894,20.659516714319835,27.03920709215537,18.83175082326641,22.93547895771089,8.207456268888958,26.218461465266472,43.95268205064329,43.49067034263627,37.28126339155942,0.5843392167771261,39.06976744186046,27.039207092160886,23.0989525866001,39.06976744186046,43.19956450692092,16.93798449612403,16.996124031007753,16.976744186046513,16.91860465116279,IMG_00265.png,17.2,lumify_png,25.614185312603894
1,3.0,15.401968044071655,15.404854907965529,16.29262114238687,16.294699167516846,17.18422189293123,17.185730668652873,0.6979607253361512,1.0829150353511952,-5.257442677063675,-0.9150492510443287,13.0,25.62363842961014,25.798247939131,25.62363842961014,26.496479803617888,37.68270230765979,37.68270230765979,37.68270230765979,13.0,1.0,24.5,13.0,27.030277052845776,28.445685254799542,25.37984944670285,28.814111597020965,23.715016189248825,26.264563893134895,5.099095407772139,28.30420205624375,34.855212179509266,34.748822743544636,31.904369478719214,0.48961646211239773,39.46666666666667,28.81411159681293,23.923568066163828,39.46666666666667,37.919271075366204,15.488888888888889,15.377777777777776,15.377777777777776,15.4,IMG_00266.png,15.0,lumify_png,28.445685254799542
1,2.0,21.252052021820752,21.255768665664714,22.3839710267798,22.39475621856887,23.53981801595171,23.558806753106122,1.1994482342743673,1.1035898531670398,-0.13708705405667804,-1.778262326689219,21.0,19.101993901913033,19.294172548824424,19.101993901913033,18.377147688370087,63.12666383726966,63.12666383726966,65.3773263817716,21.0,1.0,17.5,21.0,18.149711873556384,18.618963994962968,19.421935185053144,17.552059353400512,20.47315725318528,19.012608303292897,-2.921097899784769,17.844169143378988,65.36742247092012,65.2407292549249,70.4769063979125,0.7483947838017428,61.34328358208955,17.552059353407426,19.319830378523456,61.34328358208955,64.24196519532889,21.268656716417908,21.318407960199007,21.19402985074627,21.119402985074625,IMG_00267.png,13.4,lumify_png,19.921092761097896
1,3.0,22.750044447601912,22.766911548745018,23.493337840827905,23.49340640578297,24.09058962613035,24.113058635805537,-0.38178225794946624,1.727929345009988,-2.45021458929398,-0.13842541620549176,13.0,16.2454546280309,16.453209473684737,17.047456094347012,17.047456094347012,79.55621246050006,78.13397788191128,78.13397788191128,13.0,1.0,14.5,13.0,18.75843295433532,18.87976617770002,15.031815681360456,20.14002625102162,13.15023708031447,16.645131665668046,6.98978917070715,19.441047333950905,80.56935018644846,79.38562707762385,66.04250659435438,0.6339304478161004,73.73134328358209,20.140026250995064,16.03728390161354,73.73134328358209,82.31100028988462,22.715617383198715,22.716541184172833,22.835136584743086,22.73414537371063,IMG_00268.png,13.4,lumify_png,19.074400765284423
1,2.0,22.60572925202115,22.67642928710419,23.954279771118056,24.094380198041335,25.286638921737257,25.50883110479773,1.461105983414084,1.3712958342794563,-0.9560121774963899,-6.181731588652462,18.0,17.03393868344112,16.51985863449676,17.18823992675982,17.800702377243056,73.00814821418268,70.19437633532466,66.63424733693859,18.0,1.0,16.5,18.0,18.269092270116943,19.691958684971354,17.34802733299631,18.767813619178657,15.121064069786033,16.944438844482345,3.646749549392624,18.403138664239396,78.00039429660987,77.70223900599395,70.38695984678019,0.8072090726147152,65.2,18.76781361922043,18.495021369808327,65.2,71.38801858565563,22.688888888888886,22.711111111111112,22.733333333333334,22.933333333333334,IMG_00269.png,15.0,lumify_png,20.912019701182743
1,2.0,19.33749881732897,19.36424822317591,20.3765595265054,20.407569767742746,21.454941526802994,21.48605480820802,0.8391776730163911,1.28262891201572,-2.6351437404268934,-3.158999572943172,15.0,21.13817925065547,21.676583892071033,21.299189567337947,22.04075872138793,52.96605533141259,52.83930822807245,50.978793447121866,15.0,1.0,21.5,15.0,21.26887374342411,19.522261643521603,22.441186396636965,19.914621371218423,23.580953662941944,21.747787517080184,-3.666332291723522,20.281254600390774,52.31721403168109,52.195717544766076,56.77784070327043,0.5740030964641305,55.93023255813954,19.914621371223436,21.870831708191567,55.93023255813954,51.91634990325335,19.41860465116279,19.37984496124031,19.30232558139535,19.36046511627907,IMG_00270.png,17.2,lumify_png,19.522261643521603
1,2.0,18.6766607662457,18.680439337535844,19.798234205549466,19.808075303416636,20.95796299568518,20.974998117882528,1.0505258405763909,1.2440329397702963,1.511728456519927,-1.8061601193922785,8.0,14.45111166971175,16.54784779787151,17.58711953219384,17.58711953219384,67.93009644907593,56.74618563792894,56.74618563792894,8.0,1.0,17.5,8.0,17.514008662403427,19.996518785862918,12.956101922984061,16.723355488305845,16.21494636043416,16.469150924370002,0.5084091278716883,16.67251457551868,65.89712247876538,65.89195211358037,64.91831712529859,0.5214058768997254,56.395348837209305,16.723355488424804,17.837786467167444,56.395348837209305,60.98234938714021,18.74031007751938,18.624031007751938,18.6046511627907,18.72093023255814,IMG_00271.png,17.2,lumify_png,19.996518785862918
1,2.0,18.67920348184949,18.688708173604315,19.82897250988587,19.83747041305675,20.97821127257561,20.98678267961734,1.1133036367149016,1.1847708692981198,-6.7550021041015285,-1.6771267193630701,14.0,18.861994776895216,17.827411995141755,18.607475433324396,15.310252683029603,62.78435790335714,67.20054380652027,77.44808190039065,14.0,1.0,18.5,14.0,19.277073073646875,15.979850323352082,18.88062913054418,21.66323904942477,16.814999789781822,19.2391194196033,4.848239259642949,21.178415123460475,56.828678047234426,56.531670723249626,50.4613291611478,0.7587441671163389,79.88372093023256,21.66323904933749,16.440523323139466,79.88372093023256,65.81808916614872,18.68217054263566,18.68217054263566,18.77906976744186,18.895348837209305,IMG_00272.png,17.2,lumify_png,15.979850323352082
1,2.0,15.958057938114406,15.963097222079483,16.690444247713714,16.695011322050068,17.456687726338473,17.460207514834053,0.7828262047591532,0.7142840879954143,-4.609232110094189,-1.3402111058720174,15.0,24.73287275095342,25.033375136941604,24.73287275095342,23.402295141778012,41.87339153399407,41.87339153399407,42.98387851616039,15.0,1.0,22.5,15.0,23.921019984406172,24.308758551471016,26.74378554343761,25.257121534289574,24.648178032150206,24.95264978321989,0.608943502139367,25.196227184075635,37.788784545897805,37.78696140596611,37.360807502562345,0.7057505097451098,41.395348837209305,25.25712153422864,23.38770975687596,41.395348837209305,40.15899132556466,16.007751937984494,16.007751937984494,15.988372093023257,16.1046511627907,IMG_00273.png,17.2,lumify_png,27.592936918039555
1,2.0,21.465819855077587,21.55390505747299,22.78988656734593,22.872785086835673,24.09451108773661,24.176632600030626,1.5530226674328191,1.069704875124822,1.1815820489233277,4.879583441490276,13.0,17.372656032234488,16.66220244586935,16.06419537104358,16.06419537104358,66.08462974209473,68.72640422424628,68.72640422424628,13.0,-1.0,15.5,13.0,16.15229016830574,17.85415042830266,16.781605078013826,16.279806762912028,17.189150555954996,16.734478659433513,-0.9093437930429665,16.370741142216325,74.75592935267385,74.73776065737572,76.76622891314464,0.7516088204966048,60.0,16.279806762981664,18.690501423852023,60.0,67.1535516015542,21.91542288557214,21.567164179104477,21.542288557213933,21.34328358208955,IMG_00274.png,13.4,lumify_png,17.460750829496646
1,2.0,25.245138034293838,25.336867561299382,26.745545927663443,26.82575330635779,28.18448909519497,28.29762591863825,1.2754559412184112,1.6853024161204473,9.67005428555973,4.4317688181441515,6.0,35.315655758738444,35.40220646791425,35.69053213669508,35.69053213669508,45.725936722694314,45.642407491598334,45.642407491598334,6.0,-1.0,33.5,6.0,34.69820896209333,,35.44796171800661,36.22906142996555,34.48480304297639,35.35693223647097,1.7442583869891568,36.05463559126663,43.45244786336307,43.444092060616754,42.536523160490376,0.5218096341490805,48.8,36.229061429327814,33.081657201614746,48.8,46.05746548023098,25.433333333333334,25.266666666666666,25.133333333333333,24.8,IMG_00275.png,10.0,lumify_png,
1,2.0,21.968377785208908,21.97369748945075,23.09852832063121,23.10969542932062,24.275745110835317,24.30361123194515,1.0986261305792668,1.2312876119151368,0.5517029815325158,-1.7812643695545267,17.0,14.910846514231736,15.467590856764131,15.387446870699165,15.614505360430542,79.28677326808453,77.84547396757233,74.22307289403562,17.0,1.0,14.5,17.0,16.031312314244246,18.03776059666302,14.974745988339606,19.514903849808213,11.500525853234407,15.50771485152131,8.014377996573808,18.713466050150835,84.06725602647722,82.18121290750076,65.77608776177512,0.7169078442489397,68.72093023255815,19.514903849833424,16.20555178334862,68.72093023255815,78.73122340341067,21.996124031007753,21.976744186046513,21.91860465116279,21.86046511627907,IMG_00276.png,17.2,lumify_png,18.03776059666302
1,2.0,21.728141550829747,21.72979281337357,22.69126719807037,22.69290144808076,23.690570084794484,23.69162328531893,0.9651915447060723,0.9966389272392826,-4.725746475151296,0.6876294544029427,14.0,15.146792946993486,15.641909245807986,15.319935770274157,14.973650123712815,115.17771290905013,118.24580508749021,118.24580508749021,14.0,1.0,14.5,14.0,15.55375187212772,15.86330826427087,14.233061528873833,16.491231155305123,11.448438627388406,13.969834891346764,5.042792527916716,15.98695190251345,90.93754639130475,89.94960887620469,76.4960512196832,0.5573538900857126,107.90697674418605,16.4912311551057,11.136878031183361,107.90697674418605,112.42262562459587,21.666666666666668,21.705426356589147,21.76356589147287,21.80232558139535,IMG_00277.png,17.2,lumify_png,15.55375187212772
1,2.0,19.676742687458816,19.68026569720182,20.78516256038426,20.79099584823393,21.952256524515676,21.95962396046888,1.2333865837299078,1.045971679537153,1.694505391054249,1.3572718530879009,11.0,26.33646152939869,26.145830095846662,26.33646152939869,26.33646152939869,44.81449047172867,44.81449047172867,44.81449047172867,11.0,-1.0,24.5,11.0,26.022572939356195,25.191579214159475,26.26618213922859,26.53330612902541,26.67497177495893,26.60413895199217,-0.14166564593352246,26.54747269361876,43.93428730472776,43.93418676303683,44.04293247544738,0.49085875283743974,45.6,26.533306128997477,26.334096181543625,45.6,44.352040108412005,19.733333333333334,19.688888888888886,19.733333333333334,19.933333333333334,IMG_00278.png,15.0,lumify_png,
1,2.0,15.84277139365622,15.843544777150786,16.513273112596966,16.513986747541278,17.272442412476465,17.272812927997517,0.6849122757721366,0.744355875074596,4.5464095507565006,0.5326614687511506,11.0,17.11966138989004,16.142078813361938,15.278932180795834,15.62983969934541,61.5222800790823,71.33935448948007,71.33935448948007,11.0,-1.0,15.5,11.0,18.935363131429796,18.935363131429796,15.269230171204839,21.47277729161771,11.499779187790125,16.486278239703918,9.972998103827587,20.475477481234954,57.527653826844194,55.74921577222697,43.219332233259244,0.6336815622276699,63.08457711442786,21.472777291430837,13.984009995526065,63.08457711442786,65.4697241833549,15.820895522388058,15.820895522388058,15.820895522388058,15.820895522388058,IMG_00279.png,20.1,lumify_png,16.65408946654324
1,2.0,15.167695971217299,15.168379944610052,16.000656786250303,16.002918797057433,16.864710432253226,16.868320495840035,0.8619865151298491,0.8379540361001375,3.301607822885457,0.9633641550128804,10.0,18.550953198914172,17.6067589084671,18.529436940953758,15.787666082209483,50.32319175350484,51.953744376303426,62.96601965104785,10.0,-1.0,15.5,10.0,22.831999395284527,24.210801834965594,15.233619299970684,25.932495648014523,10.509896457609353,18.22119605281194,15.422599190405172,24.39023572897401,51.67886385661334,48.4750693851284,34.66059649100344,0.5755896932683106,46.86567164179104,25.93249564791387,16.59423112439297,46.86567164179104,53.073959122469915,15.1575456053068,15.17412935323383,15.140961857379766,15.124378109452735,IMG_00280.png,20.1,lumify_png,24.210801834965594
1,2.0,17.745374788358003,17.75176476006565,18.846271699103703,18.857655780468246,19.95889733882083,19.978101508221197,0.8626418022946727,1.3636949458608714,4.195319982028283,1.9909695789176167,10.0,23.30203433543096,23.387261938833266,23.36196067900977,23.510629469174773,47.484415933143985,47.53767341931078,47.294267430117436,10.0,-1.0,22.5,10.0,23.491662795623995,26.192738059167084,23.552590632824803,25.766287721959543,21.100879848396044,23.433583785177795,4.665407873563499,25.299746934603192,44.723732766566805,44.57926616055188,40.78326896263566,0.596845793861897,48.059701492537314,25.76628772179508,22.039759429882864,48.059701492537314,47.244620514799436,17.761194029850746,17.711442786069654,17.736318407960198,17.761194029850746,IMG_00281.png,13.4,lumify_png,26.192738059167084
1,2.0,19.309538280223926,19.311866918399666,20.35789321321121,20.36800595111928,21.507739890483478,21.53146730784876,1.092610561261221,1.126989828187871,-1.082475128598525,1.8055757785704774,20.0,16.520782562724747,16.764913565752064,16.783849389815572,16.783849389815572,72.33660398969911,72.12682509925297,72.12682509925297,20.0,1.0,15.5,20.0,17.49298392204699,17.49298392204699,17.30295452318333,17.39794441076419,17.58445292082346,17.491198665793824,-0.18650851005927022,17.416595261770116,64.2517125938301,64.25111215597268,64.58476717489137,0.6309285637579531,85.34883720930233,17.397944410741808,16.150505647394272,85.34883720930233,69.42467404160793,19.36046511627907,19.34108527131783,19.36046511627907,19.476744186046513,IMG_00282.png,17.2,lumify_png,17.49298392204699
1,2.0,22.936860220453884,22.996998876904954,24.32017168163382,24.372743670352435,25.686255745942525,25.728021719893686,1.459222068627028,1.2718007743617041,-7.747247377620234,-3.7639228936140015,11.0,19.404226383297868,19.423431077124185,19.243096444759175,19.243096444759175,76.4598118661438,78.87567315573592,78.87567315573592,11.0,1.0,19.5,11.0,20.60219978176545,22.316054292188085,17.600893571229875,25.569348335516565,11.3323100583175,18.450829196917034,14.237038277199067,24.14564450779666,76.06970116833863,72.18893175502556,52.93548230138276,0.42342779828296545,76.41791044776119,25.569348335126126,16.050475740790194,76.41791044776119,82.63450264599824,23.08457711442786,23.034825870646767,23.009950248756216,23.134328358208954,IMG_00283.png,13.4,lumify_png,20.441069843226757
1,2.0,18.681021640701253,18.682450472236763,20.224369820627828,20.22465746845979,21.878954491838194,21.879407562017406,1.656923186879543,1.540033902901098,4.716560189750839,0.3055822399541641,13.0,24.398354924600255,24.648853923120413,24.398354924600255,24.398354924600255,47.13080618055297,47.29885267348148,47.593720039434224,13.0,-1.0,22.5,13.0,28.497943403856368,26.351110568490526,24.182837322852407,30.003619430867328,22.88098263983732,26.442301035352326,7.122636791030009,29.29135575176433,42.11613587716102,41.86816416385163,37.28340248970834,0.6701554823756053,51.940298507462686,30.00361943073834,23.461953596772922,51.940298507462686,46.82709576926103,18.70646766169154,18.70646766169154,18.70646766169154,18.65671641791045,IMG_00284.png,13.4,lumify_png,30.132286806327386
1,2.0,20.02149883455189,20.03535397901343,21.34131737643071,21.35797934513949,22.70842490030966,22.725135618882803,1.7173892417790246,0.9723923980903565,5.351047626186259,2.2633355465971947,15.0,20.21369758037332,19.517031204398847,20.21369758037332,18.452892828875804,63.851151706885744,63.851151706885744,66.72275737013143,15.0,-1.0,18.5,15.0,20.621218380705585,17.385305906457234,20.04104470938202,19.867845430320415,19.613498488769935,19.740671959545175,0.2543469415504814,19.84241073616537,59.18454387206835,59.18373951438953,58.82006774100604,0.7919311414608018,71.27906976744187,19.867845430284483,18.020193654203894,71.27906976744187,64.61925277339893,19.98062015503876,19.98062015503876,20.0,20.0,IMG_00285.png,17.2,lumify_png,17.385305906457234
1,2.0,21.664168813529198,21.68372148308815,22.807578208772327,22.834082701313,23.925112701359545,23.95790310704312,1.4483109304252215,0.8258706935297462,6.001396322999233,2.7608805029279497,10.0,22.864136797300134,21.813910353191794,23.2932460975899,23.894709290251825,60.65829719441969,59.68348031511444,58.91225915014633,10.0,-1.0,22.5,10.0,23.2497346353708,,20.910336651793756,31.805142345474763,11.805142345474765,21.805142345474763,20.0,29.805142345474763,62.83265879467274,58.24087096461758,41.048051163503715,0.4404429949666544,54.651162790697676,28.88208081999324,18.88208081999324,57.674418604651166,66.84858214126557,21.666666666666668,21.666666666666668,21.78294573643411,21.80232558139535,IMG_00286.png,17.2,lumify_png,
1,2.0,15.23510934297329,15.235397227246658,16.29288106506563,16.293943172144306,17.380503517198612,17.381584752441164,1.0294340371908055,1.1167534880037038,7.217737701420369,0.6542007570595099,4.0,33.72586174051389,34.999647594136896,32.354428904123125,33.72586174051389,29.999805069571533,32.34671804300489,29.999805069571533,4.0,-1.0,31.5,4.0,30.52096864851802,30.52096864851802,34.88409771017015,27.6458598579445,40.70820766592743,34.17703376193597,-13.06234780798293,28.952094638742796,27.385629201626518,27.065352469742827,32.766896601278326,0.38463799072723803,34.76744186046512,27.645859856562776,30.850875931985254,34.76744186046512,29.648695857228187,15.271317829457367,15.232558139534884,15.193798449612403,15.174418604651164,IMG_00287.png,17.2,lumify_png,
1,2.0,24.4903490834448,24.49237147692316,25.77098596373885,25.77512418955568,27.062817879735217,27.06929856703687,1.2491637787450571,1.3277633113686542,1.9916606246116357,-1.0267155759492108,10.0,21.95501802949471,21.41474418273893,22.231933211513223,22.231933211513223,62.41547584271144,60.53860386995293,60.53860386995293,10.0,1.0,20.5,10.0,22.586951291473554,22.61635969539077,17.977990426817087,29.09215657256101,11.93716053528315,20.514658553922082,17.15499603727786,27.376656968833224,74.36090633985123,69.88498850124819,50.37061123960945,0.5363921270821156,56.52892561983471,29.092156572875993,21.860586130975843,56.52892561983471,65.7741972460795,24.490358126721762,24.490358126721762,24.435261707988982,24.297520661157026,IMG_00288.png,12.1,lumify_png,
1,2.0,17.938959912511873,17.94096351530412,19.184655380523733,19.189091861201167,20.486317080218978,20.49433367769016,1.3702232558543952,1.183146906531648,-0.9818999541949195,1.2320776631962167,8.0,19.62017713354129,20.65824369437476,20.094734846250873,20.932527631429366,50.97056601296899,49.53098339281993,48.35001602886618,8.0,-1.0,17.5,8.0,21.69108896383608,20.310553501456553,18.77230391237663,25.298501397825994,16.10115167601586,20.699826536920927,9.197349721810133,24.37876642564498,51.600418801588326,50.75637493335183,41.983434192061345,0.5228858354853589,45.6,25.298501397878145,21.511015866027336,45.6,48.92809212527395,17.955555555555556,17.933333333333334,17.88888888888889,17.866666666666667,IMG_00289.png,15.0,lumify_png,
1,2.0,16.356195498526148,16.35895700184579,17.583454208331904,17.58563727685837,18.831759829660022,18.83365982440996,1.4971699578354374,0.9775328647287299,1.0958185515482122,0.9028108124741343,7.0,20.21553876991203,20.297884426239452,20.818600748490297,20.04328307683673,47.33116350159738,46.05788419709356,47.706608110674225,7.0,-1.0,18.5,7.0,20.87928379577582,19.1986126234585,19.06381232578414,21.11942170256046,19.40976028671983,20.264590994640145,1.7096614158406271,20.948455560976395,47.25037233620218,47.22285258007425,45.393630650442525,0.5574347311710739,46.93333333333333,21.119421702556867,20.21273152024885,46.93333333333333,47.33892372958561,16.377777777777776,16.4,16.355555555555558,16.333333333333332,IMG_00290.png,15.0,lumify_png,19.1986126234585
1,2.0,18.752805844505996,18.755452498614435,19.97143562075621,19.97362734747817,21.18878625919131,21.193845373035668,0.7307132543200137,1.7076796201012157,-5.326394150280611,0.8488018774655508,14.0,15.502939900260614,16.493790602568346,15.792387727898074,15.792387727898074,94.82790674531984,93.85879575635175,93.85879575635175,14.0,1.0,15.5,14.0,15.962117673567093,15.962117673567093,15.576259022561914,18.913267333570907,12.554368586050108,15.733817959810507,6.358898747520797,18.277377458818826,70.06512666828664,69.11115575144422,57.81754656285763,0.7044063848254858,92.66666666666667,18.91326733348168,12.504476191720233,92.66666666666667,86.55612580969594,18.866666666666667,18.8,18.711111111111112,18.733333333333334,IMG_00291.png,15.0,lumify_png,19.052158096984243
1,2.0,17.600312202676072,17.611140871850473,18.577881127304284,18.586369241432305,19.568819614679228,19.575863440069252,0.9216504639903376,1.043072104228444,6.7191370712758065,1.7316594385883375,8.0,30.851367809036205,29.66191481904136,31.882421342550572,32.22188147856812,37.65116526994379,36.62973241072513,35.331314013800224,8.0,-1.0,29.5,8.0,29.91207876957833,,31.974185836607063,35.458835591440696,24.828159158154453,30.143497374797576,10.630676433286244,34.39576794811207,35.321118939703496,34.96642318596531,30.26798086724825,0.2862749620342214,39.40298507462686,35.45883559036516,27.742717178307732,39.40298507462686,37.72056087459393,17.686567164179102,17.611940298507463,17.611940298507463,17.611940298507463,IMG_00292.png,13.4,lumify_png,
1,3.0,20.57332179986615,20.58142700680659,21.811361830123083,21.81476490261142,23.115126692003106,23.115137152692547,1.5772646689840069,0.9564454769019465,-1.5002540470406844,1.012053818266876,15.0,12.324363310075682,12.74104843854052,12.84838242064356,12.362327875609566,90.67806052639787,88.74704707256656,88.74704707256656,15.0,-1.0,11.5,15.0,14.451671618057645,14.451671618057645,10.44328288802376,16.517539471250974,8.91474888227793,12.716144176764452,7.6027905889730425,15.757260412353668,96.42578829784055,93.50047492025716,72.39108075188074,0.735268124284656,64.79338842975207,16.517539471306726,14.29695743974241,64.79338842975207,83.34330210754766,20.74380165289256,20.60606060606061,20.523415977961434,20.41322314049587,IMG_00293.png,12.1,lumify_png,15.353045921332011
1,2.0,23.179361954616322,23.251553675938005,24.501992058259024,24.572363610721105,25.82123468901618,25.889383874819217,1.4103906155436527,1.2274395833375606,8.943016270501062,4.337269720367587,14.0,22.610257237697482,23.13230902137197,22.66121455891428,24.4666535875333,67.27389384584768,67.01772628233586,66.9310370718755,14.0,-1.0,21.5,14.0,23.195740035043116,23.195740035043116,23.41311007862882,25.288014587016878,21.629691221851708,23.458852904434295,3.6583233651651716,24.922182250500363,58.08138730900084,57.966405048000155,54.020498796832456,0.6857318497884063,69.91735537190083,25.288014586910492,20.927196655817415,69.91735537190083,64.60545851546892,23.22314049586777,23.250688705234158,23.27823691460055,23.388429752066116,IMG_00294.png,12.1,lumify_png,25.103093706095734
1,2.0,22.26106522116119,22.26166052122872,23.2352276545576,23.235715444037083,24.203359281812887,24.203636154801895,1.1691523619781266,0.7728232715950482,3.2752942124160405,0.3712586490801204,7.0,23.67626504520834,25.636120854870246,26.974161203874104,26.71370687124619,61.35327938822986,52.147995492700055,53.25389990423621,7.0,-1.0,26.5,7.0,27.313449617960288,27.052995285332372,22.347443593297356,28.32215795967401,23.192370934907256,25.757264447290634,5.129787024766754,27.809179257197336,51.36156711177479,51.19637940802182,46.89402542993962,0.5827329621030723,53.83720930232558,28.322157959533747,24.15947977338101,53.83720930232558,54.35884086199804,22.36434108527132,22.267441860465116,22.189922480620158,22.093023255813954,IMG_00295.png,17.2,lumify_png,24.015553459294523
1,2.0,19.68895550174944,19.830142166273514,21.144399770855983,21.314169846159604,22.559254843610635,22.753204454949266,2.030379421259271,0.8926828674164824,-1.2573236107636483,7.236401903926036,13.0,12.923987556273744,13.27863621541651,13.18379835232227,13.518091388050323,64.27211450207402,64.27211450207402,60.64200434001275,13.0,-1.0,10.5,13.0,13.869903833078638,13.869903833078638,11.716589023021811,14.034639977692075,11.672805460701992,12.853722719197034,2.361834516990083,13.798456525993068,89.27095393593845,89.02096299108449,81.66249519988108,0.766712792172765,57.02479338842976,14.034639977804087,16.743944730072744,57.02479338842976,68.74066739850161,19.779614325068874,19.779614325068874,19.834710743801654,19.75206611570248,IMG_00296.png,12.1,lumify_png,13.029533448316442
1,2.0,20.777650463982024,20.80653346451248,22.256223183336147,22.290782836985358,23.655911506658853,23.709670380648543,1.4234119482343295,1.4797249679017352,3.1897030814023504,3.190919054225878,16.0,14.079807199553102,14.812478502946481,15.59125045994378,15.59125045994378,85.66894004736959,77.5609475497857,77.5609475497857,15.0,-1.0,15.5,16.0,15.79522107239626,17.793859549008374,11.576586088792851,18.901568835214213,7.520806600374092,13.211187717794152,11.38076223484012,17.7634926117302,97.19756963860252,90.89818516657924,64.12837633250605,0.7402981289557075,69.91735537190083,18.90156883520425,13.024010969081429,69.91735537190083,92.1814782487453,20.798898071625345,20.798898071625345,20.826446280991735,20.90909090909091,IMG_00297.png,12.1,lumify_png,17.793859549008374
1,2.0,22.757100592315805,22.794193025868303,24.327682979953977,24.355970746020773,25.936308389223203,25.95139122168976,1.5374021721947178,1.619796023626743,-5.586299654852733,-2.761698581068757,14.0,23.10905905316453,22.796830551473256,22.702939207906468,22.038027667766727,60.21159347986284,62.19399344805914,62.19399344805914,14.0,1.0,21.5,14.0,23.979302010578436,25.205049208844542,22.624375087224593,24.017429711583233,22.646155927122564,23.3317928193529,1.3712737844606693,23.880302333137166,57.37395231493581,57.357838447903276,55.81339604930372,0.792782199256505,64.13223140495867,24.017429711531072,21.88001509746421,64.13223140495867,60.95800865983764,22.78236914600551,22.78236914600551,22.78236914600551,22.727272727272727,IMG_00298.png,12.1,lumify_png,25.205049208844542
1,2.0,19.669808505633224,19.705833847262706,20.949743602626825,20.989168466745195,22.23243747846358,22.27552273093835,1.2078869215525174,1.3618019621231243,9.341012899924682,3.512312255420935,10.0,29.06800792142603,29.22773697713861,29.75824004932008,29.75824004932008,44.97881310091854,43.9682549572584,45.98937124457868,10.0,-1.0,27.5,10.0,29.793371597871158,29.113216094335627,30.154939692061504,27.834025039459764,32.15865795213546,29.99634149579761,-4.324632912675693,28.266488330727334,39.22051301754841,39.155149411429036,41.92527733220482,0.780606626131843,52.13333333333333,27.83402503926561,26.86572089517678,52.13333333333333,43.31790801830845,19.733333333333334,19.711111111111112,19.733333333333334,19.733333333333334,IMG_00299.png,15.0,lumify_png,27.425440731474254
1,2.0,16.158887545114375,16.18120772340972,17.780902289438174,17.801717467877587,19.427910459962636,19.445881641319676,1.388560286041537,1.8761136318684206,-1.1165158434527416,2.771016259169267,9.0,15.348464413821063,15.108860427454328,15.06508970151009,15.06508970151009,80.11567708387162,81.35722891822634,81.35722891822634,9.0,1.0,12.5,9.0,14.30907428218461,14.592448994495584,,14.22895478135252,14.716994883388132,14.472974832370326,-0.48804010203561116,14.277758791556082,64.73346532461943,64.72738682869365,65.81392690258994,0.4035775098794173,91.2,14.228954781229797,12.78784787169075,91.2,73.08557690660217,16.22222222222222,16.244444444444444,16.155555555555555,16.133333333333333,IMG_00300.png,15.0,lumify_png,14.765738058869516
1,2.0,19.45573687273818,19.4579140966955,20.502238791884743,20.503812244260473,21.573865390126784,21.57472918809426,1.2335839910904343,0.8832311003083291,-2.3828064415668684,0.7098227274196729,11.0,19.649823374135735,19.398400888507187,19.649823374135735,20.082043977310803,52.51539092198136,51.4765320933226,51.4765320933226,11.0,-1.0,17.5,11.0,20.073390648864233,21.645397743851305,20.5056112520393,21.160563736858744,17.330653364041122,19.245608550449933,3.8299103728176225,20.777572699576982,59.22162514713104,59.02892857881313,53.90011830979074,0.611641986903481,49.917355371900825,21.160563736925113,20.653791550383023,49.917355371900825,55.1627280818463,19.53168044077135,19.53168044077135,19.44903581267218,19.50413223140496,IMG_00301.png,12.1,lumify_png,21.645397743851305
1,2.0,20.665269094261976,20.835595602941265,21.6462251818396,21.836144786990054,22.63932683576541,22.848400464841077,1.0768776590152254,0.935927202884587,6.57057752538475,7.562228966783043,17.0,19.328354850061487,19.124299394513763,18.85245286019739,18.85245286019739,61.320287918100334,62.17593686442301,62.17593686442301,17.0,-1.0,18.5,17.0,19.023917772671723,18.665410732290184,20.677036115063117,18.705003198292637,20.20123937152879,19.45312128491071,-1.496236173236154,18.85462681561625,62.12158762680294,62.09147312109613,64.48064016103044,0.7466761759322954,61.6,18.705003198299536,19.747674954742862,61.6,61.201475150566054,20.733333333333334,20.8,20.91111111111111,20.933333333333334,IMG_00302.png,15.0,lumify_png,18.665410732290184
1,2.0,19.178156232164614,19.190785807846407,20.510479185059946,20.51943988094008,21.798563814846183,21.803992953387958,1.152402027789252,1.460805117752304,4.558247600018119,1.69332981060735,16.0,16.043347897486285,15.587904633019177,15.889108472294424,15.889108472294424,74.69112597683102,76.97298526477965,79.2475203648455,16.0,-1.0,13.5,16.0,17.404828548640324,17.404828548640324,15.996915883664258,17.17621289191649,16.39195995793558,16.784086424926034,0.7842529339809089,17.097787598518398,66.31420344831548,66.30228794557787,64.83270796786358,0.7430598355813716,83.06666666666666,17.1762128918626,14.940734217875207,83.06666666666666,74.26055653422107,19.133333333333333,19.133333333333333,19.155555555555555,19.266666666666666,IMG_00303.png,15.0,lumify_png,17.404828548640324
1,2.0,28.06397979813626,28.07624294853331,29.5334293843525,29.534978409845294,31.00511791520815,31.00590414369355,1.4355068024481068,1.4941543927121284,-0.96049249607819,-0.5868140210150096,15.0,18.271584279971933,18.84211446269503,19.965280690501118,21.517553721856245,89.10179930048781,79.55172464959718,75.89554791261577,15.0,1.0,20.5,15.0,21.50256003122027,20.473186889415956,13.936189732480244,25.41482488867395,12.281429206288044,18.848127047480997,13.133395682385908,24.10148532043536,90.62380672603408,86.88773001310814,65.40552654529161,0.7422349012076244,71.5702479338843,25.414824888684137,19.334756597632346,71.5702479338843,84.7814222121013,28.07162534435262,28.09917355371901,28.09917355371901,28.09917355371901,IMG_00304.png,12.1,lumify_png,19.72502819536342
1,3.0,5.3941060486623496,5.395440518549659,6.194788703087578,6.1951405605190955,6.966552208402134,6.966568927071351,0.4522928028093618,1.1188356057123297,5.5968023970333025,0.6106571796791794,0.0,,,,,,,,,,14.5,0.0,,,,,,,,,,,,,,,,,,5.43059593872158,5.396989506114179,5.418073738658096,5.373152445132445,IMG_00305.png,17.2,lumify_png,
1,2.0,18.04977468674155,18.06165733297091,19.2915608633678,19.30315620897844,20.54703728798252,20.558308868708053,1.3914019905039874,1.1052495452331565,0.6432373713709091,-1.9860357364389762,9.0,20.859446762834608,20.84699477224901,20.859446762834608,20.859446762834608,46.52345517986539,46.52345517986539,46.51988090470959,9.0,1.0,19.5,9.0,21.48469951332217,22.420164811935933,16.82789065263904,24.896788156536587,14.142903194934064,19.519845675735326,10.753884961602523,23.821399660376336,55.45976529921033,54.051326574218855,42.90022673191229,0.5448546100102345,46.16279069767442,24.89678815665819,20.909053898025057,46.16279069767442,50.605430946373886,18.06201550387597,18.06201550387597,18.04263565891473,18.02325581395349,IMG_00306.png,17.2,lumify_png,27.582959185369162
1,2.0,22.43477633845463,22.436042153005644,23.272792540387655,23.274210169802952,24.11622212709182,24.119594073796403,0.7271191849729272,0.9564327358178321,1.7965008578826522,0.6323881405722364,8.0,14.258076772116837,15.593238590850689,13.842243509353779,13.842243509353779,86.90488462854464,89.10376756782392,89.10376756782392,8.0,1.0,12.5,8.0,13.731741546476826,13.731741546476826,13.882098464203068,10.355572155758207,23.114669360684406,16.735120758221306,-12.7590972049262,11.631481876250826,81.99089666682048,77.90050719469515,124.78699340226702,0.5981856927917695,86.01307189542483,10.355572155801168,17.309129946471607,86.01307189542483,75.39235843426688,22.52723311546841,22.483660130718953,22.461873638344226,22.549019607843135,IMG_00307.png,15.3,lumify_png,11.825231843304692
1,2.0,20.649673100297306,20.65781769699047,21.527666477115222,21.533427132231207,22.396788678348475,22.40118936230469,0.7273981661517689,1.015973499162448,-6.277510695703812,-1.3253380688048546,10.0,30.630381859282807,30.13050245878054,30.16334475495782,30.16334475495782,43.97502820058577,43.240068620016245,43.240068620016245,10.0,1.0,29.5,10.0,31.41542957439458,31.41542957439458,30.19126670651309,33.414289541553885,27.917572580641576,30.66593106109773,5.496716960912307,32.864617845462654,40.5107262278105,40.40645574030256,37.42324541223399,0.6792991287603269,45.86666666666667,33.414289541342384,28.317693300608298,45.86666666666667,43.44498584328718,20.82222222222222,20.711111111111112,20.644444444444446,20.666666666666668,IMG_00308.png,15.0,lumify_png,31.41542957439458
1,2.0,13.121027154419266,13.130091614882417,14.026524339187642,14.034342615412955,14.927672470876372,14.93382497310031,0.8073848260190364,0.9963485321988562,-4.343976478124698,-1.9125696579670033,8.0,27.687524481196718,26.342710410378274,27.8475021311406,27.8475021311406,29.962207720935286,30.042839663623948,29.881575778246624,8.0,1.0,25.5,8.0,27.85842027366624,27.85842027366624,28.040362353111846,27.537694686827248,23.668125526362036,25.602910106594642,3.869569160465212,27.15073777078073,30.39209524472258,30.335849654885102,28.354246982267224,0.6397278914238502,32.93532338308457,27.537694686759735,24.490021766976522,32.93532338308457,31.623591000673816,13.117744610281923,13.134328358208954,13.117744610281923,13.233830845771143,IMG_00309.png,20.1,lumify_png,27.85842027366624
