ok,n_bands,mt_inner,mt_inner_vert,mt_center,mt_center_vert,mt_outer,mt_outer_vert,sup_thick,deep_thick,deep_angle,sup_angle,n_fasc,pa_med,pa_wmean,pa_wmed,pa_top5,fl_med,fl_wmed,fl_top5,n_fasc_kept,fasc_sign,pa_orient,v2_n,v2_pa_lowhalf,v2_pa_low3,v2_pa_uphalf,v2_pa_fit1,v2_pa_fit0,v2_pa_fitmid,v2_pa_slope,v2_pa_fit09,v2_fl_curve,v2_fl_chord_mid,v2_fl_chord_deep,v2_fasc_span,v2_mt_raw_1090,v2_mt_raw_1684,v2_mt_raw_2575,v2_mt_raw_mid,image_id,px_per_mm,family,v2_pa_insert
1,2.0,25.07532357852471,25.08815739958528,26.309176152895333,26.321570995104388,27.573887761744608,27.585927538741256,1.4170245754831488,1.0807455636728223,4.230137487685184,1.758406466337501,28.0,16.99198460314912,17.274633353543393,17.056251202181784,17.785133983253957,91.00541017366835,90.9316915155839,91.33939384850432,28.0,-1.0,16.5,28.0,17.72702113141409,16.823154726923946,16.99813835034189,17.760656045373278,16.940262199772175,17.350459122572726,0.820393845601102,17.678616660813166,84.02755326110797,84.0121066208913,82.13219084189116,0.7015903917256738,25.295566502463046,25.172413793103445,25.09852216748768,25.123152709359598,IMG_00001.tif,13.533333333333337,juniper_right_9,
1,2.0,18.04935023994085,18.050273301604676,19.084282934738088,19.084977309360738,20.13024232546925,20.130296947695097,1.2950786646365244,0.7849449814538968,-2.673521085965424,0.4887536831480177,18.0,9.893325043441507,9.193668750014844,9.874844080698153,8.360915415323547,86.90160466389338,87.19690031952744,111.63636569433325,18.0,-1.0,7.5,18.0,10.248025902189966,10.248025902189966,8.263115205695726,11.319780196127551,7.282230609877225,9.301005403002389,4.037549586250326,10.916025237502518,113.46893867805555,111.6694867936962,91.94884941316394,0.7830730208663211,17.97482211275315,18.018609742747675,17.99671592775041,17.99671592775041,IMG_00002.tif,15.225,juniper_right_8,10.897737797146647
1,2.0,23.24159141360865,23.248200832866438,24.415131460494266,24.418802529710593,25.619064497199656,25.620008263728515,1.466846164221719,0.9049612666403608,-0.3230785548467518,-0.9935212863835674,20.0,13.401788255409272,13.243975039721283,13.168865683892932,13.68125596081802,96.53544421282274,96.71549896121141,95.21639069287527,20.0,1.0,11.5,20.0,12.958887031176715,12.672645246416124,13.738600744287567,12.175539964924818,14.747974840937369,13.461757402931093,-2.572434876012551,12.432783452526072,100.15783488537767,99.85466574816647,110.2179630424501,0.7849138229281152,23.201970443349747,23.25123152709359,23.30049261083743,23.349753694581274,IMG_00003.tif,13.533333333333337,juniper_right_9,12.672645246416124
1,2.0,26.609022215925723,26.61463004810934,27.85836393172181,27.87035335263144,29.137028945497153,29.15698305111816,1.3622763004059557,1.1800767026028631,2.993089179208746,-1.6806646538811298,17.0,12.505564457923725,12.619219264385128,11.537160640530772,11.408382634599548,109.69036328709892,111.8733828292778,125.70811990482402,17.0,1.0,10.5,17.0,15.224759057176584,15.534966225240112,11.417183308159053,16.26045779173699,9.682905067533515,12.971681429635252,6.577552724203475,15.602702519316642,121.17642226814378,118.55207033971799,95.03897892336323,0.8160637697816663,26.724137931034477,26.674876847290633,26.551724137931025,26.45320197044334,IMG_00004.tif,13.533333333333337,juniper_right_9,15.534966225240112
1,2.0,28.35456560937749,28.379841854862647,29.51662447633548,29.53623820620072,30.723784387244315,30.740488074915444,1.6538150525531108,0.7068311674996877,5.0178790655794705,2.088161912164484,16.0,20.36416896181825,20.6725066316513,20.491602020034776,22.36546111558991,92.86348780579925,90.42897459303887,80.52287693879228,16.0,-1.0,19.5,16.0,19.177832950849762,19.177832950849762,22.730278477992016,16.752097256301266,26.076352097858145,21.414224677079705,-9.32425484155688,17.684522740456956,78.80259383676963,77.56708149740216,98.25565174185802,0.6613828209820701,28.44006568144499,28.407224958949094,28.472906403940886,28.669950738916256,IMG_00005.tif,10.15,juniper_right_12,19.177832950849762
1,2.0,34.086072145974406,34.12635103168124,35.379836690842126,35.41735714079839,36.67265651454357,36.70076029316096,1.6441126910609503,0.9302965704187687,3.5494306750504205,2.6375574105007153,22.0,19.969438341184798,20.610485016786548,21.39520777407671,21.39520777407671,100.86325340485288,95.41414841972332,95.41414841972332,22.0,-1.0,20.5,22.0,21.390991807930106,18.011798076467613,22.371242507480133,18.06169765344663,22.899532086772382,20.480614870109505,-4.837834433325754,18.545481096779202,97.83365339600307,97.38565156328143,109.90261443470057,0.7615927831159841,34.15435139573071,34.08866995073892,34.220032840722496,34.285714285714285,IMG_00006.tif,10.15,juniper_right_12,21.390991807930106
1,2.0,28.379901867644758,28.38073934624838,29.67208051592281,29.67359879016605,30.952913572135824,30.95442738079735,1.3844450075225427,1.1892430270264267,-0.5146238469439646,-0.5796014777338435,16.0,19.000501546396066,19.759014473781367,19.893829511726494,19.893829511726494,86.89155029523822,83.25763610135309,83.25763610135309,16.0,1.0,18.5,16.0,21.142742950366312,21.498078812391782,18.671801683569555,23.737058718626713,14.817718449559207,19.27738858409296,8.919340269067508,22.845124691719967,87.5188111057869,85.96054940132973,70.5002819523432,0.6249361384232649,28.596059113300484,28.399014778325114,28.30049261083743,28.22660098522167,IMG_00007.tif,13.533333333333337,juniper_right_9,20.140561563502672
1,2.0,29.387893045255545,29.39685775337592,30.389775367804248,30.400117345621776,31.434546245819085,31.443464469756254,1.1197147249392811,0.9268919914410569,1.6989884912491533,-1.4945626130566996,19.0,19.64946687749051,19.493179595987872,20.148358583665868,20.266415081819446,83.29972728743144,78.17969096468178,77.25272477471752,19.0,1.0,18.5,19.0,20.174771783619434,20.381928265818487,21.0655059353858,20.18485246987769,18.940221142737474,19.562536806307584,1.244631327140216,20.06038933716367,87.82394467892635,87.79482321122318,85.19582590966749,0.7746883774143605,29.556650246305413,29.433497536945804,29.33497536945812,29.33497536945812,IMG_00008.tif,13.533333333333337,juniper_right_9,20.381928265818487
1,2.0,18.141900149447693,18.148065882479667,19.1152073590313,19.124606742923383,20.124679700086624,20.138312301205673,1.3773339696275495,0.6129124490984548,2.4218685095868553,-1.7964240313201605,28.0,8.94405221873545,8.284828077084972,7.77361224237535,7.209991297098924,97.34708378992241,103.5719398994005,113.24710290055536,28.0,1.0,7.5,28.0,10.517230187935525,9.656349518495631,7.507477752881897,11.305669847741923,5.998152233853057,8.65191104079749,5.307517613888866,10.774918086353036,124.64145507330932,120.63854662382161,92.57037497062073,0.8292984750364941,18.231780167264045,18.106332138590208,18.085424133811234,18.189964157706097,IMG_00009.tif,15.94285714285714,juniper_right_7,11.033120288961953
1,2.0,19.41635813512516,19.440638008858286,20.40193751595921,20.425430284311137,21.42859615186561,21.451810411518807,1.1551209425313074,0.8560514601292132,-2.6918301050809896,-2.7482786005942734,27.0,14.289459665101901,14.302846234952352,14.443965908700193,14.647867584417384,77.90676898777232,77.13043814414544,75.98609488537215,27.0,1.0,12.5,27.0,14.85960836815508,14.85960836815508,13.178063116081631,16.30804659314034,11.576496165972662,13.9422713795565,4.731550427167676,15.83489155042357,81.36702101822617,80.58651807513408,69.14795617456572,0.7450348989193517,19.485495347564314,19.46360153256705,19.397920087575258,19.441707717569788,IMG_00010.tif,15.225,juniper_right_8,15.63266097261939
1,2.0,18.041286612839308,18.043932512251285,18.81482378284594,18.818153011715136,19.625688612744167,19.630299178230043,0.8444270662437061,0.7419395997350565,0.38571996481075516,-1.0777731535359445,32.0,14.056812597028255,14.117491088475214,14.221735893527722,15.021853337633672,71.39830029170145,70.76146414283896,67.46727643225888,32.0,1.0,12.5,32.0,14.99882490325237,14.99882490325237,13.621259189060396,15.361801559613093,12.589589643417229,13.975695601515161,2.772211916195864,15.084580367993507,74.9563145201137,74.71196328663281,68.11174396914083,0.8780121007085545,18.149972632731252,18.0623973727422,17.97482211275315,17.66830870279146,IMG_00011.tif,15.225,juniper_right_8,15.493362806686179
1,2.0,20.012174884266848,20.016468607176353,20.912913572478466,20.92101228151681,21.90478871689939,21.918250735367902,1.2771829153604308,0.6245992128311191,-2.818430625049545,-1.5942931941614626,33.0,13.666448004733269,13.632265505272319,13.53114820745293,13.56288802006668,92.50693768359572,94.59372161635844,95.13809689270542,33.0,1.0,12.5,33.0,13.48096538214645,13.788049101498558,13.54785475999941,13.86436959646306,12.597282945095394,13.230826270779227,1.267086651367667,13.737660931326294,87.46856749606344,87.40217352665893,83.48125768403182,0.8847408728194911,19.945265462506843,19.98905309250137,20.098522167487687,20.098522167487687,IMG_00012.tif,15.225,juniper_right_8,13.788049101498558
1,2.0,22.289006206938147,22.353618922920855,23.63443416468626,23.69218890468315,24.918451126123735,24.983656996609025,1.6068109529552608,1.0232271207329042,5.050313053060313,4.001447439148352,26.0,9.001735306148404,9.119202102726824,8.94690582678163,8.94690582678163,143.54255354578393,143.8753777355923,143.8753777355923,26.0,-1.0,8.5,26.0,10.189774785131362,10.307490835680824,9.165725304433636,10.243082807672872,8.807135188794184,9.525108998233527,1.4359476188786875,10.099488045785003,134.85928981987294,134.6043350465425,125.2598486086983,0.8445386173863856,22.298850574712645,22.337164750957857,22.45210727969349,22.758620689655174,IMG_00013.tif,8.7,juniper_right_14,10.963672327576148
1,2.0,24.8529064206913,25.102464039936965,26.4051014133151,26.64418222256291,28.136874548009548,28.397043226382614,1.927515882948675,1.3670633034969724,-2.8227212761422056,-7.681288446495433,20.0,11.993697295091806,11.762675820929985,12.185654617023573,12.514416697765824,102.69504356142014,105.60880578907448,113.17470316867016,20.0,1.0,10.5,20.0,12.545422704650008,13.644416672442617,11.462914550526932,13.868149356555953,10.859116168568786,12.36363276256237,3.0090331879871686,13.567246037757238,117.29128060617042,116.71369208738541,104.26118254820062,0.7858616711923441,25.07662835249042,25.016420361247945,25.13683634373289,25.377668308702788,IMG_00014.tif,11.072727272727274,juniper_right_11,13.644416672442617
1,2.0,23.0352535874841,23.222506378483747,24.26910699138852,24.46628013690248,25.481612947554325,25.68260784142202,1.2917746443049745,1.168326818633303,4.492266189783239,7.278965090692599,19.0,12.098759421767,11.00686258351615,11.100960465700467,11.100960465700467,105.55973774470908,109.55292922592234,115.82605615600195,19.0,-1.0,9.5,19.0,13.344244959354683,13.344244959354683,9.077869780093238,14.998258217801514,8.800706720243696,11.899482469022605,6.197551497557817,14.378503068045731,114.63418174672098,112.00898293441824,89.24517778980527,0.7180206851116288,23.41543513957307,23.15270935960591,23.251231527093594,23.34975369458128,IMG_00015.tif,10.15,juniper_right_12,13.344244959354683
1,2.0,26.232669073236444,26.255481483743132,27.511398630339126,27.54045476470862,28.84793167542573,28.885074144600974,1.4395584664453018,1.1900341944125425,2.3735373475307573,2.6321412089165044,30.0,17.462175211864704,17.36172247275914,17.26278635419638,16.21572596182378,86.89917523483521,88.00440913666873,93.29920495067462,30.0,-1.0,16.5,30.0,17.472328408193334,17.472328408193334,17.82619015310675,17.85866548816012,17.139492184483846,17.49907883632198,0.7191733036762731,17.78674815779249,87.24725087372438,87.2351377923292,85.53419382498161,0.8268517556211953,26.272577996715928,26.20689655172414,26.185002736726876,26.14121510673235,IMG_00016.tif,15.225,juniper_right_8,17.472328408193334
1,2.0,22.391540569855582,22.39532098111301,23.570628778926547,23.59245331172772,24.739963584781727,24.789937862193995,1.5219609884017855,0.8726558926791924,1.2983839523221723,2.464660135826968,24.0,16.313650271206058,16.573423640467073,16.66251843050179,16.66251843050179,79.81506077558944,78.82241963448607,78.82241963448607,24.0,-1.0,15.5,24.0,17.00696111056436,17.00696111056436,15.298311989267091,18.537846089434446,13.44987377873541,15.993859934084929,5.087972310699036,18.029048858364543,81.94690820879761,81.2588923250455,70.4228777487549,0.7906038423483785,22.506841817186647,22.441160372194858,22.33169129720854,22.33169129720854,IMG_00017.tif,15.225,juniper_right_8,17.00696111056436
1,2.0,25.233748088052387,25.23642792030312,26.61971557723284,26.621878604440802,28.03108676790672,28.03307163471358,1.4033503119851525,1.393293402425299,1.4032422525350483,0.7303856174650073,20.0,15.174615933525672,15.348263991132944,15.201108014146826,15.201108014146826,95.12804327159897,96.253409951637,96.253409951637,20.0,-1.0,13.5,20.0,17.259310195161646,16.674763779082184,14.481061014309631,17.78853992640056,14.059451842988466,15.923995884694513,3.7290880834120945,17.415631118059352,92.37095239909591,91.95198937383857,82.57848975164286,0.8058046983935426,25.188834154351394,25.11767925561029,25.11767925561029,25.295566502463053,IMG_00018.tif,9.36923076923077,juniper_right_13,15.09168628279258
1,2.0,26.196237932054903,26.302027964804985,27.771705224275372,27.8708645655568,29.393352859327635,29.481310191906797,1.9543993769446417,1.2248828501571667,7.1623747736414005,4.834572439822687,19.0,15.062321750881353,15.47475712246161,15.390726026844732,15.240171541835082,104.24532752898071,101.31263868008683,101.31263868008683,19.0,-1.0,14.5,19.0,16.004924001921836,16.004924001921836,15.599202685846507,15.76057237548502,15.790916165579295,15.775744270532158,-0.030343790094275142,15.763606754494448,96.16781412935951,96.16778480697745,96.25801043122615,0.7516444249699394,26.09172451010052,26.469622331691294,26.469622331691294,26.25615763546798,IMG_00019.tif,9.36923076923077,juniper_right_13,13.387236574688018
1,2.0,18.670922838029238,18.670932492579883,19.808672189741564,19.808697747484004,20.982115085524185,20.98234733523828,1.4025637727357552,0.9088510699226436,-0.10925602787238582,0.09203880236856808,24.0,10.903375505742417,10.880732091914803,10.838492689720255,10.777250915821355,97.6206010595223,97.78323016558492,98.73864882654458,24.0,-1.0,9.5,24.0,11.11201105079283,11.11201105079283,10.06598894751545,11.220262840464,11.104432206910634,11.162347523687318,0.1158306335533675,11.208679777108664,96.4467712101059,96.44591006931134,95.95441881501357,0.7772167379860238,18.697318007662837,18.67542419266557,18.58784893267652,18.65353037766831,IMG_00020.tif,15.225,juniper_right_8,11.811877528760078
1,2.0,17.70399761296533,17.70438819802605,18.934771620926984,18.936743478554273,20.20673406788915,20.211549861967505,1.3913103982359185,1.1158512657055395,5.369375772249634,-0.8268496142148009,18.0,7.956575969563858,9.37231474300196,8.674651930558412,8.674651930558412,84.14465807404358,77.06208547928347,78.1407745183422,18.0,1.0,7.5,18.0,8.78607232874657,9.46432045452761,7.771155966607239,10.604671784979175,5.7264754645788765,8.165573624779025,4.878196320400297,10.116852152939146,128.44405406260466,124.53588071843905,96.11590509878447,0.6089277541228246,17.84345922276957,17.71209633278599,17.66830870279146,17.60262725779967,IMG_00021.tif,15.225,juniper_right_8,8.78607232874657
1,2.0,23.385776658768034,23.41206191672267,24.42529721294864,24.453557432850612,25.525727495532475,25.553218787113362,1.116331084201934,1.0248257861887589,3.0639692957651907,2.7548389112947014,18.0,18.082527567450725,18.770703203520814,18.074317451119185,18.074317451119185,76.38790343314271,76.43480088850546,76.43480088850546,18.0,-1.0,17.5,18.0,18.03009486579893,17.925041080575937,18.00157663180522,18.641420567701466,18.21313454748723,18.427277557594348,0.4282860202142366,18.598591965680043,73.97573155196756,73.97245226042493,73.15237772502418,0.7780421088549871,23.700054734537495,23.50848385331144,23.23481116584565,22.742200328407225,IMG_00022.tif,12.18,juniper_right_10,18.04651509846201
1,2.0,22.574500643338528,22.640137597843776,23.67078885201568,23.734842514576602,24.81243872205992,24.87631232079296,1.1619437351965203,1.074230987752662,-3.021891180319737,-4.210310789760989,24.0,15.576433322516962,15.25961801704938,15.538211465272212,15.368477321957812,81.09708554755315,81.00385988877244,81.44455926578104,24.0,1.0,13.5,24.0,15.513434411334373,15.84013990380953,15.267256553530473,15.054076329607646,15.273921937031327,15.163999133319487,-0.21984560742368006,15.076060890350014,86.37724192896953,86.37574424456399,86.9917081899007,0.8088664391404939,22.879036672140124,22.769567597153802,22.495894909688015,22.167487684729064,IMG_00023.tif,12.18,juniper_right_10,15.74708149050636
1,2.0,26.83375108648409,26.842258852393613,27.834861237750296,27.843340979055935,28.855788325179496,28.864508757452796,1.1618205533412045,0.8604293517179878,-2.281756974673425,-1.4140972628029445,38.0,16.994074260581172,16.741867501561135,16.97133258897867,17.79003618204686,93.28884089638126,93.54719312512556,88.46710618937199,38.0,1.0,15.5,38.0,17.575017663399564,18.233522401195444,16.679656196075882,18.306306098263157,15.78609814688144,17.0462021225723,2.5202079513817184,18.054285303124985,91.6801606735471,91.51508577377706,85.40988464608236,0.8963594374825172,26.863711001642038,26.81992337164751,26.798029556650246,26.666666666666668,IMG_00024.tif,15.225,juniper_right_8,18.703797312874826
1,2.0,24.374985013187864,24.379107536204227,25.764535364244786,25.764942010850774,27.10866106915242,27.10891905498096,1.871196020315459,0.8586154984612814,3.8745194410388195,-0.3219083134572614,16.0,10.546266181650978,10.361920668483696,10.483144591886202,10.085979122616266,101.46722519024192,102.62451248415307,102.62451248415307,16.0,1.0,9.5,16.0,10.81124372257193,11.176063250231579,7.983160708970274,13.22038883599907,6.028140825044075,9.624264830521573,7.192248010954996,12.50116403490357,153.17607186099255,145.78269957292088,106.57261732982845,0.8260234984345298,24.324028461959497,24.389709906951285,24.455391351943074,24.63054187192118,IMG_00025.tif,15.225,juniper_right_8,10.314662139752073
1,2.0,25.973947469094345,25.974110783800377,27.501293042909232,27.502134797751854,29.03866322911225,29.040427102537755,0.9103519228640283,2.1559643958733443,2.916691989111691,-0.4482789505431744,30.0,14.33579102422982,14.600130898926224,14.354029278874918,14.354029278874918,93.34831676132114,96.72398089413984,96.72398089413984,30.0,1.0,13.5,30.0,14.23687126157634,14.23687126157634,14.444091104106974,14.880563605754986,14.035029348501025,14.457796477128007,0.8455342572539615,14.79601018002959,104.03274669585375,104.00335824484964,101.11248209311402,0.7891076011482754,26.119321291735087,26.09742747673782,25.70333880678708,25.61576354679803,IMG_00026.tif,15.225,juniper_right_8,13.01545166877409
1,2.0,22.06693469542178,22.067238714585518,22.883330267219677,22.88388039375679,23.73393482672721,23.735117107363788,0.6603480986719032,1.0075302941063689,1.7344353475986176,-0.39728755699034884,25.0,14.02219624431757,14.352729294167824,14.245451004142126,14.245451004142126,86.49767060090657,84.16559665507464,84.16559665507464,25.0,1.0,13.5,25.0,15.997992923469837,16.41033472832629,14.449576641539949,16.45465177938751,13.076166033135891,14.765408906261701,3.3784857462516187,16.11680320476235,86.9571908879287,86.58008131878104,77.9010672328635,0.7967716839581338,22.09085933223864,22.047071702244118,22.09085933223864,22.13464696223317,IMG_00027.tif,15.225,juniper_right_8,15.997992923469837
1,2.0,22.220268151362767,22.221432664026437,23.111661858910086,23.11224492060664,23.993766875332412,23.994034793266405,0.7600541827023972,1.0125479465375713,3.3679609356125697,0.4069815614552737,33.0,12.826674711551306,12.90671448829687,12.826674711551306,12.826674711551306,86.49223233054485,84.97042589869794,84.97042589869794,33.0,1.0,12.5,33.0,12.867940827110203,13.06061510713812,15.022887421973735,12.130704675726705,15.189322889227896,13.6600137824773,-3.05861821350119,12.436566497076825,94.43794129357238,94.0452060998752,105.68884568063007,0.7518151308312876,22.112753147235907,22.13464696223317,22.26600985221675,22.52873563218391,IMG_00028.tif,15.225,juniper_right_8,13.06061510713812
1,2.0,22.965530289642768,22.98417464632615,23.8939091804517,23.914600264236906,24.869895106864366,24.891796928420273,1.0548209148193557,0.8528013672747707,0.27392896019464985,-2.3835760047530288,28.0,13.100358819576542,13.416193927328564,13.305208647123465,13.115162890529348,87.96032761177202,86.442942466949,86.442942466949,28.0,1.0,12.5,28.0,14.203816707170517,14.203816707170517,13.468744211079724,14.834686412520496,12.133165395528298,13.483925904024396,2.701521016992197,14.564534310821276,98.87646282805761,98.54739421239638,89.74907949339304,0.7589428809189762,23.054187192118228,23.0103995621237,22.966611932129176,22.857142857142858,IMG_00029.tif,15.225,juniper_right_8,15.199805804828543
1,2.0,17.007270611135148,17.01096046386807,18.245473858222372,18.24797273029044,19.527419263882006,19.529091948948714,1.6935037554543526,0.8246277296262902,-0.1399612557841577,0.9482160148784783,26.0,7.668084726975749,8.16611243848955,7.804616080007378,8.021865624010019,120.7664663194185,114.20706592722762,114.20706592722762,26.0,-1.0,5.5,26.0,9.173874966182211,11.323570557268852,6.682788909269846,10.255551015441961,5.585118505163938,7.92033476030295,4.670432510278023,9.78850776441416,127.21686617650933,123.44738572065073,95.54410452000828,0.8712090784397832,16.977889223129125,16.902025177887246,17.05528188286809,17.142857142857142,IMG_00030.tif,15.225,juniper_right_8,5.183857237141979
1,2.0,16.754752470404863,16.778142112917024,17.937647718260138,17.95956898053822,19.154792372828357,19.175605737941563,1.6745127546736533,0.722950870350889,-0.6136209150116086,-2.8311745066627476,16.0,10.161664158211792,10.025460081309273,10.577336878181853,10.74509826785743,90.22010407269624,81.76476454799554,81.1502439247394,16.0,1.0,9.5,16.0,10.657088721253814,10.657088721253814,10.165671491672896,9.515502177058837,10.396475129041304,9.95598865305007,-0.8809729519824675,9.603599472257084,97.06078656208264,96.99765791928331,101.4435527446806,0.8272796200348697,16.72687465790914,16.77066228790367,16.814449917898195,17.142857142857142,IMG_00031.tif,15.225,juniper_right_8,10.7596925164965
1,2.0,27.15013632029608,27.15128335482549,27.88783205895082,27.88801481562618,28.683044598890145,28.68305579000619,0.7595970174393678,0.7721754177413366,-0.21914087279686698,0.20742719363259893,32.0,14.223256362818773,13.058253293782665,14.258677631638648,15.360698242935229,107.72510239867412,107.56936221848616,99.35155388283046,32.0,-1.0,14.5,32.0,15.765567884526263,18.141017564357412,11.460417613994252,19.441997498360237,8.219340937016552,13.830669217688396,11.222656561343687,18.31973184222587,120.45318836957814,113.57759503659524,81.57096576461798,0.780903380078309,27.060755336617405,27.104542966611934,27.192118226600986,27.323481116584567,IMG_00032.tif,15.225,juniper_right_8,18.440705281619614
1,2.0,22.62925608097934,22.630119079582634,23.77694283876204,23.777330729568302,24.981437229162868,24.981479940001655,1.375627929232175,0.975732931186845,-2.028292425907149,0.32727393208353817,23.0,12.327527656392391,12.67454112455944,12.19625980912869,12.081407852792381,91.2395022049425,91.2395022049425,91.2395022049425,23.0,-1.0,11.5,23.0,12.881192757117105,13.61478685931786,12.16544342473378,13.669566721535157,11.412263375737034,12.540915048636094,2.257303345798123,13.443836386955343,104.4931931620423,104.21231939553698,95.75205255200574,0.8351880553604688,22.725779967159276,22.68199233716475,22.61631089217296,22.52873563218391,IMG_00033.tif,15.225,juniper_right_8,12.411563228333762
1,2.0,30.704708696622088,30.721678708526284,31.97384415800206,32.001721874991965,33.2260756411795,33.268783803477575,1.34423457237559,1.2028705225757053,-1.1174450743215236,-2.391724166734696,33.0,15.073423131743823,14.62169212238849,14.741225818945708,13.616101014789848,115.43819652237286,115.51386029787894,125.01363857329916,33.0,1.0,13.5,33.0,14.480867204168987,14.621001089491614,15.084091483036133,14.138139618867438,14.791275145761897,14.464707382314668,-0.6531355268944589,14.203453171556884,122.97445196246096,122.95374550997595,125.73388492671695,0.8589913158039835,30.89764641488779,30.73344280240832,30.678708264915162,31.198686371100166,IMG_00034.tif,12.18,juniper_right_10,11.595888871586993
1,2.0,18.19064187629713,18.19076756096531,19.31839913002052,19.31847003529638,20.490646291879926,20.49066832713694,1.1562906404364184,1.1436101257352158,-3.6413257253118743,0.15523536754251815,27.0,9.456316068537234,9.405930544785006,9.456316068537234,9.137191032981264,94.01610578828873,94.01610578828873,96.47589495748198,27.0,-1.0,8.5,27.0,10.10826797838945,9.398399197986237,9.54183995799815,12.91369484696705,6.805276073162953,9.859485460065002,6.108418773804098,12.302852969586642,109.78816798353793,106.19375932514096,81.36552797114811,0.7592264343402587,18.32512315270936,18.281335522714834,18.12807881773399,17.99671592775041,IMG_00035.tif,15.225,juniper_right_8,13.02953928799576
1,3.0,23.589856925042408,23.59761786236925,24.724805037909398,24.733086158017766,25.866926867948184,25.875632098933803,0.9744570173143071,1.303557219250245,-8.53954144262215,-1.4827063077506624,14.0,21.360939147971933,21.027054412236957,21.33522801049267,21.33522801049267,88.64598231405783,84.49483613336645,84.49483613336645,14.0,1.0,19.5,14.0,20.04457823503995,20.871483886368708,21.137976167394044,20.582965015822893,21.237305826931657,20.910135421377277,-0.6543408111087636,20.64839909693377,65.88073593535314,65.87546569624574,66.87605357647439,0.7010233870805952,23.541167066346922,23.621103117505996,23.621103117505996,23.621103117505996,IMG_00036.tif,16.68,gray853_a,20.871483886368708
1,3.0,12.54524413605148,12.577593872155607,13.415028572561775,13.453982919200241,14.225303620632133,14.267210488037163,0.7251711769758428,0.964445438905714,-7.869036448552473,-4.361089498345891,13.0,17.61504686437752,17.64305403274432,17.61504686437752,16.589710197666875,49.103576929927634,49.103576929927634,49.103576929927634,13.0,1.0,16.5,13.0,19.40616217815409,19.858941096198606,16.650086963015497,20.018883752390558,14.68880750753649,17.353845629963523,5.330076244854066,19.48587612790515,42.2655850933016,41.93567053091755,36.538553214671005,0.5480119461011352,12.83433133732535,12.654690618762476,12.634730538922156,12.694610778443113,IMG_00037.tif,16.7,gray853_b,19.40616217815409
1,2.0,15.205285265261473,15.209213814430715,16.171838792532668,16.175413460140845,17.17028426185455,17.173793394521283,0.7984433087788753,1.166136271311694,-10.556608851088718,-1.204580326370885,12.0,21.49542856292811,21.14687591130191,21.50779678838137,21.483060337474853,64.09914816962782,62.184469165505874,62.16939910592557,12.0,1.0,20.5,12.0,21.486748195732616,20.857270413510378,22.256717925786234,22.34318579141914,19.347182743926027,20.845184267672582,2.99600304749311,22.043585486669826,42.58438601885931,42.51241747648667,39.793912281072274,0.5618195574780979,15.207833733013588,15.227817745803357,15.227817745803357,15.167865707434053,IMG_00038.tif,16.68,gray853_a,20.848609107359607
1,2.0,17.826106737754046,17.82815834251328,18.828894520310527,18.830502670446215,19.831035025843004,19.832056329283112,0.461094920158582,1.5428030666112524,6.63607830665307,0.7488124563675083,16.0,17.480386068840545,17.138147273342742,17.45277479702338,17.45277479702338,76.38113172703626,77.17489830112909,75.58736515294345,16.0,-1.0,15.5,16.0,18.622101318251623,19.05930220542973,16.713609300160755,19.951361879798647,15.415761908687054,17.68356189424285,4.5355999711115915,19.497801882687487,58.875240640097694,58.555567847082486,52.126788035701615,0.7308018514156365,17.60591526778577,17.685851318944845,17.845723421262992,17.98561151079137,IMG_00039.tif,16.68,gray853_a,19.05930220542973
1,2.0,18.517125938971724,18.52686529529137,19.55826258904933,19.566142150006208,20.582930384704518,20.588934789792365,1.0575512564910476,1.0045182380099524,-10.974059111679908,-1.6261125949678328,9.0,22.0273910381556,22.464196458670227,22.17728495060541,22.17728495060541,65.78987514856928,62.44566024085314,62.44566024085314,9.0,1.0,19.5,10.0,22.933742527968178,21.70143265499479,20.93349203321216,22.51755441336408,20.81586775123534,21.666711082299713,1.7016866621287412,22.347385747151208,49.913865730111404,49.88874201806457,48.09628881558169,0.6153810647668234,18.68037703513282,18.55184233076264,18.380462724935732,18.123393316195372,IMG_00040.tif,7.78,h512,22.933742527968178
1,2.0,21.48593057440113,21.5706527117299,23.367069917179766,23.45240497241946,25.251136284539434,25.336134739575755,2.5390334244698862,1.226448603375973,-5.8763072420400375,-4.889218538103975,7.0,17.64083636903851,19.281046917957344,19.905021315069575,17.05995628166221,71.99559334024345,64.9051604144143,74.9226449727746,7.0,1.0,16.5,7.0,16.807442835127688,16.807442835127688,20.04538575226252,13.805784290941945,25.789563952341624,19.797674121641784,-11.983779661399678,15.004162257081912,65.40162297142307,63.388293284440735,89.9696720685418,0.7082105914672805,21.80805484147386,21.85089974293059,21.5509854327335,21.59383033419023,IMG_00041.tif,7.78,h512,
1,3.0,21.27566967144426,21.45910106956076,23.841184924006278,23.92927161729836,27.14824235682597,27.170670275610902,4.857802218839245,0.8537669872108951,-9.466705703355926,-4.917692381165723,29.0,17.7449593118086,18.459773259548196,18.517652797205585,20.176262852278228,74.59032190768959,71.23525770484486,61.83541208216395,29.0,1.0,16.5,29.0,18.6769348520844,18.669484629856242,17.772528571392,18.912577185409347,18.48486445534147,18.69872082037541,0.427712730067878,18.86980591240256,66.20304670726031,66.2002055397983,65.478565692049,0.8254909079402759,21.379605826906598,21.422450728363323,21.50814053127678,21.59383033419023,IMG_00042.tif,7.78,h512,19.657305547724434
1,2.0,17.066996354281258,17.13110848366371,18.76336684741391,18.837537487525978,20.44953344782028,20.535728864688434,2.0671174477797214,1.3375029332450026,-11.91789387721079,-5.086091637277622,20.0,21.28976766888347,21.189539217609834,21.276673502347535,21.74098618698767,54.94318975922029,53.124990518854176,53.124990518854176,20.0,1.0,19.5,20.0,21.782973252604847,20.585101746361772,20.837933135245635,21.23140137035444,21.023730829385638,21.127566099870037,0.20767054096880186,21.21063431625756,47.012731628030565,47.01236074702401,46.79298417548708,0.852014171443391,17.00942587832048,17.180805484147385,17.26649528706084,17.480719794344473,IMG_00043.tif,7.78,h512,21.782973252604847
1,2.0,16.895733354958256,16.896195198169643,18.107817971943685,18.108262313611235,19.379234268706167,19.38024137618815,1.1996890545934231,1.284357123425085,-11.844248307375658,-0.40138270004881665,16.0,18.105212938627105,18.137451886866355,18.096112486399562,18.096112486399562,77.53636548218341,75.57713368041026,75.57713368041026,16.0,1.0,16.5,16.0,17.97900686861115,20.205737220392535,17.18948973210246,20.12762985990248,16.85751575848811,18.492572809195295,3.270114101414372,19.800618449761043,53.10802099112317,52.971467951405515,48.825836684435345,0.8708626745267352,16.62382176520994,16.83804627249357,17.052270779777206,16.966580976863753,IMG_00044.tif,7.78,h512,20.205737220392535
1,2.0,17.503213166196037,17.510063461141332,18.56376009350689,18.56917452440635,19.603812120506603,19.60933552651545,0.9659371563393933,1.133334909034727,-6.836086045618661,-1.383656514742672,12.0,15.66293277064139,15.495695194285027,15.695576032767121,15.693750531146662,81.11390115010823,77.60918954803049,77.60918954803049,12.0,1.0,13.5,12.0,15.626381664589445,15.559095971560254,15.560921473180713,16.589104627642236,14.179337951600374,15.384221289621305,2.409766676041861,16.34812796003805,65.96378547376521,65.83009656106478,61.168936304265564,0.7539529641627877,17.566409597257923,17.523564695801202,17.566409597257923,17.60925449871465,IMG_00045.tif,7.78,h512,15.559095971560254
1,2.0,12.781541767099881,12.854594843182664,14.269687493073778,14.34670004502264,15.759800406399478,15.8400986318073,1.4283704984704828,1.5571332901541517,-9.960669539847702,-5.939321614379797,18.0,14.896038988080008,14.940335122808534,15.026117897292579,16.188115371793685,60.27502253153787,60.25356090371615,56.5189366250903,18.0,1.0,13.5,18.0,15.531115017967835,12.446261560204363,13.728565436611433,14.549099967931392,15.036922108190602,14.793011038060996,-0.48782214025921034,14.597882181957313,49.87270164554556,49.86822507420895,50.685749026932534,0.795261696603826,12.982005141388175,12.982005141388175,12.853470437017995,12.724935732647815,IMG_00046.tif,7.78,h512,12.446261560204363
1,3.0,14.64101964866871,14.64319939552221,15.547877460468914,15.54961847541336,16.4401556337686,16.441504626149456,0.6066294737877462,1.1916757568394967,-5.392880402171826,-0.8573991786666239,15.0,13.428142797098673,12.712492504610235,13.147673539581945,11.947129289825568,79.98173772128017,79.42048650890229,74.49187964967608,14.0,1.0,11.5,15.0,13.516367056473541,13.516367056473541,12.18377592660363,13.863095704124648,11.917733071243262,12.890414387683956,1.9453626328813864,13.66855944083651,65.65343582289054,65.529512491126,61.012590497809796,0.6416275023014276,14.648281374900082,14.648281374900082,14.648281374900082,14.628297362110311,IMG_00047.tif,16.68,gray853_a,13.895019399377134
1,2.0,12.475470378666905,12.51563172225129,13.854637389568612,13.899694767128462,15.262419145243458,15.311223031577187,1.4310497223212646,1.3645415870046296,-7.8153372729194155,-4.614613600081434,14.0,15.268398506176354,14.910068777468883,15.204766276398374,14.564415234802937,56.186972258081965,58.94996957258532,58.94996957258532,14.0,1.0,12.5,14.0,15.189534849991986,15.189534849991986,14.549183808396549,16.049452290628906,13.409854880381722,14.729653585505314,2.639597410247184,15.785492549604188,49.06687669368187,48.93652753109512,45.00548945338136,0.6004359718080903,12.510711225364181,12.510711225364181,12.339331619537274,12.210796915167094,IMG_00048.tif,7.78,h512,15.189534849991986
1,2.0,15.775893497299469,15.784101134636163,16.878626761821028,16.88974262723483,17.960072016402826,17.974517516276542,0.8733931784784024,1.317023203161976,-5.472634554519688,-2.0788424484229044,13.0,16.90812261986855,17.197734191457695,17.407309621117776,17.407309621117776,59.602529872683505,58.80650704313798,58.48594388294965,13.0,1.0,16.5,13.0,19.54722589685315,16.994607847236296,17.328704516665766,19.640805061983052,16.764048703250364,18.20242688261671,2.8767563587326896,19.353129426109785,50.52757135204559,50.42379063760919,46.86132017598119,0.7887005700675036,15.72741806554756,15.827338129496404,15.787370103916865,15.647482014388489,IMG_00049.tif,16.68,gray853_a,17.520840014040004
1,2.0,20.41672626518988,20.42886015674653,21.49458674214827,21.508584758567583,22.59002852146416,22.605933772606477,0.9810619583140636,1.1960116575458786,-8.523206663200803,-2.0672286645565303,21.0,19.280843380201844,19.63969828389276,19.389967804987776,20.217523583220697,76.07094861905315,74.85134079884904,64.81426196060586,21.0,1.0,18.5,21.0,18.622737492629682,18.0917142976341,20.480446857157432,17.762801791263016,21.87594860180957,19.819375196536292,-4.113146810546553,18.17411647231767,60.19954280293769,59.986684181077536,66.66790185847827,0.7571984117284868,20.523581135091927,20.403677058353317,20.423661071143087,20.443645083932854,IMG_00050.tif,16.68,gray853_a,18.030794965151017
1,2.0,14.41271677225524,14.417178662443602,15.498177961136607,15.502944202029704,16.592188760362635,16.596961359274847,0.6535874966500587,1.5261952001811878,-4.4865454396338444,-1.42078924123289,10.0,14.297248233094408,13.97365845016889,13.057840265256203,13.12196558915798,68.29082727970444,71.12338635142447,71.12338635142447,10.0,1.0,12.5,10.0,12.717739913823834,15.65582136098348,12.781865237725611,16.893605698989166,9.987781470409978,13.440693584699572,6.9058242285791875,16.203023276131248,63.36114901875826,61.95240133718551,49.553909034899654,0.6264527054315252,14.368505195843325,14.408473221422863,14.42845723421263,14.568345323741008,IMG_00051.tif,16.68,gray853_a,15.817251349393274
1,2.0,18.173108297362603,18.188629649905412,19.14512969591656,19.157844644144006,20.160436550563723,20.170742170306323,0.7659474897928776,1.2161650306080347,-10.152498250966335,-2.0875920176445444,13.0,21.27485563318797,20.913558663981508,20.515104798615596,20.515104798615596,62.25125170029255,64.06398203389455,62.25125170029255,13.0,1.0,19.5,13.0,20.469067242464007,20.469067242464007,21.22792426920816,21.225556459737813,19.388541852255425,20.30704915599662,1.8370146074823892,21.041854998989574,52.13380962608672,52.09890018644278,49.94187889539291,0.6475419757131232,18.005595523581135,18.18545163868905,18.265387689848122,18.585131894484412,IMG_00052.tif,16.68,gray853_a,20.469067242464007
1,2.0,15.686244776985678,15.700197409193118,16.811371674394106,16.824697291801527,18.02715454877616,18.03485286358431,1.0654593267325405,1.2691961276586505,-7.2342882655307195,-2.2805328858657172,14.0,19.692393069172397,19.940349450552077,19.650955002771042,19.650955002771042,56.84576663070574,54.987177785660364,57.2722085521579,14.0,1.0,18.5,14.0,19.600630795035983,18.450756833719623,20.259441418665062,19.20548362808472,20.64817148420052,19.926827556142623,-1.4426878561157992,19.3497524136963,45.92413835270536,45.90443125874744,47.559823719467666,0.640321095346803,15.52757793764988,15.627498001598722,15.787370103916865,15.887290167865707,IMG_00053.tif,16.68,gray853_a,18.450756833719623
1,3.0,14.627086253430036,14.634667050850158,15.649581080390158,15.65711576244391,16.66843147437718,16.6757733935868,0.8527871967606571,1.188319145975987,-4.7226971196507375,-1.777590138196376,14.0,14.716296803306804,15.437851615553246,14.901260175348739,14.901260175348739,61.758321856794424,60.571791349458245,59.57594586253937,14.0,1.0,14.5,14.0,15.125388267329981,16.715430049642976,14.849569659478107,15.460981339089685,15.984902271152974,15.722941805121328,-0.5239209320632898,15.513373432296014,53.91539719102885,53.91046257038361,54.801039531799205,0.49825012283097525,14.588329336530776,14.588329336530776,14.608313349320543,14.688249400479616,IMG_00054.tif,16.68,gray853_a,12.580692162191838
1,2.0,16.315122766992864,16.32272539856628,17.522776343858702,17.52884435065955,18.74281749334032,18.74800466128579,0.6572239753848704,1.7680552873346367,-6.565719117280735,-1.507636164392114,17.0,19.251414116892164,18.948580029248102,19.002108752522616,19.002108752522616,61.856221766024355,53.30535999146831,57.66063756142866,17.0,1.0,17.5,17.0,19.592314580993673,18.091677037304805,19.204903062935443,16.91591500879887,21.49886061346074,19.207387811129802,-4.58294560466187,17.374209569265055,49.710732888345966,49.477906550506844,55.94312930406729,0.6334534554022511,16.366906474820144,16.40687450039968,16.326938449240608,16.366906474820144,IMG_00055.tif,16.68,gray853_a,14.289621315647622
1,2.0,27.913116175172505,27.914454069359095,29.21275188350859,29.21351103028217,30.536878401018487,30.537330270724855,1.0150193585504317,1.6078568428153235,-2.6433204631811997,-0.41305660207254363,26.0,7.9726553774016224,7.898828442117107,7.911970501723459,8.843081110516266,164.86206862306724,162.99041436336114,161.7797676306232,26.0,-1.0,6.5,26.0,7.814397268289099,7.814397268289099,7.41099046081797,9.017883040371544,6.091331617790793,7.554607329081168,2.9265514225807503,8.725227898113468,214.9471186708117,212.23581443672163,178.0169730046311,0.7767699111098114,27.940787734602168,27.887919640496964,27.887919640496964,27.914353687549564,IMG_00056.tif,12.61,telemed_644,7.814397268289099
1,2.0,27.913680714199312,27.91502746516844,29.210099152079952,29.210869746399514,30.52747051164415,30.527922078559854,1.0148555207544128,1.5980390926369963,-2.6480099812569677,-0.41617811856974946,27.0,8.044339480599035,7.908694033925492,7.894342142942406,8.838436626736723,164.6002110520991,163.2444644335301,161.8008742635166,27.0,-1.0,6.5,27.0,7.950969055248322,7.800971717591665,7.383417435191291,9.063988108266297,6.106769329538397,7.585378718902347,2.957218778727899,8.768266230393507,214.1198084600054,211.3840666916096,177.12251125392297,0.7763683576254023,27.940787734602168,27.887919640496964,27.887919640496964,27.914353687549564,IMG_00057.tif,12.61,telemed_644,7.800971717591665
1,2.0,27.90422914926719,27.905513013459917,29.202940351291595,29.20369441360859,30.532269816859145,30.532728193609326,1.0201410204936243,1.6070741596557847,-2.6796135217328403,-0.4117402142315785,27.0,7.979468493621567,7.845323010425329,7.825090644895113,8.863686715345864,163.6736703367318,163.6736703367318,161.42452699925073,27.0,-1.0,6.5,27.0,7.886202982244981,7.731825133518555,7.31141968650951,9.078198107662871,5.975439905800115,7.526819006731493,3.1027582018627564,8.767922287476596,216.035534817855,212.9454944734355,176.786489560653,0.7768817275098621,27.940787734602168,27.887919640496964,27.887919640496964,27.914353687549564,IMG_00058.tif,12.61,telemed_644,7.731825133518555
1,2.0,27.885565521390497,27.88663394588265,29.19923384524711,29.199966316128503,30.531147273935343,30.531599153417343,1.0307452312865368,1.6142199762481564,-2.657740316049799,-0.4058285020971635,27.0,7.966021385762588,7.948809395444401,7.966021385762588,8.882103883820918,162.89173161895704,162.89173161895704,162.89173161895704,27.0,-1.0,6.5,27.0,7.849595719173124,7.849595719173124,7.3158882742760625,9.23909059993058,5.894009947853936,7.5665502738922585,3.345080652076645,8.904582534722916,215.24001100906113,211.6929691067686,173.61841366158595,0.7768449376223479,27.940787734602168,27.887919640496964,27.887919640496964,27.914353687549564,IMG_00059.tif,12.61,telemed_644,7.849595719173124
1,2.0,27.88757550225498,27.888733415591652,29.202647921882516,29.20340457363987,30.51969507524016,30.520148372563852,1.0305173815081454,1.6008975754640566,-2.715474198798114,-0.4124486134571811,26.0,7.661763898838004,7.837150853121615,7.976937838724808,8.83745512179749,164.05730886250302,164.2760682493557,164.2760682493557,26.0,-1.0,6.5,26.0,7.895851885690149,7.895851885690149,7.2953674723978565,9.102463561742768,5.982931526712924,7.542697544227845,3.1195320350298443,8.790510358239784,215.47475948751992,212.37222476393777,176.21331512672037,0.7773378292368374,27.940787734602168,27.861485593444357,27.887919640496964,27.914353687549564,IMG_00060.tif,12.61,telemed_644,7.895851885690149
1,2.0,27.018464351276833,27.018531260107444,28.168668151756997,28.168978400652314,29.314014430889387,29.31632629167219,1.0256054693533152,1.272189562211426,-6.11503441072252,-0.26891040226161966,11.0,9.88389869221976,10.271800083097638,10.197992248061865,10.016296279335478,123.63225604793932,127.43068749700689,127.43068749700689,11.0,-1.0,9.5,11.0,11.307096725126257,12.533965904856814,9.887792461902109,11.840492231369057,8.901842947744148,10.371167589556602,2.9386492836249087,11.546627303006566,150.87643918698407,149.86568285245784,131.4866017041612,0.5267959680453642,26.883425852498018,26.989162040708432,27.04203013481364,27.279936558287076,IMG_00061.tif,12.61,telemed_644,
1,2.0,27.02685196097466,27.02702958246172,28.18052600852157,28.180926328580366,29.282393399668138,29.283978249147893,0.9818531440163112,1.2750955226698666,-6.111275927720553,-0.3053965931314145,11.0,9.858567717526057,10.267535064136974,10.461619578674345,9.793356916926456,123.6645860252328,127.26905087365844,127.26905087365844,11.0,-1.0,9.5,11.0,11.268281921944435,12.451084502397237,9.956917117602643,11.645432194900946,9.112370017973888,10.378901106437418,2.5330621769270594,11.392125977208241,150.54554986535354,149.79837390775126,133.69631316803947,0.5256451001535829,26.883425852498018,27.01559608776104,27.04203013481364,27.279936558287076,IMG_00062.tif,12.61,telemed_644,
1,2.0,27.034281677213354,27.03445980579302,28.173643188480074,28.17434342595086,29.333308692914837,29.33607663639984,1.0439051777876809,1.257711652819148,-6.109697813749083,-0.40395622135504894,11.0,9.911596146375388,10.352538040806703,10.4973440555342,10.958577938914033,122.70424575837984,127.68305970661362,111.10812012414553,11.0,-1.0,8.5,11.0,12.558091227916066,12.56195504453268,10.052115729841603,11.983192253469223,9.044630574396114,10.513911413932668,2.938561679073108,11.689336085561912,148.91005490296124,147.93972063115785,130.0191392702511,0.5233549075167274,26.90985989955062,27.01559608776104,27.04203013481364,27.279936558287076,IMG_00063.tif,12.61,telemed_644,
1,2.0,27.035040060771877,27.035188370478586,28.178417945591843,28.178836639599474,29.31060919738358,29.31290719086737,1.0254293955813993,1.2522894248073806,-6.063665975958993,-0.3123381337110236,11.0,9.791375102899195,10.354919544945446,10.381926008177658,9.791375102899195,122.6162581504801,126.81620312438409,126.81620312438409,11.0,-1.0,8.5,11.0,12.726246876301104,12.790433818324402,9.924989657643039,12.018761258403348,8.997990538216268,10.508375898309808,3.02077072018708,11.71668418638464,149.0525137759631,148.0247413038213,129.64696622006838,0.5248380769726255,26.883425852498018,27.01559608776104,27.01559608776104,27.200634417129265,IMG_00064.tif,12.61,telemed_644,
1,2.0,27.045016196045836,27.045077446671478,28.194730417005104,28.195147935918357,29.343302172033134,29.345609359034952,1.0167480755763123,1.2837838367871708,-6.088901997448592,-0.3118092926763137,11.0,9.582087222794087,10.038661137595977,10.404563056701818,9.351526724850885,122.87688205619988,132.4988948661474,132.4988948661474,11.0,-1.0,8.5,11.0,11.404651842228532,12.539564527686082,9.717060371044226,11.649873364269322,8.781558167169198,10.21571576571926,2.8683151971001246,11.36304184455931,153.28555631106894,152.27716828384834,133.74436904633717,0.5307043029905274,26.883425852498018,27.01559608776104,27.01559608776104,27.200634417129265,IMG_00065.tif,12.61,telemed_644,
1,3.0,19.041622939244274,19.064442437545466,20.550879849251682,20.578252313602498,22.084516740795877,22.11632464610193,1.4395156853944062,1.612366523162058,1.9200958463715856,2.9555512037079152,21.0,14.038649392336936,13.779613862149764,14.038649392336936,13.808795591898615,73.12365136825441,73.12365136825441,76.79658287097263,21.0,-1.0,12.5,21.0,14.728516838441578,14.126105158089729,12.077224130968716,16.068905764574094,11.004513199395232,13.536709481984662,5.064392565178861,15.562466508056207,82.33847630554746,81.37642067465698,68.81542460213643,0.6271757664823497,18.983355825461086,19.073324336482234,19.208277103013945,19.365721997300945,IMG_00066.tif,14.82,left_ticks_800,14.126105158089729
1,3.0,19.05935033345972,19.08204523649454,20.562785036986725,20.589941085481268,22.093698702188473,22.125228898296882,1.436418118306589,1.6067655434957506,1.8590664337414273,2.943005746638123,20.0,13.802775478097033,13.570662919480831,13.921504532259235,13.921504532259235,76.94329372248491,76.07725927437855,76.07725927437855,20.0,-1.0,12.5,20.0,14.330866975640589,14.117648185872156,12.013448850267764,16.288166781809988,10.654144282266559,13.471155532038274,5.63402249954343,15.724764531855646,83.05773389918237,81.84189961088552,67.97750168279804,0.6092829346064065,19.005847953216374,19.14080071974809,19.18578497525866,19.365721997300945,IMG_00067.tif,14.82,left_ticks_800,14.117648185872156
1,3.0,19.08159994688137,19.104996586861713,20.55072018319052,20.578575518709872,22.067657330454313,22.10061876199623,1.4229066788648574,1.57271549626966,1.861963798295889,2.9814887408420203,20.0,14.06439049007281,13.534009136709802,14.016242034919486,13.6832167719692,74.44869298819879,75.55066836080016,77.78319765709949,20.0,-1.0,12.5,20.0,14.332391772679415,14.234768667655459,11.277550983317497,16.907366185508,9.30955276417538,13.108459474841691,7.597813421332619,16.147584843374737,86.6293754230613,84.1645046142288,65.634263238584,0.6152557733609383,19.02834008097166,19.14080071974809,19.23076923076923,19.365721997300945,IMG_00068.tif,14.82,left_ticks_800,14.234768667655459
1,3.0,19.10954058881541,19.134484402817677,20.53555382718379,20.563539195370293,22.016702428130966,22.04977166713378,1.366419459654195,1.5488678046619042,1.958588867329774,2.9895338608951456,23.0,14.222002774850097,13.627334031266098,14.222002774850097,13.81067400571851,74.72700957241253,74.72700957241253,77.33885301325819,23.0,-1.0,12.5,23.0,14.471218333371752,14.401709357954331,11.706769623828109,16.113523201853845,10.788191581449583,13.450857391651715,5.325331620404263,15.58099003981342,83.27313669596053,82.18213821816533,68.87798056527916,0.6867742775125246,19.005847953216374,19.14080071974809,19.208277103013945,19.365721997300945,IMG_00069.tif,14.82,left_ticks_800,14.401709357954331
1,3.0,19.142731697448262,19.170072071752976,20.544968271628704,20.5743827321574,22.016427083619245,22.050344550047843,1.3227298805667178,1.557542597728152,1.9962709773609781,3.064124601104986,23.0,14.299493028294279,13.797476106610583,14.299493028294279,13.901396584261903,74.24334117928743,74.24334117928743,76.80710594597168,23.0,-1.0,12.5,23.0,14.540613923361434,14.540613923361434,11.950915214212614,16.092126046695945,11.118318659320018,13.605222353007981,4.973807387375927,15.594745307958352,82.33120786704859,81.41315038001733,69.09117552732177,0.6860248431959743,19.02834008097166,19.163292847503374,19.23076923076923,19.365721997300945,IMG_00070.tif,14.82,left_ticks_800,14.540613923361434
1,3.0,17.298939540504083,17.301469739277472,18.409221538333632,18.41355329891188,19.54159948033767,19.549414310989675,0.9650412296699938,1.282903342042207,1.2175529158565848,1.2428238110300591,17.0,9.606720021747606,10.437185037109304,9.606720021747606,11.83857398877879,101.86080430389114,101.86080430389114,81.11929625813947,17.0,-1.0,9.5,17.0,11.772956497618111,12.980935823146979,9.681583324492863,13.460856183478688,8.546724774658406,11.003790479068547,4.914131408820282,12.969443042596659,92.15838044500714,90.61301646123977,74.30015024555213,0.6915293925299335,17.521367521367523,17.318938371569953,17.049032838506523,16.80161943319838,IMG_00071.tif,14.82,left_ticks_800,14.366462534977956
1,3.0,17.34594422895671,17.348727672863344,18.40860981749799,18.412932302618806,19.514013395656576,19.52184970549707,0.9425205032679554,1.2306015293657657,1.340297758080304,1.2415133728224703,16.0,9.555390176771127,10.313966259865872,9.540221156909865,11.916582796898695,102.71407975091853,102.43490021916456,84.5321387263325,16.0,-1.0,9.5,16.0,12.039628781650833,12.696569791172465,9.888259064491706,12.830359987908594,9.14608970968824,10.988224848798417,3.684270278220353,12.461932960086559,91.84680805512934,90.98387983298018,78.09503179329882,0.6899442998051202,17.521367521367523,17.341430499325234,17.049032838506523,16.80161943319838,IMG_00072.tif,14.82,left_ticks_800,12.696569791172465
1,3.0,17.329622217694943,17.33218471260241,18.415895655547324,18.42020043815863,19.517159252794507,19.524989693867557,0.9573592981112822,1.2354456831538696,1.3604207881920802,1.2387239229348144,15.0,9.547659533782394,10.43146828744878,9.547659533782394,11.929158314635742,102.75265947429487,102.75265947429487,84.74918537499912,15.0,-1.0,9.5,15.0,11.822360649637233,12.680124035884774,9.894113550167845,12.74949133600829,9.340408487779197,11.044949911893744,3.409082848229093,12.408583051185381,91.16202720921153,90.43711680979895,78.50810053549408,0.6882906003664304,17.54385964912281,17.36392262708052,17.049032838506523,16.80161943319838,IMG_00073.tif,14.82,left_ticks_800,12.680124035884774
1,3.0,17.34095569190888,17.343778858515588,18.408916367066112,18.41328408749966,19.50197259499259,19.510103654318943,0.9467834397522896,1.2195413560510642,1.4195310573402817,1.2479810900166293,14.0,10.00561372379211,10.672603005391563,9.73645992480337,11.827532981737505,98.72494661887399,101.26913359294463,85.65029526257804,14.0,-1.0,9.5,14.0,12.274711367765804,12.541272865788642,9.94071800027939,12.642463969427633,9.882475363499042,11.262469666463337,2.7599886059285903,12.366465108834774,89.21622900630943,88.77020133904338,79.21339118298378,0.6902680645073899,17.56635177687809,17.36392262708052,17.094017094017094,16.80161943319838,IMG_00074.tif,14.82,left_ticks_800,12.541272865788642
1,3.0,17.366997982433798,17.370120334857432,18.397981550523216,18.402369647054357,19.46923369986063,19.477250489150272,0.9258794930840053,1.1812506612088336,1.4397585599732166,1.2512597421519691,14.0,10.091144824348348,10.488461845999774,9.80419882999027,11.650081854668457,97.67304149587744,100.24381039848376,86.85179269096956,14.0,-1.0,9.5,14.0,11.118231824542988,12.390222860504991,10.080039433301977,11.710691238194777,10.566318154227238,11.138504696211008,1.1443730839675388,11.596253929798022,89.95838831711052,89.87959454505028,85.54497460660718,0.6900582454882414,17.58884390463338,17.38641475483581,17.11650922177238,16.80161943319838,IMG_00075.tif,14.82,left_ticks_800,12.244557290758735
1,2.0,18.26751810895494,18.424963784690927,19.82042108765581,19.98733751264535,21.313999732306023,21.48782904815696,1.9895148026675074,1.0733504607985256,1.5960021597747744,7.4099008165832005,21.0,8.729924911406215,8.950179633000147,8.707302131131513,8.405661674087241,92.38063849591174,93.75847319400812,99.54998018647765,21.0,-1.0,7.5,21.0,11.19747248257022,10.054133076191647,9.218328809339368,11.34195861103234,8.768166531676904,10.055062571354622,2.5737920793554356,11.084579403096797,105.71364727400977,105.13609245327102,93.3377024311781,0.7141075821075673,18.578497525865945,18.331084120557804,18.376068376068375,18.218623481781375,IMG_00076.tif,14.82,left_ticks_800,
1,2.0,18.275893490273802,18.435133037593797,19.832143829147057,19.99973352628716,21.334567112136032,21.50800793247385,1.9870874747431164,1.0857874201369315,1.6574397412117987,7.422546352694926,20.0,9.126423241886599,9.083612716938138,8.788116009047371,8.44481645431523,92.63143741683588,93.68608478162743,99.99880762875614,20.0,-1.0,7.5,20.0,11.109340935544083,10.12598389709683,9.17612284557265,11.088507968547255,9.008277374328523,10.048392671437888,2.0802305942187305,10.88048490912538,105.6385205285199,105.26158325236915,95.49469168526053,0.7146474608384641,18.533513270355378,18.35357624831309,18.35357624831309,18.218623481781375,IMG_00077.tif,14.82,left_ticks_800,
1,2.0,18.28957481890883,18.447949553597773,19.833379615014884,19.99817824024401,21.334049063696614,21.504212373445895,1.9650731476112444,1.0911896722368835,1.6962325954652464,7.360679310933303,21.0,8.932889898444301,9.147931329320537,8.841101169554264,9.347766791437579,93.64691316917217,96.22068904853214,99.55408701293405,21.0,-1.0,7.5,21.0,11.005459153587367,10.101085323267853,9.130851487004861,10.300824410877535,9.08704106917824,9.693932740027888,1.2137833416992967,10.179446076707606,109.30084709735196,109.1583934184802,102.79056529411638,0.7164110772651968,18.55600539811066,18.398560503823663,18.376068376068375,18.286099865047234,IMG_00078.tif,14.82,left_ticks_800,
1,2.0,18.29495701591978,18.453387658212925,19.8347322551063,19.99949815365749,21.31843388684159,21.488217146395826,1.9482035159684334,1.086625972214467,1.699513250514281,7.3597041975223165,21.0,9.084940419953398,9.160560364635726,9.045659107648845,8.479111071549738,94.56429368458006,97.1621904287404,98.25535933192582,21.0,-1.0,7.5,21.0,11.048664227619838,10.162800748287168,9.135309919417864,10.267699647607273,9.148782507399337,9.708241077503304,1.118917140207935,10.155807933586479,109.14581410661899,109.02530680361609,103.1434437046867,0.7193760675185457,18.55600539811066,18.398560503823663,18.376068376068375,18.286099865047234,IMG_00079.tif,14.82,left_ticks_800,
1,2.0,18.284810450465454,18.442530227857667,19.824356929942997,19.98830572638418,21.306018022664528,21.473832935474174,1.9355839143215567,1.095718793294954,1.7356982538051968,7.343465369087947,24.0,9.10846609061376,9.147683398558051,8.970393779381823,8.470239456559824,99.1080550090902,99.82178387034179,101.56932315556985,24.0,-1.0,7.5,24.0,9.734651739258652,9.734651739258652,8.80547238303052,10.208498100107573,8.547611930244832,9.378055015176203,1.6608861698627406,10.042409483121299,113.08988849061684,112.7946063760228,103.70473739085008,0.7972685302796458,18.533513270355378,18.398560503823663,18.376068376068375,18.286099865047234,IMG_00080.tif,14.82,left_ticks_800,10.680387446297914
1,2.0,18.603554663975064,18.66346894415054,20.016533130512528,20.084157881904478,21.486421327417958,21.56409157956619,1.7097584679444684,1.1908641674711804,2.304351690204162,4.703114924735878,27.0,9.68619111870467,9.811171180417684,9.68619111870467,9.369503184345916,100.64268465044343,100.64268465044343,104.95589416692528,27.0,-1.0,9.5,27.0,9.621641770324231,12.618910839863133,9.839444548834763,11.662443515825968,9.121079600926604,10.391761558376286,2.541363914899364,11.408307124336032,103.79029487102595,103.27306977499681,92.15229163439662,0.7861506084464385,18.960863697705804,18.75843454790823,18.51102114260009,18.55600539811066,IMG_00081.tif,14.82,left_ticks_800,10.134046661010302
1,2.0,18.595026804944652,18.652209193879795,20.021420233086562,20.0882739070712,21.50133412861117,21.58022030083384,1.7292309045995462,1.1987802023544984,2.342381238949461,4.675730559213074,28.0,9.762926125223757,9.95508104996786,9.749045027350945,9.414174888552225,100.35151734685368,100.65181466888744,105.24739113006625,28.0,-1.0,9.5,28.0,9.69638309898204,11.386710641044942,9.86758590830766,11.784499252005102,8.867578517912046,10.326038884958574,2.9169207340930563,11.492807178595797,104.56231603279716,103.8660948637249,91.16103032952488,0.8156714387558822,18.960863697705804,18.75843454790823,18.51102114260009,18.55600539811066,IMG_00082.tif,14.82,left_ticks_800,11.386710641044942
1,2.0,18.57126252934349,18.626533815819357,19.99572649373591,20.061126398838393,21.46410824284961,21.54116541337185,1.7221511294155178,1.1924804681369714,2.3204095149621002,4.627714812000758,28.0,9.708928779847938,9.733941831429151,9.667455646133476,9.18955752612166,99.11735994755156,101.20644390353823,105.28122773159008,28.0,-1.0,9.5,28.0,9.77958033781249,11.840673048161761,9.415236181950206,12.103471671089988,8.279320844053562,10.191396257571775,3.8241508270364255,11.721056588386345,106.33922817371351,105.08443611154551,88.67566643565267,0.8166633244479242,18.960863697705804,18.73594242015295,18.51102114260009,18.55600539811066,IMG_00083.tif,14.82,left_ticks_800,10.36689781985342
1,2.0,18.57146561113869,18.626444372496696,20.007209145403014,20.072790320253542,21.480328934086515,21.556953593478816,1.7300168275067358,1.200492393475388,2.3007770695374368,4.632779883728696,30.0,9.933168953706996,9.731675854004623,9.666714876945946,9.20958337685164,98.7807647665146,101.0997526410319,104.94678549769404,30.0,-1.0,9.5,30.0,10.05255096263727,11.624937878103879,9.341197073266358,12.89908933670872,7.694254363048939,10.29667184987883,5.20483497365978,12.378605839342741,106.31674714716709,104.02193037181091,83.29087270098819,0.8147913379589431,18.960863697705804,18.71345029239766,18.51102114260009,18.55600539811066,IMG_00084.tif,14.82,left_ticks_800,10.38384268181602
1,2.0,18.57368067536561,18.62847221220899,20.020751571401778,20.08728208403015,21.484526912694093,21.560373468693705,1.7194212837560792,1.2124799727286397,2.2698489131490165,4.664524909651968,30.0,9.712139072514177,9.834821411574188,9.702983995847404,9.348597728169608,99.80391029502681,100.55628465171552,105.24315591534447,30.0,-1.0,9.5,30.0,10.015988990811024,10.444008540408277,9.489549577145453,11.713377433241183,8.85225251529095,10.282814974266067,2.861124917950234,11.42726494144616,104.85026970399791,104.17300593111231,91.59686502927663,0.7923255652944323,18.960863697705804,18.71345029239766,18.488529014844804,18.488529014844804,IMG_00085.tif,14.82,left_ticks_800,10.444008540408277
1,2.0,24.931659353209337,24.974804166397576,26.348819858383177,26.392974123393753,27.768593998942414,27.8142490621723,1.2129825963134344,1.6264622994612952,-1.438845982167245,3.314670468733966,14.0,9.109103975280348,9.635466571727093,9.282558053897503,9.282558053897503,123.38025767378143,122.69935792859259,124.06115741897027,14.0,-1.0,9.5,14.0,13.330286957228736,15.638063031036381,10.295017093538547,17.455249459447497,6.780085244160122,12.11766735180381,10.675164215287374,16.38773303791876,127.60759704369222,118.92393335658771,83.22593374457824,0.7106303222867427,24.9212775528565,24.9212775528565,25.0787224471435,25.168690958164643,IMG_00086.tif,14.82,left_ticks_800,15.638063031036381
1,2.0,24.916149818509957,24.960492866633867,26.335315811966762,26.37964767178405,27.759526364241147,27.804505593805825,1.2149729071461028,1.6290398200258598,-1.4250067560813306,3.3221707466699275,14.0,9.94153933287106,9.746624928201765,10.43061633621457,9.452462329527549,114.99067321355591,109.2472339436317,122.74359262239015,14.0,-1.0,9.5,14.0,12.929698226245023,14.583309414108754,10.430950241125572,16.480705347082264,7.457845798092918,11.969275572587591,9.022859548989345,15.578419392183328,126.5112916326777,120.3079853620764,87.94851394494604,0.7154690214481406,24.9212775528565,24.9212775528565,25.0787224471435,25.168690958164643,IMG_00087.tif,14.82,left_ticks_800,14.583309414108754
1,2.0,24.905655166182786,24.949239068280487,26.336334304084254,26.38063147369268,27.77404890442236,27.819830217709956,1.2266584867390808,1.6439326626903878,-1.4105729895622106,3.3208083691990464,15.0,10.35363587838691,9.555555335932333,10.35363587838691,9.324049169604251,121.00695501344642,121.00695501344642,124.33014048283671,15.0,-1.0,9.5,15.0,12.47298012844027,14.254960166091706,10.408335644449664,16.01716441900262,7.537712256442837,11.777438337722728,8.479452162559783,15.169219202746643,127.88474432127818,122.1851321349157,90.38416263368606,0.7152046334654708,24.898785425101213,24.898785425101213,25.011246063877643,25.101214574898783,IMG_00088.tif,14.82,left_ticks_800,14.254960166091706
1,2.0,24.918006751370186,24.963971052125284,26.34926079438469,26.394505569802313,27.78927911047237,27.83638886151703,1.2233639540096997,1.6490538553820455,-1.4076748941964128,3.355267426413027,14.0,9.942717900231557,9.818051773721692,10.260287521744203,11.34648401832547,117.03648566377656,109.9034032649784,109.9034032649784,14.0,-1.0,9.5,14.0,12.83721382667477,15.056447923082914,10.788369705920672,17.09988763004615,7.1350376472989225,12.117462638672537,9.964849982747229,16.10340263177143,126.30259462305197,118.87209261821276,84.86380266180772,0.7144791530538324,24.898785425101213,24.9212775528565,25.056230319388213,25.168690958164643,IMG_00089.tif,14.82,left_ticks_800,15.056447923082914
1,2.0,24.950591452698987,24.996994135218706,26.378033217536235,26.424243260362573,27.80414283175059,27.85093590518598,1.2155199777468113,1.6384217922204605,-1.302020489739552,3.3889709562084835,14.0,10.039697135866334,9.920854963040968,10.130458544452779,9.948935727279888,116.56213764782552,116.32622797536493,117.86550813105518,14.0,-1.0,9.5,14.0,13.343579151997801,15.836844881739722,11.271769169882987,17.865450753599006,7.260021588789645,12.562736171194326,10.605429164809362,16.804907837118073,122.47949159373246,114.86819716671842,81.44136853364189,0.7135411269533762,24.943769680611787,24.943769680611787,25.0787224471435,25.168690958164643,IMG_00090.tif,14.82,left_ticks_800,15.836844881739722
1,2.0,25.7531758728387,25.7945211361808,27.170229688755487,27.20584195849378,28.573083696574894,28.600393913154026,1.0194007230021023,1.7864720539711234,3.298979803375183,2.9319310804659238,30.0,12.17176242235574,12.779556608147924,11.968787559660456,13.967983852478994,123.88379629788689,125.22633637537325,108.43519231207567,30.0,-1.0,11.5,30.0,13.547573970926749,13.969338761583572,11.015083293449834,15.377502575833853,8.490209996574224,11.933856286204039,6.887292579259629,14.688773317907891,128.1846594195956,124.56433396276276,97.13381493070604,0.7579884181607155,25.753486279802072,25.79847053531264,25.820962663067927,25.843454790823213,IMG_00091.tif,14.82,left_ticks_800,14.175870602383867
1,2.0,25.756268136513764,25.797669059404132,27.170131972793758,27.205714068940548,28.57536977559059,28.603557899902498,1.0247042069239118,1.7811846335744528,3.325942128466098,2.9306953516761176,30.0,11.918518424708353,12.708210420656835,11.985836507724429,13.96699227318041,127.65338067287766,126.55581142799899,108.59997100782249,30.0,-1.0,11.5,30.0,13.534834171526654,14.044538054400107,11.012913555108867,15.339408348282586,8.497139317368303,11.918273832825445,6.842269030914283,14.655181445191158,128.32462193430595,124.73905267585654,97.3803266194778,0.7587663220475556,25.753486279802072,25.79847053531264,25.79847053531264,25.843454790823213,IMG_00092.tif,14.82,left_ticks_800,14.06494745293611
1,2.0,25.752287105402463,25.79358904277703,27.167842569148167,27.20325747176547,28.575002149749388,28.602873550265027,1.0262951585134692,1.782989348974527,3.2963022441039436,2.9239323980553538,30.0,11.899814821914532,12.677375555109167,11.963968905544988,13.887341114897765,127.69516885343873,126.60677064528629,109.08782928594785,30.0,-1.0,11.5,30.0,13.458328627022865,13.952966401843923,10.956508555602227,15.331461853019322,8.453351240701078,11.892406546860201,6.878110612318244,14.643650791787497,128.63773542089984,124.9884409872845,97.41554985087353,0.7589583804238945,25.753486279802072,25.820962663067927,25.79847053531264,25.843454790823213,IMG_00093.tif,14.82,left_ticks_800,14.086544619764453
1,2.0,25.747198943698326,25.788477939517758,27.171940239470867,27.207435277292703,28.575638295323028,28.60302603359211,1.0213248789723015,1.793223215102051,3.270426933918214,2.9270145153897693,30.0,11.890925883069912,12.649033095046786,11.986861303881597,13.901359947095699,127.60641428699071,126.15696305538671,108.82391086197121,30.0,-1.0,11.5,30.0,13.480050358323524,13.895062144192593,10.924307184626969,15.318752328132678,8.261687909869226,11.790220119000953,7.057064418263454,14.613045886306335,129.98918461432766,126.03230949607124,97.47596637178954,0.7577457950522156,25.730994152046783,25.79847053531264,25.775978407557353,25.775978407557353,IMG_00094.tif,14.82,left_ticks_800,14.007963556929099
1,2.0,25.744319478321547,25.785751460767173,27.167563516625762,27.20308566250676,28.5738428299741,28.601509342674944,1.0242426828113878,1.7915151990963778,3.312166926920975,2.928366383611547,30.0,11.96550768357045,12.679161371907899,12.038481266706441,13.89296280585728,126.80126225164634,125.8403804123867,109.05515728174589,30.0,-1.0,11.5,30.0,13.462662985426846,14.052492838539308,11.010038582248853,15.268716803661903,8.534472691918031,11.901594747789966,6.7342441117438705,14.595292392487515,128.33518310127704,124.85421348688647,97.77564844590671,0.7593300491221813,25.730994152046783,25.775978407557353,25.775978407557353,25.775978407557353,IMG_00095.tif,14.82,left_ticks_800,14.057243122011243
1,2.0,23.32944804321359,23.330241017378075,24.815630464618444,24.81654526866797,26.270684615859025,26.271798664992037,1.7219222983643772,1.2196353492495888,-4.756571382883402,-0.49196288778211217,11.0,14.640529470208293,14.025720379144094,15.041289136014399,15.1341518275093,81.75368415676542,73.48149699828028,73.48149699828028,11.0,-1.0,14.5,11.0,15.267978795680278,14.811358391197018,12.491840409853694,18.06279378908304,10.500218420414258,14.281506104748651,7.562575368668783,17.306536252216162,96.76789322367067,94.48244135573604,75.17119942380414,0.6510107166247201,23.481781376518217,23.32433648223122,23.234367971210073,22.941970310391362,IMG_00096.tif,14.82,left_ticks_800,
1,2.0,23.30627882588604,23.306952699500286,24.791589163386664,24.79251007792128,26.263347252987277,26.26432625533652,1.739273161245806,1.2181003945904272,-4.721663170619867,-0.4938424164664341,13.0,14.776187041444047,14.151129541174088,14.997644617859748,16.009289690788393,77.64510007375476,72.7529343602468,72.50423287268495,13.0,-1.0,14.5,13.0,15.478326787710387,15.478326787710387,12.874774205440644,18.20548291530595,10.821507747804812,14.513495331555381,7.383975167501137,17.467085398555835,94.98033308723193,92.9134765911264,74.5292537988941,0.6850046663707648,23.481781376518217,23.32433648223122,23.234367971210073,23.00944669365722,IMG_00097.tif,14.82,left_ticks_800,
1,2.0,23.30472687838162,23.305400693742662,24.791744852615953,24.792542206486353,26.254119038061507,26.255032299632877,1.735238049282567,1.214393556607651,-4.7096950616990085,-0.4595193637489322,14.0,14.279688141263136,14.389992979920196,15.042817758284741,15.9898164945173,81.0439744959249,72.81683024683294,70.85333659570325,14.0,-1.0,14.5,14.0,16.145697216426356,15.198698480193826,11.876412605809946,19.059200549928622,10.174750225971795,14.616975387950209,8.884450323956827,18.17075551753294,95.24528375782431,92.26373408686615,71.30201632457478,0.6604799571631784,23.481781376518217,23.301844354475932,23.189383715699506,22.941970310391362,IMG_00098.tif,14.82,left_ticks_800,
1,2.0,23.307087030676783,23.307718743737862,24.783336166954477,24.784103566557807,26.256556200209648,26.25713389221812,1.731602392867128,1.2178127556131306,-4.6814053227812735,-0.45088203173617175,14.0,14.781166994024801,14.62271038557791,15.272375112876261,16.05042185606021,75.42667503504796,72.68053331645343,70.81543764961343,14.0,-1.0,14.5,14.0,16.168140639020123,15.05390998984268,14.731846022953846,19.018859763101847,10.621479519607984,14.820169641354916,8.397380243493863,18.17912173875246,93.57283904069641,91.03694923561058,71.45584385266696,0.660320975969146,23.481781376518217,23.32433648223122,23.234367971210073,23.00944669365722,IMG_00099.tif,14.82,left_ticks_800,
1,2.0,23.30819387994546,23.30879909476599,24.792791516036463,24.793486688152274,26.25541237452404,26.255976456223777,1.7290009295074924,1.2181764319502941,-4.668981485190875,-0.42905800993525406,12.0,14.944592575310509,14.738636636484284,15.569402230417637,15.989989957122674,76.2938562469083,71.93043979122068,70.9137108968998,12.0,-1.0,14.5,12.0,16.143172540709543,15.724928506502692,11.208188020410773,19.14831202191946,10.170860860759461,14.65958644133946,8.977451161159996,18.25056690580346,95.03803058878711,92.01693364801129,70.99453751417613,0.6566274910632376,23.459289248762932,23.32433648223122,23.234367971210073,23.00944669365722,IMG_00100.tif,14.82,left_ticks_800,
1,2.0,26.94992293712849,26.957274864823294,28.43715997659498,28.442094296191193,29.925034752573183,29.928028991510367,1.72435313858643,1.2464009881006426,-3.0417978914803276,1.067276042619922,19.0,11.893939743842367,11.84403676367826,11.753945100662236,11.630793666778857,105.61318052170701,105.61318052170701,117.79709972930921,19.0,-1.0,10.5,19.0,12.81707864798841,14.144663522843501,11.14124331287735,13.64277933770658,10.736178531008056,12.189478934357318,2.9066008066985245,13.352119257036728,128.26934978427352,127.66298355143662,114.2820087561404,0.7220284694499229,27.215474583895634,26.94556905083221,26.855600539811064,26.58569500674764,IMG_00101.tif,14.82,left_ticks_800,12.120780988720753
1,2.0,26.94771841819394,26.95514163794758,28.433763249611534,28.438732457628255,29.92129309913358,29.9242953976821,1.7228811015386956,1.246272658195826,-3.0255792982331684,1.0711059333821378,21.0,11.629847676685813,11.698569294457164,11.59481657657821,11.509430981172272,110.07001348896087,110.07001348896087,118.92028166445499,21.0,-1.0,10.5,21.0,12.979496888609958,13.968501392433268,11.121646996880486,13.64263513436682,10.513460712873371,12.078047923620096,3.1291744214934494,13.329717692217475,129.53653997762027,128.813049931917,114.2743217490269,0.749380278557961,27.215474583895634,26.968061178587494,26.855600539811064,26.58569500674764,IMG_00102.tif,14.82,left_ticks_800,11.588246654541024
1,2.0,26.943726363261955,26.950954480429687,28.426911481384217,28.4317724878561,29.910146537879168,29.91309166511381,1.7242002001523469,1.237936984531781,-3.0165288521080007,1.0595097317109956,21.0,11.75423905553285,11.733289847028695,11.6183698357421,11.600970444868949,105.20078942091513,105.20078942091513,118.09533329860724,21.0,-1.0,10.5,21.0,13.06879685255467,14.131315449823006,11.037654527713642,13.736913867543667,10.421951452255328,12.079432659899497,3.3149624152883392,13.405417626014835,129.59107883497518,128.77851671101487,113.4873561125051,0.7571122652043789,27.215474583895634,26.94556905083221,26.855600539811064,26.58569500674764,IMG_00103.tif,14.82,left_ticks_800,11.656439428928707
1,2.0,26.94545544225555,26.952790018797064,28.422218641190607,28.427103189207596,29.9007877459821,29.90370146706616,1.72193902186804,1.2289724264010584,-3.012906668485004,1.0621594997367998,22.0,11.681008586397937,11.646824085070126,11.478278930483896,11.3530962700124,108.40699257693487,107.0727431729035,119.06000886340338,22.0,-1.0,10.5,22.0,12.646082893900427,12.38851613989857,10.976616994335131,13.575285923335723,10.48100077507294,12.028143349204331,3.0942851482627822,13.265857408509445,130.04479170391764,129.32866766850475,114.820848274942,0.752385588981884,27.215474583895634,26.94556905083221,26.855600539811064,26.58569500674764,IMG_00104.tif,14.82,left_ticks_800,11.856392990045038
1,2.0,26.9398534738753,26.947087143671343,28.41574599254011,28.420599585154054,29.894625270119818,29.897472263455583,1.7274475429809457,1.2229375768032893,-2.9952847779773335,1.0589095220193336,20.0,11.638014074062312,11.360376924722974,11.498285075637455,11.239214036012783,108.24929963072329,108.49978429540755,118.89369273037802,20.0,-1.0,10.5,20.0,12.567357827402702,12.567357827402702,10.603289228314452,13.578411124193849,10.219407921704212,11.89890952294903,3.359003202489636,13.242510803944885,131.55852995456925,130.68522582761125,114.77076994248449,0.7542353377277142,27.19298245614035,26.94556905083221,26.855600539811064,26.58569500674764,IMG_00105.tif,14.82,left_ticks_800,11.992268381460462
1,2.0,27.97119259466261,27.98876940985765,29.58294816796209,29.5956094200287,31.21705136011079,31.222102329466153,1.5905401733547355,1.6427927462537653,-0.2405261347259735,1.6760146029352325,22.0,11.795443371721305,12.015296651012479,12.074902338343861,12.419620700183486,127.4340259723786,124.14380436598867,118.05643861774635,22.0,-1.0,10.5,22.0,12.208798855995951,10.124196241305413,12.076560657958225,12.432398917948886,11.764852069550287,12.098625493749587,0.6675468483985997,12.365644233109027,133.55468243375807,133.5209987078952,129.99054223262323,0.566164768554557,28.02008987575998,27.887919640496964,27.835051546391753,28.072957969865186,IMG_00106.tif,12.61,telemed_644,13.526043667276895
1,2.0,27.973332307001627,27.990907390710056,29.584339661448205,29.596998803103183,31.218513347511735,31.223530357001444,1.5885003205269352,1.6441226457644516,-0.2361275117034227,1.6758355669577631,22.0,11.794340501817956,12.023611165897211,12.080317571098448,12.459747843042663,127.44724906419688,124.13760716402777,117.75400645576696,22.0,-1.0,10.5,22.0,12.210025044376152,10.179432747719375,12.07867476140882,12.454777105344569,11.764899586913312,12.10983834612894,0.6898775184312553,12.385789353501442,133.44526381328552,133.4093848301291,129.77055730755256,0.5661551595144887,28.02008987575998,27.887919640496964,27.835051546391753,28.072957969865186,IMG_00107.tif,12.61,telemed_644,13.530704413100352
1,2.0,27.962002363825132,27.97998186195674,29.585262743010933,29.59797068712766,31.219479388543384,31.22449473205955,1.599547256490133,1.6449656136126736,-0.23466306362471062,1.6790353916313172,22.0,11.798651923696625,12.003319940890325,12.095308022059555,12.481036542646905,127.42992628650367,123.89455526402703,117.44601843530816,22.0,-1.0,10.5,22.0,12.208054890367634,10.118459067934396,12.089705537735085,12.405294329307402,11.78793070172961,12.096612515518506,0.6173636275777914,12.343557966549623,133.529367210978,133.50055417424016,130.22879983853556,0.5663983281572875,28.02008987575998,27.887919640496964,27.835051546391753,28.072957969865186,IMG_00108.tif,12.61,telemed_644,13.519792859566678
1,2.0,27.96810374110846,27.985998267627124,29.587257913167516,29.599984249382228,31.227495000790192,31.23266276742685,1.5969957452956036,1.6496687545041235,-0.23483769217999786,1.6801929108369253,22.0,11.792972259905497,12.010791176104457,12.090413042712811,12.474733180197973,127.5920214684451,123.99032573034539,117.55147075024769,22.0,-1.0,10.5,22.0,12.207332440988012,10.069928872793128,12.083578267181565,11.460670974861637,12.14060671440053,11.800638844631084,-0.6799357395388926,11.528664548815527,136.86682248930092,136.82916484897504,140.83133773224543,0.5660238385281887,28.02008987575998,27.887919640496964,27.835051546391753,28.072957969865186,IMG_00109.tif,12.61,telemed_644,13.486549877627795
1,2.0,27.96721193698737,27.985144652828456,29.588489219170256,29.60114707287361,31.232807963414405,31.23781668928121,1.5996221807747601,1.6530498556779925,-0.22989352092166104,1.6756328769391877,22.0,11.748045945993695,12.005764243591297,12.089472703915817,12.466865699742527,127.53295570850594,124.06402534443819,117.67059565198592,22.0,-1.0,10.5,22.0,12.18888302198161,10.040172294764943,12.073673725600429,10.857463237112428,13.400187009507325,12.128825123309877,-2.5427237723948974,11.111735614351918,133.66402352491585,133.17600564704384,148.5491787956889,0.5669886892635427,28.02008987575998,27.887919640496964,27.835051546391753,28.072957969865186,IMG_00110.tif,12.61,telemed_644,13.581086827142485
1,2.0,23.355949881060205,23.363911176522716,24.945596316579692,24.95428130107915,26.558379333319053,26.566659028246455,1.845560235953609,1.3571876157701237,0.3774008055503742,1.5116881806862834,12.0,15.394158833177784,14.558143308703709,15.36810897231743,15.36810897231743,84.91188814978285,85.64195910325773,85.64195910325773,12.0,-1.0,13.5,12.0,14.0238465857567,14.0238465857567,15.766940230835814,14.219026447154896,17.144121204889558,15.681573826022227,-2.9250947577346613,14.511535922928363,86.6732559565055,86.42409059925278,95.10119279617288,0.6286422395313079,23.65847211208036,23.420565688606924,23.2090933121861,22.839016653449644,IMG_00111.tif,12.61,telemed_644,
1,2.0,23.357531123497587,23.3654894935381,24.92491854832103,24.933704508347475,26.508287075219783,26.516531254368477,1.8492615709996048,1.3017801898307721,0.3654523283297853,1.5210783720463454,14.0,15.390983588749322,14.482368212465397,15.379395623780766,15.550111438633962,85.3026268522501,85.58191453517613,83.45738896528032,14.0,-1.0,13.5,14.0,13.982236799379223,13.982236799379223,15.697436427676564,14.24315390694842,15.44646653029245,14.844810218620436,-1.2033126233440303,14.363485169282823,91.2325536792428,91.18305887419734,94.95002722976032,0.6239905197111173,23.65847211208036,23.420565688606924,23.235527359238702,22.839016653449644,IMG_00112.tif,12.61,telemed_644,
1,2.0,23.483286671312452,23.494801360443084,24.966366188498675,24.976209994765714,26.524594310249697,26.533293634684558,1.7236250498840624,1.3148672243574082,0.4324121580254398,1.6086818265284464,14.0,14.42362031409914,14.483696652001884,15.466302823063018,15.870149869748417,89.08437398439767,85.66447884176739,81.99778774954507,14.0,-1.0,13.5,14.0,13.705757753307807,13.705757753307807,15.715898071412084,14.130088676573259,15.447893898986393,14.788991287779826,-1.3178052224131351,14.261869198814573,92.08152651979083,92.02114900105468,96.21867724833352,0.6221224886697768,23.684906159132964,23.499867829764735,23.28839545334391,22.918318794607455,IMG_00113.tif,12.61,telemed_644,
1,2.0,23.48292428296429,23.49434697083481,24.974162365202975,24.98455609422717,26.50039446785048,26.5088376123059,1.7244910650974676,1.2899995763736278,0.5206364017490803,1.6527324850215992,14.0,14.510333455691054,14.585215634999704,15.387983159484662,15.935334904855466,89.32350270218605,86.63801390696268,82.18143153462881,14.0,-1.0,13.5,14.0,13.771332200179927,13.771332200179927,15.526631607767143,13.850632454086767,15.789918144333875,14.820275299210321,-1.939285690247108,14.044561023111477,91.96008517763757,91.82997849305826,98.1195617673443,0.6801120011503908,23.65847211208036,23.44699973565953,23.28839545334391,22.839016653449644,IMG_00114.tif,12.61,telemed_644,
1,2.0,23.48092817357832,23.492416484807418,24.985181062064804,24.995346755727297,26.508236243353235,26.516078437137637,1.7252430360501505,1.2984189162800643,0.39299263580163657,1.6341475854679774,10.0,15.22668767409651,14.732415025195902,15.235680992062726,15.8278982338621,85.76518250902706,86.6344524264843,81.98577860359342,10.0,-1.0,13.5,10.0,13.792342862761643,13.792342862761643,15.528709196497175,14.191588731349801,17.355632132076813,15.773610431713308,-3.1640434007270115,14.507993071422502,86.68901527997417,86.4007515215539,95.80045256209992,0.6258847430355672,23.684906159132964,23.473433782712135,23.261961406291302,22.839016653449644,IMG_00115.tif,12.61,telemed_644,
1,3.0,20.013302129136555,20.013388446935714,21.350948765144114,21.351175701922838,22.67141653777603,22.671609853664027,1.5321152895705612,1.1261061171577542,-2.5720870756689185,0.2641676061272211,14.0,12.899092322999039,12.980454538204665,12.939281707139912,11.860903629162976,78.1256683948514,78.64221955478985,84.36679932063359,14.0,-1.0,11.5,14.0,12.353334164156422,12.281999617712586,15.474905343699703,12.465173184822437,15.12306472355878,13.794118954190608,-2.6578915387363433,12.73096233869607,84.18418420476056,83.92520900605747,92.70772448817064,0.4959610375003033,20.089875759978856,19.984139571768438,19.878403383558023,19.746233148295005,IMG_00116.tif,12.61,telemed_644,14.311123649229472
1,3.0,20.024283397068057,20.024459154731133,21.337182179914596,21.33744170286913,22.686448431714435,22.686865763867768,1.5455423614439041,1.1168642476927317,-2.5685056330959335,0.28258869577369194,15.0,12.031858802848234,13.293332922309716,12.934367318803908,12.031858802848234,80.86880589768418,80.86880589768418,83.18579762342354,15.0,-1.0,11.5,15.0,12.55883090304144,12.518073754287116,17.522694753903778,11.967913220528061,16.996803730744585,14.482358475636323,-5.028890510216523,12.470802271549715,80.87360682581357,80.06171169731898,96.5548344866813,0.5344402844619751,20.06344171292625,19.957705524715834,19.85196933650542,19.587628865979383,IMG_00117.tif,12.61,telemed_644,14.407156811446612
1,3.0,20.01275319350156,20.01285294697546,21.351374460518713,21.351688219139543,22.69957006596327,22.700060069556102,1.5709465721698017,1.1162605504108387,-2.5882385083766604,0.3106131844950386,14.0,12.915180696969728,13.16720974146715,12.987972910468272,12.842388483471183,81.36128761239186,80.71810138031728,82.00447384446646,14.0,-1.0,11.5,14.0,12.633132908529774,14.019634408191024,17.079742988118795,12.350482269583724,16.192740960145798,14.271611614864762,-3.842258690562074,12.734708138639931,81.66187293806405,81.17056135413544,93.5526015959112,0.5967968706672725,20.089875759978856,19.93127147766323,19.85196933650542,19.587628865979383,IMG_00118.tif,12.61,telemed_644,14.49983589547071
1,3.0,19.981736948878492,19.98177533492527,21.319163225795247,21.319537024231455,22.682310147119853,22.682874024438828,1.596628189823608,1.1044704996899497,-2.62808212153217,0.33928770352909743,14.0,12.95412482901024,12.502192771815341,12.502776259941697,11.677671326071106,80.33500581925611,80.41296888423098,80.41296888423098,14.0,-1.0,10.5,14.0,12.1131136125083,13.388774497128907,14.957221124834518,12.670407487717387,13.375788709371712,13.02309809854455,-0.7053812216543238,12.74094560988282,88.6792991112867,88.65777070787976,91.08357308825514,0.4975189783481443,20.116309807031456,19.93127147766323,19.85196933650542,19.587628865979383,IMG_00119.tif,12.61,telemed_644,13.388774497128907
1,3.0,19.90699538816404,19.907104669952176,21.227259889985326,21.227747798077786,22.544910824108708,22.54521553630639,1.5051428504870228,1.1329680158671895,-2.5880397470506895,0.3884682356945273,13.0,12.695631577990099,12.691721802426164,12.695631577990099,11.965771383143931,82.09386606555178,82.30326024282606,82.09386606555178,13.0,-1.0,12.5,13.0,12.462860120169012,14.034836398568615,15.62124220287231,13.215913445541778,13.143420607937056,13.179667026739416,0.07249283760472171,13.208664161781305,87.2980154134725,87.29779694772014,87.06261487834175,0.4934071915163399,19.984139571768438,19.85196933650542,19.825535289452816,19.587628865979383,IMG_00120.tif,12.61,telemed_644,14.034836398568615
1,3.0,24.44536066798713,24.451827160959787,25.672524088842906,25.674983073562235,26.941070876963696,26.941397361623572,1.146392341723589,1.343177858940198,-1.8184580319217383,0.7929830939643948,26.0,10.248011831267718,10.505414356455399,10.272017904678393,10.272017904678393,126.55769068979879,118.88747576991551,118.88747576991551,26.0,-1.0,8.5,26.0,10.583998132339389,10.561316849215416,10.244070071706574,11.56270771059711,9.49386341929267,10.52828556494489,2.0688442913044396,11.355823281466664,134.25045915518805,133.8192030125722,121.98927570141495,0.7519698317950315,24.55722971186889,24.53079566481628,24.477927570711078,24.50436161776368,IMG_00121.tif,12.61,telemed_644,10.561316849215416
1,3.0,24.429820264059437,24.43636357150881,25.669277035138784,25.671705663967355,26.948239086615377,26.948531023253654,1.1544065114543642,1.3577609402904798,-1.7847092811542224,0.7881234770326994,25.0,10.34909701347894,10.546352981370152,10.34909701347894,10.34909701347894,126.13192437223908,118.56248030192155,118.56248030192155,25.0,-1.0,8.5,25.0,10.614210867414272,10.612193586626859,10.113034864270276,11.695082693525826,9.514488429863523,10.604785561694674,2.180594263662304,11.477023267159597,133.24987211389927,132.7810959545838,120.55140915540586,0.7259705798664784,24.55722971186889,24.50436161776368,24.45149352365847,24.50436161776368,IMG_00122.tif,12.61,telemed_644,10.612193586626859
1,3.0,24.440587160346148,24.447163570360168,25.67480983384806,25.677199338589407,26.95726135449323,26.95753200367076,1.155945699385158,1.354422733925432,-1.7935237291714916,0.7816658169129915,26.0,10.22532252660082,10.558646089065954,10.344128816206194,10.344128816206194,126.36639796027406,118.71143774885961,118.71143774885961,26.0,-1.0,8.5,26.0,10.645460841255726,10.625562244488435,10.33449403443069,11.725182670849122,9.482274688427596,10.60372867963836,2.242907982421527,11.50089187260697,133.3493261049563,132.85282243298732,120.29935674519248,0.7518012879865547,24.55722971186889,24.55722971186889,24.477927570711078,24.50436161776368,IMG_00123.tif,12.61,telemed_644,10.625562244488435
1,3.0,24.444284422450036,24.45086699427583,25.67765489506787,25.680101604314164,26.95365095332348,26.953947437984155,1.1555738716783703,1.347506572029952,-1.81065961673235,0.7909224285876413,26.0,10.282853093992458,10.520235096627971,10.309312253911855,10.309312253911855,126.19805565808849,119.13227300578411,119.13227300578411,26.0,-1.0,8.5,26.0,10.640589244116995,8.857854930511508,10.304294069809202,11.584920217236109,9.551591829873876,10.568256023554992,2.033328387362232,11.381587378499885,133.7255393841684,133.31378641992112,121.75398382236288,0.7512297858016906,24.55722971186889,24.55722971186889,24.477927570711078,24.50436161776368,IMG_00124.tif,12.61,telemed_644,8.857854930511508
1,3.0,24.442184184045257,24.448768065952542,25.674466279163124,25.676856041457757,26.95999822569145,26.960270751590556,1.1582524267402756,1.3532502588977384,-1.8111790470464455,0.7817131681857704,26.0,10.454741093762777,10.547511807655496,10.61332457031105,10.296157617214504,124.12116417985746,119.1811117386546,119.1811117386546,26.0,-1.0,8.5,26.0,10.609038618909722,10.612890501222182,10.291871665813119,11.45320138171577,9.712517070395538,10.582859226055655,1.740684311320232,11.279132950583747,133.42052765150535,133.12049381034677,123.12463746356394,0.7545949694936732,24.55722971186889,24.50436161776368,24.477927570711078,24.50436161776368,IMG_00125.tif,12.61,telemed_644,10.612890501222182
1,3.0,19.984809836736755,19.984975891343684,21.083772254259376,21.083881019572885,22.189498303528975,22.189540784713568,0.9805301897686697,1.2240347036012122,-3.312068647673913,-0.1840381023688565,15.0,11.792925919727907,11.61000703658151,11.496380145094975,11.496380145094975,88.72682095827584,88.72682095827584,88.72682095827584,15.0,-1.0,10.5,15.0,11.34766170092098,12.466180305527587,12.695473563248356,11.878305688518932,11.917010245410056,11.897657966964493,-0.03870455689112495,11.882176144208044,96.89801751153306,96.89793255438467,97.05352609599896,0.5616796898311303,20.06344171292625,19.93127147766323,19.904837430610627,19.42902458366376,IMG_00126.tif,12.61,telemed_644,13.535417028885888
1,3.0,19.988744094479003,19.988907297870142,21.09044000572236,21.09054547248534,22.198663246997736,22.198709767372726,0.9897163927259852,1.2200860767765982,-3.2996455595431606,-0.18119729644129545,15.0,11.742185355202594,11.656315220209223,11.641692788049681,11.641692788049681,88.08526875694417,88.08526875694417,88.08526875694417,15.0,-1.0,10.5,15.0,11.307926257711642,12.508815106670113,12.602260873564433,11.727652502922876,12.158119123722482,11.942885813322679,-0.4304666207996062,11.770699165002837,96.56520189395833,96.55480796927951,98.30134090847196,0.5598095354795181,20.037007665873645,19.93127147766323,19.878403383558023,19.34972244250595,IMG_00127.tif,12.61,telemed_644,13.5373467154551
1,3.0,19.981022166576622,19.981213963820885,21.091686548311692,21.09182326302988,22.21272838739878,22.212807781789316,1.0131795386661515,1.2184142793022763,-3.294835613554986,-0.2062948749738527,15.0,11.965536519451376,11.669803402470468,11.712323872482699,11.712323872482699,88.45010162227213,88.45010162227213,88.45010162227213,15.0,-1.0,10.5,15.0,11.245370015078265,12.60281360390809,12.44134132674219,11.766802226810555,12.143090238322324,11.954946232566439,-0.3762880115117701,11.804431027961732,96.42933042193621,96.42141565844639,97.94087679892641,0.5568735378183987,20.037007665873645,19.904837430610627,19.878403383558023,19.34972244250595,IMG_00128.tif,12.61,telemed_644,13.523508275887707
1,3.0,19.969173994793145,19.969378163227745,21.083061935734104,21.083222215289723,22.192801037259382,22.192897673185655,1.0042104137651964,1.219309096192714,-3.3055839744528743,-0.2234130189143027,14.0,11.828189952210067,11.886207063291566,11.747721665262588,11.747721665262588,86.90691486273522,85.73816754258587,85.73816754258587,14.0,-1.0,10.5,14.0,11.243989592810749,12.563677156949439,12.317271979572581,11.513722951034508,13.090304326035898,12.302013638535204,-1.5765813750013906,11.671381088534647,93.81416220058654,93.68642841208809,100.00505956891561,0.5193645557533877,20.037007665873645,19.878403383558023,19.878403383558023,19.34972244250595,IMG_00129.tif,12.61,telemed_644,13.568826621051812
1,3.0,19.964666059059425,19.96486547720897,21.08112689027438,21.08130172389695,22.203236519552213,22.20337235232074,1.0148681671156563,1.2236387079961144,-3.2859207224580205,-0.23334671774364243,14.0,12.03570249697087,11.913603478145877,12.00462579844853,12.00462579844853,85.74031356447429,85.9845035276653,85.9845035276653,14.0,-1.0,10.5,14.0,11.205424415853713,12.553194005464889,12.473751947843198,11.581968613117954,13.025189876865706,12.30357924499183,-1.443221263747752,11.726290739492729,93.7606235202529,93.65369314198907,99.40148023985054,0.5195263399178796,20.037007665873645,19.878403383558023,19.85196933650542,19.34972244250595,IMG_00130.tif,12.61,telemed_644,13.529528230315236
1,2.0,27.95402854725673,27.954864539722724,28.994276915904155,28.995643162116977,30.064535605923332,30.06550270979096,1.0286956892587937,1.0819424808094396,-2.918082380519659,0.5562082776817666,16.0,12.425362029452515,12.555321135127745,13.024506375858579,13.526196555932756,117.87356363096615,116.40307284924705,109.62337082753542,16.0,-1.0,11.5,16.0,14.391316559637431,14.391316559637431,12.91799224974227,17.82565704734133,8.403966521111299,13.114811784226315,9.421690526230032,16.88348799471833,128.88305200356572,123.17397023407922,91.29885180771167,0.6255705119444533,27.861485593444357,27.887919640496964,27.967221781654775,27.993655828707375,IMG_00131.tif,12.61,telemed_644,
1,2.0,27.96055685227677,27.96142695053649,28.999184943708602,29.000634500046388,30.075252587858223,30.076219340414156,1.0275526804628505,1.0872397094148079,-2.95721376005493,0.5728662526260151,16.0,12.36901491369008,12.48053115902355,13.009243521385372,13.485179127067,117.77085747680114,116.35889702228096,109.75122574758747,16.0,-1.0,11.5,16.0,14.417120334496758,14.417120334496758,12.829387382499874,17.99858007914377,8.189710537945022,13.094145308544398,9.808869541198751,17.017693125023897,129.66007926447895,123.39363491863814,90.47133564789235,0.6240585839991124,27.861485593444357,27.887919640496964,27.967221781654775,27.993655828707375,IMG_00132.tif,12.61,telemed_644,
1,2.0,27.957803647700334,27.958640650773237,29.000426338385818,29.001876740229275,30.0771934138874,30.078191758169112,1.0319611387085905,1.0875899686872892,-2.96377663783974,0.5730210294154073,16.0,12.572833072831031,12.557008643600653,13.02378644718874,13.485864583396364,117.6118566036694,116.05828083397363,109.60978992450033,16.0,-1.0,11.5,16.0,14.582755331277866,14.407428801758613,12.876831827864294,18.187151363953745,8.220552598969812,13.203851981461778,9.966598764983932,17.19049148745535,128.69280779692062,122.3744438781,89.55578713332423,0.6243610711078094,27.861485593444357,27.887919640496964,27.967221781654775,27.993655828707375,IMG_00133.tif,12.61,telemed_644,
1,2.0,27.9675436414875,27.968374107137958,28.997275567981447,28.998694269583474,30.06045253450611,30.0613843722431,1.0165383982945089,1.0764718668106357,-2.9524540835366393,0.5667554548569957,16.0,12.613238887269063,12.574589350736886,12.991907862749656,13.54049177748638,117.8978305529669,116.45179461741213,109.33427481445189,16.0,-1.0,11.5,16.0,15.437759181316125,14.526324333906047,12.896894382296637,18.52752901875642,7.9717347758522115,13.249631897304315,10.55579424290421,17.471949594466,129.0972430610572,122.00156094591334,87.99729165013272,0.6204706763992485,27.887919640496964,27.887919640496964,27.967221781654775,27.993655828707375,IMG_00134.tif,12.61,telemed_644,
1,2.0,27.974134903811944,27.974875872445732,29.018376605330765,29.01930519365774,30.066446581911613,30.067316236738364,1.0216861178815262,1.0707542464111064,-2.9500605225326457,0.4583601926995795,17.0,12.465377635389586,12.570264110234705,13.018252353554175,13.532997062450647,119.53267394657027,116.32794000993837,109.49218507776662,17.0,-1.0,11.5,17.0,15.443379329113583,14.56991865617212,12.929668036501937,18.479416918740093,8.013886577030622,13.246651747885357,10.46553034170947,17.432863884569144,129.0247291439158,122.05631684079805,88.23846356128658,0.6194604240401683,27.914353687549564,27.914353687549564,28.02008987575998,28.072957969865186,IMG_00135.tif,12.61,telemed_644,
1,2.0,24.904045505063745,24.90424385406084,26.187900147239816,26.187984199924262,27.491162784322913,27.49125001888673,1.4241468161626731,1.1628593486632166,-3.993219403078902,0.14516519621563545,18.0,13.549101581637899,14.442527234005613,13.74371062745169,15.54442899801927,91.11409984189756,90.03410369923624,92.19409598455887,18.0,-1.0,12.5,18.0,14.921037549266828,17.725176291453238,13.752869481386426,17.66202105873394,11.38412180279921,14.523071430766578,6.277899255934733,17.03423113314047,100.8337583735954,99.2578392176523,82.0393775972212,0.637378283999213,24.980174464710547,24.874438276500136,24.874438276500136,24.742268041237114,IMG_00136.tif,12.61,telemed_644,17.725176291453238
1,2.0,24.904557000865005,24.904771288099692,26.18380214641728,26.18391114368055,27.492907636308754,27.49301239690718,1.4141743298190974,1.1740667789883923,-3.995332029036225,0.16532111226072288,19.0,13.596616327772637,14.465397895720109,14.069651734577803,15.59769265553956,91.87054818118818,90.00388136342322,90.00388136342322,19.0,-1.0,12.5,19.0,16.181758623585267,17.753236883394493,13.865519287817733,17.66297662502459,11.445704946496607,14.5543407857606,6.217271678527986,17.041249457171794,100.58636522488018,99.05168752862681,82.03715752419687,0.6375910003568874,24.980174464710547,24.874438276500136,24.874438276500136,24.742268041237114,IMG_00137.tif,12.61,telemed_644,17.753236883394493
1,2.0,24.90005886563774,24.900267980256174,26.194913578823087,26.195005029066827,27.51546166958586,27.5155247996431,1.4163400422502888,1.1989167771366411,-4.024270174046557,0.15139828205825523,18.0,13.23318327410611,14.373003804026295,13.927594206314808,15.602484438879145,95.27616770290516,91.24893709155842,91.24893709155842,18.0,-1.0,12.5,18.0,16.16804099862992,17.73177882250272,13.959754713952009,17.66362821490366,11.574592939413492,14.619110577158576,6.089035275490168,17.054724687354643,100.0542881955657,98.60404722874665,82.01901016996382,0.6414086969502864,24.980174464710547,24.874438276500136,24.874438276500136,24.742268041237114,IMG_00138.tif,12.61,telemed_644,17.73177882250272
1,2.0,24.902297272300956,24.902497427622077,26.226068218454163,26.22613797346925,27.562716557573008,27.562726012027756,1.446008606350031,1.2142199780556493,-4.074678492665367,0.13214729391690344,17.0,13.029332245082571,14.493815462288904,13.788078483128771,15.551816268024965,91.32302712715749,91.2522159041872,91.2522159041872,17.0,-1.0,12.5,17.0,16.26118598612942,17.717659800442107,13.849000370506587,17.753236834547454,11.57506086221446,14.664148848380957,6.178175972332995,17.135419237314157,99.79621457148502,98.31586067512085,81.6249379675814,0.6433795620695094,24.980174464710547,24.874438276500136,24.84800422944753,24.742268041237114,IMG_00139.tif,12.61,telemed_644,17.717659800442107
1,2.0,24.903226041418794,24.90350835261946,26.22444553879144,26.22453925280645,27.566156453760485,27.566162117374716,1.4476923110874809,1.2149614536677855,-4.083978169269874,0.1531743685465597,17.0,13.681123500397376,14.618654535865783,15.056228461011642,15.631499806910057,96.76668989248287,91.33001053126301,91.33001053126301,17.0,-1.0,12.5,17.0,16.344590052912935,17.642746069725348,13.876264397353111,17.744607471623837,11.76344156388649,14.754024517755163,5.981165907737346,17.146490880850102,99.0943841911756,97.73485664228056,81.66729991298074,0.6584159000811303,24.953740417657947,24.874438276500136,24.84800422944753,24.742268041237114,IMG_00140.tif,12.61,telemed_644,17.642746069725348
1,2.0,28.1475707355706,28.15812447009968,29.872049677476717,29.87754351621493,31.57574695330173,31.57770065552848,1.6412272625793738,1.7783489228494276,-0.9796782245672476,1.098777594755005,29.0,11.782778472325901,11.855234908845775,12.322688477122995,12.853870651267329,129.46309716079517,121.48179031227248,112.2761397200763,29.0,-1.0,10.5,29.0,14.377308985488952,14.377308985488952,11.487547565411433,17.965153979790305,8.195919162504994,13.08053657114765,9.76923481728531,16.988230498061775,130.6857822721272,124.40916717797288,91.286704909522,0.684284873755724,28.125826063970397,28.072957969865186,28.09939201691779,28.469468675654245,IMG_00141.tif,12.61,telemed_644,16.827469263327743
1,2.0,28.129150129212533,28.139449066808414,29.865526201634943,29.87087593864586,31.577969639343678,31.579886359362,1.64415466813731,1.796282624416277,-0.9297119660857369,1.0843921113581314,30.0,11.754942090381405,11.997797781311444,12.469718111575276,12.870151398679496,127.44497265012674,120.4991653316544,112.26762975544585,30.0,-1.0,11.5,30.0,14.51124677484134,14.51124677484134,12.424564579173477,18.126074085168394,8.197445571601868,13.161759828385131,9.928628513566526,17.133211233811743,129.9440784019888,123.57225434311287,90.44268816666509,0.6840846814711875,28.125826063970397,28.072957969865186,28.125826063970397,28.469468675654245,IMG_00142.tif,12.61,telemed_644,16.97950784188012
1,2.0,28.258534199504474,28.26877386220741,29.940201206288684,29.945356907132023,31.636312611908387,31.63805729280156,1.656289545136707,1.71299388545743,-1.0304049930028603,1.0632195889484863,33.0,11.445695423777863,11.661005785125143,12.336053466942587,12.680019550904206,131.87722028507912,123.81934799052196,114.64515549126916,33.0,-1.0,10.5,33.0,14.195823865791112,14.195823865791112,11.08725159550852,17.83990147628736,7.601526662886438,12.720714069586899,10.238374813400922,16.816063994947267,136.01572030061484,128.37296941790038,92.26968160817812,0.7025180109841689,28.205128205128208,28.125826063970397,28.205128205128208,28.548770816812056,IMG_00143.tif,12.61,telemed_644,16.677453689537543
1,2.0,28.293664898365,28.30371907198322,29.972051952289775,29.977123476577066,31.66080897452193,31.662543839798257,1.659867031561903,1.698957736253129,-1.062840670920751,1.0539451985570425,33.0,11.110868175679371,11.610113368750296,12.226010198994942,12.640865924941295,130.59105805297963,123.73540659484593,115.22050299937992,33.0,-1.0,10.5,33.0,14.103249973670984,14.103249973670984,10.901110454766467,18.342533822427892,7.245802833830081,12.794168328128986,11.096730988597812,17.232860723568113,136.80645964695785,127.80683496053742,89.93638563818416,0.7027058571875046,28.25799629923341,28.152260111023,28.25799629923341,28.548770816812056,IMG_00144.tif,12.61,telemed_644,16.576097296494282
1,2.0,28.31717933779464,28.327009460494974,29.979508103761194,29.984471650511246,31.651757564591758,31.653466494620584,1.6592872121442084,1.6671698219814048,-1.0929734263783286,1.0425370054565612,31.0,11.151852456948887,11.544806185434746,12.173731842620384,12.66133316143845,133.7406963682352,124.915351526049,115.15088310274066,31.0,-1.0,10.5,31.0,14.095407680921795,14.095407680921795,10.938609884537982,17.947961453184668,7.270432319050234,12.60919688611745,10.677529134134433,16.880208539771225,138.41523882907325,129.7578824831266,91.92227353995612,0.7028872511865247,28.25799629923341,28.1786941580756,28.310864393338623,28.548770816812056,IMG_00145.tif,12.61,telemed_644,16.568961300898394
1,3.0,19.118291579880317,19.15319657553706,20.23214711884451,20.2654902874108,21.34792330587693,21.380989083764128,1.113231166615051,1.1145613416120206,-0.1676772765560569,3.2871692879035774,18.0,10.724565519819933,10.844240410291894,11.100651048499287,11.303867596393161,94.59811502156893,94.05185676854767,94.05185676854767,18.0,-1.0,9.5,18.0,12.8230456474314,11.92340068085889,9.92099817901726,13.782748829116002,8.537334346995948,11.160041588055975,5.2454144821200535,13.258207380903997,100.79112580978969,98.91647249770477,80.36105120364331,0.7829561012750681,19.18578497525866,19.1183085919928,19.02834008097166,18.82591093117409,IMG_00146.tif,14.82,left_ticks_800,13.05273674231222
1,3.0,19.14727093430939,19.184041488692923,20.25266374731235,20.286182476905307,21.373332150015155,21.404121108643476,1.1524137547759965,1.0676658651745552,-0.09617567080498107,3.294132455506841,17.0,10.217051715500986,10.986853849384449,11.405752087760362,11.497934446888848,93.06945924545684,93.06945924545684,93.06945924545684,17.0,-1.0,9.5,17.0,12.157367440805615,11.419630113090761,10.081709541758642,14.220880023388478,8.436036663526407,11.328458343457442,5.78484335986207,13.64239568740227,99.8160019877846,97.618854536728,78.05719629100994,0.6629010478244381,19.208277103013945,19.163292847503374,19.02834008097166,18.82591093117409,IMG_00147.tif,14.82,left_ticks_800,
1,3.0,19.13599015677129,19.171667378980683,20.247346197783063,20.280070884992327,21.380374440822315,21.411338917647,1.1275871531788093,1.1120843854875053,-0.31662533924046504,3.255360314448616,17.0,9.922974022570259,10.65527120760729,9.98354942070597,11.29969218006633,94.38621764763022,93.32911428832857,93.32911428832857,17.0,-1.0,8.5,17.0,11.617040969449533,11.617040969449533,10.096983435082052,13.072240224235061,8.742660341554508,10.907450282894786,4.329579882680553,12.639282235967006,102.63172505972788,101.27595445683896,84.72811264705813,0.6995550615349031,19.163292847503374,19.095816464237515,19.005847953216374,18.690958164642375,IMG_00148.tif,14.82,left_ticks_800,10.03640803694634
1,3.0,19.120374241622923,19.153410647878726,20.22748896276319,20.258570590763096,21.382580173952086,21.414402639320787,1.0727810081193758,1.1882109833226837,-0.4954461272947994,3.1742465167972456,13.0,10.384130107678828,10.870870093357839,10.384130107678828,10.300921932919294,94.35132694483646,92.44998747008417,94.35132694483646,13.0,-1.0,9.5,13.0,12.838257895192783,10.494053733676537,10.410845558917003,13.603899705650083,8.869031326249265,11.236465515949675,4.734868379400818,13.130412867710001,99.74714963298631,98.26063824513024,81.40417009836435,0.5429064660804774,19.163292847503374,19.163292847503374,18.960863697705804,18.62348178137652,IMG_00149.tif,14.82,left_ticks_800,
1,3.0,19.065064342914592,19.096565755919695,20.11364893639097,20.143369080699767,21.23359703524295,21.2656983618902,1.0369762526341015,1.1321563533364034,-0.659930689621768,3.112794454602229,13.0,10.364392805226913,10.52606324106307,10.583796863294594,10.045786166406685,95.22970739205132,88.02148675015673,99.36025016677006,13.0,-1.0,9.5,13.0,11.602643924763925,10.506157111902553,10.187550473082354,12.496352276787768,9.27125734936713,10.883804813077449,3.225094927420639,12.173842784045704,101.85411025772744,101.10787184622511,88.22995594996334,0.5429279550168981,19.18578497525866,19.14080071974809,18.960863697705804,18.62348178137652,IMG_00150.tif,14.82,left_ticks_800,
1,3.0,16.760087630302447,16.767373487240196,18.167224033117638,18.173418997424534,19.591913672200953,19.597070188530257,1.240114607065679,1.5895820942243817,3.19737042498007,1.4960670306158546,19.0,12.658602366573973,12.574446673743065,12.658602366573973,13.579871698715323,79.47230260968652,79.47230260968652,77.95124115369305,19.0,-1.0,11.5,19.0,14.003589741934519,14.24142946897183,11.964100188999794,16.444823961225154,9.696802006008214,13.070812983616685,6.748021955216941,15.770021765703461,75.76324974806559,74.06143605124997,59.165858680328974,0.8568153240136829,17.094017094017094,16.91408007197481,16.59919028340081,16.39676113360324,IMG_00151.tif,14.82,left_ticks_800,14.003589741934519
1,3.0,16.757945684460502,16.765054047102492,18.168943361157883,18.17507154173937,19.596344129313348,19.601431060536754,1.2436598079881578,1.5927172054461067,3.20686370059755,1.4879130279979442,19.0,12.673130300799698,12.594571340812635,12.644509266352912,13.586116819355851,79.44247215550689,85.12243799691781,78.04191040385447,19.0,-1.0,10.5,19.0,14.026397420411882,14.295081716235671,11.976494887331,15.09121041300443,10.627178355192513,12.85919438409847,4.464032057811916,14.644807207223238,76.0129333822597,75.24861706646517,64.32344142516786,0.8571935471263968,17.094017094017094,16.91408007197481,16.59919028340081,16.39676113360324,IMG_00152.tif,14.82,left_ticks_800,14.026397420411882
1,3.0,16.75961069907285,16.76691552437715,18.16678720998378,18.172922103254233,19.590677650866887,19.595710431397805,1.238386069717649,1.5904088373030134,3.2008901369142193,1.4888158096461586,20.0,12.752672289667188,12.571786380899713,12.66653390698849,13.579019386336284,78.66513822170569,79.3987753006017,77.93150114280968,20.0,-1.0,11.5,20.0,14.030383251241062,14.28324649505683,11.984001235870096,15.65402110407339,10.970618982967553,13.312320043520472,4.683402121105838,15.185680891962807,73.4972195142628,72.73847976745418,62.071765581346504,0.8573541568035948,17.094017094017094,16.91408007197481,16.59919028340081,16.39676113360324,IMG_00153.tif,14.82,left_ticks_800,14.030383251241062
1,3.0,16.7627053945796,16.770015494936995,18.16687675749343,18.17305080970337,19.592277793027872,19.597312686832883,1.2385425088539364,1.5887546830419537,3.1838835873979767,1.4935547759389154,18.0,12.639302541498907,12.667470070141562,12.599284618340704,13.564197642651408,82.0488709128397,84.67646753935176,77.9890898812338,18.0,-1.0,11.5,18.0,13.970783034347392,14.215629173988305,11.919644486277036,15.63622445305861,10.16503903518371,12.90063174412116,5.471185417874898,15.089105911271119,76.18216765117985,75.03420526371544,62.1536803966172,0.8581984055844432,17.094017094017094,16.91408007197481,16.59919028340081,16.39676113360324,IMG_00154.tif,14.82,left_ticks_800,13.970783034347392
1,3.0,16.7585416095598,16.765816304974503,18.164459772555837,18.170633143526587,19.586874910826964,19.59199035794198,1.2351831700910763,1.5909908828763997,3.1912969715668544,1.4935717284538073,19.0,12.743424101645502,12.593369084273505,12.628258159070185,13.570827641099527,79.06870073105839,85.15411331074763,77.94478525878284,19.0,-1.0,11.5,19.0,14.022796969588228,14.331662228128693,11.965547783045906,15.7020088484899,10.222913326278068,12.962461087383984,5.479095522211831,15.154099296268715,75.79658058286381,74.66220780720163,61.88307158850117,0.8570514955912514,17.094017094017094,16.91408007197481,16.59919028340081,16.39676113360324,IMG_00155.tif,14.82,left_ticks_800,14.022796969588228
1,3.0,18.767979116815336,18.80023322021878,19.829595431490652,19.860847015487213,20.925451935120225,20.954961499549913,0.9896169912185183,1.1651112881126162,0.039830286719021904,3.2146354433205295,7.0,11.572409975557747,12.014163203500884,11.982384799062345,11.982384799062345,92.47685064809863,84.99973873896327,84.99973873896327,7.0,-1.0,9.5,7.0,15.004513861274404,15.004513861274404,11.585933528787564,15.629200584119888,9.803321290198198,12.716260937159042,5.825879293921689,15.046612654727719,86.90175112093911,85.37001823656169,69.75191589681928,0.6112236213065374,18.82591093117409,18.73594242015295,18.55600539811066,18.218623481781375,IMG_00156.tif,14.82,left_ticks_800,15.004513861274404
1,3.0,18.770312274349433,18.802344868325022,19.828560570999226,19.85938944230721,20.920284308075544,20.949070417933893,0.9925108194441049,1.154214730164763,0.038306369780236146,3.1929321815375156,8.0,11.836719875791005,12.142110139825494,12.133171555834707,12.133171555834707,87.69075235971518,83.48167229446076,83.48167229446076,8.0,-1.0,10.5,8.0,15.17895145424697,15.17895145424697,11.66331222140741,15.937177532500451,9.437242234104582,12.687209883302517,6.499935298395869,15.287184002660865,87.50573565309664,85.569721731908,68.4438933513658,0.6119959069057094,18.82591093117409,18.75843454790823,18.578497525865945,18.218623481781375,IMG_00157.tif,14.82,left_ticks_800,15.17895145424697
1,3.0,18.76613223236338,18.79804724405698,19.82133397807964,19.851876923816565,20.90514578159868,20.933658543404597,0.9921864388363603,1.1434248605112585,0.018279346239486516,3.1786887211744803,8.0,11.829255466604096,12.209255191039638,12.12893149321144,12.12893149321144,87.81411918132471,83.55246886931636,83.55246886931636,8.0,-1.0,9.5,8.0,15.259731757488055,15.259731757488055,11.637415883964593,16.08428814797672,9.208231999632307,12.646260073804516,6.876056148344416,15.396682533142283,88.02238655328372,85.82358216350269,67.8194296356332,0.6098753088570855,18.87089518668466,18.780926675663515,18.600989653621234,18.286099865047234,IMG_00158.tif,14.82,left_ticks_800,15.259731757488055
1,3.0,18.76537156497076,18.797143695434578,19.814198764633694,19.84468970760543,20.894853030307477,20.923319588323242,0.9877221870279614,1.1384537058607007,0.007205170703742414,3.176556061925074,8.0,11.897311082721686,12.308473493855853,12.125407181636348,12.125407181636348,87.26419112485614,83.53585169045311,83.53585169045311,8.0,-1.0,10.5,8.0,15.334256354099466,15.334256354099466,11.783050604739401,15.967271147267876,9.922729351593414,12.945000249430645,6.044541795674463,15.362816967700432,85.43662322671992,83.87187781078848,68.30031388844858,0.6118924559988952,18.848403058929375,18.75843454790823,18.578497525865945,18.218623481781375,IMG_00159.tif,14.82,left_ticks_800,15.334256354099466
1,3.0,18.761075890418194,18.792759360239526,19.820798415817762,19.85120296780592,20.910655669530748,20.939077620143387,0.9913693102667722,1.1549489496370848,-0.023048137343020553,3.1715310413232456,9.0,11.608933478307819,12.20227817010641,12.065602479718791,12.065602479718791,84.97536979057293,83.74617707120096,83.74617707120096,9.0,-1.0,10.5,9.0,15.25165955365614,15.25165955365614,11.74457212195432,16.02321820295749,9.37414241437187,12.698680308664681,6.6490757885856215,15.358310624098928,87.47477097007791,85.4516081655411,68.05240269323589,0.6141000484337242,18.82591093117409,18.75843454790823,18.578497525865945,18.218623481781375,IMG_00160.tif,14.82,left_ticks_800,15.25165955365614
1,3.0,16.53105429666703,16.537876074244583,17.930744743613705,17.937626487565595,19.343246469379597,19.350584742793835,1.2892489597592796,1.5234597087899748,3.992858129804998,1.5871511297674314,10.0,12.39996908380266,12.618937576789918,12.36759105719031,12.36759105719031,88.71673912244916,86.0357866883558,88.37390019703392,10.0,-1.0,11.5,10.0,13.687469993017089,12.915102315140757,12.204815734465,16.161046743922284,8.689246760261303,12.425146752091793,7.47179998366098,15.413866745556184,79.20639786149971,76.77399939937939,59.34866079088562,0.4983039011407135,16.689158794421953,16.531713900134953,16.374269005847953,16.194331983805668,IMG_00161.tif,14.82,left_ticks_800,13.687469993017089
1,3.0,16.52505744475687,16.532007580823638,17.930872891440007,17.937735770766665,19.348432255737965,19.355618812340463,1.2923812110323267,1.5312300204845004,3.9699263970557546,1.5849692753683964,11.0,12.434623751954774,12.611958033594064,12.343048748810844,12.343048748810844,87.91436919740426,85.97090795307753,87.91436919740426,11.0,-1.0,11.5,11.0,13.68560578668587,14.620573183939769,12.194747040197115,16.092534241020047,8.726609279736877,12.409571760378462,7.365924961283168,15.355941744891728,79.20976601044337,76.84133289068141,59.57328290649594,0.5010093072436199,16.689158794421953,16.531713900134953,16.374269005847953,16.194331983805668,IMG_00162.tif,14.82,left_ticks_800,13.68560578668587
1,3.0,16.522573059408483,16.529538509036524,17.92384101398932,17.930815392506386,19.342692144803582,19.34989157566549,1.2846497640618966,1.5357033025670732,3.9599595183111784,1.59810181786624,10.0,12.3939555910288,12.59167301255184,12.351845089015427,12.351845089015427,88.39518583874198,85.88134648364944,88.02153955300089,10.0,-1.0,11.5,10.0,13.649736106484283,12.905824046269402,12.191539056275587,16.144555877820977,8.620835413239522,12.38269564553025,7.523720464581455,15.392183831362832,79.4882382875416,76.99464255069127,59.37803277534274,0.5002785886401371,16.689158794421953,16.531713900134953,16.374269005847953,16.194331983805668,IMG_00163.tif,14.82,left_ticks_800,13.649736106484283
1,3.0,16.53208851750947,16.538989963632552,17.93135598408789,17.938035692382257,19.33190800722931,19.33891185643729,1.28423601209156,1.515685880713178,3.9794768807526433,1.5636603166059684,10.0,12.379014563428058,12.600285547985273,12.356282831551198,12.356282831551198,88.22544329714198,86.08332986344068,87.98959386989496,10.0,-1.0,11.5,10.0,13.628836917373519,12.958329035587212,12.174713186749386,16.129407807469406,8.615463313965884,12.372435560717646,7.513944493503523,15.378013358119055,79.59647868551646,77.1018728179038,59.46654243576677,0.4991058000006091,16.689158794421953,16.531713900134953,16.374269005847953,16.194331983805668,IMG_00164.tif,14.82,left_ticks_800,13.628836917373519
1,3.0,16.557727433098385,16.56383830496054,17.944443718991938,17.950701317121364,19.332513217729314,19.339427296312934,1.2566983319644691,1.5188906593879277,3.985077949944621,1.5129109678176325,11.0,12.434365352493359,12.641864088145935,12.40062557744605,12.40062557744605,88.5547241989118,86.31419770965533,88.5547241989118,11.0,-1.0,11.5,11.0,13.675775839266862,14.47090402138977,12.232005734299833,16.2036759231734,8.574286464076131,12.388981193624765,7.6293894590972675,15.440736977263672,79.68860552797489,77.11875032375126,59.29214736493229,0.4971545289855357,16.734143049932523,16.55420602789024,16.39676113360324,16.194331983805668,IMG_00165.tif,14.82,left_ticks_800,13.675775839266862
1,2.0,22.27089966147049,22.388927811079075,23.80764791521271,23.91919567043771,25.383997378636263,25.492785974811554,1.5055406108880645,1.5983175528444111,1.997072098498613,5.535587054699673,24.0,12.276950137233001,12.057968219779001,12.071159776761931,13.150782495349517,89.35094789724403,89.72209396235031,82.1843121578691,24.0,-1.0,9.5,24.0,13.858406121361156,15.420401354473313,9.6448541499891,18.607535795652982,7.268089680811889,12.937812738232436,11.339446114841094,17.473591184168875,106.90678389359381,99.71731413864761,69.96918674162832,0.7473702480908312,22.514619883040936,22.199730094466936,22.312190733243366,22.06477732793522,IMG_00166.tif,14.82,left_ticks_800,15.420401354473313
1,2.0,22.226563063436473,22.344334333896295,23.78550207983139,23.89392032129159,25.358313128998653,25.462670792883525,1.526076968860262,1.5922594901269667,1.8228450997764092,5.4602114054016315,25.0,11.871997823428643,11.696062012138567,11.871997823428643,12.933863501420461,89.77551268248082,89.77551268248082,82.1997319530605,25.0,-1.0,9.5,25.0,13.825017906703295,15.499634252708177,9.719828461159977,18.367205847036495,7.68439133334952,13.025798590193007,10.682814513686974,17.298924395667797,104.99254568093203,98.85741445330764,70.71099084253302,0.8217171470402627,22.44714349977508,22.109761583445795,22.22222222222222,21.929824561403507,IMG_00167.tif,14.82,left_ticks_800,15.499634252708177
1,2.0,22.146109687060434,22.262793469260057,23.708325047457507,23.818175781136766,25.26393826666356,25.37228203384385,1.4951982787769502,1.6142902858068398,1.8785883894426785,5.504931513070312,28.0,12.147034488493716,11.954359740181717,12.07756840491075,12.07756840491075,90.16945976928227,87.8090976428957,87.8090976428957,28.0,-1.0,11.5,28.0,14.16693841876861,15.736949149602168,10.500638873256776,18.399314153028214,8.312305645995442,13.35580989951183,10.087008507032772,17.390613302324937,101.06133353177637,96.0946496430459,70.32630117020749,0.7948364962179595,22.33468286099865,22.06477732793522,22.199730094466936,21.86234817813765,IMG_00168.tif,14.82,left_ticks_800,15.736949149602168
1,2.0,22.11056805684242,22.22597156618149,23.67826219786594,23.785644785697627,25.243840764434008,25.350656486517963,1.5098535378913749,1.614831382445098,1.7777868182444536,5.446413654296913,25.0,11.956978238603341,11.695815476068756,11.956978238603341,8.952903616469627,93.04044097435796,93.04044097435796,119.34257005578642,25.0,-1.0,9.5,25.0,13.986237271788582,16.151010478333603,9.943375017365554,17.64015133686123,7.937538905396098,12.788845121128665,9.702612431465134,16.66989009371472,105.35423447388301,100.12380828819667,73.13698563096781,0.7899193965240344,22.33468286099865,22.06477732793522,22.17723796671165,21.86234817813765,IMG_00169.tif,14.82,left_ticks_800,16.151010478333603
1,2.0,22.087438555541077,22.20166706833296,23.63512083881588,23.737861863471586,25.20677136692366,25.30304400366854,1.5236489021493205,1.5777280331862606,1.5384792118831587,5.332680236758122,24.0,12.435413638695223,11.582970171208553,12.397470946826076,8.636047433810859,86.83446821247955,90.15116957778162,121.91606587654957,24.0,-1.0,12.5,24.0,14.301944943961473,15.891878293442716,9.591311718801649,17.684425321131677,7.233718399800786,12.459071860466231,10.45070692133089,16.639354628998586,109.34232684780119,102.6379715519754,72.89409658181968,0.7835743961843409,22.312190733243366,22.06477732793522,22.109761583445795,21.86234817813765,IMG_00170.tif,14.82,left_ticks_800,15.916505377966985
1,2.0,25.379596651187263,25.417226966675862,26.870136369865538,26.913361083874506,28.437769907282863,28.49030531454305,1.8594459665133964,1.2136323813537893,-0.22298441676850544,3.2477146780441055,22.0,10.996742042203294,11.615409648874161,13.347400557676082,13.347400557676082,109.86241358939293,98.65828937308986,94.84522534157776,22.0,-1.0,11.5,22.0,14.214925190588588,14.527424957279976,8.791857753839565,18.294379130616083,3.629201696095555,10.961790413355818,14.665177434520526,16.82786138716403,161.46470967510558,133.61424368176714,80.94100528078582,0.7868985762446729,25.641025641025642,25.461088618983354,25.371120107962213,25.236167341430498,IMG_00171.tif,14.82,left_ticks_800,13.749869107305585
1,2.0,25.382413580547123,25.419913701866744,26.873037120669796,26.916294165210413,28.41978719960873,28.470474568262702,1.8357619506732135,1.2147989157227417,-0.2265334081507328,3.248752292382671,22.0,11.119556902853773,11.671778349779181,13.350241499066811,13.350241499066811,109.35066562156138,100.33681087939061,94.82225064957613,22.0,-1.0,11.5,22.0,14.474623996191212,14.474623996191212,8.888326629802236,18.984227630548705,3.4880788068362607,11.236153218692483,15.496148823712444,17.43461274817746,160.10731685683857,130.4058915828874,78.11067570917893,0.7869435437198958,25.641025641025642,25.483580746738642,25.371120107962213,25.236167341430498,IMG_00172.tif,14.82,left_ticks_800,13.708769094174215
1,2.0,25.385779066782312,25.423146960642768,26.87897003229638,26.922022787786602,28.44632693988435,28.498918605754938,1.858636397587909,1.2171352475242583,-0.23684060198630597,3.2407248214793465,22.0,10.99954027814151,11.59200353431256,13.336301069571249,13.336301069571249,110.33016429931158,100.43132953728788,94.87599546556976,22.0,-1.0,11.5,22.0,14.485020609499259,14.485020609499259,8.875170389220216,19.019450425158166,3.3691207180930998,11.194285571625633,15.650329707065067,17.45441745445166,161.9651436188395,130.90416935087177,77.98136844723895,0.7853656404791491,25.641025641025642,25.483580746738642,25.348627980206928,25.236167341430498,IMG_00173.tif,14.82,left_ticks_800,13.76805010408873
1,2.0,25.388009598792753,25.425356950868476,26.88359699152154,26.926603087339068,28.453285770019818,28.50595093449049,1.8651254270706743,1.2154685565513368,-0.2358386065295372,3.238692198191011,23.0,11.078854796447786,11.580277164125334,13.255187756207079,13.499670242782855,108.59220638342241,98.75298153820282,88.78858445335754,23.0,-1.0,11.5,23.0,14.466474839572697,14.576846470836529,8.777647412862507,18.301236798023382,3.5706861643881105,10.935961481205748,14.730550633635273,16.828181734659857,162.44921393022824,133.96921458969666,80.93784419553693,0.7844741881373529,25.618533513270357,25.483580746738642,25.348627980206928,25.236167341430498,IMG_00174.tif,14.82,left_ticks_800,13.815493576998279
1,2.0,25.39472064631406,25.432141808733398,26.88899346125424,26.931871999666907,28.45694615482868,28.509866278429033,1.865870905961823,1.2118535637338137,-0.23812114709569782,3.233567887935123,23.0,11.076461269971986,11.649462965163735,13.27611805837978,13.38458442344725,108.62288956763275,98.83238686380753,88.82980378073154,23.0,-1.0,11.5,23.0,14.458871344393117,14.469997007378026,8.631875615852664,18.877205021584142,3.4403159787666477,11.158760500175395,15.436889042817494,17.33351611730239,161.56023611458866,131.3623524088097,78.57528335092935,0.7837837277451752,25.641025641025642,25.483580746738642,25.393612235717498,25.236167341430498,IMG_00175.tif,14.82,left_ticks_800,13.698113100665239
1,2.0,22.316972188214148,22.321748311134808,23.787566840532513,23.792531519045305,25.250885498563395,25.255346051665114,1.7098916253608984,1.2237061151694064,-3.8141815231686547,1.170497313504507,9.0,12.728594927768768,12.91739318972181,12.728594927768768,13.575344323134004,83.97416127924998,83.97416127924998,80.87732562383633,9.0,-1.0,11.5,9.0,14.064311461456043,14.064311461456043,13.217562066090807,13.901710402145007,13.025868003897207,13.463789203021106,0.8758423982477987,13.814126162320226,95.88796722499444,95.8544056978545,92.8915882856922,0.400894775632146,22.559604138551506,22.357174988753936,22.17723796671165,21.997300944669366,IMG_00176.tif,14.82,left_ticks_800,
1,2.0,22.321293229901958,22.32589816913402,23.788102953744946,23.7930260446939,25.251944868914194,25.256357008377403,1.702950555257216,1.2275082839861688,-3.821192372274378,1.1655722749001811,9.0,12.706221998478497,12.815268422420194,12.706221998478497,12.706221998478497,83.44836007148444,83.44836007148444,84.70749075164578,9.0,-1.0,11.5,9.0,13.955993796656685,13.955993796656685,13.180655181821407,13.742529865766649,13.064845099477958,13.403687482622303,0.6776847662886898,13.67476138913778,96.31387030764748,96.29350734420056,93.96328358195514,0.40322661587958125,22.559604138551506,22.357174988753936,22.17723796671165,21.997300944669366,IMG_00177.tif,14.82,left_ticks_800,
1,2.0,22.30930586489201,22.314252522274604,23.785160096410042,23.790149393116888,25.24876789350208,25.25324238666588,1.7077503556303089,1.231239508760971,-3.82155335472475,1.1734546270701633,9.0,12.772049603031462,12.788536554307955,12.772049603031462,12.772049603031462,83.61895209671138,83.61895209671138,84.6250282104907,9.0,-1.0,11.5,9.0,13.924415466026858,13.924415466026858,13.259181373137949,13.647666551088442,13.223059698446578,13.435363124767509,0.42460685264186304,13.605205865824255,96.02933151215326,96.02139991805335,94.55539023751773,0.40417747862750975,22.559604138551506,22.357174988753936,22.17723796671165,21.997300944669366,IMG_00178.tif,14.82,left_ticks_800,
1,2.0,22.320782940810346,22.325536410510985,23.794352380928576,23.79923049628647,25.25220922436993,25.25659753652397,1.7056785933816019,1.2253825326313779,-3.8142794009436485,1.1600844999917619,9.0,12.658921673038634,12.714300676542774,12.658921673038634,12.658921673038634,84.81511781470833,84.81511781470833,84.83404412252285,9.0,-1.0,11.5,9.0,13.719291700264307,13.719291700264307,13.155872423741357,13.3024458877988,13.396551684678386,13.349498786238593,-0.09410579687958498,13.31185646748676,96.6768378539911,96.67644054568177,97.01220159570234,0.4060360449279885,22.559604138551506,22.357174988753936,22.199730094466936,21.997300944669366,IMG_00179.tif,14.82,left_ticks_800,
1,2.0,22.31751897610148,22.322028094736375,23.788786446693244,23.793579431747563,25.24745371444742,25.251858523506613,1.7115352834544268,1.218295145315812,-3.827345486289266,1.1500535630497113,9.0,12.790781796447106,12.751267859347015,12.790781796447106,12.790781796447106,85.20052709932143,85.20052709932143,85.20052709932143,9.0,-1.0,11.5,9.0,13.784815267032627,13.784815267032627,13.27500369747088,13.273237369760711,13.441457716752195,13.357347543256454,-0.16822034699148336,13.29005940445986,96.60585019448371,96.6045830645595,97.20565457509505,0.40875335425843884,22.53711201079622,22.357174988753936,22.22222222222222,21.997300944669366,IMG_00180.tif,14.82,left_ticks_800,
1,2.0,26.985583864672574,27.012765227190215,28.46215770223567,28.484779732950717,29.94241533412429,29.960810259098817,1.7057036395135807,1.2423413923950188,-1.4929602058003404,2.2836299903502906,17.0,12.419906439888791,12.600813855582384,12.868347127489983,14.061012339198726,105.54801013365189,103.07749763379451,96.76606465572895,17.0,-1.0,11.5,17.0,14.32924084492413,14.32924084492413,13.136575633215386,12.49273384083656,13.2701562263194,12.88144503357798,-0.7774223854828408,12.570476079384845,121.1972848220385,121.1607466140173,124.86791211170028,0.6760214672437441,27.125506072874494,26.968061178587494,26.810616284300494,26.51821862348178,IMG_00181.tif,14.82,left_ticks_800,10.656549304303667
1,2.0,26.981840798904315,27.00889550183881,28.459779250766683,28.482312194674623,29.94040617181622,29.958702754920523,1.7076912480969924,1.2421160049847213,-1.4980936119845019,2.279227165944642,16.0,12.77685196795224,12.62333516081803,12.77902251085925,12.77902251085925,103.75576626748844,101.62076363861398,101.62076363861398,16.0,-1.0,11.5,16.0,14.14225882675538,14.14225882675538,13.045208356930516,12.399194413807193,13.410191552108516,12.904692982957854,-1.0109971383013234,12.500294127637325,120.99042141817627,120.92894825627255,125.77708680529047,0.5220572511825692,27.125506072874494,26.968061178587494,26.810616284300494,26.51821862348178,IMG_00182.tif,14.82,left_ticks_800,
1,2.0,26.985625063291483,27.012692816453065,28.45984231609278,28.482330858505943,29.940928919229435,29.95919204900596,1.701262837002867,1.2452363955500254,-1.4917693394432416,2.276979391386381,16.0,12.858408758092366,12.518482964649083,12.943455784739768,12.773361731444965,104.53306546497961,101.69449333068764,101.69449333068764,16.0,-1.0,11.5,16.0,13.942836053382564,13.942836053382564,13.03503412391558,12.16830876147454,13.418448803385042,12.79337878242979,-1.2501400419105018,12.29332276566559,122.07707368937619,121.98054145779876,128.14464875967099,0.5216543185725672,27.14799820062978,26.968061178587494,26.810616284300494,26.51821862348178,IMG_00183.tif,14.82,left_ticks_800,
1,2.0,26.979823617916292,27.00693276841453,28.453744715882575,28.47631570123858,29.93751080660664,29.955975516141184,1.7046352136984488,1.2444075340282028,-1.5270979574678143,2.281390771054106,16.0,12.809514629276137,12.484288120360732,12.813215615209998,13.349248674952946,104.32092261626758,102.1734653196971,96.72121841255644,16.0,-1.0,11.5,16.0,13.643384096794591,13.643384096794591,13.099949065183921,11.84336199611378,13.75232136054277,12.797841678328275,-1.9089593644289895,12.03425793255668,122.1379537032718,121.91271973726295,131.58020555298714,0.5197008786782886,27.14799820062978,26.968061178587494,26.810616284300494,26.51821862348178,IMG_00184.tif,14.82,left_ticks_800,
1,2.0,26.968691418283928,26.996166766064817,28.451033177684568,28.473716455889917,29.943058162699057,29.961536671684676,1.7144700494538936,1.250899856165963,-1.5558537394513496,2.2871639519025324,17.0,12.891973941370566,12.441767943625173,12.891973941370566,12.789923039473024,104.7524716938643,103.01342762957535,103.01342762957535,17.0,-1.0,11.5,17.0,13.34590457528492,13.34590457528492,13.081931214714814,11.665707059049788,13.832305913712153,12.74900648638097,-2.1665988546623645,11.882366944516026,122.61696743012295,122.32331024621347,133.50255102557807,0.5202815749879284,27.125506072874494,26.968061178587494,26.78812415654521,26.51821862348178,IMG_00185.tif,14.82,left_ticks_800,
1,2.0,25.679234571632055,25.84676425902162,26.77355680300479,26.939023403510404,27.96832984680175,28.131040841740273,0.9767180434012971,1.3075585393173588,0.48213278752782646,6.3536666483614574,23.0,8.588936895406675,7.7107360963676355,7.45645461513331,7.427923875263673,153.1189204226497,189.83907866628067,194.22407112212812,23.0,-1.0,6.5,23.0,10.699607491549386,12.386937029934359,6.988029118876227,15.347720723941102,2.9380231465014885,9.142871935221294,12.409697577439612,14.10675096619714,197.6299091119308,162.39656009091192,97.49381240508468,0.627683147564593,25.588837999479555,25.83530628575371,25.946573089960907,26.195238876872818,IMG_00186.tif,14.82,left_ticks_800,
1,2.0,25.646068944329578,25.812801398980138,26.84383046179673,27.01028560891584,28.092862955732432,28.257756818214244,0.9809691836553888,1.4639862355787134,0.7052872509035333,6.364216466493856,21.0,8.412307871145089,7.938137691890873,7.69510509467932,7.651046813112345,155.06974549774856,192.50857802254086,197.266742659778,21.0,-1.0,6.5,21.0,9.63520928597103,12.331006687409797,6.850206223126236,15.048801689098465,2.873123333697512,8.960962511397987,12.175678355400953,13.83123385355837,201.33655553233828,165.4600232964849,99.26102380460101,0.5847204013974989,25.57071723732661,25.79777661991075,25.91293802293723,26.162149696073282,IMG_00187.tif,14.82,left_ticks_800,
1,2.0,25.806090638867193,25.97432827399169,26.7047587122543,26.87023183229694,27.638470878371923,27.799992277439497,0.9868014162497525,0.8388625871980565,0.3745018007368993,6.361928403099045,21.0,7.945915074049708,7.576732358976353,7.325946597499211,7.304233613069044,151.41648475462188,187.0009347424949,191.07339106963042,21.0,-1.0,6.5,21.0,10.796042556944997,12.5279397625564,7.164611449597146,15.369607492200815,3.226058321159771,9.297832906680293,12.143549171041045,14.15525257509671,191.77796329687635,160.48593778739365,97.82935788436156,0.5764000972022189,25.745049620517193,25.96471519809532,26.04804493020102,26.32317126035613,IMG_00188.tif,14.82,left_ticks_800,
0,,,,,,,,,,,,,,,,,,,,,,,,,,,,,,,,,,,,,,,,IMG_00189.tif,14.82,left_ticks_800,
0,,,,,,,,,,,,,,,,,,,,,,,,,,,,,,,,,,,,,,,,IMG_00190.tif,14.82,left_ticks_800,
1,3.0,26.365212906276007,26.519753861262696,27.564040561052845,27.72064982351571,28.630921048721692,28.784962254580083,0.8725618112069652,1.392646582110412,5.8128711563174225,6.0932546031173,31.0,12.47514609713744,12.489378343461976,12.293284298886107,12.029627131574188,118.02799208305717,119.52523786835864,122.06981343462374,31.0,-1.0,11.5,31.0,16.35305240390184,16.35305240390184,12.623944659459937,19.206877906451908,10.139354683976203,14.673116295214054,9.067523222475703,18.300125584204338,107.56076960481111,104.07738506766347,80.13625158753109,0.8230278777480539,26.40345745107686,26.501757370552927,26.564696325294637,26.58569500674764,IMG_00191.tif,14.82,left_ticks_800,16.35305240390184
1,3.0,26.3706474108083,26.525606496912115,27.560097721537232,27.715303764659996,28.627544986839165,28.78230823800833,0.8740710886074444,1.382630652488773,5.840091246548341,6.0664552999667904,31.0,12.501061260900286,12.509824291292999,12.313383316007219,12.050007726393346,117.75036529661712,119.57729750893046,122.11779323911462,31.0,-1.0,11.5,31.0,16.41354922319229,16.41354922319229,12.588586409925199,18.94982139794651,10.209138264012708,14.57947983097961,8.740683133933803,18.07575308455313,108.04131163474203,104.75314847716906,81.19959046503111,0.8255016344011143,26.383028615604736,26.503910337585005,26.56695906658831,26.58569500674764,IMG_00192.tif,14.82,left_ticks_800,16.41354922319229
1,3.0,26.371694816613523,26.526843421942086,27.558499918314553,27.713264877624127,28.6045784650564,28.758567921464422,0.8711976748716763,1.3605268246506603,5.840872339111176,6.058043956114855,32.0,12.416299127778231,12.495782407703317,12.302075381003164,11.97941414416914,118.51584025305374,119.52841666653947,122.65263828319003,32.0,-1.0,11.5,32.0,16.456756795704734,16.456756795704734,12.566291776910248,18.8954410893233,10.236365115305771,14.565903102314536,8.65907597401753,18.029533491921548,108.08430129699978,104.85130702644986,81.4267550073992,0.896103069901534,26.38086553147022,26.50218252902627,26.56576409537234,26.58569500674764,IMG_00193.tif,14.82,left_ticks_800,16.456756795704734
1,3.0,26.364259861641287,26.519177546512363,27.550297241357004,27.705080064038597,28.58832621573536,28.74047561761997,0.8692334377323689,1.3520646333752446,5.839867130218903,6.0592895633675745,32.0,12.363461335835254,12.490263681885505,12.292789860221859,11.96220163074858,119.006452782156,119.64079559500944,122.84617284280874,32.0,-1.0,11.5,32.0,16.464134313929947,16.464134313929947,12.546573426861471,18.88724641038494,10.221275100146872,14.554260755265908,8.665971310238069,18.020649279361134,108.14981041321194,104.90419730679868,81.43814976687321,0.8968723946090215,26.380005771046083,26.50114275574865,26.564503961532683,26.58569500674764,IMG_00194.tif,14.82,left_ticks_800,16.464134313929947
1,3.0,26.350107462587346,26.504856659564627,27.542444276613548,27.69849350985368,28.590609747084184,28.74444296892315,0.8735793436556446,1.3660069657028786,5.824270556571864,6.084774417867017,32.0,12.32274888681971,12.477687353158196,12.27301746172509,11.969583550309324,119.34676344244932,119.81982161544022,122.75443155344605,32.0,-1.0,11.5,32.0,16.466488710247916,16.466488710247916,12.53183148376354,18.82654591063789,10.208773756295022,14.517659833466457,8.61777215434287,17.964768695203606,108.33983718782152,105.10870218114736,81.6490035614749,0.8974712044032424,26.37844217052179,26.499037853435887,26.561736431168534,26.58569500674764,IMG_00195.tif,14.82,left_ticks_800,16.466488710247916
1,2.0,18.838163809368233,18.843411013950725,20.20567331535028,20.212205692900735,21.56952621272001,21.577233339272443,1.8333743839490322,0.9004479413726872,0.2915643878314996,-1.4567268051895053,21.0,15.033324689081951,15.47596737672998,15.202742037696083,15.482716319486741,69.55004573561826,66.17945099175581,64.63593608190665,21.0,1.0,14.5,21.0,15.663235368562226,17.85816741191303,14.932873575846287,16.97769280374248,14.371287715804254,15.674490259773368,2.606405087938228,16.717052294948658,69.90103307821951,69.74141758653214,64.52810153419367,0.7917719787329188,18.91625615763547,18.78489326765189,18.87246852764094,19.047619047619047,IMG_00196.tif,15.225,juniper_right_8,18.17682629868014
1,2.0,21.96588755199372,21.966093759059728,23.91998183125062,23.920212967658205,26.110111163574746,26.112814843206873,1.1201670794027865,3.0265540047443587,-6.159528451506612,0.2518776533394664,17.0,16.653590150331496,16.6008101194252,16.830868971434995,16.835343397583955,105.29491707213568,105.29491707213568,96.06267298238433,17.0,1.0,16.5,17.0,15.430100620869041,13.525066402431833,15.6118538681215,13.952396964924421,17.312660477200133,15.632528721062277,-3.3602635122757114,14.288423316151992,81.7458748320143,81.43353484351833,91.00867748280864,0.7685027214327111,21.94854953475643,21.94854953475643,22.00328407224959,21.921182266009854,IMG_00197.tif,12.18,juniper_right_10,13.525066402431833
1,2.0,18.16368289385789,18.16519526540073,19.16639529601363,19.16643638502022,20.073852762999962,20.07472936419854,0.9482828159796862,0.9612512828181242,0.9541898047361979,0.11863964611117044,24.0,12.501465044615273,12.909579884431153,12.634572106729337,12.533772322473425,83.1409706451808,82.67758934460902,82.67758934460902,24.0,-1.0,11.5,24.0,13.93060122620517,15.752226720429547,12.940125767385211,14.788128135435162,11.76877060335192,13.278449369393542,3.0193575320832426,14.486192382226838,79.41457473102011,79.07377139429259,71.15486938800079,0.7056073337228798,18.204592901878918,18.121085594989566,17.95407098121086,17.787056367432154,IMG_00198.tif,15.966666666666663,juniper_right_15,15.752226720429547
1,2.0,16.57134889662481,16.57137977095923,17.390295459304742,17.390304777168637,18.260983878547435,18.260997927157906,0.8769265352482469,0.8126916209504291,0.7062485474252779,0.05931195431889488,16.0,12.62811174600796,11.589966186809269,13.100019311968765,13.100019311968765,75.56568917739625,75.56568917739625,72.016802025105,16.0,-1.0,13.5,16.0,15.540617561808432,14.817643101619552,12.15812090836181,18.159331906062857,6.476506370075691,12.317919138069275,11.682825535987167,16.99104935246414,84.39884870744403,77.67633562936209,53.17052181346427,0.7096478353337038,16.43006263048017,16.43006263048017,16.57620041753654,16.722338204592905,IMG_00199.tif,15.966666666666663,juniper_right_15,17.3193226991402
1,2.0,18.52309232954181,18.523566777820015,19.38674598610657,19.387116665762406,20.263762174847198,20.264070908015917,0.7339799421208042,1.0065241880751015,0.7212387079298017,0.3543081039517322,20.0,16.95042769827326,16.780644605176377,16.56046488549029,16.56046488549029,64.01645176267276,65.35237328815649,65.35237328815649,20.0,-1.0,15.5,20.0,17.87334406193594,17.932244264081646,16.38807252019359,19.16960334672336,15.111193169009159,17.14039825786626,4.058410177714201,18.76376232895194,63.14150070417291,62.84926971569286,56.408377462145836,0.7772597983509673,18.559498956158667,18.559498956158667,18.53862212943633,18.726513569937374,IMG_00200.tif,15.966666666666663,juniper_right_15,17.932244264081646
1,2.0,18.918240442196176,18.91824082615768,19.77349699877611,19.773682706743347,20.67523397583197,20.676364439635424,0.9923966702069359,0.7657269432708059,0.020377543848148258,-0.24831871814954434,34.0,11.716922783449633,11.998928000621483,11.825289777707354,12.214078694853498,91.47577952638102,90.73791911263044,88.67808595947912,34.0,1.0,11.5,34.0,12.480604066643963,13.636937270059775,12.074335862691072,12.926674066177767,11.353141468075973,12.139907767126871,1.5735325981017945,12.769320806367588,90.08380973491509,89.95831652497776,84.56801602508672,0.8814204209062384,18.87246852764094,18.960043787629996,19.00383141762452,18.65353037766831,IMG_00201.tif,15.225,juniper_right_8,13.636937270059775
1,2.0,21.635111432374835,21.6565952756888,22.77208215111043,22.78099367563249,24.025050233741645,24.03075135832996,1.522906901546135,0.8512491810950226,-4.33966025680792,-1.6026602302844495,32.0,14.138037115083065,13.834475005642616,14.157330549010254,14.99828195243748,92.49960941379241,92.2637962806862,90.41393971104429,32.0,1.0,13.5,32.0,14.69861982311295,15.979049349763528,14.599355947344748,17.29475196831763,11.326788443985661,14.310770206151645,5.967963524331968,16.697955615884432,88.71971525331972,87.42999702053866,72.6941219710474,0.8563034211790055,21.78434592227696,21.652983032293378,21.60919540229885,21.47783251231527,IMG_00202.tif,15.225,juniper_right_8,17.03476323177992
1,2.0,19.66115049661823,19.661197610568117,20.684402637521032,20.68442216755912,21.703102040588096,21.703112143826143,1.249390652084595,0.7925238811734316,-2.696450514208668,-0.07873494219505987,32.0,14.31548558582054,14.591551779833468,14.428903789480245,15.541981066486528,86.79229754634486,85.67782039472152,81.73439011620057,32.0,1.0,13.5,32.0,14.225809233276237,14.631281055256267,14.847148493576185,12.983273889939404,15.93263262388056,14.457953256909981,-2.949358733941155,13.27820976333352,78.99370164274127,78.7214864069722,87.48229916658735,0.7466173315977052,19.616858237547895,19.638752052545158,19.72632731253421,19.770114942528735,IMG_00203.tif,15.225,juniper_right_8,17.646309582068852
1,2.0,20.76441822421677,20.764793962462925,21.917258124042682,21.91749207426822,23.079194184017016,23.079372482022677,0.7790199793668684,1.535558540192884,-7.367545350908775,-0.26473070826430817,22.0,14.915871688809304,16.846621361166576,16.464236329242624,20.193392236051352,100.7178953035216,97.67162552962637,85.19223311698401,22.0,1.0,20.5,22.0,19.87747824676643,22.032063390527696,14.591802855187552,23.363575717090583,10.068953015538657,16.716264366314622,13.294622701551928,22.034113446935393,76.19469107490885,72.04179765009573,52.25269029909211,0.777256965584615,20.623973727422005,20.733442802408323,20.8648056923919,20.886699507389164,IMG_00204.tif,15.225,juniper_right_8,22.032063390527696
1,2.0,21.564249349175395,21.582374531544303,22.613517923593687,22.64251029866595,23.712314766125704,23.75687397902436,1.2432256224542448,0.9312738250258099,0.7557741299625111,-2.89977026416449,26.0,12.016115506712325,12.197250730763761,12.14167011848005,13.339532576913342,89.84483483963204,86.62357532210177,84.81356396204724,26.0,1.0,10.5,26.0,12.545203404669309,12.633476659745725,13.006692601035695,14.141980904345877,10.930623205048057,12.536302054696966,3.211357699297819,13.820845134416095,99.96030831565919,99.41485748531802,88.31987461649514,0.8035423598613324,21.60098522167487,21.57635467980295,21.60098522167487,21.724137931034477,IMG_00205.tif,13.533333333333337,juniper_right_9,12.444134696437573
1,2.0,19.4775888652212,19.47802656809001,20.57602335996815,20.576039868408678,21.683353472338773,21.685011804355618,1.0873060174814004,1.119679218784209,-4.4511753029581325,-0.07257880071385737,19.0,14.450592011716537,14.373274233907974,14.450592011716537,14.450592011716537,108.2878842129384,106.89731288559383,106.89731288559383,19.0,1.0,13.5,19.0,14.366574045806033,15.255506724259448,11.989470255569245,16.3503100672538,11.252495590808724,13.801402829031264,5.097814476445079,15.840528619609294,82.539454791376,81.59996260121623,69.14960074169564,0.6701556011136192,19.507389162561573,19.556650246305416,19.53201970443349,19.581280788177335,IMG_00206.tif,13.533333333333337,juniper_right_9,15.255506724259448
1,2.0,15.154316513803673,15.164599697671665,16.47082235639192,16.478382467864485,17.752236669472108,17.757536755704706,1.3207407910159583,1.272196267017085,-5.907939410618909,-1.7356455773147381,21.0,15.96221244332537,16.1421692399382,15.79052666933876,15.756795745174458,63.94638002574838,63.22406585829314,63.22406585829314,21.0,1.0,15.5,21.0,15.836682420195558,15.836496624521374,17.0427556627765,14.57713093384707,18.830429736402465,16.70378033512477,-4.253298802555395,15.002460814102609,52.91234033312556,52.628751764547914,60.10237560626235,0.7721022686003913,15.150519978106185,15.194307608100713,15.172413793103448,15.172413793103448,IMG_00207.tif,15.225,juniper_right_8,15.836496624521374
1,2.0,20.336673039617,20.34046430767805,21.79005664630907,21.794429647624337,22.959268137011385,22.965264094294884,0.7210254723166919,1.9037743143001442,-2.7542151445647494,-1.1477886928424224,29.0,13.48946782099432,13.798664975929515,14.421235964243408,15.797391029671957,86.73671464742293,86.22965100691987,76.18154283483875,29.0,1.0,13.5,29.0,17.494008438220988,17.494008438220988,15.898836233213046,17.643653479913443,15.664691933475513,16.654172706694478,1.978961546437931,17.44575732526965,70.95511329203002,70.8725769930649,67.01400224086099,0.8574227287131211,20.120415982484946,20.251778872468527,20.40503557744937,20.558292282430212,IMG_00208.tif,15.225,juniper_right_8,14.572792960726844
1,2.0,17.931271174565122,17.968673249130617,18.670467457279504,18.701011235860808,19.46578785233738,19.487605462072178,0.9084139700541566,0.6105182428874034,-1.948181551096772,-3.275107757630474,9.0,18.38411526660238,17.451017272554203,18.38411526660238,17.388217403658302,52.780132504616944,52.780132504616944,57.51182090586289,9.0,1.0,16.5,9.0,18.39379162714613,,19.564897907885324,25.62191825388454,7.929830918193205,16.775874586038874,17.692087335691337,23.852709520315408,69.06562123592185,62.17952998573909,41.50212959745172,0.5544549570615501,18.01165971159168,17.90914066776136,17.90914066776136,18.0623973727422,IMG_00209.tif,15.225,juniper_right_8,
1,2.0,16.387020133540457,16.387091511438598,17.465652760911986,17.465744424412623,18.567064805788046,18.567185635926986,1.1249530062272137,1.0551411182611705,-1.3522232702710546,-0.1856275741706339,25.0,11.327760122951503,11.264350062980771,11.467694567569055,12.07618597482707,90.97712055312394,88.68739040208587,84.58994535764182,25.0,1.0,9.5,25.0,11.753793666904272,11.647946696717412,10.143704942390599,11.771467834853055,10.097778599424847,10.93462321713895,1.6736892354282071,11.604098911310235,86.54916204272158,86.38072060933607,80.31748297059818,0.7793639397231643,16.354679802955665,16.37657361795293,16.420361247947454,16.551724137931036,IMG_00210.tif,15.225,juniper_right_8,11.753793666904272
1,2.0,27.323428514525393,27.36755749360011,28.401145390422077,28.450923155667837,29.47945071747203,29.535419006675895,1.119482643824087,1.0483788692516995,-2.743999819764401,-3.3897719921147607,31.0,15.161131296216666,15.506702782060922,15.550792799155033,15.550792799155033,100.32207478133166,97.92141981403603,97.92141981403603,31.0,1.0,14.5,31.0,18.50593265247528,18.50593265247528,14.396006968925917,19.688785239168737,13.44247934702838,16.56563229309856,6.246305892140359,19.064154649954702,96.9711748615515,95.82510409669362,81.09272652109082,0.8546292096565592,27.640941434044883,27.36726874657909,27.312534209085936,27.339901477832512,IMG_00211.tif,12.18,juniper_right_10,18.554182142735186
1,2.0,21.085637469636595,21.087468586830873,22.031620544120027,22.03303117321488,23.000814510213875,23.00248014443723,0.9682716918094719,0.9467398657968815,-2.7606248154418727,-0.6483495913617169,16.0,22.924529028338924,22.54579365372384,22.881737132523313,22.881737132523313,56.34581849855305,56.35398817390278,56.337648823203324,16.0,1.0,20.5,16.0,23.56862508816417,21.352054684469294,22.899296947639215,25.861753799990076,20.71404893342643,23.287901366708255,5.147704866563647,25.346983313333713,53.52651294836071,53.31317212572251,48.32046459537574,0.749484859295026,21.291735084838532,21.127531472359056,21.01806239737274,20.85385878489327,IMG_00212.tif,12.18,juniper_right_10,20.14902929202134
1,2.0,25.036341719906666,25.03705750650919,26.50528770874099,26.512272538831965,28.02025579871129,28.040548677861544,1.3722504919747731,1.631240679377577,-5.766789001766414,-1.3152297104833846,21.0,18.215768846493035,17.3208181322089,17.608599631325433,17.608599631325433,108.4783606259654,108.4783606259654,108.4783606259654,21.0,1.0,16.5,21.0,17.678371281398,17.01302286576555,15.026746430567783,18.826527577059366,14.227382873665535,16.52695522536245,4.599144703393829,18.36661310671998,88.47589364997101,87.90886833496654,77.49244719154524,0.773199878075448,25.259989053092504,25.177887246852766,25.177887246852766,24.958949096880133,IMG_00213.tif,12.18,juniper_right_10,17.01302286576555
1,2.0,18.59030393042345,18.597252753012977,19.718498481407224,19.74442441565696,20.790747434310894,20.832771248784972,1.514246299469024,0.721272196302971,-0.25419937773152074,-2.9365008590958794,33.0,12.584591689385718,12.744635918676313,12.844166255630256,13.847649994278584,78.97683901318544,76.288913144307,74.11038376410849,33.0,1.0,12.5,33.0,14.207198981379463,14.207198981379463,12.004625001429844,15.31128234356152,10.527493576140776,12.919387959851148,4.783788767420745,14.832903466819445,84.13035923257709,83.16688732209205,70.41671740746139,0.8131057489793122,18.56595511767926,18.56595511767926,18.631636562671048,18.65353037766831,IMG_00214.tif,15.225,juniper_right_8,13.786146832526356
1,2.0,23.241924920461397,23.25290172620777,24.726337643444484,24.7365463075037,26.182824024871316,26.191899704057313,1.987280347661851,0.9517176301876905,-6.633410414139151,-1.646142742849589,28.0,18.98188757885633,18.564895783946824,19.047664201804537,19.769178320345674,86.87317590299782,86.7261201909556,86.3484635385485,28.0,1.0,17.5,28.0,19.92507658210559,20.670127776797955,17.51862612568695,22.23795321900488,14.41311374752987,18.325533483267375,7.824839471475009,21.45546927185738,74.90312817705689,73.76799039143184,61.28565497200639,0.7716356458302728,23.25123152709359,23.325123152709356,23.374384236453196,23.4975369458128,IMG_00215.tif,13.533333333333337,juniper_right_9,20.670127776797955
1,2.0,20.318862087450785,20.3227380348899,21.970951332834634,21.97856074265303,23.684485655672848,23.696590183545727,1.2143580504887364,2.1594940981670936,0.8116438554897861,1.5077384965306893,17.0,17.02394567387131,17.03519249399717,17.18489739001805,17.579995261189964,70.52655494729343,69.85619969045119,68.34544549398403,17.0,1.0,15.5,17.0,17.319197482287592,17.417807679774313,16.482915920064954,18.096463110925143,16.08823327352613,17.092348192225636,2.0082298373990155,17.895640127185242,69.21150606502157,69.13285255290863,65.41487585654744,0.7230715568936883,20.394088669950733,20.418719211822655,20.34482758620689,20.394088669950733,IMG_00216.tif,13.533333333333337,juniper_right_9,12.65436704814232
1,3.0,20.545424677381387,20.569726073121537,21.461399174818755,21.485388443424572,22.344338974137955,22.367352754224004,1.1114746620054194,0.6861520190970456,-0.8055405325291766,-2.707789788240486,30.0,12.640302675811029,13.235797066541865,12.500996313658874,12.500996313658874,85.28501438753273,87.34464135305544,87.34464135305544,30.0,1.0,12.5,30.0,16.265418271944924,16.723531567984594,12.486800680533918,18.65734750534029,10.958984722375323,14.808166113857807,7.698362782964967,17.887511227043795,82.30837350108679,80.43745433571814,64.26380361336656,0.8501968300089646,20.560449677988014,20.603914420910105,20.57595202002928,20.492610837438423,IMG_00217.tif,15.225,juniper_right_8,17.472925823278246
1,2.0,19.030009298400763,19.030850628704187,20.04614072081021,20.05025610179932,21.038695678911118,21.049727003644943,1.107243197311789,0.91163317762897,-2.9536843097174867,1.1608874609352553,27.0,12.190605341607125,12.02791988416934,12.99730512007568,14.00405253148017,109.9727847579637,108.1941746828229,107.17699755110033,27.0,1.0,11.5,27.0,14.30604980517603,14.30604980517603,7.193719024711186,16.046712411800495,6.455065353044209,11.250888882422352,9.591647058756287,15.08754770592487,104.13012027950342,97.51389953362985,68.82799824541237,0.853254664171702,19.113300492610836,19.025725232621784,19.244663382594418,19.507389162561577,IMG_00218.tif,15.225,juniper_right_8,14.535656058806154
1,2.0,20.77055369408124,20.776343770200597,21.957281092672666,21.96235061273416,23.174671243462274,23.178920505861463,1.1260820419896682,1.2764946936711934,-2.3695580057543775,-1.231090549106872,18.0,21.6014060330712,21.926816972800093,21.633978524787636,21.316249613094612,58.105106381665294,58.0635914491149,58.24659248298139,18.0,1.0,20.5,18.0,23.311835566317058,23.311835566317058,21.386401829825758,26.0309378544711,19.199753133858675,22.615345494164888,6.831184720612428,25.34781938240986,54.40965808032242,54.002945804245414,47.3194228171896,0.7975640609012536,20.952380952380953,20.799124247400112,20.689655172413794,20.558292282430212,IMG_00219.tif,15.225,juniper_right_8,18.475309641792677
1,2.0,21.44404425450743,21.4513057121214,22.28668076337999,22.30388866115399,23.173571035214984,23.209300969015406,1.0487953558747014,0.7091999010193075,-3.9894072951366177,-2.250811735732028,41.0,16.45791309100062,16.232517355506385,16.512136600577463,16.762950448792083,84.85319932176577,85.0130550044101,85.83001705396903,41.0,1.0,14.5,41.0,15.992423105762526,16.299138843369946,16.805164923507903,15.117524066275479,17.238694764887715,16.178109415581595,-2.121170698612236,15.329641136136702,77.01796359985843,76.90878514242414,82.16512869314263,0.8860790067861517,21.2807881773399,21.45593869731801,21.499726327312533,21.67487684729064,IMG_00220.tif,15.225,juniper_right_8,16.299138843369946
1,2.0,19.334006221940257,19.374341220253687,20.49671278819139,20.53761967647757,21.659633657377547,21.701381874796915,0.6691671201202941,1.657873534422937,-1.9701388995041513,-3.616870098139943,37.0,11.046171363124728,11.309300888272796,11.261030025731372,10.863278623649876,89.16062850414099,88.2482183680355,89.210978375956,37.0,1.0,10.5,37.0,11.90539726777422,11.90539726777422,14.054286883028368,11.408956483690016,14.567240841361288,12.988098662525653,-3.158284357671272,11.724784919457143,86.4715725539097,86.04681970121361,97.76477900480216,0.826886385758447,19.397920087575258,19.288451012588947,19.441707717569788,19.441707717569788,IMG_00221.tif,15.225,juniper_right_8,11.55661694776191
1,2.0,19.001352339560096,19.008331737491254,19.95617139554388,19.96526974164272,20.915147240857177,20.925465988832435,0.8570296717946746,1.0601045795465063,-1.9235939770644408,-1.7298074365491054,28.0,17.46110589858148,17.445674059979623,17.463682870622705,17.458528926540254,64.61202357247497,64.60530847356395,64.60530847356395,28.0,1.0,16.5,28.0,17.125878422269523,17.575837221294137,17.12072447818707,18.249721770507982,15.847095633357691,17.048408701932836,2.402626137150289,18.00945915679295,64.91699201100664,64.81080035541856,60.67585798152713,0.7266896229327003,19.00383141762452,19.06951286261631,19.025725232621784,19.047619047619047,IMG_00222.tif,15.225,juniper_right_8,16.31034202399468
1,2.0,17.17706304194991,17.189097822465737,18.21032286143878,18.220659003034303,19.223244430485728,19.231644626402066,1.088608666744992,0.9539381371913386,-4.306553063348734,-1.9299912836249296,22.0,14.770283250689488,13.253825131394224,14.779550627669039,16.80867140409711,74.99143425681703,74.50830228324325,63.9694254802751,22.0,1.0,15.5,22.0,16.735049359276587,15.0783086479301,13.234130640833769,20.571049830945007,9.904312136102009,15.237680983523507,10.666737694842997,19.504376061460704,68.1398236303161,65.2875725547086,48.83511035726433,0.8519436660645836,17.164750957854405,17.186644772851672,17.274220032840724,17.339901477832512,IMG_00223.tif,15.225,juniper_right_8,15.0783086479301
1,2.0,16.31447984748937,16.319754861917612,16.89863677300524,16.902915856020936,17.493526620574794,17.496817576703926,0.6558991863735257,0.5211635284127872,-2.3437275687824073,-1.2892624500474636,20.0,16.422395832892562,16.787317477122144,16.901569475285044,15.620877111903496,59.528877693587575,58.80755948602356,62.58056017535076,20.0,1.0,15.5,20.0,17.209576019074007,16.83078635055216,15.307115028736717,17.324581543444964,15.813684608929407,16.569133076187185,1.510896934515558,17.173491849993407,57.23292465273395,57.1937292114023,54.771335639888015,0.7574086961872223,16.354679802955665,16.44225506294472,16.39846743295019,16.748768472906406,IMG_00224.tif,15.225,juniper_right_8,16.83078635055216
1,2.0,21.075247744836922,21.077984037846377,21.85682328773356,21.858263726219604,22.596557442118606,22.597403454632786,0.831057528405977,0.688361888380435,2.8495598970861042,-0.6577783009297897,26.0,9.674073915700262,10.344801229449983,10.054158649507656,10.054158649507656,109.24326538509649,93.21912509335759,90.91347285571092,26.0,1.0,8.5,26.0,12.197856760844132,12.197856760844132,8.730803574966188,15.485025690850547,6.007898779298786,10.746462235074667,9.47712691155176,14.537312999695372,121.31991353667722,113.03370046490299,78.94273099862292,0.7393932172491754,21.434044882320745,21.12753147235906,20.974274767378216,20.952380952380953,IMG_00225.tif,15.225,juniper_right_8,15.802001825421115
1,2.0,23.223466007687406,23.265636085968534,24.26074976881142,24.29404604583627,25.28522347787659,25.306968930613394,1.0734027258747678,0.9679301187700907,-7.999284420114038,-3.000096039460844,27.0,16.70464500832685,17.03479043216831,17.438192149486724,18.221194092632203,95.41296525062675,93.37567081982351,92.24197282000618,27.0,1.0,15.5,27.0,17.932092625245843,17.932092625245843,15.972750512377786,19.13808345992772,15.21744110490494,17.17776228241633,3.9206423550227787,18.746019224425442,78.71030425020655,78.37192088736718,70.60069220715654,0.7602542703535085,23.295019157088124,23.316912972085387,23.33880678708265,23.448275862068964,IMG_00226.tif,15.225,juniper_right_8,18.67963910381536
1,2.0,23.250949166649114,23.2582871917542,24.247823411096356,24.25316285101958,25.294569592551643,25.295938061163067,1.1128145646335226,0.9248363047753393,-2.967382012931134,-1.2022900666355252,19.0,21.56670265116813,21.89166483710088,21.56670265116813,21.56670265116813,65.52833583860566,65.52833583860566,63.678494005191794,19.0,1.0,19.5,19.0,23.68144500604683,22.25225630988288,21.371453644082408,24.285291283762852,19.429095196634126,21.857193240198487,4.856196087128725,23.79967167504998,62.67787983179507,62.42475264906626,56.50741434144991,0.7629605972099105,23.360700602079913,23.295019157088124,23.185550082101805,22.922824302134647,IMG_00227.tif,15.225,juniper_right_8,21.65568271804827
1,2.0,18.452030466978414,18.455223528566798,20.149830965756742,20.15272639365042,21.751135307005455,21.755004717850014,2.296593060327624,1.0031881289555928,-1.8323405382395823,0.9712528423412742,33.0,10.27074864929125,10.387030274234482,10.69707885777774,10.809252998711969,88.56006809611144,83.14729622399285,82.77560580887047,33.0,-1.0,8.5,33.0,11.056154529297658,11.43104539611818,10.007809135413595,11.795440453090109,8.597202988609428,10.196321720849769,3.19823746448068,11.47561670664204,105.11709952993075,104.25290957656385,90.2806916996368,0.8371147775370269,18.4783798576902,18.4783798576902,18.58784893267652,18.850574712643677,IMG_00228.tif,15.225,juniper_right_8,11.469788507218198
1,2.0,22.276055533055057,22.28498882375517,23.637525841086568,23.655490606337835,24.99802433673863,25.033240642636333,1.3509380061892795,1.3973138126918814,-1.141016621012572,2.233108951074314,24.0,9.01447941379837,9.867254366936766,9.04921141126286,12.735813853007357,119.05907815596426,105.18223992126676,87.33437243675243,23.0,-1.0,11.5,26.0,13.313709183717435,14.54058637665267,6.045821440493228,16.22895863538039,3.143704136646916,9.686331386013652,13.085254498733473,14.920433185507042,160.87319867406654,132.44265928818047,79.73494260454359,0.7951410736434456,22.207171554263258,22.243447808074617,22.339901477832505,22.315270935960587,IMG_00229.tif,13.533333333333337,juniper_right_9,15.395945472887576
1,2.0,19.583624047486346,19.586799088327613,21.050997326495835,21.054946931350308,22.413383672426555,22.415283685948737,1.87487263816989,0.9536119594512344,2.144183752113276,1.109798587845059,25.0,17.71706595713954,17.893692971345477,17.71706595713954,17.608591961643185,66.89676782839108,66.89676782839108,68.02098172780244,25.0,-1.0,17.5,25.0,17.998916249815608,17.77050474046044,19.916570416633277,16.44306181161535,21.07475830318265,18.758910057399,-4.631696491567301,16.90623146077208,61.18383666308262,60.87665298965941,69.16187103277598,0.8175338088183841,19.876847290640388,19.605911330049256,19.507389162561573,19.581280788177335,IMG_00230.tif,13.533333333333337,juniper_right_9,18.143294160647997
1,2.0,21.412992988274404,21.41972769717347,22.335241228478328,22.34443757730537,23.231386086866213,23.250255127944264,1.0532308659545067,0.7772965648162866,0.2639978308450149,1.6439005126319943,32.0,13.450189950634027,13.747362964088511,13.710156615085225,13.775523170728121,87.65384271717694,85.41199442785135,85.41199442785135,32.0,-1.0,12.5,32.0,13.675160962434347,13.708843940655584,13.73360731003089,14.043604859646749,12.981785441059136,13.512695150352943,1.0618194185876126,13.937422917787988,91.70733063754476,91.66049128496468,88.26110966723596,0.82384375193823,21.21510673234811,21.32457580733443,21.346469622331693,21.21510673234811,IMG_00231.tif,15.225,juniper_right_8,13.740527518077272
1,2.0,16.68595374067893,16.701212630894638,17.759221150909596,17.77413745379392,18.81503175414958,18.830113240884845,0.9556950564132571,1.1732055535769534,-1.1778477137293277,2.347493165698155,22.0,13.469657896611466,12.893535309095821,13.614482079873142,14.48127385768342,63.82511644730043,61.41095755219856,61.08297147772728,22.0,-1.0,11.5,22.0,15.407678483434069,15.407678483434069,13.465038822480324,16.38271156142423,11.777020322249967,14.079865941837099,4.605691239174262,15.922142437506803,69.25593156052467,68.6391817473954,59.2023516823219,0.8341661972949198,16.59551176792556,16.72687465790914,16.70498084291188,16.288998357963877,IMG_00232.tif,15.225,juniper_right_8,13.123167070197269
1,2.0,17.841000214521845,17.894466782288845,18.800956295710513,18.863089966820652,19.79768525360775,19.86817224499186,0.9966688768237628,0.9770365858792546,4.0644057248838275,4.651724682604532,14.0,17.980770772980705,18.00400985456206,18.06070200077329,18.06070200077329,56.716181373629276,56.567003767992695,56.53510562150065,14.0,-1.0,16.5,14.0,18.342272481241736,18.92822719422628,18.38108572979425,19.03497906842029,18.21901227114656,18.626995669783426,0.8159667972737296,18.953382388692916,55.86734755102579,55.85855222532056,54.70428459181269,0.874690563021554,17.931034482758623,17.90914066776136,17.887246852764093,17.79967159277504,IMG_00233.tif,15.225,juniper_right_8,18.92822719422628
1,2.0,13.781389299245264,13.786451436596804,14.63517563761268,14.640064104031648,15.508036056053465,15.512428940694145,0.6915688858392507,1.0344086182580907,-1.0410463691278256,-1.4806913677145952,8.0,17.99021254736809,18.0075341482984,17.465493234881137,17.465493234881137,44.34801412765535,45.25845079138919,45.25845079138919,8.0,1.0,16.5,8.0,19.749767118752686,17.41281226305577,17.207828946057447,19.883117873814466,16.237422076558857,18.060269975186664,3.6456957972556094,19.518548294088905,44.6086912070507,44.459016375288115,40.52620228243171,0.573740481920498,13.98745519713262,13.82019115890084,13.73655913978495,13.862007168458785,IMG_00234.tif,15.94285714285714,juniper_right_7,
1,2.0,17.111996011561907,17.112059002618388,18.340509716891468,18.340530552948902,19.679892276029573,19.679894545546397,0.6310247030152122,1.9368108399127937,0.5346136517310132,-0.08636534196448281,18.0,19.073492300983432,19.138546471089988,19.50281655127432,19.56054787385409,52.697964759855275,50.955871534809525,50.064383346492114,18.0,1.0,17.5,18.0,20.206809058095814,16.51211081938561,19.47884460912178,21.758881353099184,18.26402923880688,20.01145529595303,3.4948521142923017,21.40939614166995,50.12990742203512,50.00453680358542,46.16101477835976,0.5956777638421513,16.956391875746718,16.998207885304662,17.102747909199525,17.186379928315414,IMG_00235.tif,15.94285714285714,juniper_right_7,
1,2.0,21.63243178173943,21.651187359195532,23.002426031869895,23.02698327002487,24.43702905428617,24.467269298600808,1.1538418701681976,1.6622400692370756,-4.502668736571003,-2.6463511574965377,22.0,15.405872781045147,15.566397746261508,15.463306129996198,16.576802512046726,86.81477895704431,84.87308083209568,78.79335556731529,22.0,1.0,15.5,22.0,16.673580666720966,16.673580666720966,16.092186749805762,17.822499201339376,16.567383300351164,17.194941250845268,1.2551159009882107,17.696987611240555,73.11355010488079,73.08150538792681,70.58739547111152,0.8270321860047247,21.57635467980295,21.527093596059107,21.650246305418715,21.502463054187185,IMG_00236.tif,13.533333333333337,juniper_right_9,16.673580666720966
1,2.0,27.88038015670918,27.88628303554353,29.105692774838165,29.10949927492433,30.35664297203556,30.358788084764512,1.035115801017178,1.4373892482038095,-2.8045291897950566,-0.9265906581843786,21.0,24.28380534558417,24.025508239455913,23.66729415956209,23.61993707547117,69.3942537429892,71.43728415465841,71.43728415465841,21.0,1.0,22.5,21.0,25.674405126682103,26.42041384574381,22.478138219775303,27.467593211098233,21.355451178625195,24.411522194861714,6.112142032473038,26.85637900785093,67.78075110796796,67.43463205446247,60.42294937470174,0.501254547369411,28.02408319649699,27.887246852764097,27.859879584017513,27.832512315270936,IMG_00237.tif,12.18,juniper_right_10,
1,2.0,23.263554010735174,23.26683816708741,24.0426371270125,24.046272050046735,24.82145895436997,24.825853900279828,0.7262377438199884,0.8327779893724296,-4.034544546097898,-0.9962465555080727,36.0,15.14991701761177,14.442224385038418,15.135924934919785,16.685307286968794,108.34417791305489,107.20300730588968,88.50746272440102,36.0,1.0,13.5,36.0,13.204576277229961,14.946975684325679,17.144510684527233,13.024208707942837,16.705172362926326,14.864690535434582,-3.6809636549834894,13.392305073441186,91.06768090933936,90.6048845404448,103.13827693303351,0.7568385183605868,23.251231527093598,23.251231527093598,23.229337712096335,23.448275862068964,IMG_00238.tif,15.225,juniper_right_8,16.36620426798484
1,2.0,18.595192137566183,18.597299549923797,19.709986774548476,19.715774015220294,20.829387434483557,20.840879330034785,1.1106721395436205,1.1329076405673644,-2.8695693875882,-1.3882801375501175,23.0,12.228738318697197,12.149852025206707,12.228738318697197,12.048924425636955,102.0944486004312,96.0021249581231,104.36202817959067,23.0,1.0,10.5,23.0,12.616829719166333,12.616829719166333,11.392665330264208,12.679921909127557,12.564574066939034,12.622247988033296,0.11534784218852256,12.668387124908705,85.05044378629258,85.04985585309448,84.66930443001516,0.805140768324846,18.741105637657363,18.65353037766831,18.60974274767378,18.65353037766831,IMG_00239.tif,15.225,juniper_right_8,12.616829719166333
1,2.0,20.306258359226863,20.30664427880947,21.441162522032386,21.44154576192196,22.578293179757022,22.57860573296282,1.0803822335897502,1.1915792205636027,-2.209755763099826,-0.34256704753618217,16.0,19.28983369957261,19.32419201401288,18.930523596193893,18.52262558543603,66.12574517755903,67.01791508739515,69.69931556882919,16.0,1.0,17.5,16.0,19.513726058699547,19.513726058699547,19.101142074412962,20.237356229130622,17.492900282806527,18.865128255968575,2.744455946324094,19.96291063449821,62.893892053316925,62.784590636782596,58.68828830397355,0.7296839760752056,20.361247947454846,20.273672687465794,20.207991242474,20.032840722495894,IMG_00240.tif,15.225,juniper_right_8,19.865778863611098
1,2.0,20.434044628409797,20.512216366591893,21.67911665935618,21.753097835647445,22.944236743635177,23.014919516907,1.7244590929003019,0.7782440574148057,-2.3156891881618518,-4.72673060745389,27.0,12.438619121319533,12.228542419086244,12.449032574185281,12.383689101303617,87.32288883254962,84.9295621984864,84.11742944011122,27.0,1.0,10.5,27.0,14.044199357273698,14.32877177746633,12.640872444807087,15.326783910690722,10.537849353841994,12.932316632266357,4.788934556848727,14.84789045500585,92.51363369365428,91.45401243821797,77.43300976138912,0.8159086294254275,20.623973727422005,20.426929392446635,20.47071702244116,20.755336617405582,IMG_00241.tif,15.225,juniper_right_8,14.32877177746633
1,2.0,22.131767727907796,22.141805386743165,23.114319735438368,23.125678295778208,24.119373070241757,24.132082509273083,1.0518995878999644,0.93837753462996,-4.264227834987395,-1.7958489809834328,15.0,21.86933807431194,22.58726382117273,22.8685420468517,23.712091118691916,66.09657455324468,59.24300691976218,59.24300691976218,15.0,1.0,21.5,15.0,23.03739728267047,21.581238121125438,23.217457151588036,22.431993456235944,23.474322158032475,22.953157807134208,-1.0423287017965321,22.536226326415598,56.69967809334142,56.690164624274296,57.93689644723019,0.8571985241010075,22.304324028461963,22.140120415982487,22.05801860974275,22.00328407224959,IMG_00242.tif,12.18,juniper_right_10,21.581238121125438
1,2.0,19.82501414476555,19.82679518914578,20.886049551673672,20.88834814864074,22.008608011411166,22.011318329783922,1.1847884133074646,0.999734727330674,0.7148241883825863,0.8500040184664899,20.0,20.95773561092915,20.735863674190384,20.88191547474449,22.07070904308148,55.07068815319457,55.01664997332558,52.66420253093019,20.0,-1.0,19.5,20.0,21.46066475658634,22.546555046577453,20.353210550768893,22.36619100975615,19.769112795053896,21.06765190240502,2.5970782147022526,22.106483188285925,55.2165605866583,55.14796809419241,52.09658786845593,0.7654524865972694,19.879584017515054,19.901477832512317,19.857690202517787,20.032840722495894,IMG_00243.tif,15.225,juniper_right_8,22.546555046577453
1,2.0,21.32736184101642,21.33008823218129,22.203211609562096,22.206232664977623,23.071339743744826,23.07497338318596,1.0008539618271755,0.7440311891774949,-1.8501780923566995,0.9451145669111236,29.0,9.430658173132969,9.6294580300114,9.610292770994022,9.610292770994022,111.59971319160836,111.59971319160836,111.59971319160836,29.0,-1.0,8.5,29.0,10.75379301324051,10.962791507731026,8.653918329345743,12.581617216861318,6.870089456487235,9.725853336674277,5.711527760374083,12.01046444082391,130.07684287465003,126.26093958329932,97.91934742214838,0.8547429687119985,21.346469622331693,21.32457580733443,21.237000547345374,21.149425287356323,IMG_00244.tif,15.225,juniper_right_8,10.786167709115375
1,2.0,23.54570449814025,23.547092718706583,24.54657796870969,24.548140598803,25.59554801699584,25.596039745239782,0.9828861649565301,1.0660608615766645,-4.146504157525791,0.646485405258426,33.0,12.765248717977187,11.269937972872663,10.81835901407851,9.568427086586127,134.17266527643255,152.3385745674608,178.75005282422794,33.0,1.0,10.5,33.0,13.088240898021809,14.991063777410261,9.67308574308484,17.105897784137557,4.809639117014237,10.957768450575898,12.29625866712332,15.876271917425225,139.93221991658314,123.81426930689213,80.0142414621896,0.7364107628739315,23.535851122058016,23.579638752052546,23.557744937055283,23.776683087027916,IMG_00245.tif,15.225,juniper_right_8,16.03894026882338
1,2.0,19.627743353785625,19.636875880321565,20.615452456978,20.62043099045922,21.638459534383227,21.640954972383238,1.141945945600825,0.8621331464608464,3.310496166117193,1.2590651856851427,26.0,18.97818946189642,19.40764993911185,20.296651078953232,20.439513706952084,61.25716781094219,60.43259427442147,58.98183893356713,26.0,-1.0,18.5,26.0,20.773597958376314,20.630735330377462,19.566661056894333,22.31134121258652,18.773982670139773,20.542661941363146,3.5373585424467455,21.957605358341844,56.03485980110284,55.89876468183188,51.66783583832674,0.8590335502880341,19.638752052545158,19.660645867542417,19.616858237547895,19.573070607553365,IMG_00246.tif,15.225,juniper_right_8,20.630735330377462
1,2.0,15.89788230523823,15.897895237306042,16.67326608644405,16.67397602136592,17.460406544318072,17.46313937713342,0.9271662398237501,0.638077900003631,1.0117794915084364,0.5287237933694048,25.0,14.185543323431489,14.005540050719864,14.43449420138515,14.43449420138515,66.37025571098714,65.68908441063653,65.68908441063653,25.0,-1.0,12.5,25.0,15.570426730025986,14.92600079772265,14.158945106770602,17.015814087157057,12.424551196427498,14.720182641792277,4.59126289072956,16.556687798084102,63.07131974230528,62.561460315185926,54.322784083451786,0.7882253977657365,15.916803503010401,15.873015873015873,15.85112205801861,15.632183908045977,IMG_00247.tif,15.225,juniper_right_8,14.92600079772265
1,2.0,18.897564253844234,18.90047048874238,20.240723594133645,20.242866973649356,21.60184979419432,21.603061276813577,1.6350036104374357,1.0675871776337644,3.1116323514484554,0.8337867507438397,14.0,16.989469829958907,16.981882863801147,16.677791097535533,18.58243150274754,67.48640663738664,69.47857100392677,67.00691772204209,14.0,-1.0,15.5,14.0,17.110507529885552,18.54238585349023,16.16459171598902,16.822060749243406,17.10565833165626,16.963859540449832,-0.28359758241285615,16.850420507484692,64.73951545343104,64.73802701209114,65.26775594842636,0.7270849396470291,18.894362342638207,18.98193760262726,18.894362342638207,18.91625615763547,IMG_00248.tif,15.225,juniper_right_8,19.017634025956568
1,2.0,16.662003853951212,16.663889232602898,17.410890163051317,17.412092675685,18.172390117880504,18.173057472276874,0.7668927826734314,0.742275457000543,5.30611552347538,0.6733788453250492,20.0,21.243723287570816,21.364971360701656,21.220924265086325,20.986007452905255,50.618018739064595,53.98297148450226,54.2734239714974,20.0,-1.0,19.5,20.0,20.802454452418374,21.242726734216518,22.000908501251644,19.453890311107077,23.115158902985804,21.284524607046443,-3.6612685918787267,19.82001717029495,45.95487945765477,45.84365920529567,49.96643528058932,0.6178466327566666,16.70498084291188,16.72687465790914,16.639299397920087,16.420361247947454,IMG_00249.tif,15.225,juniper_right_8,21.242726734216518
1,2.0,19.388003072368384,19.4077927155384,20.638789456305453,20.66066088935005,21.94815001677543,21.967393192824012,0.9204654472518927,1.639135030033717,4.462934719455393,2.636589175642768,25.0,14.958854614171116,15.026083472836657,15.100506394486587,17.01529186899714,78.84805652132805,75.89040220936188,71.34776540447689,25.0,-1.0,14.5,25.0,17.902413932292063,17.902413932292063,15.602514242874975,19.871312984246735,12.000380252818859,15.935846618532798,7.870932731427878,19.084219711103948,71.98896224748421,70.51714754815445,56.96014307608672,0.8023163735404568,19.26655719759168,19.354132457580736,19.46360153256705,19.441707717569788,IMG_00250.tif,15.225,juniper_right_8,17.902413932292063
1,2.0,13.216323025071432,13.218523773355203,14.129080543485903,14.131010177155442,15.133717888575783,15.134435472830388,0.9841667383628147,0.9317449611123683,-5.3175212830189755,-0.9468766391479347,15.0,23.17597559630073,22.70682839966654,23.16553019246342,21.968247140644024,37.681876922781626,37.681876922781626,37.681876922781626,15.0,1.0,21.5,15.0,23.00838837806711,,21.811105326247713,26.901511588043775,18.488207962478665,22.69485977526122,8.41330362556511,26.060181225487263,34.60111881039804,34.21033574214405,29.17207103130184,0.5276222321156151,13.235908141962424,13.194154488517748,13.152400835073072,12.839248434237998,IMG_00251.tif,15.966666666666663,juniper_right_15,
1,2.0,18.81438582624707,18.831739676345908,19.934192516087148,19.959205424646093,21.062781049314008,21.099030837147744,1.4267236990608845,0.8405674617409545,-0.17152327680360138,-2.8687550622118376,11.0,13.879252670657621,15.571038311224953,14.915805445347104,18.856132517449396,69.9344547858284,66.66615441195351,56.19210541109286,11.0,1.0,12.5,11.0,14.932206206134083,13.8956534314446,18.872533278236375,14.297198244426554,16.642065853359714,15.469632048893134,-2.3448676089331606,14.531685005319869,70.71822781432061,70.58404482275829,76.23643811379834,0.6534323608377144,18.91111111111111,18.866666666666667,18.91111111111111,19.0,IMG_00252.png,15.0,lumify_png,
1,2.0,22.679762153029664,22.68100957620057,24.163739341067906,24.163741838199215,25.61449656180574,25.61614647856662,1.4775279131739363,1.457608989192107,-8.948957648262173,0.026048110799010437,14.0,17.49589806836343,18.113159982454903,18.670946350289512,19.333395172727165,132.59866905619833,129.83096690196228,101.89426335071812,14.0,1.0,17.5,14.0,18.991027292842915,18.991027292842915,15.121463318121869,21.441371537059844,13.498472701085326,17.469922119072585,7.942898835974518,20.647081653462394,76.65699973077133,75.33566510278038,61.869002785870904,0.6594856078175562,22.761194029850746,22.860696517412933,22.7363184079602,22.686567164179102,IMG_00253.png,13.4,lumify_png,18.991027292842915
1,2.0,18.507320568369327,18.528778422129136,19.53043428379096,19.5410524374025,20.601229852070645,20.604534969999907,1.2721415583217581,0.8036149895490152,0.14241211627767275,-1.888895032840212,10.0,15.999928375291944,16.48659199511089,16.724288208357763,15.849113741808452,59.97217930487881,56.46883172689123,59.578831761480124,10.0,1.0,15.5,10.0,17.707854437098632,17.792370069293327,16.78658074116524,18.25786701628527,15.97318296344988,17.115524989867573,2.284684052835391,18.02939861100173,63.0203792398749,62.927915380884734,59.1126206569731,0.8394098748316007,18.527131782945737,18.527131782945737,18.527131782945737,18.66279069767442,IMG_00254.png,17.2,lumify_png,19.915279842366715
1,2.0,25.57630695137983,25.576701811957847,26.72570114821225,26.72570452815093,27.925566229424202,27.92562603509431,1.2958751117553136,1.0530491113811429,1.9297238066518048,-0.0288155865456119,13.0,17.9945736469447,18.51377734456025,18.427845995952623,18.427845995952623,78.29348980852758,79.15572209753218,79.15572209753218,13.0,1.0,17.5,13.0,16.1154216387323,17.28470886539432,17.91733508000533,14.299191595300393,21.120802759314763,17.709997177307578,-6.821611164014371,14.98135271170183,85.11257918384649,84.06435805089437,103.53779357915768,0.5933417743357959,25.697674418604652,25.63953488372093,25.600775193798448,25.697674418604652,IMG_00255.png,17.2,lumify_png,
1,2.0,20.210397148498522,20.21189443080614,21.391548086316682,21.392979080688384,22.59040398300394,22.591617161400173,1.1634163559666533,1.2163063746273854,-5.8008278284309,-0.6627097814038261,9.0,17.97681824521092,17.885457366935572,17.601304286602954,17.97681824521092,75.47937102129221,85.38539406794513,74.41202343048396,9.0,1.0,16.5,9.0,17.798643199835368,17.798643199835368,18.174157158443336,16.812866706635457,21.14156569997975,18.977216203307606,-4.328698993344293,17.24573660596989,62.314377407796535,62.047630953451375,69.75843450397296,0.5456626173694855,20.251937984496124,20.232558139534884,20.232558139534884,20.290697674418606,IMG_00256.png,17.2,lumify_png,17.798643199835368
1,2.0,18.956216916879576,18.96777338296837,20.192205285736414,20.201332574905475,21.409567996660268,21.418224842327604,1.03701393735936,1.4134375219998718,-3.509824916109856,-1.7224034198491252,15.0,23.698624367517965,23.529218393002687,23.698624367517965,23.9062149295128,49.50261241262112,49.50261241262112,48.884967411063265,15.0,1.0,22.5,15.0,23.13044876743203,23.13044876743203,23.85396849724296,21.19193505296372,26.626532311974728,23.909233682469225,-5.434597259011005,21.735394778864823,46.95477708703199,46.75710833941553,52.421818808937424,0.8337482478711034,18.972868217054263,18.953488372093023,18.895348837209305,18.77906976744186,IMG_00257.png,17.2,lumify_png,16.183847111829948
1,2.0,27.301627562342887,27.34129250357621,28.458738949283987,28.49648198512351,29.640013425044355,29.670744935351365,1.0747647866791872,1.2546876450959676,-5.76542918667781,-2.9492281278904495,10.0,30.198634198043806,29.902537534587946,30.158816144834447,30.158816144834447,56.8524979371212,57.13812721324768,57.13812721324768,10.0,1.0,28.5,10.0,31.79259156735253,31.79259156735253,29.96378955375576,32.78291379485008,28.300273924911775,30.541593859880926,4.482639869938306,32.33464980785625,53.72172622806793,53.629055847336105,50.33144791526217,0.559856371032635,27.46556473829201,27.38292011019284,27.300275482093664,27.272727272727273,IMG_00258.png,12.1,lumify_png,31.79259156735253
1,2.0,16.58163071983946,16.593848663871693,17.784229574655335,17.796487472453006,19.009857657251825,19.02071672272869,1.1775023985335629,1.2493656603234349,-2.669930221977745,-2.1266861984547925,9.0,23.165570441942748,23.568734925963952,23.165570441942748,23.463767477859506,41.51944918761455,41.51944918761455,41.4448976026397,9.0,1.0,22.5,9.0,23.986874859675908,22.971239669488625,22.439142053332716,26.115436535312828,20.205378847696117,23.16040769150447,5.9100576876167095,25.524430766551156,42.369279837985246,42.14391423189604,37.65605327340934,0.4010009695763947,16.644444444444442,16.622222222222224,16.555555555555557,16.6,IMG_00259.png,15.0,lumify_png,
1,2.0,20.46424533304324,20.47001737162749,21.596581746958744,21.605141656859587,22.721186800406574,22.729797411432177,1.3417531602401254,0.9180268795645621,-1.25207953248828,-1.6129021016148093,17.0,19.18210728568559,18.613525044488625,19.07834320574105,19.313866363236173,62.984188562956895,63.51690423770331,61.67126252313371,17.0,1.0,17.5,17.0,18.836027134608287,18.91459368693714,18.679070529442015,19.50948908144662,17.294386167974384,18.401937624710502,2.215102913472237,19.287978790099398,64.90913123842836,64.8318729239275,61.28283796436194,0.6819079464715838,20.406976744186046,20.406976744186046,20.310077519379846,20.0,IMG_00260.png,17.2,lumify_png,
1,2.0,21.49205566133293,21.492060691551362,22.38360683372771,22.383657376384498,23.272454868662226,23.272924311173433,0.6386414927061916,1.1422221269158779,-2.8969573660976518,-0.12175904151630625,10.0,14.608462670997866,15.529927782307077,18.337093114351262,18.337093114351262,93.84976661504328,78.39528580282575,78.39528580282575,10.0,1.0,16.5,10.0,18.219386238654835,18.219386238654835,12.76171138049304,21.90521275014278,8.39547776327953,15.150345256711155,13.509734986863252,20.55423925145646,88.35543224966702,82.2090430506892,57.590891354965585,0.5710765639184782,21.42222222222222,21.466666666666665,21.511111111111113,21.333333333333332,IMG_00261.png,15.0,lumify_png,
1,2.0,19.623715209679663,19.623785036370982,20.798733617223206,20.798886073081217,21.993568608438853,21.993699263398298,1.3182092051823355,1.0517050218449804,1.523901403359459,-0.21937640523824667,19.0,17.43464963989811,17.194055659292335,17.624633468318166,17.6727520458017,64.17385857173804,62.410375555265006,62.410375555265006,19.0,1.0,16.5,19.0,17.750137817822633,17.750137817822633,17.331832901928948,18.79683545288213,16.0999781592993,17.448406806090716,2.6968572935828306,18.52714972352385,65.56987978738704,65.44091522804614,60.898317311723915,0.5840583197020842,19.612403100775193,19.612403100775193,19.612403100775193,19.53488372093023,IMG_00262.png,17.2,lumify_png,17.750137817822633
1,2.0,13.74581394090101,13.746100582423166,14.707267382511274,14.707379399694318,15.711327406331424,15.711330422656511,0.6050180523882227,1.360211787845123,-1.5178215082464166,0.2236209980601182,10.0,15.532287153043725,16.44646583899919,15.987303360124827,16.08483170506463,54.3014530433278,52.76569298363795,52.76569298363795,10.0,1.0,14.5,10.0,17.675187475337765,20.12221652081513,14.37386596209555,23.668166037078556,8.539650789944005,16.10390841351128,15.12851524713455,22.155314512365102,53.72536604912344,49.55317673446589,34.23950051583564,0.5328645669995129,13.62403100775194,13.7015503875969,13.68217054263566,13.837209302325581,IMG_00263.png,17.2,lumify_png,23.058159080499934
1,2.0,19.62741583924949,19.66616863654788,20.781674337444052,20.81262305169994,21.913984852795842,21.937003415796905,1.1913200825591843,1.0795146966898366,-7.804800494529481,-3.124995225771404,9.0,28.44446336645808,28.679256299783255,28.31574112958174,28.21374589786484,42.13428742171238,43.411715228836414,43.516442084752995,9.0,1.0,26.5,9.0,28.685317256688023,28.685317256688023,28.454599788094782,29.910884641212114,27.611257062783903,28.76107085199801,2.299627578428213,29.680921883369294,40.68266317671385,40.66176878314878,39.235229399589414,0.5292270153462761,19.733333333333334,19.755555555555553,19.62222222222222,19.6,IMG_00264.png,15.0,lumify_png,
1,2.0,16.94572592615954,16.966751282406275,18.074455629677516,18.09904815180664,19.22469462678681,19.253383008522885,1.1588754896921538,1.1277562364244555,-2.715910421711114,-2.9871737613251743,10.0,23.80296152031096,23.157441467319003,22.694406662114034,22.610910298857135,42.059761551646595,43.98836644684187,44.145610915186516,10.0,1.0,22.5,10.0,24.290171953163423,25.857064502417444,20.688081164822762,27.947533927763622,17.85017215615717,22.898853041960397,10.09736177160645,26.937797750602975,44.266402569151765,43.556479546413634,36.16259816106268,0.5821899510312747,16.93798449612403,16.996124031007753,16.976744186046513,16.91860465116279,IMG_00265.png,17.2,lumify_png,25.857064502417444
1,3.0,15.401968044071655,15.404854907965529,16.29262114238687,16.294699167516846,17.18422189293123,17.185730668652873,0.6979607253361512,1.0829150353511952,-5.257442677063675,-0.9150492510443287,11.0,26.088010460166032,25.766067165906986,26.088010460166032,25.08363227882279,37.31485444814299,37.329422294008744,37.725666638123705,11.0,1.0,24.5,11.0,26.93376450125882,27.543725584938613,25.344507592765666,28.788147505751173,24.053842305526686,26.42099490563893,4.734305200224488,28.314716985728726,34.64777230097806,34.55774978073617,31.930677640020733,0.49478254346790124,15.488888888888889,15.377777777777776,15.377777777777776,15.4,IMG_00266.png,15.0,lumify_png,27.543725584938613
1,2.0,21.252052021820752,21.255768665664714,22.3839710267798,22.39475621856887,23.53981801595171,23.558806753106122,1.1994482342743673,1.1035898531670398,-0.13708705405667804,-1.778262326689219,16.0,19.482103097169457,19.66185059067371,19.60344698045043,18.488966189968693,62.09696130971399,61.852266781579274,65.00781649180404,16.0,1.0,18.5,16.0,18.250786140392023,22.269607774929113,20.069388219223413,19.500019904567733,20.573387491382597,20.036703697975163,-1.0733675868148655,19.607356663249217,62.04758594404924,62.03301381406292,63.67112099761291,0.6837995703462677,21.268656716417908,21.318407960199007,21.19402985074627,21.119402985074625,IMG_00267.png,13.4,lumify_png,23.100686739102287
1,3.0,22.750044447601912,22.766911548745018,23.493337840827905,23.49340640578297,24.09058962613035,24.113058635805537,-0.38178225794946624,1.727929345009988,-2.45021458929398,-0.13842541620549176,14.0,15.495616184504428,16.205662540006355,16.943373730287448,18.016852069839132,83.87232763080902,78.60285782244593,73.53924973836422,14.0,1.0,16.5,14.0,18.94799149684647,18.987962758498668,14.677336957944334,21.023989042589385,11.25608614585327,16.140037594221326,9.767902896736114,20.047198752915776,84.41417041585851,81.80077952954662,63.3837245104356,0.6340143174362319,22.715617383198715,22.716541184172833,22.835136584743086,22.73414537371063,IMG_00268.png,13.4,lumify_png,19.01769901394269
1,2.0,22.60572925202115,22.67642928710419,23.954279771118056,24.094380198041335,25.286638921737257,25.50883110479773,1.461105983414084,1.3712958342794563,-0.9560121774963899,-6.181731588652462,15.0,17.84379592872142,16.82950367240272,17.84379592872142,15.4219647527529,68.74781768369502,68.74781768369502,76.61300033028404,15.0,1.0,16.5,15.0,18.478796652726146,20.059620691390847,17.87751473072342,18.340627762675556,16.146713895381826,17.24367082902869,2.1939138672937304,18.121236375946182,76.49569371835014,76.39376507058323,71.96804411046838,0.6656943022815778,22.688888888888886,22.711111111111112,22.733333333333334,22.933333333333334,IMG_00269.png,15.0,lumify_png,20.059620691390847
1,2.0,19.33749881732897,19.36424822317591,20.3765595265054,20.407569767742746,21.454941526802994,21.48605480820802,0.8391776730163911,1.28262891201572,-2.6351437404268934,-3.158999572943172,14.0,21.206761733699295,21.765953097220393,21.976916141421697,21.976916141421697,52.699256494310674,51.11831401836326,51.11831401836326,14.0,1.0,22.5,14.0,21.3555506141023,19.390091262658842,23.844104330494133,19.233686915355197,24.5952141123885,21.91445051387185,-5.361527197033304,19.769839635058528,52.073252128821615,51.81808870501056,58.70782472509706,0.5585324330285892,19.41860465116279,19.37984496124031,19.30232558139535,19.36046511627907,IMG_00270.png,17.2,lumify_png,19.390091262658842
1,2.0,18.6766607662457,18.680439337535844,19.798234205549466,19.808075303416636,20.95796299568518,20.974998117882528,1.0505258405763909,1.2440329397702963,1.511728456519927,-1.8061601193922785,6.0,16.77977125622334,16.74301946969363,17.626328053529846,17.626328053529846,59.646209668570044,56.633786029223614,56.633786029223614,6.0,1.0,17.5,6.0,17.553217183739434,19.81149973851089,19.25238768960145,17.90785879912752,15.405423262512352,16.656641030819937,2.5024355366151694,17.657615245466005,65.29239962659413,65.17092227368244,60.75150491906893,0.5088180402837945,18.74031007751938,18.624031007751938,18.6046511627907,18.72093023255814,IMG_00271.png,17.2,lumify_png,19.81149973851089
1,2.0,18.67920348184949,18.688708173604315,19.82897250988587,19.83747041305675,20.97821127257561,20.98678267961734,1.1133036367149016,1.1847708692981198,-6.7550021041015285,-1.6771267193630701,13.0,18.8600050205595,17.94601904074757,17.76328081067294,16.670747208705194,65.04693283028337,67.53031211924242,72.60732413622749,13.0,1.0,18.5,13.0,19.529602660881977,15.45420245619988,17.340344849027673,21.595653844900273,17.01196362983757,19.30380873736892,4.5836902150627035,21.137284823394005,56.611950035822424,56.34941338355606,50.61166627610176,0.7754516329419567,18.68217054263566,18.68217054263566,18.77906976744186,18.895348837209305,IMG_00272.png,17.2,lumify_png,15.45420245619988
1,2.0,15.958057938114406,15.963097222079483,16.690444247713714,16.695011322050068,17.456687726338473,17.460207514834053,0.7828262047591532,0.7142840879954143,-4.609232110094189,-1.3402111058720174,14.0,26.548289398286087,25.500389508196083,26.491031030681285,23.591750954477618,39.34867531980487,39.96610972263668,42.588861730812724,14.0,1.0,22.5,14.0,23.565951626024685,23.565951626024685,27.55851311178992,25.35135944380578,25.59212214560256,25.471740794704168,-0.2407627017967796,25.375435713985457,37.06703711633065,37.066769155059085,37.23106036152567,0.7114513359576355,16.007751937984494,16.007751937984494,15.988372093023257,16.1046511627907,IMG_00273.png,17.2,lumify_png,28.04969544253757
1,2.0,21.465819855077587,21.55390505747299,22.78988656734593,22.872785086835673,24.09451108773661,24.176632600030626,1.5530226674328191,1.069704875124822,1.1815820489233277,4.879583441490276,12.0,17.102487152037725,16.429264244931453,15.836960974187122,15.836960974187122,67.50214949698396,69.57722689695727,69.57722689695727,12.0,-1.0,15.5,12.0,15.92505577144928,17.769655548602856,16.938932173431198,16.093887117828622,16.934120622889033,16.514003870358827,-0.8402335050604117,16.177910468334662,75.72336800202238,75.70722764272811,77.62919441779016,0.7448154292934063,21.91542288557214,21.567164179104477,21.542288557213933,21.34328358208955,IMG_00274.png,13.4,lumify_png,19.1212974974259
1,2.0,25.245138034293838,25.336867561299382,26.745545927663443,26.82575330635779,28.18448909519497,28.29762591863825,1.2754559412184112,1.6853024161204473,9.67005428555973,4.4317688181441515,5.0,35.58881431049704,35.73620153908478,35.58881431049704,35.58881431049704,44.767200198776145,45.76268791460187,44.767200198776145,5.0,-1.0,34.5,5.0,35.20900405266926,,35.34624389180857,37.51018975140489,33.83439750293934,35.67229362717211,3.6757922484655476,37.14261052655833,43.14651483062507,43.11032463515615,41.28693555645978,0.5117361894452424,25.433333333333334,25.266666666666666,25.133333333333333,24.8,IMG_00275.png,10.0,lumify_png,
1,2.0,21.968377785208908,21.97369748945075,23.09852832063121,23.10969542932062,24.275745110835317,24.30361123194515,1.0986261305792668,1.2312876119151368,0.5517029815325158,-1.7812643695545267,18.0,15.160141740375067,15.383578008135194,15.486563814636696,15.89487086117731,78.13831727279347,77.39405935607745,73.07399144489246,18.0,1.0,13.5,18.0,16.311677814991015,17.4422380845688,14.642912113967412,18.31579805816969,12.449629718872755,15.382713888521224,5.8661683392969355,17.729181224239998,83.84838336957041,82.83270374476352,69.91994055062449,0.7160759979811138,21.996124031007753,21.976744186046513,21.91860465116279,21.86046511627907,IMG_00276.png,17.2,lumify_png,18.516736312029707
1,2.0,21.728141550829747,21.72979281337357,22.69126719807037,22.69290144808076,23.690570084794484,23.69162328531893,0.9651915447060723,0.9966389272392826,-4.725746475151296,0.6876294544029427,12.0,15.104548330314273,15.782006639508662,15.212674503318937,14.99642215730961,117.88948309344559,117.97803501310277,117.97803501310277,12.0,1.0,13.5,12.0,15.4464906051725,16.05990649561153,20.639066700654382,16.338807081016082,15.284736415186394,15.811771748101238,1.0540706658296872,16.233400014433112,79.72309765877185,79.69389116500658,77.18995860359307,0.5565706713567335,21.666666666666668,21.705426356589147,21.76356589147287,21.80232558139535,IMG_00277.png,17.2,lumify_png,15.230238259163173
1,2.0,19.676742687458816,19.68026569720182,20.78516256038426,20.79099584823393,21.952256524515676,21.95962396046888,1.2333865837299078,1.045971679537153,1.694505391054249,1.3572718530879009,10.0,26.76896117772408,26.52538715092955,26.721432582203448,26.721432582203448,44.19477163265542,44.21116743155007,44.21116743155007,10.0,-1.0,24.5,10.0,25.786831156053267,24.824724970969953,26.651153192033348,25.7418335523564,28.262991813673107,27.002412683014754,-2.521158261316707,25.99394937848807,43.36432186072935,43.33382153385032,45.30049433517142,0.48042817173389785,19.733333333333334,19.688888888888886,19.733333333333334,19.933333333333334,IMG_00278.png,15.0,lumify_png,
1,2.0,15.84277139365622,15.843544777150786,16.513273112596966,16.513986747541278,17.272442412476465,17.272812927997517,0.6849122757721366,0.744355875074596,4.5464095507565006,0.5326614687511506,12.0,16.3706863902283,16.124379320370103,15.460466425930946,15.589447260959531,64.49815949810282,71.50326054283794,71.50326054283794,12.0,-1.0,15.5,12.0,19.503380658580312,19.503380658580312,15.16378142237258,22.34405239638879,11.002433816009784,16.673243106199287,11.341618580379007,21.20989053835089,57.400831863182034,55.14152470697871,41.61543198081851,0.6323255987859941,15.820895522388058,15.820895522388058,15.820895522388058,15.820895522388058,IMG_00279.png,20.1,lumify_png,16.61369702815736
1,2.0,15.167695971217299,15.168379944610052,16.000656786250303,16.002918797057433,16.864710432253226,16.868320495840035,0.8619865151298491,0.8379540361001375,3.301607822885457,0.9633641550128804,9.0,15.660862949803402,17.20312425961806,15.660862949803402,18.55582716023929,59.28996760219935,59.28996760219935,48.5296467719734,9.0,-1.0,15.5,9.0,22.806052754573358,24.437098781095074,15.212661270382483,22.524153326034686,12.989653275117924,17.756903300576305,9.534500050916764,21.57070332094301,50.9311269889721,49.70010807873587,39.56816830729341,0.5871937701258921,15.1575456053068,15.17412935323383,15.140961857379766,15.124378109452735,IMG_00280.png,20.1,lumify_png,24.437098781095074
1,2.0,17.745374788358003,17.75176476006565,18.846271699103703,18.857655780468246,19.95889733882083,19.978101508221197,0.8626418022946727,1.3636949458608714,4.195319982028283,1.9909695789176167,9.0,23.354616335937607,23.733629326073984,23.354616335937607,23.470439731055535,46.739698642680594,46.739698642680594,46.739698642680594,9.0,-1.0,22.5,9.0,23.484318452551832,26.307217237671836,23.60014184766976,26.519887499298342,20.344388205536145,23.43213785241724,6.175499293762195,25.90233756992212,44.83618162670351,44.58186190739993,39.70482669582195,0.4858569965331786,17.761194029850746,17.711442786069654,17.736318407960198,17.761194029850746,IMG_00281.png,13.4,lumify_png,26.307217237671836
1,2.0,19.309538280223926,19.311866918399666,20.35789321321121,20.36800595111928,21.507739890483478,21.53146730784876,1.092610561261221,1.126989828187871,-1.082475128598525,1.8055757785704774,19.0,16.931375047058566,16.96524080823304,16.931375047058566,16.93794076014663,70.6317493058135,70.6317493058135,70.6317493058135,19.0,1.0,15.5,19.0,17.430255567994635,17.430255567994635,17.647075292378048,17.49539107604093,17.927246275053758,17.711318675547346,-0.4318551990128249,17.538576595942214,63.48081256128475,63.47771159996422,64.2361970506295,0.6135249652346508,19.36046511627907,19.34108527131783,19.36046511627907,19.476744186046513,IMG_00282.png,17.2,lumify_png,16.21313880043644
1,2.0,22.936860220453884,22.996998876904954,24.32017168163382,24.372743670352435,25.686255745942525,25.728021719893686,1.459222068627028,1.2718007743617041,-7.747247377620234,-3.7639228936140015,10.0,20.31108919630968,19.599010380708577,19.393657035908916,19.393657035908916,75.58433833075208,77.2605415220019,77.2605415220019,10.0,1.0,19.5,10.0,20.591630434376498,22.423866867252855,17.578025374055358,25.321029191919934,11.390783295328655,18.355906243624293,13.930245896591279,23.928004602260806,76.30990847494287,72.54927940245854,53.41986823648801,0.43375061359595746,23.08457711442786,23.034825870646767,23.009950248756216,23.134328358208954,IMG_00283.png,13.4,lumify_png,20.787341365845776
1,2.0,18.681021640701253,18.682450472236763,20.224369820627828,20.22465746845979,21.878954491838194,21.879407562017406,1.656923186879543,1.540033902901098,4.716560189750839,0.3055822399541641,9.0,24.089304113897725,24.537962516780432,24.197494406581967,24.197494406581967,46.8494126554563,46.8494126554563,47.44583915153054,9.0,-1.0,22.5,9.0,29.023089403133213,26.150250050472238,24.111572741173575,30.52887057416893,22.16469922243983,26.346784898304378,8.364171351729102,29.69245343899602,42.35620512981342,42.00903999487464,36.7022669440403,0.6724012457168452,18.70646766169154,18.70646766169154,18.70646766169154,18.65671641791045,IMG_00284.png,13.4,lumify_png,30.219819041635475
1,2.0,20.02149883455189,20.03535397901343,21.34131737643071,21.35797934513949,22.70842490030966,22.725135618882803,1.7173892417790246,0.9723923980903565,5.351047626186259,2.2633355465971947,14.0,20.33786506671953,19.630705137024997,20.32536214639933,18.28900614286448,62.73613478771529,63.73304938347028,65.64079250819822,14.0,-1.0,18.5,14.0,20.65613011633704,17.53899597174859,19.979198939286306,19.628901971691395,20.078885153438637,19.853893562565016,-0.44998318174724183,19.67390028986612,58.86220762972628,58.85973266534548,59.50733938994169,0.7719298941333842,19.98062015503876,19.98062015503876,20.0,20.0,IMG_00285.png,17.2,lumify_png,17.53899597174859
1,2.0,21.664168813529198,21.68372148308815,22.807578208772327,22.834082701313,23.925112701359545,23.95790310704312,1.4483109304252215,0.8258706935297462,6.001396322999233,2.7608805029279497,8.0,22.72596161378769,22.152196693742724,23.844160707680516,23.997245614943324,61.063910154947834,58.63445655562025,58.63445655562025,8.0,-1.0,22.5,8.0,23.3522709600623,,20.841515745980445,31.64527419517725,11.645274195177253,21.64527419517725,20.0,29.64527419517725,63.35500076796138,58.650139253778796,41.233733192082575,0.4403991684860234,21.666666666666668,21.666666666666668,21.78294573643411,21.80232558139535,IMG_00286.png,17.2,lumify_png,
1,2.0,15.23510934297329,15.235397227246658,16.29288106506563,16.293943172144306,17.380503517198612,17.381584752441164,1.0294340371908055,1.1167534880037038,7.217737701420369,0.6542007570595099,5.0,34.10022869242334,35.48108255889356,34.10022869242334,34.10022869242334,30.363928439647374,30.363928439647374,30.363928439647374,5.0,-1.0,33.5,5.0,33.88703182568884,31.67715917402657,36.36175068163496,28.168894972718,40.79604606433857,34.48247051852829,-12.627151091620567,29.43161008188006,27.145863019263484,26.85489952478274,32.20695718325584,0.3722334560727617,15.271317829457367,15.232558139534884,15.193798449612403,15.174418604651164,IMG_00287.png,17.2,lumify_png,
1,2.0,24.4903490834448,24.49237147692316,25.77098596373885,25.77512418955568,27.062817879735217,27.06929856703687,1.2491637787450571,1.3277633113686542,1.9916606246116357,-1.0267155759492108,7.0,21.688450159203143,21.42698856532783,21.784396681193243,21.784396681193243,62.976180408996996,61.63713607744314,61.63713607744314,7.0,1.0,20.5,7.0,22.859359175279536,,18.02684563893166,29.152275245157803,11.925638755198158,20.53895700017798,17.226636489959645,27.42961159616184,74.30659883761163,69.80587745999833,50.2758302120122,0.2577301580048019,24.490358126721762,24.490358126721762,24.435261707988982,24.297520661157026,IMG_00288.png,12.1,lumify_png,
1,2.0,17.938959912511873,17.94096351530412,19.184655380523733,19.189091861201167,20.486317080218978,20.49433367769016,1.3702232558543952,1.183146906531648,-0.9818999541949195,1.2320776631962167,9.0,19.27350708842536,20.518900866137326,19.475342214269574,20.95807069617942,51.60681851372322,51.41630161215585,48.29896725564765,9.0,-1.0,17.5,9.0,21.80730526838593,19.489325743631042,17.5155257434985,25.469424343600117,15.792604758041113,20.631014550820616,9.676819585559004,24.501742385044217,51.86531077400735,50.91824875544242,41.72030799345251,0.5297261013896531,17.955555555555556,17.933333333333334,17.88888888888889,17.866666666666667,IMG_00289.png,15.0,lumify_png,
1,2.0,16.356195498526148,16.35895700184579,17.583454208331904,17.58563727685837,18.831759829660022,18.83365982440996,1.4971699578354374,0.9775328647287299,1.0958185515482122,0.9028108124741343,6.0,20.197647025219013,20.61113281651614,20.736814967863296,20.46733281319311,47.36027864494353,46.23162392805605,46.74893917389128,6.0,-1.0,19.5,6.0,20.79749801514882,19.42135101142773,20.528015860478632,20.229936060117456,21.18107782332855,20.705506941723005,-0.951141763211094,20.325050236438567,46.26801166798193,46.26003205738551,47.300349276124656,0.6085984030999283,16.377777777777776,16.4,16.355555555555558,16.333333333333332,IMG_00290.png,15.0,lumify_png,19.42135101142773
1,2.0,18.752805844505996,18.755452498614435,19.97143562075621,19.97362734747817,21.18878625919131,21.193845373035668,0.7307132543200137,1.7076796201012157,-5.326394150280611,0.8488018774655508,11.0,15.785490285311653,16.888986564772377,15.685895394622634,15.685895394622634,87.03966527623953,93.34237943158493,93.34237943158493,11.0,1.0,15.5,11.0,15.855625340291652,15.855625340291652,18.566497954241527,17.85567580090585,14.90246802415322,16.379071912529536,2.9532077767526306,17.56035502323059,66.63753668345491,66.45876608960813,61.12045419070161,0.7029908535349088,18.866666666666667,18.8,18.711111111111112,18.733333333333334,IMG_00291.png,15.0,lumify_png,18.81662339169199
1,2.0,17.600312202676072,17.611140871850473,18.577881127304284,18.586369241432305,19.568819614679228,19.575863440069252,0.9216504639903376,1.043072104228444,6.7191370712758065,1.7316594385883375,6.0,31.745878879099976,30.001173558721806,32.588969238031694,32.588969238031694,36.274940293091774,35.28961315619583,35.28961315619583,6.0,-1.0,31.5,6.0,34.51031425308952,28.227827007724017,32.680733732088186,33.81434015779944,26.814162267530502,30.314251212664974,7.000177890268942,33.11432236877255,34.93764146296077,34.78804015827999,31.55235326250268,0.33196436669824003,17.686567164179102,17.611940298507463,17.611940298507463,17.611940298507463,IMG_00292.png,13.4,lumify_png,
1,3.0,20.57332179986615,20.58142700680659,21.811361830123083,21.81476490261142,23.115126692003106,23.115137152692547,1.5772646689840069,0.9564454769019465,-1.5002540470406844,1.012053818266876,14.0,12.505922273701415,12.96870797616257,12.563595299247595,12.37926333121601,88.26927866884986,87.8842009490558,88.65435638864393,14.0,-1.0,10.5,14.0,14.562000319864467,14.562000319864467,10.697930579218905,16.669824234779778,9.241156221006829,12.955490227893304,7.428668013772949,15.926957433402483,94.43051828728048,91.80183075891269,71.74827350114202,0.7350849245673603,20.74380165289256,20.60606060606061,20.523415977961434,20.41322314049587,IMG_00293.png,12.1,lumify_png,15.412609892535869
1,2.0,23.179361954616322,23.251553675938005,24.501992058259024,24.572363610721105,25.82123468901618,25.889383874819217,1.4103906155436527,1.2274395833375606,8.943016270501062,4.337269720367587,14.0,22.972035048652174,23.459663467284397,23.43419785395477,24.478245533211634,65.30740568621326,65.31948733460462,63.09617387472779,14.0,-1.0,21.5,14.0,23.14631236191201,23.14631236191201,24.070637972517204,24.952278312191485,22.838099764070105,23.895189038130795,2.11417854812138,24.74086045737935,57.004585448812776,56.968334523100644,54.69987728774157,0.6950392207614603,23.22314049586777,23.250688705234158,23.27823691460055,23.388429752066116,IMG_00294.png,12.1,lumify_png,25.155443340888837
1,2.0,22.26106522116119,22.26166052122872,23.2352276545576,23.235715444037083,24.203359281812887,24.203636154801895,1.1691523619781266,0.7728232715950482,3.2752942124160405,0.3712586490801204,6.0,25.22348054979372,25.862209044108564,27.031298509368526,26.918948753498853,56.651102968019416,52.03624019882976,52.838480511846626,6.0,-1.0,25.5,6.0,27.37058692345471,27.258237167585037,22.66270648945607,21.857286093054448,35.07456727074005,28.465926681897248,-13.217281177685598,23.17901421082301,47.512690992398696,46.676852390212645,59.758557337864374,0.5840013403267361,22.36434108527132,22.267441860465116,22.189922480620158,22.093023255813954,IMG_00295.png,17.2,lumify_png,23.86730076017477
1,2.0,19.68895550174944,19.830142166273514,21.144399770855983,21.314169846159604,22.559254843610635,22.753204454949266,2.030379421259271,0.8926828674164824,-1.2573236107636483,7.236401903926036,13.0,13.069016456800682,13.475698190753958,13.069016456800682,12.95685433324337,64.71811077688066,64.71811077688066,59.17759813307716,13.0,-1.0,10.5,13.0,14.319086756655821,14.319086756655821,10.833348054342764,15.88631498554223,11.353535945351808,13.619925465447018,4.532779040190421,15.433037081523189,84.8830134746137,84.09987103119482,72.3482383060659,0.7635347726433526,19.779614325068874,19.779614325068874,19.834710743801654,19.75206611570248,IMG_00296.png,12.1,lumify_png,13.206328567857213
1,2.0,20.777650463982024,20.80653346451248,22.256223183336147,22.290782836985358,23.655911506658853,23.709670380648543,1.4234119482343295,1.4797249679017352,3.1897030814023504,3.190919054225878,12.0,13.990978089578377,15.166004916043041,15.61285601103964,15.61285601103964,86.21926343098897,77.45666754238201,77.45666754238201,12.0,-1.0,14.5,12.0,15.816826623492119,17.690211390741098,11.699303692309513,18.63784798288088,8.80948307651436,13.72366552969762,9.828364906366522,17.655011492244228,91.5933352611541,87.56537888832102,65.0028607771515,0.5628345627461555,20.798898071625345,20.798898071625345,20.826446280991735,20.90909090909091,IMG_00297.png,12.1,lumify_png,15.816826623492119
1,2.0,22.757100592315805,22.794193025868303,24.327682979953977,24.355970746020773,25.936308389223203,25.95139122168976,1.5374021721947178,1.619796023626743,-5.586299654852733,-2.761698581068757,13.0,23.330743228685833,23.070490339967815,23.325263064313077,21.94082256656779,59.4357605764932,62.46202160660018,62.46202160660018,13.0,1.0,21.5,13.0,23.9170906481437,25.279543249509487,22.527169986025655,23.997744436902316,23.211559707315644,23.60465207210898,0.786184729586672,23.91912596394365,56.73721581567291,56.73210211489503,55.856467247031105,0.7850960560512115,22.78236914600551,22.78236914600551,22.78236914600551,22.727272727272727,IMG_00298.png,12.1,lumify_png,23.9170906481437
1,2.0,19.669808505633224,19.705833847262706,20.949743602626825,20.989168466745195,22.23243747846358,22.27552273093835,1.2078869215525174,1.3618019621231243,9.341012899924682,3.512312255420935,12.0,28.751241562232266,29.210184900828835,29.891751379745386,29.93119164696455,44.483577496635654,45.70270727131849,42.09491133983406,12.0,-1.0,28.5,12.0,29.243917499479466,28.847678664162657,30.27703730442275,28.16847568996649,31.817316591270586,29.992896140618537,-3.648840901304099,28.533359780096898,39.20573424252991,39.15922863684384,41.46754447131713,0.7792778679492104,19.733333333333334,19.711111111111112,19.733333333333334,19.733333333333334,IMG_00299.png,15.0,lumify_png,27.88748654802049
1,2.0,16.158887545114375,16.18120772340972,17.780902289438174,17.801717467877587,19.427910459962636,19.445881641319676,1.388560286041537,1.8761136318684206,-1.1165158434527416,2.771016259169267,9.0,15.147617563775356,15.056754244740642,14.871931532263943,16.21576461830631,80.48751412102791,82.74869530450361,76.58508305664124,9.0,1.0,12.5,9.0,14.115916112938464,14.391602144449877,,14.03408908084468,15.080288871941828,14.557188976393254,-1.0461997910971486,14.138709059954394,64.38842523412907,64.36095761576955,66.70903295669335,0.402149510217638,16.22222222222222,16.244444444444444,16.155555555555555,16.133333333333333,IMG_00300.png,15.0,lumify_png,14.115916112938464
1,2.0,19.45573687273818,19.4579140966955,20.502238791884743,20.503812244260473,21.573865390126784,21.57472918809426,1.2335839910904343,0.8832311003083291,-2.3828064415668684,0.7098227274196729,9.0,19.866752870121644,19.375137891026775,19.866752870121644,20.039870192790005,52.13304253344799,50.983880213754745,50.983880213754745,9.0,-1.0,17.5,9.0,20.290320144850142,21.993392108837327,20.463437467518503,21.307836414327628,17.044767467527176,19.176301940927402,4.263068946800453,20.881529519647586,59.4759045596058,59.23420043826973,53.54473594897557,0.5770083926641644,19.53168044077135,19.53168044077135,19.44903581267218,19.50413223140496,IMG_00301.png,12.1,lumify_png,21.993392108837327
1,2.0,20.665269094261976,20.835595602941265,21.6462251818396,21.836144786990054,22.63932683576541,22.848400464841077,1.0768776590152254,0.935927202884587,6.57057752538475,7.562228966783043,14.0,19.65109176102939,19.544645404493675,19.53527162769049,19.53527162769049,59.38713264974282,59.604589996313734,59.604589996313734,14.0,-1.0,18.5,14.0,19.101872678476155,18.643700007797122,20.676080500192114,18.430306914851563,21.400189823935914,19.91524836939374,-2.9698829090843497,18.72729520576,60.818011187830216,60.70715277587351,65.40757521502742,0.7491996122949511,20.733333333333334,20.8,20.91111111111111,20.933333333333334,IMG_00302.png,15.0,lumify_png,18.643700007797122
1,2.0,19.178156232164614,19.190785807846407,20.510479185059946,20.51943988094008,21.798563814846183,21.803992953387958,1.152402027789252,1.460805117752304,4.558247600018119,1.69332981060735,16.0,15.665291320626253,15.757782561705655,15.396823584024816,14.977760079487922,75.1384769312987,76.82791154964816,80.74168197099708,16.0,-1.0,14.5,16.0,17.141000283189868,17.141000283189868,16.604064809986994,17.103945900370917,16.804142244373192,16.954044072372056,0.2998036559977262,17.073965534771148,65.6585447938117,65.65685578098446,65.09839945979094,0.7422448091037098,19.133333333333333,19.133333333333333,19.155555555555555,19.266666666666666,IMG_00303.png,15.0,lumify_png,17.141000283189868
1,2.0,28.06397979813626,28.07624294853331,29.5334293843525,29.534978409845294,31.00511791520815,31.00590414369355,1.4355068024481068,1.4941543927121284,-0.96049249607819,-0.5868140210150096,11.0,20.534062255933975,18.920458474381142,20.534062255933975,21.58262418778449,77.93034549089056,77.93034549089056,75.67938655561369,11.0,1.0,21.5,11.0,21.4310831014634,20.29380976079628,10.709917025318589,25.898141865159097,11.18219587760805,18.54016887138357,14.715945987551045,24.426547266403993,93.32992107708051,88.27897330197989,64.26688327927553,0.7389750472848858,28.07162534435262,28.09917355371901,28.09917355371901,28.09917355371901,IMG_00304.png,12.1,lumify_png,19.980218210306248
1,3.0,5.3941060486623496,5.395440518549659,6.194788703087578,6.1951405605190955,6.966552208402134,6.966568927071351,0.4522928028093618,1.1188356057123297,5.5968023970333025,0.6106571796791794,1.0,16.484761087710837,16.484761087710837,16.484761087710837,16.484761087710837,23.661375746007728,23.661375746007728,23.661375746007728,1.0,-1.0,14.5,1.0,,,,,,,,,,,,,5.43059593872158,5.396989506114179,5.418073738658096,5.373152445132445,IMG_00305.png,17.2,lumify_png,
1,2.0,18.04977468674155,18.06165733297091,19.2915608633678,19.30315620897844,20.54703728798252,20.558308868708053,1.3914019905039874,1.1052495452331565,0.6432373713709091,-1.9860357364389762,8.0,20.524157979184594,20.51742485448542,19.21398764512935,19.21398764512935,47.62371899122995,49.053379484055014,49.053379484055014,8.0,1.0,19.5,8.0,21.7775975463652,21.7775975463652,16.49822781408733,25.061606132544483,13.276278411738101,19.168942272141294,11.785327720806382,23.883073360463847,56.810314106875616,55.00256596574227,42.636142592524294,0.5372651524069736,18.06201550387597,18.06201550387597,18.04263565891473,18.02325581395349,IMG_00306.png,17.2,lumify_png,26.680504016796164
1,2.0,22.43477633845463,22.436042153005644,23.272792540387655,23.274210169802952,24.11622212709182,24.119594073796403,0.7271191849729272,0.9564327358178321,1.7965008578826522,0.6323881405722364,8.0,14.302014955046317,15.299497009464181,13.633744111077249,14.970285799015386,86.30270065886299,89.45097665468285,83.15442466304313,8.0,1.0,12.5,8.0,13.673599065926538,13.673599065926538,13.26970189454849,10.902996350739988,21.112202792294084,16.007599571517037,-10.209206441554096,11.923916994895398,84.24780116184536,81.34199370496569,118.59182106963343,0.6046967352527601,22.52723311546841,22.483660130718953,22.461873638344226,22.549019607843135,IMG_00307.png,15.3,lumify_png,11.804886606426805
1,2.0,20.649673100297306,20.65781769699047,21.527666477115222,21.533427132231207,22.396788678348475,22.40118936230469,0.7273981661517689,1.015973499162448,-6.277510695703812,-1.3253380688048546,9.0,30.10755475273328,29.948886315303817,30.10755475273328,30.94237425095733,44.41248877356099,43.30929986445687,43.30929986445687,9.0,1.0,30.5,9.0,32.0779824052004,30.9702962025126,30.13547670428855,32.713062209897835,27.938131874736126,30.325597042316982,4.77493033516171,32.23556917638167,40.89730539113382,40.81605139467346,38.13349557461599,0.6959757325615267,20.82222222222222,20.711111111111112,20.644444444444446,20.666666666666668,IMG_00308.png,15.0,lumify_png,30.9702962025126
1,2.0,13.121027154419266,13.130091614882417,14.026524339187642,14.034342615412955,14.927672470876372,14.93382497310031,0.8073848260190364,0.9963485321988562,-4.343976478124698,-1.9125696579670033,9.0,27.832589143133276,26.48581775683148,27.832589143133276,27.85511217684177,29.960279563126633,29.960279563126633,29.53355121449132,9.0,1.0,25.5,9.0,27.843507285658916,27.843507285658916,26.878352950974175,27.839429318117315,23.612860037862387,25.72614467798985,4.226569280254927,27.416772390091822,30.266550367014407,30.20036277595922,28.07111459196427,0.6206847137866336,13.117744610281923,13.134328358208954,13.117744610281923,13.233830845771143,IMG_00309.png,20.1,lumify_png,27.843507285658916
