image_id,ok,n_bands,mt_inner,mt_inner_vert,mt_center,mt_center_vert,mt_outer,mt_outer_vert,sup_thick,deep_thick,deep_angle,sup_angle,n_fasc,pa_med,pa_wmean,pa_wmed,pa_top5,fl_med,fl_wmed,fl_top5,n_fasc_kept,fasc_sign,pa_orient,v2_n,v2_pa_lowhalf,v2_pa_low3,v2_pa_uphalf,v2_pa_insert,v2_pa_fit1,v2_pa_fit0,v2_pa_fitmid,v2_pa_slope,v2_pa_fit09,v2_fl_curve,v2_fl_chord_mid,v2_fl_chord_deep,v2_fasc_span,v2_fl_stream,v2b_pa_fit1,v2b_pa_fitmid,v2b_fl_stream,v2b_fl_chord_mid,v2_mt_raw_1090,v2_mt_raw_1684,v2_mt_raw_2575,v2_mt_raw_mid,px_per_mm,family
IMG_00001.tif,1,2.0,25.079618187487497,25.092274631892973,26.302380747870554,26.31377118450968,27.557710114765477,27.569440767197428,1.4064626391582702,1.0707034961461852,4.256411184268277,1.6859004900695276,28.0,16.919267583212047,17.12202714012227,17.039733754343587,17.794008864419766,91.29314135412014,91.33908437371522,91.58157306369787,28.0,-1.0,16.5,28.0,17.725592225143487,16.8597930804045,16.841908807467036,,18.588836121278856,16.062581017635107,17.32570856945698,2.52625510364375,18.33621061091448,84.28966274066714,84.14211983903677,78.6066192871181,0.7125229569699578,95.91133004926104,18.588836121248075,16.141649151864133,95.91133004926104,90.13174807543774,25.32019704433497,25.172413793103445,25.09852216748768,25.1231527093596,13.533333333333337,juniper_right_9
IMG_00002.tif,1,2.0,18.021253849554995,18.022157647391744,19.07690717345089,19.0775273193532,20.18177158827997,20.18179610173381,1.3292939778238757,0.8303444765181902,-2.7001389622632064,0.4619816267958701,16.0,9.924255345384807,9.201623744699797,9.87659749375382,8.379040608674757,87.68409456760261,87.30633659558193,111.43926576910164,16.0,-1.0,8.5,16.0,10.191562042073484,10.191562042073484,8.172330753590188,10.28687774533546,11.151082899120762,7.587969256351917,9.36952607773634,3.5631136427688457,10.794771534843878,112.04598462541554,110.68656101723523,93.1758353595751,0.7482627900211694,80.26272577996716,11.151082899158345,10.849020655818792,80.26272577996716,95.7376841738376,17.97482211275315,17.99671592775041,17.97482211275315,17.99671592775041,15.225,juniper_right_8
IMG_00003.tif,1,2.0,23.24609857551779,23.253047463944185,24.411575752818344,24.415475110740225,25.609055468553542,25.610321091169528,1.4236705679472432,0.9336030592781028,-0.3445540115001834,-1.0240174820485084,23.0,13.505468457766485,13.20942067221462,13.065149923184038,13.669447770742863,97.25282604357254,97.25282604357254,95.22379991807767,23.0,1.0,12.5,23.0,13.003638973598695,12.731168468635673,13.725998446325576,12.731168468635673,12.296300164209857,14.614832879056337,13.455566521633097,-2.318532714846481,12.528153435694504,100.1661290577786,99.91971830925377,109.17376001159153,0.7931422065562573,107.5862068965517,12.296300164220638,13.998324201393656,107.5862068965517,96.11849295268024,23.201970443349747,23.25123152709359,23.32512315270936,23.349753694581278,13.533333333333337,juniper_right_9
IMG_00004.tif,1,2.0,26.600612851567018,26.60709330963607,27.827988200937,27.839476773965316,29.148123672753048,29.167680473220454,1.3800500041241817,1.1805371594602043,2.998945838908285,-1.6460956859401052,18.0,12.62198306986079,12.642929708509431,11.60010829292753,11.4074871937718,107.14267059894236,110.91546898756904,125.46930822925668,18.0,1.0,11.5,18.0,13.900896700738995,15.428021881953953,11.424893779595097,15.428021881953953,16.157317001792578,9.79805343244579,12.977685217119184,6.359263569346786,15.5213906448579,120.90844746188108,118.46605874626616,95.6034307363363,0.8197389781696156,83.79310344827584,16.15731700183236,15.100751064187335,83.79310344827584,102.12036054782726,26.72413793103448,26.699507389162555,26.527093596059107,26.45320197044334,13.533333333333337,juniper_right_9
IMG_00005.tif,1,2.0,28.364830650349592,28.39104452751907,29.51933618557155,29.540314801623925,30.78768818105937,30.810282063068072,1.7187371097621555,0.7005004257868531,5.014747850244434,2.1594551731315685,15.0,20.434912884190936,20.659376456596878,20.434912884190936,22.245381045350967,90.54559096754168,90.54559096754168,80.89425537512071,15.0,-1.0,19.5,15.0,19.144346616305143,18.747777902606146,22.634288875550027,19.144346616305143,16.64315193118131,25.99506260057716,21.319107265879232,-9.351910669395846,17.578342998120895,79.18759267769565,77.92701208036596,98.9186471746412,0.5448621948901304,102.46305418719211,16.643151931153334,20.063559465578003,102.46305418719211,82.58351109913787,28.407224958949094,28.407224958949094,28.44006568144499,28.57142857142857,10.15,juniper_right_12
IMG_00006.tif,1,2.0,34.071133197240336,34.113493852432704,35.36971786348385,35.40809116179279,36.68374792478124,36.717723396762615,1.6414031422159945,0.9628264021139163,3.4976575157235046,2.6677195261433218,22.0,20.05273245654226,20.539638053012165,21.352863765020658,21.352863765020658,100.111216841073,95.1740252675381,95.1740252675381,22.0,-1.0,20.5,22.0,21.38047986597905,17.77362638919871,22.072639309011837,21.38047986597905,18.33402318515555,22.334482319049325,20.33425275210244,-4.000459133893775,18.73406909854493,98.3292739294439,98.01722114429865,108.28151365380022,0.7690590943573029,120.39408866995072,18.334023185145472,19.999427258136954,120.39408866995072,99.58932539033616,34.12151067323481,34.08866995073892,34.1871921182266,34.285714285714285,10.15,juniper_right_12
IMG_00007.tif,1,2.0,28.39351316052575,28.3943104046019,29.64936270318418,29.650670655743657,30.90570614002701,30.90710662498859,1.3428712917371106,1.1699249286495723,-0.5125690477086682,-0.5381681135918891,16.0,19.03312444248489,19.80523693220623,19.887793159008567,19.887793159008567,86.7664435019594,83.30862981062819,83.30862981062819,16.0,1.0,18.5,16.0,21.14999047135953,21.41634049193138,18.690435123833534,21.14999047135953,23.60865617330481,15.077902056878225,19.34327911509152,8.530754116426584,22.755580761662152,87.12703340030689,85.71975333857596,70.89538840890005,0.6282320571961142,81.4285714285714,23.60865617329724,19.165220070459945,81.4285714285714,86.4858115748678,28.596059113300484,28.399014778325117,28.30049261083743,28.22660098522167,13.533333333333337,juniper_right_9
IMG_00008.tif,1,2.0,29.397518975764893,29.40665234342851,30.3920621781094,30.40285677319848,31.43959047454421,31.449386166481897,1.119380230918792,0.9233535921345944,1.7229377122571754,-1.5268503122579618,17.0,19.93417627331368,19.54222724545797,20.164500267947773,20.198758429224934,82.3672966901659,78.30774619153632,77.48393014058742,17.0,1.0,19.5,17.0,20.216148511864247,20.266277126133247,21.05320481904664,20.266277126133247,20.912941090201237,19.100371259589323,20.00665617489528,1.8125698306119096,20.73168410714004,86.00949621586322,85.95169674212853,82.38318345553226,0.7788686161508201,74.63054187192117,20.912941090231307,21.5483876155874,74.63054187192117,80.06438030930197,29.53201970443349,29.433497536945804,29.3103448275862,29.26108374384236,13.533333333333337,juniper_right_9
IMG_00009.tif,1,2.0,18.13526137903633,18.14126748318388,19.12527762309423,19.13446388652513,20.135521447392044,20.149210924131456,1.3949757031869725,0.6129677377606022,2.444368921448556,-1.7754821285788325,28.0,9.044876440876678,8.26371199905255,7.845139566133298,7.197699023888305,96.92865366365731,103.5140253413346,116.56187200175594,28.0,1.0,7.5,28.0,10.441620795306733,9.52502921922246,7.433671361199828,10.82693212643315,11.24281565118503,5.895317413680888,8.56906653243296,5.347498237504141,10.708065827434616,125.93957151076022,121.74974870923964,93.04581674147768,0.8286079093920741,87.18637992831543,11.242815651201107,10.410459573719852,87.18637992831543,100.39306097987335,18.210872162485067,18.106332138590208,18.106332138590208,18.189964157706097,15.94285714285714,juniper_right_7
IMG_00010.tif,1,2.0,19.426995033453515,19.451408656915607,20.40539455179078,20.429280820705515,21.424331834067026,21.4475920977444,1.1634076198927852,0.832775820936006,-2.7223507160633864,-2.770942885547228,28.0,14.296812790354837,14.283924569401604,14.54092827400646,14.65788272681678,78.07879796942726,76.80810798430228,76.1043169877398,28.0,1.0,12.5,28.0,14.83846290917353,14.83846290917353,13.0690728817072,15.867951321877795,16.264017389389778,11.75307077265305,14.008544081021412,4.510946616736726,15.812922727716105,80.95557563518307,80.25702450212668,69.36825911560722,0.7409017591389377,74.2200328407225,16.264017389390688,14.041006285581751,74.2200328407225,80.07519022273345,19.507389162561577,19.46360153256705,19.419813902572525,19.441707717569788,15.225,juniper_right_8
IMG_00011.tif,1,2.0,17.999561595327418,18.001952721136817,18.840873663116174,18.8444042902226,19.75035769975833,19.756043899030477,0.9818121647918348,0.7722790131018181,0.415367128086733,-1.1091215157083818,31.0,14.037581827100183,14.181135898710622,14.458749991569704,15.005243512592614,72.0417546791067,69.72168104776817,67.406458200775,31.0,1.0,12.5,31.0,14.983977342395576,15.026383117568088,13.40174295702073,15.6840073680942,15.650145726665142,12.469602568604792,14.059874147634968,3.1805431580603507,15.332091410859109,74.41674051255757,74.10101322584929,66.73192491184986,0.8790561082831816,67.78325123152709,15.6501457266713,14.745123021274669,67.78325123152709,70.72846616114853,18.12807881773399,18.018609742747675,17.90914066776136,17.66830870279146,15.225,juniper_right_8
IMG_00012.tif,1,2.0,20.051972544306377,20.057190908842426,20.92370308595761,20.93281629170399,21.879634518584588,21.894402508821635,1.2441610720575236,0.5930505279216861,-2.7876907569437277,-1.690733446882909,34.0,13.502368712937027,13.55943315039137,13.450038916772089,13.554698509101968,91.86404037064744,94.7054700418466,94.7054700418466,34.0,1.0,12.5,34.0,13.388068394859031,13.723408943853826,13.442378998213089,13.969747916706922,13.715188618291322,12.654473339479816,13.18483097888557,1.0607152788115062,13.609117090410171,87.92539455404564,87.87830255520022,84.5415426135867,0.8823228551061717,98.128078817734,13.715188618281552,12.448320994906126,98.128078817734,92.98818858829836,20.010946907498635,20.05473453749316,20.142309797482213,20.16420361247948,15.225,juniper_right_8
IMG_00013.tif,1,2.0,22.260818812444185,22.33123041933916,23.63700110022157,23.6955839529801,24.947194485540106,25.010801044174865,1.599070846109421,1.0804997787262838,5.0579750784478295,4.029755502293286,26.0,8.953267083453127,9.051251426116725,8.93591290864444,8.85303732920977,144.29916682027869,144.3353376290739,144.3353376290739,26.0,-1.0,8.5,26.0,10.047834970537451,10.507043773985515,9.04783381513164,10.847488669999109,10.21248925158413,8.529593072046149,9.37104116181514,1.6828961795379809,10.044199633630331,137.01295823292767,136.64509305500064,125.49150234528868,0.8447599376427882,135.632183908046,10.21248925157697,9.020211836788793,135.632183908046,141.9131500868845,22.337164750957857,22.298850574712645,22.45210727969349,22.75862068965517,8.7,juniper_right_14
IMG_00014.tif,1,2.0,24.86963657595888,25.11621957388133,26.418957191211703,26.65567388651432,28.14128599889708,28.398843597834897,1.8892144969153568,1.39340952703821,-2.8163696471022948,-7.641509607994672,23.0,11.757224565224362,11.74420913189388,12.387510222082057,12.387510222082057,106.43842373314176,106.43842373314176,112.50726249531428,23.0,1.0,11.5,23.0,12.748378937425317,13.643402467980197,11.557614445829444,13.643402467980197,14.127884900933374,9.504795354135496,11.816340127534437,4.623089546797879,13.665575946253586,123.69628495677898,122.11087771464376,102.44412752360644,0.7869391395688718,84.17077175697864,14.12788490097666,14.464359440822264,84.17077175697864,100.11012869269602,25.106732348111656,24.98631636562671,25.16694033935413,25.377668308702788,11.072727272727274,juniper_right_11
IMG_00015.tif,1,2.0,23.05630084313091,23.243466119223044,24.275883587189924,24.471845780489165,25.48222683272561,25.680997402924294,1.2813243996767298,1.156206884024525,4.332672276154474,7.255722186961691,19.0,11.028907711466443,10.750112981440562,11.028907711466443,11.028907711466443,114.16311169885986,114.16311169885986,118.8972641545969,19.0,-1.0,9.5,19.0,12.99401139468921,12.99401139468921,8.76415185315841,12.99401139468921,14.62133892785527,8.343785728770758,11.482562328313014,6.277553199084511,13.993583607946816,119.17954293440076,116.16492637725597,91.60931305388512,0.7163418711563859,83.74384236453201,14.621338927886056,12.969284643033957,83.74384236453201,103.03904180635216,23.448275862068964,23.2183908045977,23.251231527093594,23.34975369458128,10.15,juniper_right_12
IMG_00016.tif,1,2.0,26.231305256337883,26.25325904695492,27.511720301787143,27.53918636401672,28.84555751703408,28.880132026360013,1.4604208285892908,1.1664521508158057,2.3628400258086573,2.559153755164985,30.0,17.50213420410644,17.277507860495632,17.2516872143041,16.17756898264338,86.96917292450753,88.21046031457155,93.67578579409958,30.0,-1.0,16.5,30.0,17.435222175821366,17.435222175821366,17.727767475731838,17.435222175821366,17.854744103746594,16.778670354852146,17.316707229299368,1.0760737488944467,17.747136728857146,88.1485163763951,88.12052461129198,85.54776092578956,0.8221171209515434,88.53858784893268,17.85474410374559,17.215178243393005,88.53858784893268,88.6243553917273,26.2287903667214,26.18500273672688,26.18500273672688,26.07553366174056,15.225,juniper_right_8
IMG_00017.tif,1,2.0,22.377250920597064,22.38081954845374,23.575434660059727,23.59605864674756,24.78452072645892,24.83253418351412,1.568440919711282,0.8832737153490957,1.319615904012737,2.395718819053073,23.0,16.191540119175755,16.58803046294959,16.709709937875402,16.709709937875402,80.09868770697851,78.74681780045061,78.74681780045061,23.0,-1.0,15.5,23.0,17.050581502682093,17.050581502682093,15.319538398283951,17.050581502682093,18.519501910005783,13.46022999533504,15.989865952670412,5.059271914670744,18.01357471853871,81.90637750551046,81.22614565119231,70.44464056319347,0.8348290064060453,79.08045977011494,18.519501910001026,15.723318713009268,79.08045977011494,82.56749541314691,22.52873563218391,22.441160372194854,22.375478927203066,22.39737274220033,15.225,juniper_right_8
IMG_00018.tif,1,2.0,25.22538696789337,25.22767931814957,26.631497281795884,26.633419852183387,28.05420505689323,28.05579076766533,1.3755120281112818,1.4525994214044815,1.3479355538275892,0.6884428589729075,19.0,15.301945768883712,15.4550805461117,15.839022834747624,15.229937528142386,94.58219877416542,93.7967875467457,96.96039863476533,19.0,-1.0,13.5,19.0,16.834147691873937,16.834147691873937,14.143101610013533,16.834147691873937,17.770566438873526,13.57630378440141,15.673435111637469,4.194262654472117,17.351140173426316,93.91761461825696,93.3605118096661,82.63831755978991,0.7134916590445546,94.5648604269294,17.77056643886253,15.200678271684406,94.5648604269294,96.19246480993093,25.224411603721947,25.188834154351397,25.224411603721947,25.402298850574716,9.36923076923077,juniper_right_13
IMG_00019.tif,1,2.0,26.25515187601757,26.356999527528725,27.79928877340368,27.89471321098863,29.40135050439754,29.488755433202027,1.9292756887358025,1.202480216937498,7.245275845937156,4.740567860527628,15.0,15.84329296102689,15.881741792451937,16.25503109524672,16.25503109524672,102.06926838981036,102.06926838981036,102.06926838981036,15.0,-1.0,14.5,15.0,14.841779117532552,15.945204681559687,16.65971342664477,12.76454639620357,15.21883374222808,16.34060122481559,15.779717483521836,-1.1217674825875097,15.33101049048683,96.39681696101128,96.35665397188544,99.81925439644893,0.7519388190380218,122.10180623973729,15.218833742190116,14.625395977069596,122.10180623973729,103.77572611706614,26.173095658614688,26.5407772304324,26.611932129173507,26.36288998357964,9.36923076923077,juniper_right_13
IMG_00020.tif,1,2.0,18.65837184227963,18.65838111250919,19.83542951682963,19.835491815595557,20.97982969017545,20.97996468537759,1.3802302240593816,0.9413533488090176,-0.1282064387686754,0.143600508977214,24.0,10.849481753137198,10.840370824669163,10.845718835884696,11.423459819195386,97.87924075633391,97.94175885635173,93.10504403591482,24.0,-1.0,10.5,24.0,11.12518298724882,11.117657152743844,9.945797968404122,11.467020838919552,11.279533418767734,11.058568443638997,11.169050931203364,0.2209649751287381,11.25743692125486,96.32706747093704,96.32394125868876,95.39249454843196,0.7786602566296159,107.19211822660098,11.279533418766055,11.068627772832471,107.19211822660098,97.18681942030086,18.7192118226601,18.65353037766831,18.60974274767378,18.65353037766831,15.225,juniper_right_8
IMG_00021.tif,1,2.0,17.710067138309924,17.710499987112254,18.925258027645324,18.92690367941347,20.20952959699069,20.213487128954824,1.3867785681728475,1.1162085736697178,5.3061410931491215,-0.7555617458056478,19.0,8.109381310016573,9.382752379077198,8.71504106960225,8.71504106960225,87.34836351182517,78.13059657828484,78.13059657828484,19.0,1.0,7.5,19.0,8.801979170119523,8.801979170119523,7.788164164948228,8.801979170119523,10.689573912316506,5.466334652324758,8.077954282320633,5.2232392599917485,10.167249986317332,130.60006248645794,125.92376623824006,95.39626584852944,0.6065557044473522,72.2495894909688,10.689573912374607,10.887846678679317,72.2495894909688,93.67944886527432,17.90914066776136,17.755883962780512,17.690202517788723,17.66830870279146,15.225,juniper_right_8
IMG_00022.tif,1,2.0,23.331628055670173,23.36065183690323,24.38687487671392,24.416530569575823,25.508198408657197,25.535168069070554,1.1424882227034374,1.032028009463883,3.128882176784325,2.824188353503375,20.0,18.08906170276224,18.830061648391315,18.130413069304893,18.130413069304893,75.84744459862503,75.49017644087971,75.49017644087971,20.0,-1.0,17.5,20.0,18.300272903022037,18.07676128232535,18.170067524417505,18.07676128232535,18.08957423352757,19.82232170686704,18.955947970197304,-1.732747473339465,18.26284898086152,71.86397105449157,71.8147145371424,75.1307893169234,0.7787576617638521,75.04105090311987,18.08957423351819,18.79987340064054,75.04105090311987,72.38909435247241,23.700054734537492,23.50848385331144,23.207443897099072,22.742200328407225,12.18,juniper_right_10
IMG_00023.tif,1,2.0,22.569046649773124,22.63219549269247,23.707643388113496,23.77019880576382,24.87275643891425,24.93604093510272,1.2127507766670542,1.0910946657431912,-3.012869869502989,-4.157660051933712,22.0,15.531343060179154,15.150017138623603,15.474625216424585,15.474625216424585,82.06940231015142,81.6660986788284,81.6660986788284,22.0,1.0,13.5,22.0,15.41531521340218,15.762605197266652,15.13030145405287,15.744348014400089,15.161669887953266,14.427301261907951,14.79448557493061,0.7343686260453129,15.088233025348735,88.47802347211562,88.46002745785027,86.36614600868872,0.8067192014717574,79.47454844006569,15.161669887966974,15.514986530941195,79.47454844006569,84.44604273442803,22.93377120963328,22.7695675971538,22.523262178434592,22.2495894909688,12.18,juniper_right_10
IMG_00024.tif,1,2.0,26.84366257840007,26.852255699514075,27.876852103423737,27.8845715068609,28.977491433899957,28.984612249329786,1.28930393690866,0.8430526129070536,-2.2966996253041008,-1.3482099611792993,37.0,16.833788630004335,16.735360775687745,16.850173336640268,17.813853902834495,94.84546621485288,94.84546621485288,88.44356514356551,37.0,1.0,15.5,37.0,17.49901877790751,18.06554524990915,16.750964569000985,18.84039350767705,18.877230480472207,15.352233192920204,17.114731836696205,3.524997287552004,18.52473075171701,91.51348570581544,91.19329081415836,82.94738699556152,0.8927077302677349,96.55172413793105,18.87723048046536,16.627459401367215,96.55172413793105,93.78695947341348,26.885604816639297,26.84181718664477,26.81992337164751,26.732348111658457,15.225,juniper_right_8
IMG_00025.tif,1,2.0,24.359002190718883,24.363165423745716,25.747805483825424,25.748227941800995,27.114193920756357,27.114627477869227,1.8783720294344477,0.8730900246890639,3.892184499252196,-0.3282134001374953,15.0,10.535791238505794,10.50810557293191,10.110079026229414,9.97763467233733,102.0303486020106,102.0303486020106,102.0303486020106,15.0,1.0,9.5,15.0,10.760448428487422,11.471517826519914,8.59619655737228,10.202291862318958,12.577173461361228,7.313386866214849,9.945280163788038,5.263786595146379,12.050794801846587,144.45502665896765,141.0294580550012,111.85469598091105,0.7955590448315413,90.11494252873564,12.577173461431018,12.30866131268135,90.11494252873564,114.25590402925332,24.302134646962237,24.389709906951285,24.43349753694581,24.564860426929396,15.225,juniper_right_8
IMG_00026.tif,1,2.0,25.943872200599145,25.94423278640311,27.479954224198423,27.480747464951595,29.069633151667688,29.07084411260452,1.0084929042293185,2.1181184219720945,2.7901630731080904,-0.4353383365191137,28.0,14.617052949379357,14.701899675766386,14.71606917957942,14.518036719179293,92.6999633492688,96.65933461125924,96.65933461125924,28.0,1.0,13.5,28.0,14.261135155272228,14.261135155272228,14.508385409951444,12.662531071624016,15.003519992173755,13.865653466862543,14.43458672951815,1.1378665253112108,14.889733339642635,104.10253799197451,104.04909629808456,100.189088134139,0.7919237000355611,85.1231527093596,15.003519992195274,16.109159067791442,85.1231527093596,93.47660791304575,26.07553366174056,26.053639846743295,25.55008210180624,25.55008210180624,15.225,juniper_right_8
IMG_00027.tif,1,2.0,22.03673246088445,22.037300507374766,22.85813983138164,22.859272032455795,23.694098778910572,23.696072839853837,0.6443629227148293,1.0144094097642369,1.7430402466440873,-0.5702561873386675,25.0,14.088304913337254,14.317279759258994,14.267129962859684,14.191002855002182,86.81025328757323,84.12202434566035,84.12202434566035,25.0,1.0,14.5,25.0,16.16210018333578,16.295815298774528,14.395739675130416,16.16210018333578,16.444809833044353,13.045015797842856,14.744912815443604,3.3997940352014986,16.104830429524206,86.96391847733578,86.58091250317695,77.84135086750454,0.7971770629518458,75.27093596059113,16.44480983305802,15.71975838058222,75.27093596059113,81.33480466774581,22.06896551724138,22.02517788724685,22.04707170224412,22.13464696223317,15.225,juniper_right_8
IMG_00028.tif,1,2.0,22.23824881010164,22.23924000608084,23.1254751021325,23.126046810329225,23.98941162265004,23.98981137299913,0.7500187873008329,1.00055257961746,3.404711775103692,0.4028793745224122,32.0,12.765290861772044,12.84935619007371,12.768333460724593,12.443256620876753,85.47074655367433,84.95782967931132,88.80573961937961,32.0,1.0,12.5,32.0,12.958952904564086,13.044020738457078,15.008309189190784,13.044020738457078,12.075886942222567,14.805953723606406,13.440920332914487,-2.730066781383837,12.348893620360952,95.95546988116892,95.627204241358,106.24802749771392,0.7543478177780147,92.21674876847293,12.075886942231588,14.734956390136558,92.21674876847293,87.39141970842434,22.1784345922277,22.156540777230436,22.26600985221675,22.5944170771757,15.225,juniper_right_8
IMG_00029.tif,1,2.0,22.95934750881223,22.97808633234117,23.904794511327417,23.924799124184464,24.89546615084435,24.91611700162658,1.088897399611474,0.8491332696739319,0.2709469533214949,-2.34319710160096,28.0,13.191119003527804,13.420028404584974,13.409976310182117,13.15117000625338,87.49865017884807,86.56412918573581,86.56412918573581,28.0,1.0,12.5,28.0,14.230254888396075,14.230254888396075,13.072895281976258,15.215220698718923,14.977793154847236,11.921654906725111,13.449724030786175,3.0561382481221244,14.672179330035023,99.19202537901612,98.76704769023875,88.88722949666632,0.7663597602721403,87.48768472906404,14.977793154859835,14.492368565136744,87.48768472906404,91.7975322078068,23.054187192118228,23.0103995621237,22.94471811713191,22.857142857142858,15.225,juniper_right_8
IMG_00030.tif,1,2.0,16.999833726349806,17.003427498381253,18.24280787763896,18.245168977228,19.51821573103825,19.519883822355787,1.6846088067091078,0.8318475172654236,-0.0961912446840363,0.921776266029778,23.0,7.655940047784128,8.444407642467237,7.655940047784128,7.655940047784128,119.21812837296504,119.21812837296504,119.21812837296504,23.0,-1.0,6.5,23.0,7.39227308050863,11.438268099325796,6.795417011500547,5.852319141274393,9.501778056841273,6.128911686124511,7.815344871482891,3.37286637071676,9.164491419769597,127.03291721906967,125.03956868838785,102.99962537896889,0.8722436904250522,89.19540229885058,9.501778056853905,8.584283490847763,89.19540229885058,113.91213396126552,17.011494252873565,16.923918992884513,17.120963327859883,17.208538587848935,15.225,juniper_right_8
IMG_00031.tif,1,2.0,16.76246706659704,16.78560507860177,17.90986394946322,17.93245055052369,19.11305760927872,19.13597179581487,1.6486469079968722,0.7017198092162336,-0.6096771130278102,-2.8759997540502065,15.0,9.922341605540424,9.83361826798461,9.922341605540424,10.210582400129312,89.19876103819999,83.20108030048019,83.20108030048019,15.0,1.0,9.5,15.0,9.50682793866676,9.50682793866676,10.123346745863984,9.50682793866676,9.055978585589934,10.511803379183933,9.783890982386932,-1.455824793593998,9.201561064949331,98.91333919406684,98.73121414526337,106.59277642450584,0.8289395358224139,80.26272577996716,9.05597858560662,11.027031215758454,80.26272577996716,87.71607037536367,16.748768472906406,16.79255610290093,16.880131362889983,17.208538587848935,15.225,juniper_right_8
IMG_00032.tif,1,2.0,27.165950354151697,27.166931503569973,27.903892323559248,27.90408666035397,28.697048704668884,28.69705289305223,0.7802882541929237,0.7498331352893307,-0.227470386134351,0.213836330915491,33.0,14.2257554652291,13.024875907932088,14.27844334155742,14.27844334155742,107.40287284862066,107.43658354828229,107.43658354828229,33.0,-1.0,14.5,33.0,15.72156785221378,18.36596674163076,11.452680834231272,18.57507843221589,19.70913875268368,8.004547322202674,13.856843037443175,11.704591430481008,18.53867960963558,120.9458421920185,113.43264898103996,80.5548568037932,0.77983935693835,96.02627257799672,19.709138752686165,14.13814540242274,96.02627257799672,111.22035054666505,27.038861521620145,27.10454296661193,27.192118226600986,27.25779967159277,15.225,juniper_right_8
IMG_00033.tif,1,2.0,22.636349664769185,22.63721988421373,23.76751728030101,23.767933322572503,24.947255611721666,24.947256295093624,1.3277500816976715,0.9822863291822178,-2.0711154798429243,0.3390090428990921,23.0,12.20916971467338,12.646300427516197,12.193399188069948,12.067700702472422,91.33461680004288,91.33461680004288,91.33461680004288,23.0,-1.0,11.5,23.0,12.854348487065977,13.6968837493813,12.161877903901882,12.294171710947468,13.505493151318166,11.423682874129677,12.46458801272392,2.0818102771884925,13.29731212359932,105.11603493786362,104.87281183786776,96.92336504921197,0.8371998210779977,86.56814449917898,13.505493151333216,13.704252662166432,86.56814449917898,95.5439670499691,22.74767378215654,22.703886152162017,22.61631089217296,22.5944170771757,15.225,juniper_right_8
IMG_00034.tif,1,2.0,30.667099818560764,30.683547410732952,31.954438471426272,31.98208787058462,33.24443927185982,33.28745342944349,1.3530427665930629,1.2508632521174723,-1.059798324481784,-2.382639660036769,34.0,14.752936293864876,14.416773348774369,14.50540666506592,13.604818298602083,116.30315787624372,118.64391760401988,124.8527052179453,34.0,1.0,14.5,34.0,13.428163585559416,11.408476788524894,15.055433818749576,11.408476788524894,13.55541391238667,14.787598876690849,14.17150639453876,-1.2321849643041758,13.678632408817087,125.37036965367126,125.29203419309984,130.87255085784972,0.8607422610405002,122.98850574712644,13.55541391239436,14.66798335538882,122.98850574712644,121.1395930627227,30.89764641488779,30.67870826491516,30.67870826491516,31.19868637110017,12.18,juniper_right_10
IMG_00035.tif,1,2.0,18.17435726069828,18.174471847485943,19.36568029490674,19.365821949675464,20.615309919916065,20.61560520142852,1.3043109819304175,1.1368223720121602,-3.667905592371656,0.2191469987679825,27.0,9.430210960076836,9.393823506444356,9.430210960076836,9.104954270130293,93.9822163254856,93.9822163254856,96.66958690388364,27.0,-1.0,8.5,27.0,10.034493892620844,9.355636172548143,9.524813121668217,13.047632211092887,12.893785603941854,6.781756572038476,9.837771087990165,6.112029031903378,12.282582700751515,109.94982337840864,106.32929550053916,81.41510868118338,0.7654545178241945,81.44499178981938,12.893785603981115,11.64811180650143,81.44499178981938,89.9816147745357,18.303229337712096,18.237547892720308,18.12807881773399,17.99671592775041,15.225,juniper_right_8
IMG_00036.tif,1,3.0,23.60181263826225,23.60984748726337,24.7233092603859,24.731465248929347,25.8523128206365,25.860549497585755,0.9623443567643912,1.2883576535579953,-8.53529307936737,-1.4715090789196164,14.0,21.622206917390614,21.149870248376224,21.430562031100976,21.430562031100976,85.15933955301801,84.58490927245343,84.58490927245343,14.0,1.0,20.5,14.0,21.1023200459498,20.79634275699104,21.21325713701279,20.79634275699104,20.721099570297124,21.277767936213067,20.999433753255097,-0.5566683659159426,20.77676640688872,65.64563218131383,65.64186446592906,66.48403434040205,0.7012124389961973,96.40287769784172,20.72109957022414,17.587855368362483,96.40287769784172,77.84857108469814,23.58113509192646,23.621103117506,23.621103117506,23.621103117506,16.68,gray853_a
IMG_00037.tif,1,3.0,12.543993409563347,12.576338083511686,13.39729748412101,13.43561165473905,14.213624050919188,14.255451397478684,0.7145513102868243,0.9645620036801762,-7.864608002186126,-4.328046154792659,14.0,17.221612749482432,17.69666642531454,17.648733309289725,16.79449218967514,50.63856765515893,49.638556224062974,48.20119382187932,14.0,1.0,17.5,14.0,19.444946789387814,19.78895510615436,16.49313487089296,19.444946789387814,19.479173983848867,15.330524006458411,17.40484899515364,4.148649977390456,19.064308986109825,42.01028298754469,41.81331116541319,37.50706160689083,0.5492623603738658,53.41317365269461,19.47917398374005,15.507083243904647,53.41317365269461,46.78104129307548,12.66063270984459,12.674650698602797,12.654690618762476,12.754491017964073,16.7,gray853_b
IMG_00038.tif,1,2.0,15.19165189039412,15.19514083754679,16.15299467169272,16.156228790180304,17.148385781685977,17.15146238307022,0.7851521310725271,1.1711694144509022,-10.542682606557412,-1.1464439884680857,12.0,21.478296654930872,21.03423831143948,21.449513222946337,21.3631349156486,64.43823506716596,62.8187137062065,62.40257390514107,12.0,1.0,20.5,12.0,21.36976416560904,21.51370933687585,22.31076630675227,20.76483236101112,22.349999949377228,19.085961496058957,20.71798072271809,3.264038453318276,22.023596104045403,42.81256606843132,42.72558259622098,39.7486586802563,0.5586071158589581,78.05755395683454,22.34999994922983,16.057243371929008,78.05755395683454,54.64602924829244,15.147881694644283,15.207833733013588,15.187849720223822,15.047961630695443,16.68,gray853_a
IMG_00039.tif,1,2.0,17.892158053277186,17.895456397582944,18.88991652173493,18.892288700366656,19.898393668618738,19.89998151459949,0.4434360551496638,1.561089061866887,6.6705146965977935,0.9079743554328572,16.0,17.48000572725472,17.149973183263608,17.395438557333392,17.395438557333392,76.10495703818307,76.56951632700266,75.034035169624,16.0,-1.0,16.5,16.0,18.484384891006613,19.27634272796206,16.72433843705167,19.27634272796206,20.330187382781823,14.511960915689134,17.42107414923548,5.818226467092692,19.74836473607256,60.182378936656754,59.62633166754448,51.38199055238026,0.7063388405094844,85.4916067146283,20.33018738261118,14.510514799458466,85.4916067146283,71.24759693543854,17.82830605165777,17.74580335731415,17.845723421262992,17.98561151079137,16.68,gray853_a
IMG_00040.tif,1,2.0,18.51024674386755,18.52027194535279,19.56019566116437,19.56821063739396,20.607733555201904,20.613787492337323,1.0711033978253603,1.022412149159175,-10.98088339022878,-1.6399402193518222,9.0,22.044385780226605,22.28686467424199,22.19683461793716,22.19683461793716,67.6671025775411,62.36670261524563,62.36670261524563,9.0,1.0,19.5,9.0,21.657117072695428,21.657117072695428,21.50466823498488,22.75705982391986,22.3933484380676,20.879549273622267,21.636448855844936,1.5137991644453357,22.24196852162307,49.95873743958273,49.93878236125855,48.33336559116562,0.6142377713678624,80.719794344473,22.393348437270664,17.358515131723028,80.719794344473,61.71690431744556,18.68037703513282,18.55184233076264,18.38046272493573,18.12339331619537,7.78,h512
IMG_00041.tif,1,2.0,21.502493459159744,21.586329491956068,23.38081060094005,23.46578054137411,25.246969400513784,25.33201587756151,2.519924584685742,1.225761800919697,-5.863896172615329,-4.87734998839469,6.0,18.2716815838032,19.257145724249437,19.875377792635817,16.667985374970584,71.0161984137022,65.09367846563252,76.93871836177188,6.0,1.0,16.5,6.0,16.807240308845707,16.807240308845707,20.01463272651094,,13.68892804097724,26.123494589858986,19.906211315418112,-12.434566548881746,14.932384695865414,65.24700400883269,63.104649211716406,90.7920070066355,0.4436416501156957,79.69151670951156,13.688928040862384,19.430292068926057,79.69151670951156,64.58840797095063,21.89374464438732,21.89374464438732,21.5509854327335,21.59383033419023,7.78,h512
IMG_00042.tif,1,4.0,15.067124020408333,15.105973819770275,15.821975768133106,15.850010432458925,16.581947682265405,16.600311688462277,0.8889927900379432,0.6053450786540574,-7.801848520972307,-3.4082745223503963,13.0,16.042241149021322,16.205197170065393,16.118070186237418,16.118070186237418,69.13546491260212,68.85269459189821,62.4921756342181,13.0,1.0,15.5,13.0,16.9221854177635,16.998014454979597,19.5209507031862,16.9221854177635,16.662904858717418,19.63277481141381,18.14783983506561,-2.969869952696396,16.959891853987056,48.30350690880177,48.19710761021881,52.353818718080994,0.5673668444703763,67.86632390745501,16.662904858552327,15.86198581756032,67.86632390745501,54.924238075209054,15.119304820929166,15.152398560762366,15.281358068892631,15.295629820051412,7.78,h512
IMG_00043.tif,1,2.0,17.06748083389743,17.13229904750966,18.769464225073182,18.844839670837523,20.45902419600808,20.544773105958104,2.066619335914534,1.3458547225339033,-11.92857306430752,-5.126266936474534,21.0,21.141123766552425,21.247317148921624,21.141123766552425,21.743930922477347,54.41143563162731,53.09974664770656,53.09974664770656,21.0,1.0,20.5,21.0,21.78273645014008,20.64724601042465,20.99899486515355,21.78273645014008,21.54506427516442,20.94009425442425,21.242579264794337,0.6049700207401731,21.48456727309041,46.77356015135664,46.77046311861693,46.14441910076303,0.8500232192386019,70.69408740359897,21.545064275092816,17.765196140084676,70.69408740359897,55.53854902039428,16.966580976863753,17.13796058269066,17.223650385604113,17.35218508997429,7.78,h512
IMG_00044.tif,1,2.0,16.87229162340961,16.872869045964613,18.181899689139996,18.18201797079483,19.41375255210034,19.41437835523232,1.2662116321185526,1.2752976771491566,-11.688594584615084,-0.2066690867289067,16.0,18.09507884577997,18.196704580374774,17.97334317578739,17.97334317578739,77.33508935875011,76.2123034189361,76.2123034189361,16.0,1.0,17.5,16.0,20.02814026960877,20.02814026960877,17.18610022853761,20.95367859779157,20.87744365136273,16.53549219360908,18.706467922485903,4.341951457753653,20.44324850558737,52.55256927925223,52.319489780803,47.08559456059077,0.812613256331072,120.5655526992288,20.877443651190397,13.163115749750729,120.5655526992288,73.685235087864,16.538131962296486,16.795201371036846,17.052270779777206,16.966580976863753,7.78,h512
IMG_00045.tif,1,2.0,17.511657485216357,17.5183370527911,18.57932510690311,18.584581533014884,19.6472257669386,19.652027517652904,0.9824876577935344,1.151202807068269,-6.81640816293852,-1.362751773024763,13.0,15.5593568107912,15.4653310898884,15.612657396763607,15.612657396763607,84.51037376641439,77.91321729572874,79.27897844083145,13.0,1.0,13.5,13.0,15.570841008468475,15.553082407171589,14.495248005066289,15.553082407171589,16.476115879743293,14.16229188745545,15.319203883599371,2.3138239922878454,16.244733480514512,66.26166540583154,66.1368028346972,61.60838311492749,0.7546668782613158,96.91516709511568,16.476115879621236,12.783054341597571,96.91516709511568,78.97086705717442,17.566409597257923,17.566409597257923,17.566409597257923,17.60925449871465,7.78,h512
IMG_00046.tif,1,2.0,12.810351599882445,12.88322305317752,14.283534082692412,14.358955555172903,15.77717848288708,15.853987690961649,1.4232680135447708,1.547496624239358,-9.952470005891524,-5.87508275618123,18.0,15.127212133819071,14.885784702922184,15.38174449962554,15.960833389299497,60.73276728021222,59.69974487574935,59.69974487574935,18.0,1.0,13.5,18.0,15.822149418494462,12.6605839403704,13.910144895253666,11.894699370807842,15.042556740852635,15.059030756155268,15.050793748503953,-0.0164740153026327,15.0442041423829,49.13536848955576,49.135363632724335,49.16164763683256,0.7807525576583184,66.83804627249357,15.04255674074857,13.192350253311526,66.83804627249357,55.90740821768465,12.982005141388177,12.982005141388177,12.853470437017997,12.724935732647817,7.78,h512
IMG_00047.tif,1,3.0,14.67173204051366,14.67408906828831,15.556579159618211,15.558258614287624,16.43026558912372,16.43134914655522,0.5542362416984588,1.2030238365684531,-5.417485535241435,-0.8418702971397739,14.0,13.66594696640965,12.75376977777466,13.390801857592834,11.37675979585967,81.3954679402238,78.68263678061305,86.39611290852783,13.0,1.0,12.5,14.0,13.615290670607038,13.890435779423854,12.244464933201698,14.007324229941844,13.875279297167369,11.95705316027464,12.916166228721004,1.9182261368927296,13.683456683478097,65.65736061871354,65.53735304767666,61.08708999404743,0.6365219489936209,98.92086330935253,13.87527929711364,10.608655141237229,98.92086330935253,79.57229449547056,14.668265387689848,14.668265387689848,14.668265387689848,14.628297362110311,16.68,gray853_a
IMG_00048.tif,1,2.0,12.48374165126968,12.524599160631931,13.863893978896783,13.909240065537691,15.265548921003122,15.313846397847968,1.4290885271151996,1.360158710100835,-7.789664269441719,-4.627792677599748,12.0,14.506538726535922,14.640198932148325,14.83512760251827,14.659446099829722,59.36304265124031,58.39466345672807,58.39466345672807,12.0,1.0,13.5,12.0,15.252739524231233,15.252739524231233,14.63946871828,15.252739524231233,16.107641060902356,13.019670828358873,14.563655944630614,3.087970232543485,15.798844037648008,49.70218982705999,49.5171377012681,44.87900134329635,0.726458084438753,62.98200514138817,16.10764106079875,12.993432995169496,62.98200514138817,55.37888995443941,12.51071122536418,12.51071122536418,12.339331619537274,12.210796915167094,7.78,h512
IMG_00049.tif,1,2.0,15.782894537066344,15.791013429706164,16.88871729324127,16.89989129305959,17.976350022620213,17.99114664810117,0.8731061149885525,1.327027103406457,-5.471558973872194,-2.083646000583485,13.0,17.193721566620695,17.29097791638183,17.361117856368168,17.361117856368168,59.92789371455424,58.01362386024441,58.01362386024441,13.0,1.0,17.5,13.0,19.59633833072041,17.274196879198428,17.4415931689459,17.274196879198428,19.57970838873792,16.781835146956514,18.18077176784721,2.7978732417814047,19.29992106455978,50.60296653049748,50.50442355210471,47.02283082284036,0.7908311079013979,64.98800959232614,19.579708388685823,16.323446005239646,64.98800959232614,56.067117202390165,15.72741806554756,15.827338129496404,15.807354116706636,15.647482014388489,16.68,gray853_a
IMG_00050.tif,1,2.0,20.42803480215032,20.44030385693629,21.50482425253613,21.51871738062834,22.60425085087121,22.61970342731505,0.9946313340208752,1.1847682363578929,-8.52545658828686,-2.0589833191664506,22.0,19.300638483722068,19.60620011143504,19.420423824490484,19.48550791977237,74.9310522022133,74.30221638449694,65.21390749629987,22.0,1.0,17.5,22.0,18.69969255262825,17.93608396778876,20.50529754540244,17.93608396778876,16.293217684130028,23.069579983601496,19.68139883386576,-6.776362299471471,16.970853914077175,61.02136232752378,60.42421372707513,72.53616819843215,0.7591240833126278,101.07913669064747,16.29321768405629,16.286285479233868,101.07913669064747,72.56620640280858,20.523581135091927,20.423661071143087,20.38369304556355,20.443645083932854,16.68,gray853_a
IMG_00051.tif,1,2.0,14.425937282855392,14.430793885455753,15.495322682635114,15.500253825751155,16.58060001945181,16.585425030551722,0.608373571970542,1.546257573125426,-4.503430260244024,-1.4452851589360929,9.0,13.23139071985483,13.906977311296432,13.10619026574014,13.10619026574014,70.75586346868471,70.75586346868471,70.75586346868471,9.0,1.0,13.5,9.0,12.774628455370449,15.607908241487875,12.662183883534029,16.020320681832317,16.735813764537106,9.757917626641031,13.246865695589069,6.977896137896073,16.038024150747496,64.40629623863188,62.89934165639456,50.05294512053623,0.6294807978959456,75.89928057553956,16.73581376446883,11.904191858167648,75.89928057553956,69.87347149018018,14.388489208633093,14.448441247002398,14.468425259792166,14.628297362110311,16.68,gray853_a
IMG_00052.tif,1,2.0,18.178579601246494,18.194316650876345,19.140590152247157,19.153281323965725,20.150029790736752,20.16041547372432,0.7487280967314601,1.2173707261165172,-10.150047685946218,-2.08588749365812,14.0,21.293140080726037,20.98959166246321,21.226252194668547,20.632166070727152,61.7093660097745,62.00133025370718,62.00133025370718,14.0,1.0,19.5,14.0,20.596074097828165,20.596074097828165,21.19016022176956,20.596074097828165,21.25682230391549,19.837476750967788,20.54714952744164,1.4193455529477033,21.11488774862072,51.55104052069731,51.53092629886731,49.88628892359361,0.6497255438026369,74.9400479616307,21.2568223037665,16.681777792698746,74.9400479616307,63.0059367470206,18.005595523581135,18.20543565147882,18.305355715427652,18.58513189448441,16.68,gray853_a
IMG_00053.tif,1,2.0,15.67021366832729,15.684990628955084,16.809178415636026,16.821500196190676,17.9793802726736,17.98778229261898,1.0435068237581326,1.259284839905766,-7.216109641585485,-2.1931509101887934,13.0,19.62611822776111,19.9251169651805,19.556250071310927,19.556250071310927,56.48762155700819,54.86618782103285,47.63627588466689,13.0,1.0,18.5,13.0,19.51242153423655,18.14185181484569,20.17887875257776,18.14185181484569,18.367089117530448,21.332006520211745,19.84954781887109,-2.964917402681293,18.66358085779858,46.113587270903295,46.02924659022155,49.60044820875067,0.6514494585114121,60.91127098321343,18.367089117368405,17.5070400524723,60.91127098321343,51.95512955320907,15.52757793764988,15.627498001598722,15.787370103916864,15.887290167865707,16.68,gray853_a
IMG_00054.tif,1,3.0,14.625521686696828,14.63295380737584,15.641305871485644,15.648655351021878,16.65903114873669,16.666204546102882,0.8488050778708516,1.1844456608561946,-4.729617660627016,-1.756080452987922,13.0,14.78678167975184,15.351535327714336,14.78678167975184,16.091565509919974,61.110577082139386,61.110577082139386,59.09042121480326,13.0,1.0,15.5,13.0,15.004596771274606,16.30938060144274,15.047031464633308,16.30938060144274,14.87145581403084,16.74356947888632,15.807512646458582,-1.8721136648554813,15.05866718051639,53.68565740088136,53.623542084190525,56.91533757827876,0.4988465918258409,67.50599520383693,14.871455813966708,14.246892172157994,67.50599520383693,59.35535931039588,14.588329336530776,14.588329336530776,14.628297362110311,14.688249400479616,16.68,gray853_a
IMG_00055.tif,1,2.0,16.307922117483656,16.315623816684322,17.5207936523469,17.526790949011197,18.73689847563833,18.74210854370631,0.6515589349999962,1.7749257920219914,-6.562348934163817,-1.4989135228577346,16.0,19.32542159471815,18.69633225730653,19.205030983915748,17.459916237133314,60.03237066945213,57.94277629774484,53.67761391708899,16.0,1.0,17.5,16.0,17.896594643067374,17.896594643067374,19.426462313820423,14.227166634313877,16.569075800733167,21.408616440885247,18.988846120809207,-4.83954064015208,17.053029864748375,50.272229941623166,50.003337207149,57.05448585984683,0.653354634040919,68.34532374100719,16.569075800662322,16.477226502431122,68.34532374100719,57.36363588217592,16.366906474820144,16.40687450039968,16.326938449240608,16.366906474820144,16.68,gray853_a
IMG_00056.tif,1,2.0,27.90621934489331,27.907422897296573,29.214886075610643,29.21561179859987,30.532497480016023,30.532887901537084,1.0201324259839986,1.6053325782565182,-2.684978523931391,-0.4038466428815533,25.0,8.203118909678807,8.026869884183165,8.203118909678807,8.777912679048086,163.52084424685444,162.8102475564138,162.8102475564138,25.0,-1.0,6.5,25.0,7.792459723817899,7.792459723817899,8.761572874455169,9.719578990982654,9.28681837525754,6.095562042547943,7.691190208902742,3.1912563327095977,8.967692741986582,211.50499976959907,208.43995656684072,172.8644849459703,0.6941236895431616,152.26011102299762,9.286818375283366,8.775787998375213,152.26011102299762,182.84485461316615,27.887919640496964,27.887919640496964,27.887919640496964,27.914353687549564,12.61,telemed_644
IMG_00057.tif,1,2.0,27.905486066725,27.906700140891587,29.21186779243433,29.212599781997763,30.528728723974545,30.52912042547567,1.020374092460735,1.6020461921233495,-2.687073649261622,-0.4056074069337778,25.0,8.203557508694644,8.00944549000367,8.203557508694644,8.78521628650364,163.9654422818376,162.57457071366602,162.57457071366602,25.0,-1.0,6.5,25.0,7.762598695001941,7.762598695001941,8.764511803216237,9.687608983571238,9.255177865806491,6.099686524763031,7.677432195284762,3.155491341043461,8.939628731702147,211.81664010672185,208.8053777807468,173.44541023341787,0.693973127938739,152.57731958762886,9.25517786583219,8.76409596037619,152.57731958762886,183.08173726791037,27.86148559344436,27.887919640496964,27.887919640496964,27.914353687549564,12.61,telemed_644
IMG_00058.tif,1,2.0,27.898323506616,27.899485753919887,29.211174751912896,29.211898114312365,30.52745011793188,30.52783650448865,1.0252514629058158,1.60309928766295,-2.673630639182212,-0.4032149285437428,26.0,8.117540993341379,7.996629411597974,8.201574789848792,8.842761614596697,165.488697742713,164.89342740573562,162.7497188667233,26.0,-1.0,6.5,26.0,7.679895660978104,7.679895660978104,8.790009158662656,9.6193014712631,9.231042331135312,6.034701328782401,7.632871829958856,3.1963410023529097,8.91140823090002,213.10892569889344,209.96242726443464,173.84969365919068,0.6945654470734635,152.8945281522601,9.231042331160769,8.73457022747451,152.8945281522601,183.64797507249148,27.86148559344436,27.887919640496964,27.887919640496964,27.914353687549564,12.61,telemed_644
IMG_00059.tif,1,2.0,27.89716604654597,27.898318452956428,29.21532721667396,29.21599512444937,30.537436862573543,30.537823540243703,1.0207003159182422,1.6188047713690306,-2.639861045362218,-0.3874238615930243,27.0,7.934664280491859,8.051925851939004,8.197019713040675,8.873213819912849,164.5933688870308,164.5933688870308,164.5933688870308,27.0,-1.0,6.5,27.0,7.770639973233301,7.770639973233301,8.776242899063504,9.63883180713094,9.3590715671908,5.9097596775225885,7.634415622356693,3.44931188966821,9.014140378223978,213.5894283207515,209.91100954935845,171.48471519347305,0.6943924619431838,152.41871530531324,9.359071567215327,8.742442416670675,152.41871530531324,183.47584007315345,27.86148559344436,27.887919640496964,27.887919640496964,27.914353687549564,12.61,telemed_644
IMG_00060.tif,1,2.0,27.893785354299897,27.894909400778825,29.21290522965123,29.2135520058162,30.540210343514968,30.54059844728185,1.0190558841685695,1.6266331623344596,-2.649656435657326,-0.3812617635888419,27.0,7.945340880718902,8.035727582723961,8.177027568857426,8.874056390641783,165.27738762617406,165.27738762617406,165.27738762617406,27.0,-1.0,6.5,27.0,7.823321563529362,7.823321563529362,8.752037073452243,7.823321563529362,9.370673890867929,5.8867444987725,7.628709194820214,3.483929392095428,9.022280951658384,213.8031235157329,210.0399397840732,171.2521416468198,0.6944086161860437,151.94290245836638,9.370673890893023,8.75736614855768,151.94290245836638,183.141925308152,27.86148559344436,27.887919640496964,27.887919640496964,27.914353687549564,12.61,telemed_644
IMG_00061.tif,1,2.0,27.01330909786242,27.01345407904752,28.15255533472364,28.15345166265282,29.26803736271426,29.26979646131073,0.9805069524547184,1.2758354298084835,-6.085032864266013,-0.4572002120480176,10.0,10.065276585944233,10.362027668575536,10.383892535123948,10.36422477262829,127.6254373109318,127.77254652651752,127.77254652651752,10.0,-1.0,9.5,10.0,10.606914709375816,12.582962445031058,9.786634038769876,10.38453041213802,11.832140582305,8.968640305862296,10.400390444083648,2.863500276442704,11.54579055466073,150.3656940503318,149.41490878692048,131.5478883297168,0.5310951318180503,98.17605075337036,11.832140582452247,13.338895560162491,98.17605075337036,116.91393639708777,26.883425852498014,26.989162040708432,27.01559608776104,27.200634417129265,12.61,telemed_644
IMG_00062.tif,1,2.0,27.034968405172144,27.03508968531024,28.167700222702408,28.168654778790543,29.284174397060735,29.28596704792925,0.971619527602051,1.2792578350169703,-6.096138317587586,-0.4716898477409992,11.0,9.769912941652308,10.365280614082293,10.41109625268055,10.156674713887584,128.48809487469006,127.48005155765404,127.48005155765404,11.0,-1.0,9.5,11.0,10.464159031962254,12.59725068810576,11.059249779400377,10.209737493169314,11.61179708714685,9.223905632324582,10.417851359735716,2.387891454822268,11.373007941664625,149.94545325707614,149.2893885819727,134.11860637923587,0.5299946192307885,99.9206978588422,11.611797087290736,13.353578965073496,99.9206978588422,116.88334595302346,26.93629394660323,27.01559608776104,27.04203013481364,27.27993655828708,12.61,telemed_644
IMG_00063.tif,1,2.0,27.037113293822376,27.03729233631193,28.168807855351982,28.170118497862603,29.315038416725905,29.317472944280617,1.0114049720803346,1.2687756358883522,-6.106224866238076,-0.5526969936057619,11.0,9.74391223818222,10.24487280624775,10.407899033581144,9.924312491232882,127.803783722953,127.803783722953,127.803783722953,11.0,-1.0,9.5,11.0,10.471674763295027,12.674628896599527,9.807687967896072,,11.57985440076174,9.059125361499538,10.31948988113064,2.520729039262203,11.32778149683552,151.45945559532765,150.7063988015095,134.49213605392208,0.5273875995836786,100.87232355273592,11.57985440090938,13.236457664020078,100.87232355273592,117.90643931955609,26.90985989955062,27.01559608776104,27.01559608776104,27.200634417129265,12.61,telemed_644
IMG_00064.tif,1,2.0,27.03816865763224,27.03835683242845,28.170318677694592,28.17128508552836,29.32108347110941,29.32370298252589,1.026174742989738,1.2591714071077091,-6.014344504178492,-0.4745869186900688,11.0,9.863195066817354,10.284426784050844,10.43586590857987,10.067520188808686,127.2933783001859,127.2933783001859,127.2933783001859,11.0,-1.0,9.5,11.0,10.431950065905312,12.817127368838328,9.859279224142767,,11.652609471046423,8.946495095683334,10.299552283364878,2.7061143753630907,11.381998033510117,151.87651493449053,151.00227965272032,133.6703798579888,0.5275472104504452,100.87232355273592,11.652609471194712,13.201801959445197,100.87232355273592,118.21615337392062,26.883425852498014,27.01559608776104,27.01559608776104,27.200634417129265,12.61,telemed_644
IMG_00065.tif,1,2.0,27.040633821195293,27.04082482183372,28.19195496065157,28.19292822640877,29.36741543509886,29.37022540078962,1.0321990464709496,1.2972015324849548,-6.081557766609671,-0.4760850112155987,11.0,9.487582914074949,10.066354422748274,10.35330924989094,9.68430463066042,128.27007338960271,133.08890183468628,133.08890183468628,11.0,-1.0,8.5,11.0,10.426779699405074,12.664995523506375,9.374519665628211,,11.542175780373732,8.79412173954915,10.168148759961442,2.7480540408245835,11.267370376291275,153.8849533652154,152.94734428089004,134.94458624105272,0.5325729366222293,101.82394924662968,11.542175780532329,13.064517306469948,101.82394924662968,119.4478371864016,26.883425852498014,27.01559608776104,27.01559608776104,27.200634417129265,12.61,telemed_644
IMG_00066.tif,1,3.0,19.05181111792566,19.074556980265346,20.564946768212664,20.593063326049705,22.099531332874108,22.13202236161284,1.4416198951788708,1.615845486168623,1.878976646706488,2.9943851068198457,20.0,14.35628299728326,13.69058848190722,14.099149525949116,13.742375257252462,72.39542979608498,72.66417195955475,77.07800109926232,20.0,-1.0,12.5,20.0,14.76672964995558,14.188458002771966,11.423819215806247,14.188458002771966,16.60985235107347,9.687408047534891,13.148630199304185,6.922444303538579,15.917607920719616,85.78504582661131,83.77981964769661,66.67079522621773,0.6260273864583411,74.35897435897435,16.609852351086676,13.56367145707609,74.35897435897435,81.26209437092649,19.02834008097166,19.1183085919928,19.18578497525866,19.365721997300945,14.82,left_ticks_800
IMG_00067.tif,1,3.0,19.065705438114534,19.08833457600288,20.582594178723998,20.61045327715207,22.09347901403901,22.125650193134696,1.44083856599437,1.596477051137446,1.828893123634025,2.979382889052685,20.0,14.0197703306155,13.64692265704744,14.164050028409378,13.753236508346504,74.21809057021964,72.21282698820312,77.35590718405557,20.0,-1.0,12.5,20.0,14.641624449785809,14.294861140768177,11.73568305228332,14.294861140768177,16.853285879222216,9.51446296841368,13.183874423817947,7.338822910808536,16.119403588141363,85.86972951026027,83.62066763530089,65.7830009414832,0.6132335350144213,76.11336032388664,16.85328587923701,13.599106869957344,76.11336032388664,81.11336330422138,19.050832208726945,19.14080071974809,19.208277103013945,19.365721997300945,14.82,left_ticks_800
IMG_00068.tif,1,3.0,19.08993999668701,19.112876652520985,20.564864341066603,20.59327145062585,22.068596427121957,22.101796527112484,1.4323824183530056,1.5565374562384966,1.845679419149082,3.0098054022366987,20.0,14.147129160875252,13.611384123851268,14.000118728371431,13.79450748433564,74.34868129108435,75.92618649594972,77.3321205942868,20.0,-1.0,12.5,20.0,14.509787749110387,14.3930970883076,11.448159723438836,14.3930970883076,16.910087110452665,9.400501841308497,13.15529447588058,7.509585269144169,16.159128583538248,86.28629440447337,83.906799831568,65.65270985481746,0.6129111642791663,75.84345479082322,16.91008711046777,13.586607487672556,75.84345479082322,81.2909027436991,19.095816464237515,19.14080071974809,19.23076923076923,19.365721997300945,14.82,left_ticks_800
IMG_00069.tif,1,3.0,19.09737726981274,19.12061436339128,20.555552378758435,20.584057627301284,22.041584789484144,22.074982191972985,1.4020086571489696,1.5523591714327356,1.9267452503295448,3.0156760216733702,22.0,14.258638935057206,13.80527979504112,14.137735210615205,13.984471548361796,74.24127327689942,75.28418364322191,76.54349110442466,22.0,-1.0,12.5,22.0,14.56211938899122,15.508150273025391,11.78530201409376,14.56211938899122,16.295245307897737,10.94271533897932,13.618980323438528,5.352529968918415,15.759992311005895,82.19223084157937,81.13146158282133,68.0841986624446,0.6868186736768105,74.89878542510121,16.295245307908672,14.022819700625169,74.89878542510121,78.8398213447278,19.073324336482237,19.14080071974809,19.208277103013945,19.365721997300945,14.82,left_ticks_800
IMG_00070.tif,1,3.0,19.139791766396524,19.16636804720482,20.560251529353213,20.5895284285734,22.043995867442423,22.078509585117285,1.341047103582668,1.5710944343297937,1.9778076759842016,3.055824749739536,23.0,14.270092183374372,13.971450407524928,14.270092183374372,14.140442614069713,74.43264770204141,74.43264770204141,75.63648897673268,23.0,-1.0,12.5,23.0,14.728657482716642,14.728657482716642,11.999293281088969,14.728657482716642,16.239755207167455,11.293572724580711,13.766663965874084,4.946182482586744,15.74513695890878,81.33836654902223,80.46280555241951,68.46808903146706,0.686035886231909,73.41430499325236,16.239755207180337,14.2487821111248,73.41430499325236,77.79382779851183,19.073324336482237,19.16329284750337,19.23076923076923,19.365721997300945,14.82,left_ticks_800
IMG_00071.tif,1,3.0,17.288498682929355,17.291189997010427,18.413734417850744,18.418347998325885,19.578269791305917,19.585864236366557,1.083105607127032,1.2115686322290955,1.30716664367557,1.282449903448903,19.0,9.644990955773665,10.327969098274384,9.644990955773665,11.750128647780627,101.5067289362109,101.5067289362109,85.5491661096654,19.0,-1.0,9.5,19.0,10.654648618026158,11.727118526257756,9.62886426300281,12.401503991746267,12.055791274862766,9.609705323197934,10.83274829903035,2.4460859516648314,11.811182679696282,92.36354263818816,91.97155531171632,82.7590213455383,0.6992301921524202,92.03778677462888,12.055791274850812,10.358932911790475,92.03778677462888,96.12918577924472,17.498875393612234,17.296446243814664,17.026540710751238,16.734143049932523,14.82,left_ticks_800
IMG_00072.tif,1,3.0,17.31192521049454,17.3148673073076,18.407512859308788,18.41183455888221,19.54335708492452,19.5509606115116,1.0480356524181318,1.188057651785867,1.3895398988324612,1.2414375580493162,17.0,9.5847321020114,10.412714670345965,9.725742492670662,11.576750613037577,101.14902583033783,101.14902583033783,87.20615963339958,17.0,-1.0,9.5,17.0,10.349460688717386,12.200468809084327,9.961465162507352,12.200468809084327,11.573659717812916,10.332498998351603,10.95307935808226,1.2411607194613123,11.449543645866784,91.1929644206428,91.09576384143416,86.27257106459477,0.6916375748638625,89.74358974358974,11.573659717800943,10.47457039044993,89.74358974358974,95.2075944948984,17.521367521367523,17.318938371569953,17.026540710751238,16.734143049932523,14.82,left_ticks_800
IMG_00073.tif,1,3.0,17.316505805300153,17.319464223100926,18.400068572245363,18.40445747516449,19.55329263052805,19.56092222791918,1.0573941287728132,1.1840638760454407,1.3624680627251102,1.2513037279501842,15.0,9.668859138371488,10.61755277229873,9.668859138371488,11.389333684330069,101.26436199813458,100.64808036641544,88.36929778962289,15.0,-1.0,9.5,15.0,10.367544354761208,12.083428802363755,10.267422417209502,12.083428802363755,12.14706909121788,10.245365031361018,11.196217061289447,1.9017040598568624,11.956898685232195,89.37886983902314,89.16465102822158,82.27791584238692,0.6979346703489706,89.60863697705803,12.147069091203326,10.69744812569682,89.60863697705803,93.2701068836984,17.54385964912281,17.341430499325234,17.026540710751238,16.734143049932523,14.82,left_ticks_800
IMG_00074.tif,1,3.0,17.323693037870004,17.326789537060726,18.41044481415223,18.415186182228133,19.550955718245863,19.55878859690241,1.051871940233314,1.180127119608374,1.4236013131597236,1.3002016937293523,15.0,9.802737055580309,10.823235240861267,9.802737055580309,11.458722271088192,100.34725307886508,100.34725307886508,88.16401777101308,15.0,-1.0,9.5,15.0,12.109049040534616,12.109049040534616,10.233195785539124,12.109049040534616,12.640983728137812,10.00456483743088,11.322774282784346,2.6364188907069326,12.37734183906712,88.61701711972322,88.2172486193235,79.14510164117607,0.7219823954125333,91.2280701754386,12.640983728123391,10.82742505977611,91.2280701754386,92.20163957387048,17.54385964912281,17.341430499325234,17.049032838506523,16.734143049932523,14.82,left_ticks_800
IMG_00075.tif,1,3.0,17.340097373330327,17.34335546454486,18.40839978836696,18.413033354651645,19.53431886990904,19.54217983040226,1.0291237678324616,1.1697005980249382,1.4607243858524088,1.2854102484093488,14.0,9.983363834965758,10.63538904543736,9.87758185897556,11.461438545459998,98.92143899034022,99.79292815034636,88.29818300943498,14.0,-1.0,9.5,14.0,10.729015053635749,12.10130778813982,10.282876032429044,12.10130778813982,11.304832709695589,10.212618120127226,10.758725414911408,1.0922145895683608,11.19561125073875,92.95040247760856,92.8708807380517,88.43874608082064,0.6912650210584845,98.78542510121456,11.304832709681778,10.263730923743276,98.78542510121456,97.29828194265572,17.56635177687809,17.36392262708052,17.07152496626181,16.734143049932523,14.82,left_ticks_800
IMG_00076.tif,1,2.0,18.278667868214928,18.434961940950465,19.82428747895488,19.99029252695151,21.323944678567557,21.498039561328294,1.9835490345419884,1.0795285858358452,1.639149690139728,7.389068683477176,22.0,9.132762423146772,9.082313170893876,8.695529784142934,8.468199400686132,93.65278034152702,94.82848805497882,100.89616643406166,21.0,-1.0,7.5,21.0,10.985884945015757,9.701477410072528,9.036914387611889,,10.992402001118066,8.72205333139237,9.857227666255218,2.270348669725696,10.765367134145496,107.77777647548636,107.3013401046288,96.33638449533066,0.7164478178410992,68.28609986504723,10.992402001172866,12.486356253721766,68.28609986504723,84.961622783292,18.533513270355375,18.35357624831309,18.37606837606837,18.286099865047238,14.82,left_ticks_800
IMG_00077.tif,1,2.0,18.266460598087225,18.42475995485441,19.829491949739506,19.99607645032532,21.339858259875257,21.51266035442547,1.985779008490251,1.102121391080809,1.703633446857047,7.40089933304462,22.0,9.224447761787983,9.092249246164712,8.78490391200225,8.492373387915222,94.84759587600544,96.48726117797756,104.52757959148738,21.0,-1.0,8.5,22.0,9.56091216409294,9.56091216409294,8.770421616687202,,9.975133957776253,8.721630867308932,9.348382412542591,1.253503090467321,9.84978364872952,113.20695847101562,113.03766949125168,106.00063623356368,0.7144169310571603,69.36572199730094,9.97513395783416,12.115549780815016,69.36572199730094,87.48412341763743,18.51102114260009,18.37606837606837,18.37606837606837,18.286099865047238,14.82,left_ticks_800
IMG_00078.tif,1,2.0,18.26902244094167,18.42646577788105,19.826298749623653,19.989592230733404,21.337833365971942,21.50661696992668,1.9636869428465145,1.1164642491991144,1.740057721434645,7.328518246650044,22.0,9.119159779435392,9.283358842051676,8.810857382567292,8.592693203097042,95.06226078594284,95.4943372369687,103.5462488300054,21.0,-1.0,8.5,22.0,10.8215308722871,9.66907056261016,8.87470805224541,,10.029209625122752,8.81098041010434,9.420095017613546,1.2182292150184122,9.907386703620912,112.34986352725096,112.19360932054096,105.44315897844048,0.717354203825712,69.23076923076923,10.029209625179352,12.1567039748613,69.23076923076923,87.19922583189313,18.488529014844804,18.398560503823663,18.37606837606837,18.286099865047238,14.82,left_ticks_800
IMG_00079.tif,1,2.0,18.28073221756657,18.43836928370807,19.830485349296904,19.99434085482454,21.336316111869756,21.505067083210776,1.94946598107632,1.1172318184263794,1.759708382900538,7.340263332813484,24.0,9.22036888537744,9.274151715027172,8.9221371403452,8.587631631079091,96.60251757399568,96.60251757399568,100.81748097997202,23.0,-1.0,8.5,23.0,10.680916179252677,9.675961376463649,8.8878033199083,,10.00497244163614,8.837688916134866,9.421330678885504,1.1672835255012763,9.888244089086015,112.39296344145306,112.24950099300814,105.76238633802645,0.7190417299442984,69.50067476383266,10.004972441691187,12.14792062085982,69.50067476383266,87.31614494273977,18.488529014844804,18.398560503823663,18.37606837606837,18.286099865047238,14.82,left_ticks_800
IMG_00080.tif,1,2.0,18.272864448277588,18.429999230736787,19.827611880283275,19.99185487006749,21.329059865021517,21.496975584964183,1.943773500324001,1.123202853903401,1.7616208846875971,7.349406745276989,24.0,9.107612715288369,9.188578136399675,9.06004096322124,8.539162474883767,96.46446550630743,98.68627526646132,100.93167508450163,24.0,-1.0,8.5,24.0,9.65303991014082,10.88872585356546,8.88269773587001,10.88872585356546,10.746352209001952,8.555191002318749,9.650771605660353,2.191161206683204,10.527236088333632,110.03081910687791,109.5581235508257,98.50070085613382,0.8026201661134986,68.15114709851552,10.746352209046862,12.38369561433472,68.15114709851552,85.64212695035104,18.488529014844804,18.398560503823663,18.37606837606837,18.286099865047238,14.82,left_ticks_800
IMG_00081.tif,1,2.0,18.59556168954599,18.65426835519956,20.00658032949196,20.073954491002524,21.502258336404267,21.582090701315558,1.7340709897363933,1.1937513563795998,2.28544004673269,4.695581604431855,26.0,9.737214224750431,9.68211144062894,9.682603344881358,9.14988183544233,97.22576130253503,99.34451040252816,104.918613843868,26.0,-1.0,9.5,26.0,9.281724750534863,12.642602319010962,9.939681142648285,10.475685279289223,12.120880354647438,8.279240686731793,10.200060520689616,3.841639667915645,11.736716387855871,106.40999699111936,105.14492967040626,88.67571001584368,0.7907586837097488,87.4493927125506,12.120880354665784,11.256814252422188,87.4493927125506,95.3842590947458,18.91587944219523,18.73594242015295,18.46603688708952,18.488529014844804,14.82,left_ticks_800
IMG_00082.tif,1,2.0,18.59524645286637,18.65142080513456,20.006085250650184,20.072412677249613,21.529533681109488,21.60969744071506,1.7577619965654332,1.2005146390150736,2.313857087930045,4.659121954724039,27.0,9.763489105785766,9.731404219903418,9.413555381388877,9.183629686561233,97.83225970138076,100.96410313191907,105.30444022839872,27.0,-1.0,9.5,27.0,9.524347900335556,11.625260695044744,9.801050243157531,11.625260695044744,12.13374185383891,8.219108754448193,10.176425304143551,3.914633099390717,11.742278543899838,106.70034872619868,105.37644660534605,88.5746292688873,0.8201315726818824,87.98920377867746,12.133741853854774,11.188074839769696,87.98920377867746,95.953561466964,18.93837156995052,18.71345029239766,18.46603688708952,18.488529014844804,14.82,left_ticks_800
IMG_00083.tif,1,2.0,18.57996626330819,18.634820645454425,19.984920979768816,20.04953171505828,21.490365694052976,21.56673413167807,1.737196892361098,1.1947165938625528,2.2858343534661727,4.601024569082167,27.0,9.582644243665698,9.721738430204988,9.175572259238804,9.175572259238804,99.34532626036535,101.8748515334259,105.2511916238812,27.0,-1.0,9.5,27.0,9.258136004748962,12.027563368335734,9.30827474416992,10.651128194634282,12.117756138873958,8.26593167717702,10.19184390802549,3.8518244616969377,11.732573692704264,106.40201390635151,105.12817666448218,88.61341427316133,0.8201408783175469,87.85425101214575,12.117756138889312,11.181231470282174,87.85425101214575,95.92892935872462,18.91587944219523,18.69095816464237,18.46603688708952,18.488529014844804,14.82,left_ticks_800
IMG_00084.tif,1,2.0,18.58108043159648,18.636077834756005,19.99975770925865,20.064822406720783,21.521328249061828,21.599222502831356,1.7588061153926404,1.204338552682707,2.267699277834354,4.615408074333456,30.0,9.82434397403621,9.693297932232072,9.19856954604461,9.1791396480763,98.15098698663328,102.49170111057008,105.05735212506596,30.0,-1.0,9.5,30.0,9.341022216730948,10.64686671268248,9.321592318762612,10.64686671268248,12.018473782508469,8.308589727947991,10.16353175522823,3.709884054560476,11.64748537705242,106.61510210706194,105.42520260825266,89.34068871180457,0.9012798128472388,87.98920377867746,12.018473782524024,11.159903272506815,87.98920377867746,96.11655643733864,18.893387314439945,18.71345029239766,18.488529014844804,18.488529014844804,14.82,left_ticks_800
IMG_00085.tif,1,2.0,18.592299296440643,18.64858880447,20.02267633063458,20.0884992448398,21.552961811659728,21.631085508778064,1.7634611768938326,1.2190355274142295,2.22889150259428,4.639499089833548,30.0,9.582843225828142,9.644207059336088,9.427503572415644,9.11885142018022,97.65380406784747,101.83371604652642,105.2967455253613,30.0,-1.0,9.5,30.0,9.585667078036067,10.579262303122505,9.311417792901352,10.579262303122505,11.897261270842472,8.336237021594398,10.116749146218435,3.561024249248075,11.541158845917666,107.08795277862431,105.9772230743878,90.29691250477605,0.8974879589647803,87.85425101214575,11.897261270858424,11.149644621351726,87.85425101214575,96.26711049339596,18.91587944219523,18.71345029239766,18.46603688708952,18.488529014844804,14.82,left_ticks_800
IMG_00086.tif,1,2.0,24.9194082296554,24.965058378589585,26.33067732453375,26.377061132410606,27.782142778922157,27.83315931639888,1.2683614217586996,1.5997395160505885,-1.4064754766163288,3.398374914603679,13.0,9.302013728078007,9.679606908154216,9.302013728078007,9.302013728078007,123.13747742356291,123.13747742356291,124.29129677629535,13.0,-1.0,9.5,13.0,13.408529600894155,15.42818415337419,10.201362494994669,15.42818415337419,17.946262007504398,6.195265601101449,12.070763804302924,11.75099640640295,16.771162366864104,130.31343129677074,119.33099596893626,80.98811245989849,0.7166446344084757,85.02024291497976,17.94626200756507,13.865892853191172,85.02024291497976,104.128666994866,24.898785425101213,24.9212775528565,25.056230319388213,25.101214574898783,14.82,left_ticks_800
IMG_00087.tif,1,2.0,24.905890876311265,24.951790041296334,26.317876313538275,26.363883101565783,27.771148091521308,27.822152505207494,1.2699805375139497,1.6003819263972134,-1.3689518293612364,3.385377277696648,14.0,10.067065011745356,9.751267558478917,10.63831422102706,9.495815802463651,117.04376333881784,111.26228552544278,122.8252411521929,14.0,-1.0,9.5,14.0,12.945131500905404,14.532255118183116,10.17557643972384,14.532255118183116,16.469842336063373,7.448383200682979,11.959112768373178,9.021459135380397,15.567696422525335,126.58124071563252,120.36543590502023,87.97326974683729,0.7191994722091108,86.90958164642375,16.46984233612036,13.777989421015628,86.90958164642375,104.7250511971034,24.898785425101213,24.9212775528565,25.056230319388213,25.101214574898783,14.82,left_ticks_800
IMG_00088.tif,1,2.0,24.901164205617224,24.9463771593583,26.328946360041662,26.37533563820445,27.782385961048373,27.83350473238306,1.2725877445816869,1.6145398284430692,-1.3962831087270198,3.398686561026525,13.0,9.38240425787734,9.524969320683386,9.38240425787734,9.38240425787734,122.60363387576454,122.60363387576454,123.88355116441905,13.0,-1.0,9.5,13.0,12.557533778008349,14.2694149942225,10.230101291891458,14.2694149942225,16.208303748382704,7.2830885293640515,11.745696138873376,8.925215219018654,15.315782226480842,128.92480566226996,122.49543317401678,89.33526006238655,0.7190253042635244,87.71929824561403,16.208303748438958,13.557174349156195,87.71929824561403,106.37594274378218,24.9212775528565,24.9212775528565,25.056230319388213,25.168690958164643,14.82,left_ticks_800
IMG_00089.tif,1,2.0,24.91068299168792,24.95587645758051,26.347946114681665,26.396371462802108,27.809584278188066,27.86061491197387,1.2756853989429886,1.6290530554503764,-1.3776717333258324,3.4711094430585083,14.0,10.060704554046566,9.862833537222524,10.551454552621207,11.390990624401866,121.1335148150622,110.6302998439488,110.6302998439488,14.0,-1.0,10.5,14.0,12.850755387635274,15.52864095866886,10.71911058958915,15.52864095866886,17.61544755304914,6.726908196192038,12.17117787462059,10.888539356857104,16.52659361736343,127.26689914550818,118.31893732614424,82.43004691096894,0.7138064979298925,85.82995951417004,17.615447553107753,13.971318709963787,85.82995951417004,103.32150721072384,24.9212775528565,24.9212775528565,25.0787224471435,25.168690958164643,14.82,left_ticks_800
IMG_00090.tif,1,2.0,24.938361937077328,24.98396024008645,26.3680854086708,26.418031075277742,27.815512348994368,27.86616338401357,1.268986450014489,1.613216693912639,-1.2921477529285663,3.5237473339378576,14.0,9.91877380557726,9.918461040813694,10.3177005368905,11.478969368727462,118.00671349773336,117.639400464565,105.48428245025958,14.0,-1.0,10.5,14.0,13.408682172192584,15.707759289629422,11.292496170744585,15.707759289629422,17.885893179798316,7.205365953197807,12.54562956649806,10.680527226600509,16.817840457138267,122.72707783690996,114.9633259490874,81.30960748957209,0.7166451826012664,85.02024291497976,17.88589317985543,14.234477583353929,85.02024291497976,101.55729639463236,24.9212775528565,24.966261808367072,25.0787224471435,25.168690958164643,14.82,left_ticks_800
IMG_00091.tif,1,2.0,25.763449017525257,25.804778728701766,27.18127715406655,27.21759291398191,28.591910267036088,28.620224881618537,1.0289879771617272,1.78645817575505,3.281837604540492,2.96011539871194,32.0,12.258017525432592,12.861249872778547,12.112055137539585,13.90852543864338,123.52187775781584,124.8981087904911,108.81820140126888,32.0,-1.0,11.5,32.0,13.545279023504008,14.15984313837393,11.111043460598635,14.18690586471601,15.466797632717885,8.506984143980132,11.98689088834901,6.959813488737753,14.770816283844107,127.72269080403936,124.07072200252782,96.62514732693415,0.7585636958102085,113.22537112010797,15.466797632720612,12.170130958959229,113.22537112010797,122.2301939601078,25.79847053531264,25.820962663067927,25.843454790823213,25.910931174089068,14.82,left_ticks_800
IMG_00092.tif,1,2.0,25.76805739980869,25.80997624163935,27.180271923799168,27.21676984512776,28.583409321384323,28.611888609084577,1.0238624995293797,1.7780498679158494,3.2885985303945606,2.967576681743286,31.0,12.1105631565041,12.838707755664782,12.1105631565041,13.908670129166808,124.86334053660426,124.86334053660426,108.78332170334409,31.0,-1.0,11.5,31.0,13.50697671873104,14.053210222595908,11.068105765269308,14.053210222595908,15.227905575977644,8.544804742807562,11.886355159392604,6.683100833170082,14.559595492660636,128.57094283312173,125.128476139204,98.12281749237464,0.7596926888991649,113.7651821862348,15.227905575980472,12.079020308957285,113.7651821862348,123.1615798996282,25.79847053531264,25.820962663067927,25.843454790823213,25.910931174089068,14.82,left_ticks_800
IMG_00093.tif,1,2.0,25.76466358903101,25.806687008802253,27.17712794941641,27.213522063876525,28.581268479597025,28.609564808162435,1.025854444772786,1.7770233545873957,3.252245354309467,2.9635294286234286,29.0,11.93308830246201,12.729003707480375,12.079409255310368,13.847623995255276,124.96676440384611,124.8870099707924,109.0357156438773,29.0,-1.0,11.5,29.0,13.478136417200972,14.006781290494644,11.036422824433316,14.112437088470555,15.348934681608814,8.508369110758137,11.928651896183476,6.840565570850678,14.664878124523746,128.2517364174942,124.6764503928806,97.35597163797924,0.7598089219420303,113.36032388663968,15.34893468161178,12.135472587960038,113.36032388663968,122.58269394008045,25.79847053531264,25.820962663067927,25.843454790823213,25.910931174089068,14.82,left_ticks_800
IMG_00094.tif,1,2.0,25.760539153767084,25.80250108816913,27.18279774872857,27.219184182279577,28.5898398601452,28.61802376938296,1.0250501379735817,1.79047254324025,3.241499920080602,2.9629083307353588,29.0,11.719268795073276,12.685474725434885,12.094817021235514,13.864915582308612,129.47314237244996,124.5962368755379,108.79748349868632,29.0,-1.0,11.5,29.0,13.54852558030575,13.967581213395306,11.018269024568667,14.077961676579235,15.305721449578352,8.484009062693666,11.894865256136008,6.821712386884686,14.623550210889883,128.59060084458972,125.00516790233486,97.60839666645929,0.7587595724898928,113.6302294197031,15.305721449581368,12.099430727683524,113.6302294197031,122.92241948351892,25.775978407557357,25.79847053531264,25.820962663067927,25.843454790823213,14.82,left_ticks_800
IMG_00095.tif,1,2.0,25.75920764854541,25.801423038667483,27.178375787969877,27.2147273486292,28.587668039995467,28.615827892975013,1.0253684347190029,1.7890364195885269,3.2792166331497965,2.961730381781116,30.0,12.037916571018895,12.75893149197068,12.149627477064795,13.874825399159365,124.72140043633266,124.25216154484548,108.88511325025026,30.0,-1.0,11.5,30.0,13.5050251382836,14.076889353603349,11.08824699568146,14.092008537730097,15.301499096127586,8.594499932407798,11.947999514267693,6.706999163719788,14.630799179755607,127.86225540916584,124.450213149957,97.62914199992166,0.7603106492913496,113.09041835357624,15.301499096130549,12.146455922187258,113.09041835357624,122.44667769065371,25.775978407557357,25.79847053531264,25.820962663067927,25.843454790823213,14.82,left_ticks_800
IMG_00096.tif,1,2.0,23.35197439969054,23.352786575219064,24.826339997729573,24.827336360524782,26.269721124155208,26.27087715133376,1.7031579787735402,1.2149325973411549,-4.763755922724108,-0.5133135987635861,11.0,14.813393839207578,14.140070088383826,15.03973289915649,15.03973289915649,82.21120840996524,73.43431082693843,73.43431082693843,11.0,-1.0,14.5,11.0,15.317828602058,15.006003544239064,11.597811995745817,,18.181320311938464,10.56039717536373,14.370858743651096,7.620923136574731,17.419227998280988,96.27867128048555,93.99832079003362,74.76999594203635,0.652043448124747,69.9055330634278,18.181320312053785,16.41750526074549,69.9055330634278,82.54519210619277,23.52676563202879,23.39181286549708,23.279352226720647,23.07692307692308,14.82,left_ticks_800
IMG_00097.tif,1,2.0,23.33774346003145,23.33858347608131,24.80781085619037,24.808757750576167,26.262378442450967,26.263284810265965,1.7115651664641576,1.213136167720489,-4.72235042164168,-0.5005958825770533,12.0,14.990398970427634,14.381353235816862,15.285294119573052,15.755053819073169,75.85849086909633,72.8396008719659,72.8396008719659,12.0,-1.0,14.5,12.0,15.46965488694019,15.46965488694019,11.645849622099718,,18.4553810740044,10.580626557661535,14.518003815832968,7.874754516342861,17.667905622370114,95.37508936799242,93.010069173143,73.65336604628713,0.6851266593542564,69.63562753036437,18.4553810741004,16.54393752976078,69.63562753036437,81.88274511293659,23.504273504273502,23.346828609986503,23.25686009896536,23.00944669365722,14.82,left_ticks_800
IMG_00098.tif,1,2.0,23.334741739424057,23.33558862941176,24.806768616731333,24.80761615762529,26.25232637880932,26.253376039660115,1.7087428088664554,1.2090446013819005,-4.702066548907866,-0.4736163439871717,12.0,14.945327333764313,14.57474295787265,15.124432949596551,14.843338857617567,75.91838827196983,73.11561011488178,73.11561011488178,12.0,-1.0,14.5,12.0,16.165170485034707,15.211208263053038,12.270324030644076,,18.699655492883288,10.558018188100224,14.628836840491758,8.141637304783066,17.885491762404982,94.78555941225208,92.30867459139928,72.71557549138117,0.6720558833326791,69.09581646423752,18.699655492975843,16.653854638062764,69.09581646423752,81.34695807170193,23.504273504273502,23.346828609986503,23.25686009896536,23.00944669365722,14.82,left_ticks_800
IMG_00099.tif,1,2.0,23.32999706654716,23.33065952671896,24.801761434761644,24.802535682200755,26.261755650835383,26.26244497923836,1.720572178678554,1.2112132738408417,-4.686709603335178,-0.452720965614217,12.0,14.896102186464958,14.760283264275635,15.252376400891649,15.849461124770356,75.90689123615083,73.32386058780982,73.32386058780982,12.0,-1.0,14.5,12.0,16.16941105144656,15.196666062171287,13.518345229555734,,18.679504943784757,10.809013639999783,14.744259291892268,7.870491303784969,17.892455813406254,93.83614478229498,91.58480370882104,72.77763650187026,0.6728624190006282,68.55600539811066,18.67950494388245,16.79318271945312,68.55600539811066,80.67619323076762,23.481781376518217,23.32433648223122,23.279352226720647,23.00944669365722,14.82,left_ticks_800
IMG_00100.tif,1,2.0,23.343007649286623,23.343629655240864,24.804578297477978,24.805305766721304,26.259153700362017,26.25979268442125,1.706077991918481,1.210085037261908,-4.681358917541396,-0.4388071722818402,12.0,15.059027650181676,14.744838401317846,15.390967329747667,15.390967329747667,77.1985633785889,71.5310791870244,73.8569854846011,12.0,-1.0,15.5,12.0,16.12485134707262,15.697896696963284,13.729117312779408,,18.872495950955965,10.499225964062209,14.685860957509083,8.373269986893757,18.035168952266588,94.5904175532224,91.9935728898236,72.10136722416443,0.6671613933059621,68.69095816464237,18.87249595105509,16.726226107261876,68.69095816464237,81.03623588464818,23.481781376518217,23.346828609986503,23.279352226720647,23.00944669365722,14.82,left_ticks_800
IMG_00101.tif,1,2.0,26.958366888776144,26.96568149159245,28.44292711500257,28.44785440955377,29.93646549739565,29.939277630540808,1.7098575245917298,1.263738614356635,-3.023341405575821,1.066408021235614,17.0,11.947926645155889,11.969623496069287,11.935879559099163,11.649639993606256,103.8007452942356,105.02765008704846,115.47765377212458,17.0,-1.0,11.5,17.0,13.083349628094084,12.691569364840234,10.851472332974424,12.14503142909814,13.85519631579975,10.589754458612443,12.222475387206098,3.2654418571873047,13.52865213008102,128.12415908040884,127.3630922947344,112.59838022036364,0.7236686420585072,91.49797570850204,13.855196315882385,14.23210239820638,91.49797570850204,109.67562641490926,27.19298245614035,26.94556905083221,26.855600539811064,26.58569500674764,14.82,left_ticks_800
IMG_00102.tif,1,2.0,26.956013905202145,26.963431180555265,28.440181088470144,28.445130988039605,29.933365686075817,29.936176859318604,1.709114588860624,1.2636310899027137,-3.014170672352502,1.0689026481140615,18.0,12.13741393084581,11.969734018369818,11.87838576565099,11.652865447636572,103.15726371755365,105.00978880653776,115.966173382539,18.0,-1.0,11.5,18.0,13.214317965437829,13.809458869371383,10.791658633548082,11.915040566506832,14.92806186377286,9.007751309267215,11.967906586520035,5.920310554505646,14.336030808322295,132.7580965634529,130.02079738975675,104.66213855770565,0.7251639311898823,89.87854251012146,14.92806186389942,13.97928382653452,89.87854251012146,111.60940559319654,27.19298245614035,26.94556905083221,26.855600539811064,26.58569500674764,14.82,left_ticks_800
IMG_00103.tif,1,2.0,26.952888975299903,26.960178916264677,28.435328127202705,28.440208940887825,29.926535273817656,29.92931792009309,1.7084719668843584,1.2606670369440605,-3.005414669317383,1.0615087171269135,19.0,11.88079327830593,11.813800485900709,11.707540924591171,11.461453620156874,105.19003402350693,105.6631194843784,115.9559509725903,19.0,-1.0,10.5,19.0,13.21474572951928,14.035225500510393,10.78472956921155,11.800285815691154,13.90283003387275,10.166515371162715,12.034672702517732,3.736314662710032,13.529198567601746,130.34197364452857,129.29442996964843,112.19744347902252,0.7532404058724382,91.90283400809716,13.902830033941754,14.034184515574886,91.90283400809716,111.16811121268006,27.19298245614035,26.94556905083221,26.855600539811064,26.58569500674764,14.82,left_ticks_800
IMG_00104.tif,1,2.0,26.95165043554088,26.959028047083823,28.43031488732881,28.43523576072289,29.91870884135887,29.921513796006497,1.711141504525993,1.251344244396683,-3.0050369419060847,1.0659493585265207,19.0,11.77873667799713,11.83603592898482,11.77873667799713,11.407125099155962,106.8198293883364,106.8198293883364,116.43952597884288,19.0,-1.0,10.5,19.0,12.768285082138902,12.768285082138902,10.783850013493122,11.950252287814749,13.89430258226478,10.31218881301911,12.103245697641944,3.58211376924567,13.536091205340211,129.51270856576048,128.56743194543344,112.26032379769306,0.7504505557787,91.90283400809716,13.894302582326649,14.10331264410501,91.90283400809716,110.62962787986928,27.19298245614035,26.94556905083221,26.855600539811064,26.58569500674764,14.82,left_ticks_800
IMG_00105.tif,1,2.0,26.94305571988109,26.95054882537241,28.42382510597449,28.428747838106226,29.91106516088105,29.913841094912,1.71693582075942,1.2463564487801733,-2.9920521218756746,1.066272316676585,20.0,11.699749597529475,11.497670977497435,11.67478120270482,11.42996393822628,106.1677723144238,106.54877153967352,116.2358657630424,20.0,-1.0,10.5,20.0,13.02773984544092,13.02773984544092,10.413199311128665,12.094789413148078,13.51740088732096,10.207997822217752,11.862699354769356,3.309403065103208,13.18646058081064,131.95069949839163,131.09534378678023,115.29397976257648,0.7506072774031622,93.387314439946,13.517400887379097,13.849251084992584,93.387314439946,112.58344699827316,27.19298245614035,26.968061178587494,26.87809266756635,26.58569500674764,14.82,left_ticks_800
IMG_00106.tif,1,2.0,27.98731033143834,28.005586960279643,29.60351391479797,29.615968573134914,31.22556592931228,31.23056249809288,1.587942920054079,1.637032617759154,-0.2409106608645511,1.66171212981983,18.0,11.67531397785325,12.17018851940002,11.81914597148392,12.404957355361432,127.29728447920954,124.99870908279084,118.099635884466,18.0,-1.0,10.5,18.0,11.817973270307393,11.709580038369722,11.981182720417507,13.522075378028262,11.63754971797008,11.92403754464875,11.780793631309416,-0.2864878266786698,11.666198500637948,137.15865502795148,137.15193383092642,138.81639562700565,0.5716240476038321,123.71134020618555,11.637549718026431,12.936874904140756,123.71134020618555,125.07748357684964,28.046523922812582,27.914353687549564,27.887919640496964,28.072957969865183,12.61,telemed_644
IMG_00107.tif,1,2.0,27.997440083535192,28.015230254530792,29.605418317795,29.61784376265617,31.22760658193821,31.23261791078937,1.578106654211772,1.6392810020468025,-0.233628587328642,1.6597094580153264,19.0,11.644856366978274,12.05283734787452,11.8237771572781,12.452660105336122,128.25661130544552,125.09024301122322,117.91454756399938,19.0,-1.0,10.5,19.0,11.815680350054665,11.714291989625906,11.986424720790922,13.536813104781572,12.53185079074226,11.59726158478384,12.064556187763053,0.9345892059584214,12.43839187014642,134.0855429458562,134.0188661328784,129.09703916444894,0.5712503236363928,121.17367168913562,12.531850790793955,13.206413807805928,121.17367168913562,122.611359011291,28.046523922812582,27.914353687549564,27.887919640496964,28.072957969865183,12.61,telemed_644
IMG_00108.tif,1,2.0,27.99306898152281,28.011463140048317,29.60596463224877,29.618462753564643,31.230691937254807,31.23572518297448,1.5845572934251602,1.639704749501,-0.237779060893171,1.6645391488322607,19.0,11.66562512434325,12.03520906691663,11.819738228274415,12.462755336871597,127.65405139955205,124.7739256684534,117.62062906279309,19.0,-1.0,10.5,19.0,11.816684454881113,10.123619822433623,12.005104929674758,13.4869387919955,12.5887732130357,11.302290207099457,11.94553171006758,1.2864830059362444,12.460124912442076,135.44591060850152,135.31566507586786,128.5047514486785,0.5713566155079919,121.17367168913562,12.588773213087135,13.104201781547465,121.17367168913562,123.53357203104682,28.046523922812582,27.914353687549564,27.887919640496964,28.072957969865183,12.61,telemed_644
IMG_00109.tif,1,2.0,27.9846624577039,28.00312062720315,29.606350315893486,29.61881964614881,31.231708470900003,31.23676095279732,1.5920047149533436,1.6416356106408352,-0.2386624218527424,1.6626106490295325,19.0,11.64968289736521,12.03874914138992,11.812789300753051,12.474483869018144,127.69115453802677,124.74288802850609,117.46493843530315,19.0,-1.0,10.5,19.0,11.810124249750231,11.652191845708444,12.003049926680092,13.510279288690128,12.611569299476916,11.289877237837535,11.950723268657228,1.321692061639381,12.47940009331298,135.35465394719577,135.21738852784324,128.23796020959875,0.5715317998617512,121.17367168913562,12.61156929952827,13.111600759607756,121.17367168913562,123.4282510427734,28.046523922812582,27.914353687549564,27.887919640496964,28.072957969865183,12.61,telemed_644
IMG_00110.tif,1,2.0,27.993932596574705,28.012199648926327,29.60735505960957,29.61974151255558,31.235338368835425,31.24037508284895,1.5867296287921877,1.6414458051304373,-0.2392655500761054,1.657049997578156,19.0,11.652840282044052,12.175320214420264,11.80379954978642,12.435515398303124,127.24804054759404,121.88380962194871,117.8984612495056,19.0,-1.0,10.5,19.0,11.798137692724596,11.647178424982258,12.00775723216077,13.577542431319102,11.144150988403648,13.217432432717898,12.180791710560772,-2.07328144431425,11.351479132835072,133.06413690424202,132.74423491476347,144.9137457757882,0.5715350623429238,123.55273592386996,11.144150988443144,13.337901617101112,123.55273592386996,121.41068318786084,28.046523922812582,27.914353687549564,27.887919640496964,28.072957969865183,12.61,telemed_644
IMG_00111.tif,1,2.0,23.37121825566848,23.37910055386229,24.96096749486225,24.96947710159983,26.60336700125388,26.612538711317427,1.8422488614552237,1.3911892959999084,0.4450362498669089,1.4958911272311768,11.0,15.310940203196452,14.63297747841954,15.310940203196452,15.310940203196452,85.15349851252822,85.15349851252822,85.15349851252822,11.0,-1.0,13.5,11.0,13.99780710141897,13.99780710141897,15.91012709718592,14.063563533890855,13.838579040469504,17.486321739516697,15.6624503899931,-3.647742699047195,14.203353310374222,86.97388842102743,86.58357688591302,97.72643806039514,0.6773016662619816,88.50118953211737,13.838579040486556,16.067118027139482,88.50118953211737,84.4581982555083,23.684906159132964,23.420565688606924,23.2090933121861,22.839016653449644,12.61,telemed_644
IMG_00112.tif,1,2.0,23.384381113531504,23.392383454732293,24.95549093855584,24.964299069345746,26.55716238675607,26.566242818801392,1.84073811288017,1.3331212511889323,0.3732281743370572,1.52206286195864,13.0,14.9252219604694,14.52859794774473,15.38804866061716,15.671100623854445,86.993917514061,85.35170978707694,84.35886663458419,13.0,-1.0,13.5,13.0,13.914339666477645,13.914339666477645,15.949610015870036,14.377262482016532,13.830879073616655,16.05914954254564,14.945014308081149,-2.228270468928982,14.053706120509556,90.85708893046048,90.6901705435542,97.8355928212048,0.683542523903192,90.88025376685172,13.83087907363252,15.368506912171013,90.88025376685172,88.24889194576333,23.711340206185568,23.44699973565953,23.28839545334391,22.91831879460745,12.61,telemed_644
IMG_00113.tif,1,2.0,23.501965110735227,23.51333887409797,25.00547449309298,25.015457600895147,26.56729656202264,26.576171715846694,1.7310736205698165,1.3317592211789175,0.4195977930523406,1.6187535317592197,14.0,14.359066495143637,14.520388683477591,14.631944432169549,15.690791912190718,88.34385226692888,88.11248557736195,83.1565931945666,14.0,-1.0,13.5,14.0,13.651571527210535,13.651571527210535,15.92055575062264,14.315952396549648,13.667561479018696,16.12618150963955,14.896871494329124,-2.4586200306208545,13.913423482080782,91.64891650634812,91.44252072030235,99.48892854230064,0.6722631296591178,90.72164948453609,13.66756147904049,15.46327763182646,90.72164948453609,88.17036766721256,23.711340206185568,23.49986782976473,23.341263547449117,22.91831879460745,12.61,telemed_644
IMG_00114.tif,1,2.0,23.50235352301355,23.513457719408784,25.001181751274675,25.01145087292563,26.54516689544544,26.554018831095775,1.7308434219695483,1.3097176897174423,0.4707951751324903,1.641911321153113,12.0,15.09823528198774,14.707843460898337,15.47939644746097,15.744395701336174,86.74176690533899,85.51723295515647,83.06314723597913,12.0,-1.0,13.5,12.0,14.345072807140925,13.684318386566474,15.761862437851846,14.345072807140925,13.803130353028896,16.2231184378909,15.0131243954599,-2.4199880848620032,14.045129161515096,90.94698142518018,90.7516630663392,98.5317118545342,0.6754672309750869,90.0872323552736,13.80313035305046,15.578350710517856,90.0872323552736,87.53611617741453,23.711340206185568,23.526301876817342,23.341263547449117,22.91831879460745,12.61,telemed_644
IMG_00115.tif,1,2.0,23.50393593415571,23.515244495612315,25.015696872531144,25.02603130662434,26.544496286217743,26.552977221005754,1.7264273530910177,1.3113053723024168,0.3507236445289249,1.6466448289283744,11.0,15.199950639275556,14.60433620257019,15.506523477406205,15.63021395869012,86.25402956603862,85.26465059768088,82.94949620824997,11.0,-1.0,13.5,11.0,14.352523716721038,13.696318023371816,15.805315069292108,14.352523716721038,13.756524016679847,17.686357063280038,15.721440539979945,-3.929833046600191,14.149507321339868,87.21634682979432,86.76525766112981,98.8659352283912,0.6799106331875847,88.0253766851705,13.75652401670349,16.285175844024458,88.0253766851705,83.83891824304834,23.684906159132964,23.47343378271213,23.314829500396517,22.839016653449644,12.61,telemed_644
IMG_00116.tif,1,3.0,20.00999383574105,20.010060967132667,21.29230350911456,21.292723608990823,22.613387635793405,22.613632177392407,1.4864690522416515,1.117102158018089,-2.5696528123375804,0.3599142258092313,14.0,12.849954440230348,12.98965639852313,12.907117975370229,13.841050946600774,78.43424510071719,79.1048809608732,73.8477411463489,14.0,-1.0,11.5,14.0,12.26384546858435,12.26384546858435,15.144994217519551,14.248630575520965,12.772283156603647,14.43323378586827,13.60275847123596,-1.6609506292646203,12.938378219530112,85.17275518174291,85.06766666313912,90.49785741746972,0.4924329621773547,80.57097541633624,12.772283156695613,14.758002319318154,80.57097541633624,78.53971267858307,20.116309807031456,19.98413957176844,19.878403383558023,19.746233148295005,12.61,telemed_644
IMG_00117.tif,1,3.0,20.0220084199253,20.022186595111062,21.280968812747314,21.28139069642484,22.620110777509822,22.62038422379103,1.48066374580852,1.117533882871454,-2.560402959957605,0.3607735640748722,15.0,13.004045769342838,12.988635932549936,13.004045769342838,13.004045769342838,80.45919978842328,80.45919978842328,81.16283217206653,15.0,-1.0,11.5,15.0,12.532043995159995,12.29875734953771,15.275195347822487,14.318067067250013,12.690162792462695,14.803098795180746,13.746630793821724,-2.1129360027180493,12.901456392734502,84.41247331117015,84.24736996181157,91.13126705112964,0.5330208874430773,81.52260111022999,12.6901627925373,14.909473609252489,81.52260111022999,77.8086935687644,20.06344171292625,19.957705524715838,19.85196933650542,19.587628865979383,12.61,telemed_644
IMG_00118.tif,1,3.0,19.99554376982518,19.995620040459897,21.27222657618687,21.272865063072697,22.639280698700084,22.639740210015816,1.5272682895603171,1.116851879995605,-2.5825312017044206,0.4439169363762003,14.0,13.2142205796427,13.028769772052206,12.8830979738147,12.74997222018925,79.56999245206576,81.16912243924493,82.77777216336621,14.0,-1.0,11.5,14.0,12.613900364049073,13.975226312569475,15.18952344895493,14.403976501743642,13.547173875609358,13.088053586570837,13.317613731090097,0.4591202890385232,13.501261846705503,86.80118393968783,86.7926513719526,85.34874579600715,0.4943411542897851,78.8263283108644,13.547173875710673,14.473063732537192,78.8263283108644,79.99442109664561,20.116309807031456,19.957705524715838,19.878403383558023,19.666931007137197,12.61,telemed_644
IMG_00119.tif,1,3.0,19.96779832316307,19.967816827805557,21.254839463390606,21.25552987271445,22.61621546528581,22.61666091729367,1.543746354609246,1.1050977348788698,-2.61910936640801,0.4618023746390696,14.0,12.822824970406828,12.556716815739108,12.641275915272672,11.724806486487068,80.37381142082148,80.47968408856872,80.26793875307423,14.0,-1.0,11.5,14.0,12.18146677997413,13.461034319028045,14.910061504117351,13.461034319028045,12.873042037432157,13.245723476491692,13.059382756961924,-0.3726814390595376,12.910310181338108,88.35983564250687,88.35388213293957,89.61076561581339,0.4946089813621584,80.253766851705,12.873042037519994,14.17960892047071,80.253766851705,81.50033323953834,20.089875759978856,19.904837430610627,19.878403383558023,19.587628865979383,12.61,telemed_644
IMG_00120.tif,1,3.0,19.893382628986306,19.89347208283589,21.169821380721952,21.170690027112595,22.49431440772015,22.494641104384275,1.482242545489276,1.118926476059111,-2.599789219671528,0.5190307856052261,14.0,12.167973958490762,12.62993904037594,12.437686416677709,11.898261500303818,81.78026076134189,81.88017224632829,81.2480337127581,14.0,-1.0,11.5,14.0,12.377020580184762,13.939474341474806,15.301855222593389,13.939474341474806,13.038263352380524,13.231928565701937,13.135095959041232,-0.193665213321411,13.057629873712669,87.52976369918805,87.52818964153077,88.1668592094897,0.5372197845130482,79.93655828707375,13.03826335244709,14.281522671047409,79.93655828707375,80.63106009423409,20.01057361882104,19.85196933650542,19.825535289452816,19.587628865979383,12.61,telemed_644
IMG_00121.tif,1,3.0,24.41703447623792,24.42388890712224,25.65519643867688,25.65756234131435,26.9559413238314,26.956162244443725,1.1531348962868255,1.3791384410346594,-1.7564349042375174,0.7780933530409232,24.0,10.531421282267516,10.6731355441025,10.747247516234268,10.747247516234268,123.46109582936472,118.08449899111866,117.02169810554348,24.0,-1.0,9.5,24.0,10.74277266708799,10.773165376911152,10.311120199154516,10.773165376911152,11.727518045774753,9.737397007996352,10.732457526885552,1.9901210377783995,11.528505941996912,131.52906259915525,131.1530144559097,120.16151279933698,0.7532391513647982,107.37509912767644,11.727518045803986,12.2916409021977,107.37509912767644,114.72584637771182,24.55722971186889,24.47792757071108,24.45149352365847,24.50436161776368,12.61,telemed_644
IMG_00122.tif,1,3.0,24.41067159985084,24.41763905286171,25.652176021131627,25.654536049144305,26.951720509263343,26.95193026247719,1.1556016249853645,1.3786895846301168,-1.7411211240708813,0.7771725558896865,24.0,10.553691306156535,10.614721977239034,10.371959497072794,10.371959497072794,122.66403492569307,120.16013587572849,128.38767364663613,24.0,-1.0,9.5,24.0,10.764610986700175,10.764610986700175,10.376182950408063,10.764610986700175,12.196871702435631,9.24624491993952,10.721558311187575,2.950626782496113,11.901809024186022,132.08549862319737,131.25132012386572,115.57413629666924,0.7182400554579483,106.10626486915147,12.196871702464229,12.274396352848235,106.10626486915147,114.85526984456382,24.55722971186889,24.47792757071108,24.42505947660587,24.50436161776368,12.61,telemed_644
IMG_00123.tif,1,3.0,24.415207846285437,24.42224077979077,25.65917792896875,25.6615380888625,26.972156146755324,26.97236807946118,1.160240246833046,1.3898870528373588,-1.7495766023539403,0.777088228601366,27.0,10.153213149210274,10.657774400821872,10.349287430787058,10.786216400816611,125.52755735518708,117.8815890753694,117.26824663309858,27.0,-1.0,9.5,27.0,10.789112698487315,10.775374449154924,10.352183728457703,10.775374449154924,12.111370201015692,9.36117238962519,10.73627129532044,2.750197811390501,11.83635041987664,131.81899474178937,131.09824825191097,116.39964743091092,0.7551445407823701,106.42347343378272,12.11137020104574,12.297144464092083,106.42347343378272,114.6676607964721,24.55722971186889,24.50436161776368,24.45149352365847,24.50436161776368,12.61,telemed_644
IMG_00124.tif,1,3.0,24.423581112869574,24.43075145935268,25.660532726096157,25.66294828475541,26.967371387168622,26.967601844654425,1.1549137762634,1.3819366090383447,-1.7687525326086488,0.7861339581244,27.0,10.121031944767992,10.60539736267798,10.322980226400148,10.322980226400148,125.56513171878645,122.78641195497336,117.81662473484536,27.0,-1.0,9.5,27.0,10.767718845527384,10.75303333067302,10.111266650799507,10.75303333067302,12.02887750545504,9.327421175258086,10.678149340356564,2.701456330196954,11.758731872435344,132.5562506095179,131.84933667460808,117.2267930441805,0.7546727130644407,106.58207771609834,12.028877505485577,12.261504851011903,106.58207771609834,115.03584236744528,24.55722971186889,24.53079566481628,24.45149352365847,24.50436161776368,12.61,telemed_644
IMG_00125.tif,1,3.0,24.41418600795929,24.421180697414663,25.65707795151097,25.65944214848639,26.96747864080001,26.96769044309469,1.1612952425244472,1.385214503155579,-1.7657590024442535,0.7777843286036416,27.0,10.311367000099352,10.657445177759556,10.728046048237047,10.728046048237047,121.87820644236072,117.80191150698072,117.80191150698072,27.0,-1.0,9.5,27.0,10.734747718041774,10.818394091445724,10.31806866990405,10.818394091445724,11.956780948757231,9.493164864119978,10.724972906438603,2.4636160846372546,11.710419340293509,131.80801183593687,131.22897888469248,117.87707158036478,0.7563238155716425,107.0578905630452,11.956780948787875,12.290177482382806,107.0578905630452,114.72662856210714,24.55722971186889,24.50436161776368,24.45149352365847,24.50436161776368,12.61,telemed_644
IMG_00126.tif,1,3.0,19.96838558528812,19.96857714093484,21.04793637220202,21.048063883686964,22.14706000932295,22.147105131467143,0.984626373601514,1.1939016169307874,-3.4156496413799924,-0.1994373177099763,16.0,11.84611112034463,11.54033225624788,11.581194706517152,11.581194706517152,86.69832159422728,88.59661844799864,88.59661844799864,16.0,-1.0,10.5,16.0,11.301406385043038,12.150762694865191,12.158091556571094,13.45724883398043,11.640863202501798,12.145343597674126,11.89310340008796,-0.5044803951723283,11.69131124201903,96.86703443982256,96.85259292270024,98.92134310152302,0.556364818820344,79.14353687549564,11.640863202571584,13.32128808260821,79.14353687549564,86.62770517287528,20.06344171292625,19.904837430610627,19.878403383558023,19.42902458366376,12.61,telemed_644
IMG_00127.tif,1,3.0,19.97201364717846,19.972227108410404,21.050955137817063,21.051084902389203,22.15403095296617,22.154078720954228,0.9919691160444886,1.189882496499332,-3.4246348896673298,-0.2011771639426109,15.0,11.749456563989156,11.52933104256946,11.6930113743376,11.6930113743376,88.25671086276817,88.25671086276817,88.25671086276817,15.0,-1.0,10.5,15.0,11.259909890941458,12.206802979773329,12.048387055814205,13.47921861179094,11.477250055397436,12.324929115977897,11.901089585687666,-0.847679060580459,11.56201796145548,96.84614386857427,96.80542436397874,100.32969437690154,0.5553697318431081,79.46074544012689,11.47725005546576,13.33149107808259,79.46074544012689,86.57770915490181,20.06344171292625,19.93127147766323,19.878403383558023,19.42902458366376,12.61,telemed_644
IMG_00128.tif,1,3.0,19.96718723166213,19.96740675395359,21.052847024006358,21.05300314872904,22.162885778563936,22.162970733807157,1.0072039118290463,1.1883600680245128,-3.414376508224934,-0.2206564927293453,15.0,11.80459645346872,11.5508273183395,11.775443227304436,11.775443227304436,87.7937003620266,87.7937003620266,87.7937003620266,15.0,-1.0,10.5,15.0,11.177486768939444,12.32450434789098,12.088620691594429,13.455383785565571,11.54876539187782,12.2396972907643,11.89423134132106,-0.6909318988864784,11.61785858176647,96.863935462909,96.83684950964648,99.69248107976058,0.5535861045349977,79.30214115781126,11.548765391947594,13.32507330098834,79.30214115781126,86.59755855937851,20.06344171292625,19.93127147766323,19.878403383558023,19.42902458366376,12.61,telemed_644
IMG_00129.tif,1,3.0,19.95461443963822,19.954862585023548,21.04444303611681,21.044625738159432,22.151612158891236,22.151711129149867,1.0065826105631686,1.1902659335631502,-3.409303375716685,-0.2387476153986335,15.0,11.896686935964285,11.629144975748735,11.896686935964285,11.896686935964285,86.9899687194515,86.9899687194515,86.9899687194515,15.0,-1.0,11.5,15.0,11.153816745998029,12.295989679263016,12.18448645199203,13.480946945457845,11.51172953818805,12.48909465551394,12.000412096850994,-0.9773651173258904,11.609466049920638,95.98468348761436,95.93191811997625,99.94582440804818,0.5539320693882588,79.30214115781126,11.511729538254128,13.418295417965933,79.30214115781126,85.9526413114884,20.06344171292625,19.904837430610627,19.878403383558023,19.42902458366376,12.61,telemed_644
IMG_00130.tif,1,3.0,19.94821942169103,19.948470771943988,21.04033587152832,21.040538557092127,22.15048391341353,22.15059798896248,1.0110402681232789,1.191086948895208,-3.3820735820929437,-0.25149013939866,15.0,11.98887316251276,11.673674050978391,11.98887316251276,12.001031752380923,86.54747563313899,86.54747563313899,86.54747563313899,15.0,-1.0,11.5,15.0,11.094821850535936,12.233082010178803,12.24524060004694,13.420952699543705,11.375136621327044,12.682716658840612,12.028926640083828,-1.3075800375135689,11.5058946250784,95.77055625674878,95.67673996913038,101.09700799860512,0.5515741532216192,79.61934972244251,11.37513662139293,13.454047728020864,79.61934972244251,85.70056373842128,20.06344171292625,19.904837430610627,19.878403383558023,19.42902458366376,12.61,telemed_644
IMG_00131.tif,1,2.0,27.95181628757246,27.952598606530334,28.96746329409428,28.968953964925465,30.05434711504943,30.05540768282829,1.0494931008454569,1.053315975452495,-2.888727960405074,0.581251333814521,15.0,12.907887000161423,12.664962231171032,13.06935884925997,13.59256131969093,116.26751857360154,110.76670424958655,109.35673709230342,15.0,-1.0,12.5,15.0,14.44479418975834,14.44479418975834,12.922824598590068,,18.03801540200475,8.412597091012943,13.225306246508849,9.625418310991806,17.07547357090557,127.97631747578107,122.15285841553175,90.2516414796892,0.6251768330157556,93.25931800158604,18.038015402088316,14.876534643617791,93.25931800158604,108.85161101616951,27.86148559344436,27.86148559344436,27.96722178165477,27.99365582870737,12.61,telemed_644
IMG_00132.tif,1,2.0,27.953078989124467,27.95386409415997,28.97058144640965,28.972087404212477,30.0649146096011,30.065994816126807,1.0531235253422844,1.059007196624549,-2.8856297789532284,0.584192557192678,16.0,12.01672808776837,12.55649704944556,13.094016985855063,13.596596776474344,119.2982182923898,116.10240257602376,109.35930798223956,16.0,-1.0,11.5,16.0,14.500888989498918,14.500888989498918,12.874952647476562,,18.49442464436199,7.964888298798073,13.229656471580032,10.52953634556392,17.4414710098056,129.20614343864804,122.1189175665024,88.10342410613393,0.5251131438635874,92.3076923076923,18.494424644455336,14.882044810714753,92.3076923076923,108.81712771294508,27.887919640496964,27.887919640496964,27.96722178165477,27.99365582870737,12.61,telemed_644
IMG_00133.tif,1,2.0,27.95509092349429,27.955871320151694,28.97733231333901,28.97875820217608,30.07028357415812,30.071326037030488,1.059162789621665,1.0562919272571278,-2.898100548721138,0.5683846752342464,17.0,12.319990483052976,12.630629831578023,13.090300837060198,13.582994852451634,118.57048472209893,115.977202785551,109.33180461678612,17.0,-1.0,11.5,17.0,14.985471661892063,14.477709202736946,12.890961624797283,,18.353844513813403,8.153617635002751,13.253731074408076,10.200226878810652,17.33382182593234,128.47830792826002,121.90999993291156,88.76125136573503,0.6274103051867327,90.72164948453609,18.35384451389864,14.900602802316136,90.72164948453609,108.69263907024508,27.887919640496964,27.887919640496964,27.96722178165477,27.99365582870737,12.61,telemed_644
IMG_00134.tif,1,2.0,27.965597596949337,27.966392982187685,28.976426570151705,28.977915009912167,30.055060526160958,30.056126094147505,1.0379902742214542,1.0517428377383644,-2.8803806336495708,0.5807263782978284,16.0,12.340620843658243,12.630694063102494,13.070397163091144,13.635887799860456,119.12379536527922,116.31620176398664,109.10587964882951,16.0,-1.0,11.5,16.0,15.452759032048135,14.558105124313386,12.919968066274464,,18.80997459214722,7.835173629078819,13.32257411061302,10.974800963068402,17.71249449584038,128.93952054817294,121.33709440098754,86.71663786780442,0.5234470701087226,89.77002379064236,18.809974592239453,14.971339013799232,89.77002379064236,108.2315539342741,27.887919640496964,27.887919640496964,27.96722178165477,27.99365582870737,12.61,telemed_644
IMG_00135.tif,1,2.0,27.97604614507833,27.976794983729057,28.99336800002846,28.994592511083493,30.06154090551276,30.06272506053277,1.0409333873648392,1.0449966894388756,-2.8797546966922405,0.5265771493198166,16.0,12.440311338603266,12.617044902097152,13.074970359553872,13.63264540731447,119.30406114656996,116.44383169134416,109.2763655183348,16.0,-1.0,11.5,16.0,15.425604923318929,14.577858171196851,12.928708747837732,,18.83017790640497,7.792558020762026,13.3113679635835,11.037619885642943,17.726415917840676,129.20604326108253,121.48194021150724,86.65874260327182,0.52385791121254,89.92862807295798,18.830177906497312,14.960977219004036,89.92862807295798,108.3445285818751,27.887919640496964,27.887919640496964,27.96722178165477,27.99365582870737,12.61,telemed_644
IMG_00136.tif,1,2.0,24.928164825191708,24.92839707319078,26.198682849468412,26.198808461315128,27.496475867914565,27.49657913054817,1.4020651108159716,1.166116946541418,-4.001751920496766,0.1774239869364534,18.0,13.582854728705485,14.550711456741348,14.219014835347563,15.587226964099244,90.53362487448686,89.13808679224707,89.13808679224707,18.0,-1.0,13.5,18.0,16.05930625814426,17.757085980568917,13.921974138759708,17.757085980568917,17.746893939455006,11.42112344341606,14.584008691435534,6.325770496038946,17.11431688985111,100.53068159561052,98.94874125771864,81.7394498493919,0.6318170740116548,74.06819984139572,17.74689393951796,16.694372967569898,74.06819984139572,86.73209060547167,24.980174464710547,24.874438276500136,24.900872323552736,24.742268041237114,12.61,telemed_644
IMG_00137.tif,1,2.0,24.935022060357426,24.935249166922524,26.213584283098907,26.2137201833654,27.52113007015289,27.52124827756878,1.39669887045544,1.1893002401908206,-4.080763366127401,0.1844945928433477,18.0,13.531887010323205,14.47576728024902,14.199275772677083,15.542309450432043,90.54172777225295,89.30577917285864,89.30577917285864,18.0,-1.0,13.5,18.0,16.15117350132178,17.760879636003494,13.968610496585256,17.760879636003494,17.735825370311336,11.485169502086332,14.610497436198834,6.250655868225003,17.110759783488835,100.33572584537758,98.80032088884364,81.8112425333365,0.6318119094899413,74.06819984139572,17.735825370374517,16.719350868448135,74.06819984139572,86.62995045121863,24.980174464710547,24.874438276500136,24.900872323552736,24.742268041237114,12.61,telemed_644
IMG_00138.tif,1,2.0,24.92194028558869,24.922138534459396,26.217322391397698,26.217445754340943,27.527518710188748,27.527613992080163,1.4009379494847916,1.2045375081359777,-4.127554567560753,0.1757660418158868,18.0,13.406182968619175,14.410140380380684,13.878690510903994,15.463094976033574,95.68318292789324,90.5126334326054,90.5126334326054,18.0,-1.0,12.5,18.0,16.055020803835532,17.72735694343541,14.01167828566352,17.72735694343541,17.771380414830954,11.504154373633463,14.63776739423221,6.267226041197492,17.144657810711205,100.10155614192936,98.567362430232,81.60902726623728,0.6419122420336181,73.9095955590801,17.771380414893628,16.749317739372895,73.9095955590801,86.43299335014716,25.00660851176315,24.874438276500136,24.874438276500136,24.742268041237114,12.61,telemed_644
IMG_00139.tif,1,2.0,24.92403152102684,24.924280347345285,26.217583859965085,26.21766192298519,27.54054765870445,27.54057736272009,1.3996229877744897,1.2166740276003116,-4.156353299706961,0.1398181119058826,18.0,13.295900443209462,14.421396705318854,13.803929608903587,15.421481752565969,95.33707286408276,90.533212540313,91.47105463319724,18.0,-1.0,12.5,18.0,16.191341837246057,17.735147337324975,13.965601417637345,17.735147337324975,17.82686083985477,11.523727020511858,14.675293930183312,6.303133819342912,17.196547457920477,99.87042529818709,98.33004753955116,81.37088509730494,0.6444572719552031,73.59238699444886,17.82686083991954,16.800644953181692,73.59238699444886,86.18459172377496,24.980174464710547,24.874438276500136,24.84800422944753,24.742268041237114,12.61,telemed_644
IMG_00140.tif,1,2.0,24.928340834024517,24.928649906233357,26.22437913165153,26.224479181271587,27.53294263970249,27.532989989766925,1.3828597120421993,1.221480371491377,-4.185960938047756,0.1582676136872544,18.0,13.274690924954925,14.427571709402706,14.114116116639082,15.44495841930464,95.43968565364317,90.38762438819526,90.38762438819526,18.0,-1.0,12.5,18.0,16.183157000683792,17.67414258121275,13.946412066331504,17.67414258121275,17.795749659229532,11.601440335971697,14.698594997600615,6.194309323257835,17.176318726903748,99.67494148234933,98.1956745017411,81.52353395067615,0.6496333696239082,73.59238699444886,17.795749659294955,16.83767005683138,73.59238699444886,86.01638244162196,24.980174464710547,24.874438276500136,24.874438276500136,24.742268041237114,12.61,telemed_644
IMG_00141.tif,1,2.0,28.24679932822472,28.257121237038955,29.924719513678504,29.930063242679275,31.57583783576385,31.577662443009853,1.665546099721704,1.6549951062491906,-1.204367450986816,1.0827108464619295,32.0,11.06139252402778,11.523222463090631,12.114037432610871,12.639593873355013,130.96133992776333,124.45744492976505,114.10044584841376,32.0,-1.0,10.5,32.0,13.974119521604052,13.974119521604052,11.379855275826683,16.42757996678114,17.61301352889376,7.859336499898345,12.736175014396052,9.753677028995414,16.637645825994216,135.00351275408488,128.16812001904756,93.38229693410725,0.686121120330049,102.14115781126092,17.613013528914557,13.825035311624037,102.14115781126092,118.2477185355414,28.152260111023,28.09939201691779,28.1786941580756,28.469468675654245,12.61,telemed_644
IMG_00142.tif,1,2.0,28.25268462607195,28.262867341038277,29.93475932751865,29.940031084030373,31.587787475815468,31.589616800944235,1.668275261680802,1.6584741982251592,-1.2141927221435604,1.0752155856648389,31.0,11.039736034370094,11.561890577114404,12.149238951359251,12.534112260065484,131.3026401495905,124.1228919593452,114.98931870420212,31.0,-1.0,10.5,31.0,14.035515997043262,14.035515997043262,11.187671116485092,16.496299103521665,17.745311102920766,7.699665822639698,12.72248846278023,10.045645280281066,16.740746574892658,135.6522495332236,128.3300670647154,92.72729001432492,0.6867158934396699,102.93417922283902,17.745311102941848,13.81503443894238,102.93417922283902,118.35594889675652,28.152260111023,28.1258260639704,28.152260111023,28.469468675654245,12.61,telemed_644
IMG_00143.tif,1,2.0,28.300825686969308,28.310995951691154,29.974485893223395,29.979655272447825,31.62416626849467,31.625979219636925,1.6706545684864225,1.6443286994593451,-1.231890614344744,1.064019898918196,34.0,11.161272012823588,11.526371445589843,12.17469138104002,12.42573031168746,130.90302722188196,126.12085151214325,116.2462279346135,34.0,-1.0,10.5,34.0,13.9298238007882,13.9298238007882,10.721759688289978,16.380745470914064,17.550388022132207,7.451101931656636,12.50074497689442,10.099286090475571,16.540459413084648,138.6467253664161,130.79223235422808,93.88428028849906,0.6864149331408116,103.25138778747026,17.55038802215336,13.629244543297586,103.25138778747026,120.1430091613158,28.25799629923341,28.152260111023,28.23156225218081,28.469468675654245,12.61,telemed_644
IMG_00144.tif,1,2.0,28.31886172544553,28.32892083891123,29.991217932360364,29.996298429967627,31.639895374461823,31.64166897106649,1.6729095144070645,1.6398386177481925,-1.2158488652439805,1.054539988309956,31.0,11.215956447174475,11.578907094484334,12.027672553920752,12.45590065306149,132.34908365201946,126.24934025862136,116.34916051564868,31.0,-1.0,10.5,31.0,13.891320618357328,13.891320618357328,10.925380363699446,16.346010483384447,18.122193925280417,7.152735700754126,12.63746481301727,10.969458224526292,17.02524810282779,138.61779651032364,129.48209195684095,91.07460762592996,0.6852287815579406,103.88580491673277,18.122193925303343,13.774352327685817,103.88580491673277,118.9769715039528,28.25799629923341,28.1786941580756,28.28443034628602,28.469468675654245,12.61,telemed_644
IMG_00145.tif,1,2.0,28.330468472156173,28.34024787064387,29.990989246550768,29.995950781771374,31.6466159990654,31.64836511554425,1.6745233418162666,1.6335939030841211,-1.2256269944258438,1.0421262606189587,32.0,10.950961811783388,11.514239994848287,11.981267360833868,12.529863148187474,134.78422836303122,125.19750956791452,115.77390722501632,32.0,-1.0,10.5,32.0,13.918133782123393,13.918133782123393,10.72511886607174,16.376675107096275,18.08935012475717,7.159057441129213,12.62420378294319,10.930292683627956,16.996320856394377,138.76448109875952,129.6678217581645,91.27097151489832,0.7021814113715833,103.56859635210152,18.089350124778814,13.746091134636895,103.56859635210152,119.26461724378102,28.25799629923341,28.205128205128208,28.337298440391223,28.548770816812056,12.61,telemed_644
IMG_00146.tif,1,3.0,19.11357032028989,19.1486594427576,20.23115529080044,20.264356604648786,21.37373382917601,21.40736548933852,1.1211953053730266,1.1375107412079002,-0.1885825696033403,3.280259254185914,17.0,10.42912804409005,10.807771352780188,11.078228883232896,11.227423485945051,93.98589705146917,93.98589705146917,93.98589705146917,17.0,-1.0,10.5,17.0,12.009071790166049,11.690799671686593,9.996574117120872,13.374753460296231,13.675198920460597,8.777667549217503,11.22643323483905,4.897531371243094,13.185445783336288,99.91109881662206,98.31379093140654,80.9601656119967,0.7736629197193323,78.40755735492577,13.675198920509567,13.013306803480395,78.40755735492577,85.00147501291808,19.18578497525866,19.14080071974809,19.02834008097166,18.82591093117409,14.82,left_ticks_800
IMG_00147.tif,1,3.0,19.141639977808037,19.178445653452428,20.249891980701147,20.28355652467048,21.386394932403725,21.417503181905893,1.1633208622638411,1.0757366661896235,-0.0706383853641221,3.301505533312653,16.0,11.063087170513512,11.021414720415256,11.330855251890426,11.448175311942464,89.76779622027064,93.41710646964675,93.41710646964675,16.0,-1.0,9.5,16.0,11.445995225227534,11.445995225227534,10.085628813305618,,14.080008795490492,8.601580172166102,11.340794483828295,5.4784286233243895,13.532165933158051,99.43990061121978,97.48487461883091,78.79855375989965,0.6644143368448732,75.03373819163292,14.08000879556928,13.174950819727227,75.03373819163292,84.105852485513,19.208277103013945,19.14080071974809,19.02834008097166,18.82591093117409,14.82,left_ticks_800
IMG_00148.tif,1,3.0,19.135623466226985,19.17157757478419,20.260144639298264,20.293366205704352,21.3999870041502,21.430839234526093,1.1406909603848585,1.1185706993570428,-0.3221281739737351,3.2789130632429706,16.0,9.964338491054136,10.60857110533379,10.066294886998293,11.465137832102188,95.6828970090376,94.05844876721191,85.86631770370647,16.0,-1.0,9.5,16.0,11.57091410576885,11.57091410576885,10.172071160664927,,13.17990343647558,8.66921772898993,10.924560582732754,4.51068570748565,12.728834865727016,102.58637985509448,101.11877248698477,84.04769070589529,0.6476082399042115,77.32793522267207,13.179903436544484,12.787509225890629,77.32793522267207,86.58180064600496,19.16329284750337,19.14080071974809,19.02834008097166,18.69095816464237,14.82,left_ticks_800
IMG_00149.tif,1,3.0,19.10851886031177,19.1417400607456,20.245976412934777,20.27688145905533,21.433926753026885,21.464849238864826,1.0990374477913727,1.224071730327852,-0.4957080482804207,3.163784714398943,13.0,10.436802951705232,10.881680548617298,10.436802951705232,10.13426689450398,94.21452202592197,93.00209044638171,94.21452202592197,13.0,-1.0,9.5,13.0,12.17741809706314,10.522155850771467,10.068013434047373,,13.733339406955956,8.731974322591793,11.232656864773874,5.001365084364163,13.23320289851954,99.898572717697,98.23395525494836,80.60258126807524,0.5429813852587899,75.43859649122807,13.733339407032684,13.125892652513446,75.43859649122807,84.26266478426271,19.208277103013945,19.18578497525866,18.98335582546109,18.69095816464237,14.82,left_ticks_800
IMG_00150.tif,1,3.0,19.054234410623184,19.08570198201883,20.11760168477016,20.147035301337816,21.259329029540563,21.29061276652409,1.0650939942668949,1.1398167902383676,-0.6645415047537625,3.097467497485122,13.0,10.47448647537783,10.571988578266067,10.48905667418586,10.037932270906794,93.53734903871496,88.87954056471322,97.71159957297937,13.0,-1.0,9.5,13.0,11.63751633846141,10.60195367947756,10.165399475006552,,13.863479539683093,8.875884855400118,11.369682197541604,4.987594684282974,13.364720071254794,98.37595508218102,96.78567065841688,79.63044714011674,0.5437614906402054,74.22402159244264,13.863479539944803,13.283518473703143,74.22402159244264,83.04047536978649,19.23076923076923,19.16329284750337,18.93837156995052,18.62348178137652,14.82,left_ticks_800
IMG_00151.tif,1,3.0,16.768382662193304,16.775554983684817,18.14277035038472,18.14886913686173,19.56178099831353,19.566692017822056,1.2316601314628923,1.5594769026743456,3.232625074958493,1.4854112969387407,18.0,12.65448207991345,12.544789966688796,12.499398704148575,13.609815402292895,81.79430761055909,84.94622877305515,77.94840896250231,18.0,-1.0,11.5,18.0,14.013142774126663,14.326716136186008,11.96057731725648,14.013142774126663,16.89802149505109,9.08142982174022,12.989725658395654,7.816591673310872,16.116362327720005,76.9165691175012,74.5528279952338,57.65218136248883,0.8583284653485422,80.83670715249663,16.898021494996975,12.022289490377222,80.83670715249663,80.45289658942366,17.07152496626181,16.91408007197481,16.621682411156097,16.39676113360324,14.82,left_ticks_800
IMG_00152.tif,1,3.0,16.768525039039705,16.77566432873234,18.146918890511675,18.152938212209957,19.567267951596275,19.572095718379245,1.2335400660126103,1.5628913236342947,3.229481332113913,1.4755364562223747,18.0,12.629295350186297,12.555247785846753,12.447255918867969,13.580831265943177,81.78392599031099,85.32304862447565,78.03238567773639,18.0,-1.0,11.5,18.0,14.011166830702848,14.31675124538691,11.959528178195114,14.011166830702848,16.41428343405313,9.703156578686135,13.058720006369631,6.711126855366993,15.74317074851643,75.85414297867317,74.16601173025354,59.30263907407546,0.8587827245381273,81.24156545209176,16.414283434008425,12.084103592899549,81.24156545209176,80.04773551377662,17.049032838506523,16.91408007197481,16.621682411156097,16.39676113360324,14.82,left_ticks_800
IMG_00153.tif,1,3.0,16.768569422236308,16.77573849663117,18.14507999921264,18.15107773107396,19.56298896696958,19.56777630105461,1.2314342654028891,1.5606035390205557,3.2366623507625585,1.472963226227516,18.0,12.58070757088393,12.524895915228416,12.487042738758618,13.627656102603083,82.18473684722602,85.21744620885764,77.98724283562127,18.0,-1.0,11.5,18.0,14.034869060736526,14.304085605802982,11.980085060358192,14.034869060736526,16.346974928056014,9.856388594964615,13.101681761510314,6.490586333091397,15.697916294746872,75.48546293070311,73.9265842163496,59.539742001337416,0.8583289116725943,81.64642375168691,16.34697492801009,12.11734286506074,81.64642375168691,79.83092601286812,17.07152496626181,16.91408007197481,16.59919028340081,16.39676113360324,14.82,left_ticks_800
IMG_00154.tif,1,3.0,16.76655449304829,16.77374645987,18.13968817013012,18.145844396996697,19.556431071184356,19.56142175909875,1.2250791073288538,1.56259619189989,3.2396277942584755,1.4925147303968629,18.0,12.653679891230285,12.54727559736674,12.441482576816298,13.602520887895563,81.89119437101381,84.82448600585344,77.96817720440113,18.0,-1.0,11.5,18.0,14.046926580134825,14.364200797348047,11.996718881513004,14.046926580134825,16.402789371306003,9.798831845088287,13.100810608197149,6.603957526217715,15.742393618684233,75.53825237354108,73.92209622737727,59.33520160612882,0.858078291067274,81.37651821862347,16.40278937126036,12.110267550606888,81.37651821862347,79.8668021030017,17.07152496626181,16.91408007197481,16.59919028340081,16.39676113360324,14.82,left_ticks_800
IMG_00155.tif,1,3.0,16.766185047805607,16.773359260851272,18.139573654336157,18.145676092932508,19.555726890791867,19.56068500374636,1.2250700264261678,1.562255716468919,3.238042510828408,1.4859867401950464,18.0,12.642779873548676,12.566031139474012,12.42377192838677,13.6186234199794,81.77826043525427,85.2580073637868,78.04054297677362,18.0,-1.0,11.5,18.0,14.020049490863698,14.388283167951016,11.974207143969522,14.020049490863698,16.405240298726774,9.776864802191016,13.091052550458894,6.628375496535755,15.742402749073197,75.60751021201632,73.9751739827413,59.32573007327488,0.858454441384162,81.37651821862347,16.405240298681633,12.10923376204594,81.37651821862347,79.87237367533969,17.07152496626181,16.91408007197481,16.59919028340081,16.39676113360324,14.82,left_ticks_800
IMG_00156.tif,1,3.0,18.758505057473958,18.79116746578638,19.843350633157456,19.875253027854654,20.961034966657152,20.99159948463577,1.018467123333135,1.181964895516253,0.0185928201487746,3.2467664363075226,8.0,11.867183452203662,12.03555150662153,12.069148411369412,12.069148411369412,87.21161963114736,83.65520329622814,83.65520329622814,8.0,-1.0,11.5,8.0,14.802739186546972,14.802739186546972,11.811744397244864,14.802739186546972,15.458622942184526,10.178347228139696,12.818485085162113,5.280275714044829,14.930595370780043,85.87669779524258,84.65663215397495,70.4660195739052,0.6169609354736498,65.58704453441295,15.458622942253957,14.425268509613735,65.58704453441295,75.3950167110739,18.82591093117409,18.75843454790823,18.55600539811066,18.21862348178137,14.82,left_ticks_800
IMG_00157.tif,1,3.0,18.76174853633835,18.79418292999032,19.83930438173605,19.87093830401964,20.94703705902248,20.97741534615727,1.0158416778377937,1.1673907383291533,0.0093267935842968,3.233423545986249,8.0,11.89877755834766,12.059223826532213,12.174270404819538,12.174270404819538,86.88898426855417,82.88386857465997,82.88386857465997,8.0,-1.0,11.5,8.0,14.919965701959969,14.919965701959969,11.79578026102405,14.919965701959969,15.567215512514382,10.171869978318606,12.869542745416494,5.395345534195776,15.027680959094806,85.5999499617657,84.33983249155652,69.99764100016525,0.6172735714015409,66.26180836707152,15.567215512582584,14.461930625974336,66.26180836707152,75.21992042671151,18.84840305892937,18.75843454790823,18.55600539811066,18.21862348178137,14.82,left_ticks_800
IMG_00158.tif,1,3.0,18.761171814658248,18.79338822916545,19.836901355479903,19.868251725528268,20.944208458736224,20.974291399204088,1.0142107876687425,1.1666923823698985,-0.0211485388136323,3.2191132984602358,8.0,11.88750103916388,12.139113245473869,12.134267459611609,12.134267459611609,87.06650704833244,83.21373353377278,83.21373353377278,8.0,-1.0,11.5,8.0,15.097282222703711,15.097282222703711,11.791774989365706,15.097282222703711,15.786715366374052,9.989726736905826,12.888221051639938,5.796988629468226,15.20701650342723,85.67192900464521,84.21753135102186,69.0468800391014,0.6152116972178945,64.91228070175438,15.786715366441568,14.500942105242355,64.91228070175438,75.01997806630257,18.87089518668466,18.75843454790823,18.578497525865945,18.286099865047238,14.82,left_ticks_800
IMG_00159.tif,1,3.0,18.75980606702308,18.791920893237524,19.83313716727584,19.8645100562033,20.939822521386816,20.96998171383532,1.011132335122703,1.1669284854750868,-0.0400009027627057,3.2205728848692594,8.0,11.881863210047271,12.229954633117227,12.0883632691326,12.0883632691326,86.98064714688572,83.40744869399333,83.40744869399333,8.0,-1.0,11.5,8.0,15.293913068071705,15.293913068071705,11.840111078020072,15.293913068071705,16.155416234998373,9.321503262031907,12.73845974851514,6.833912972966464,15.472024937701724,87.30633327088002,85.1845701766788,67.50656207033043,0.615861697873675,64.77732793522267,16.15541623507937,14.351170674531724,64.77732793522267,75.78049115097744,18.84840305892937,18.73594242015295,18.55600539811066,18.21862348178137,14.82,left_ticks_800
IMG_00160.tif,1,3.0,18.75499097761546,18.78701599606417,19.842341034918864,19.873469426038668,20.96267921455504,20.99241656639764,1.0235583446562808,1.1818422256771912,-0.0703232406672289,3.207272242545087,8.0,11.84945758862591,12.128236734189972,12.081779003443472,12.081779003443472,86.98713322733272,83.23869347179816,83.23869347179816,8.0,-1.0,11.5,8.0,15.066452924538766,15.066452924538766,11.812094982358076,15.066452924538766,15.87339278050341,9.471357807775146,12.67237529413928,6.402034972728265,15.233189283230583,87.48026802266905,85.59922100611861,68.65644316966319,0.6211356168161333,64.91228070175438,15.87339278058639,14.283015896862834,64.91228070175438,76.11473619979854,18.84840305892937,18.73594242015295,18.55600539811066,18.21862348178137,14.82,left_ticks_800
IMG_00161.tif,1,3.0,16.550867550957836,16.557580355150098,17.900534165133678,17.907220516472496,19.27846926694536,19.28554149350212,1.268126493360623,1.4598346449914017,4.059367850928084,1.5657832766357722,10.0,12.432665470213363,12.637061689850238,12.316305673542132,12.316305673542132,88.71761070900807,87.3011086082602,88.97384899926801,10.0,-1.0,12.5,10.0,13.65255286642946,12.85611103180463,12.02687914615143,13.65255286642946,16.086973619978206,8.57643157771238,12.331702598845292,7.510542042265826,15.335919415751626,79.96205672442825,77.44118633767016,59.68753266043593,0.4990467995596472,86.77462887989203,16.08697361992939,11.262517212710526,86.77462887989203,84.68407938491065,16.71165092217724,16.531713900134953,16.374269005847953,16.194331983805668,14.82,left_ticks_800
IMG_00162.tif,1,3.0,16.54040506235506,16.547366433188863,17.899937979769962,17.906660754852776,19.28201198061948,19.28900457188241,1.2760105581799466,1.4656275805136023,4.057893449191628,1.570067075628834,10.0,12.472401434213126,12.622349312263074,12.300353727047792,12.300353727047792,88.47388799996985,87.24758349495903,89.11561162625333,10.0,-1.0,12.5,10.0,13.640725949428372,12.840095152143022,12.002271079309024,13.640725949428372,16.014235143861857,8.587983104318523,12.30110912409019,7.426252039543335,15.271609939907524,80.06113602455592,77.58226860298656,59.91401078742158,0.5025886236279495,86.77462887989203,16.014235143814453,11.252212869556594,86.77462887989203,84.7076325295513,16.71165092217724,16.531713900134953,16.374269005847953,16.194331983805668,14.82,left_ticks_800
IMG_00163.tif,1,3.0,16.54109216786962,16.548057001468003,17.898326240966384,17.905030458940097,19.27274713982556,19.279797129936554,1.2713845948765656,1.4603555335919824,4.049079449039513,1.5679698707575385,10.0,12.458709308172558,12.623861125794985,12.280141721242387,12.280141721242387,88.45329071401909,87.34256703852644,89.0106427194715,10.0,-1.0,12.5,10.0,13.620628062865704,12.858052230164787,11.988527352530753,13.620628062865704,16.142370569315506,8.46956586301015,12.305968216162828,7.672804706305357,15.375090098684971,80.20909185577297,77.55540645634547,59.45345387144838,0.501913035444638,86.63967611336032,16.142370569268053,11.258434148471505,86.63967611336032,84.665029543959,16.71165092217724,16.531713900134953,16.374269005847953,16.194331983805668,14.82,left_ticks_800
IMG_00164.tif,1,3.0,16.55706327651343,16.563743345825415,17.900107555749134,17.906706175302713,19.265628193049466,19.272568470020182,1.261074329249266,1.4477507949455046,4.057543570024251,1.5554987221628616,10.0,12.45024602106669,12.632802521582176,12.306541409844783,12.306541409844783,88.47494707734327,87.40682900674057,89.12800137486406,10.0,-1.0,12.5,10.0,13.61905376223308,12.92884908248476,12.018771407149076,13.61905376223308,16.097251362860963,8.539615717209571,12.318433540035269,7.5576356456513905,15.341487798295825,80.11639751922502,77.552309909734,59.67274270907405,0.5003707154297418,86.90958164642375,16.097251362811786,11.247188963967,86.90958164642375,84.8297205483542,16.71165092217724,16.55420602789024,16.374269005847953,16.194331983805668,14.82,left_ticks_800
IMG_00165.tif,1,3.0,16.575257866741538,16.581382891081958,17.914077588356857,17.9202075243708,19.267739830592152,19.274512284308766,1.2420940265859493,1.4510353666408613,4.06878329383524,1.4986715541357525,10.0,12.476364637269285,12.633562882022176,12.318634745391762,12.318634745391762,89.0453733307266,87.85385703619473,89.51066320223283,10.0,-1.0,12.5,10.0,13.630895314609518,12.864908958996978,12.012202878682274,13.630895314609518,16.03724342387058,8.5519924348222,12.29461792934639,7.485250989048381,15.288718324965744,80.31566839462108,77.78541811469084,59.95580401083991,0.4989979350737428,87.71929824561403,16.037243423818673,11.192132112117122,87.71929824561403,85.33513099860039,16.734143049932523,16.576698155645524,16.39676113360324,16.194331983805668,14.82,left_ticks_800
IMG_00166.tif,1,2.0,22.267975233667592,22.38706883331021,23.803338289303195,23.914782245456838,25.378777704369465,25.490247388665097,1.517039770649632,1.5861387847052577,1.9427482186462857,5.533519849112332,24.0,12.084970654953809,11.98980693705887,12.041404340323425,13.170101332121078,90.81149117495887,89.76909116502182,81.82010494400046,24.0,-1.0,10.5,24.0,13.845529646622252,15.456347893827171,9.864780309674645,15.862955154048135,18.25040075741138,7.51330241580714,12.88185158660926,10.73709834160424,17.176690923250955,106.58397755724552,100.13872567450868,71.28725813839398,0.7511492013506347,73.27935222672065,18.25040075744592,14.52904590186584,73.27935222672065,88.99028994054355,22.53711201079622,22.22222222222222,22.33468286099865,22.13225371120108,14.82,left_ticks_800
IMG_00167.tif,1,2.0,22.235437269847083,22.35428861930273,23.78400774623886,23.892790888116192,25.349958459558746,25.45410944443984,1.520131608565137,1.579689216571969,1.7730009213025109,5.469528672257626,26.0,11.9507559057418,11.848800049816626,11.9477790884375,12.895551840296008,89.40165633585266,89.52396044353804,82.20745696383062,26.0,-1.0,9.5,26.0,13.802177966433078,15.472570242376436,9.717994213905628,17.15228236774206,18.3482878833237,7.64108080493024,12.99468434412697,10.707207078393456,17.27756717548435,105.35668993305214,99.13917825490724,70.81649135663034,0.8223025807137352,72.73954116059379,18.348287883352658,14.644581633779817,72.73954116059379,88.17459841537897,22.492127755285647,22.15474583895636,22.267206477732792,22.06477732793522,14.82,left_ticks_800
IMG_00168.tif,1,2.0,22.15586753459524,22.27391345899941,23.71428174519753,23.82451833695693,25.26471719954872,25.372748195441453,1.4974779132603588,1.601356823181691,1.8013122279073457,5.513864052780339,24.0,12.13658806678326,12.08533244682214,12.011183049829782,12.011183049829782,90.15457550739856,87.88740713090844,87.88740713090844,24.0,-1.0,10.5,24.0,14.11820519256949,15.97725816676126,10.58945905702575,15.97725816676126,18.47038716384482,8.430472365635,13.450429764739908,10.03991479820982,17.466395684023837,100.28949744778063,95.48054548837632,70.10146248419082,0.7953940210795432,72.46963562753037,18.470387163867628,14.981855650140565,72.46963562753037,85.91113824607667,22.357174988753936,22.109761583445795,22.22222222222222,21.99730094466937,14.82,left_ticks_800
IMG_00169.tif,1,2.0,22.114672687321743,22.231091992554223,23.679533010136133,23.78748663646461,25.26144516034171,25.367590938329094,1.5197622243428155,1.6167367214320592,1.5312733501968494,5.460675268855849,23.0,11.822250321124102,11.498287930189289,11.822250321124102,8.680886345867407,94.11812910556652,94.11812910556652,122.23971441769172,23.0,-1.0,9.5,23.0,13.724203318668115,15.929416689922022,9.645501960818253,15.929416689922022,18.3580534369224,7.428360915718224,12.893207176320312,10.929692521204174,17.26508418480198,106.00894227012954,99.36572746985364,70.39728812420304,0.7874490911330075,72.60458839406208,18.358053436944907,14.578380090813194,72.60458839406208,88.08723909795486,22.357174988753936,22.13225371120108,22.199730094466936,21.99730094466937,14.82,left_ticks_800
IMG_00170.tif,1,2.0,22.076693997369706,22.191446482310447,23.6504288340266,23.752525955538847,25.2338210943415,25.32792800888867,1.53439685580682,1.6020846707713978,1.530078344348927,5.314288951637116,24.0,12.19255384851192,11.531048708476606,12.290706209544652,12.506981531571055,91.01024392206769,89.51567203775868,84.62895551220332,24.0,-1.0,9.5,24.0,14.15055684532183,15.78535898643088,9.494222753391,15.78535898643088,17.449056284436633,7.065235192895106,12.25714573866587,10.383821091541527,16.41067417528248,111.2272443911464,104.26132345598812,73.81712061325565,0.7835925425049721,73.8191632928475,17.449056284463463,13.98560969645207,73.8191632928475,91.58721260045849,22.33468286099865,22.109761583445795,22.15474583895636,21.99730094466937,14.82,left_ticks_800
IMG_00171.tif,1,2.0,25.40710893588042,25.445040246693463,26.876863420652956,26.91973406273792,28.432369681975104,28.4848481029351,1.849847444833694,1.1899604114079316,-0.2292350012241847,3.2339990970360564,23.0,11.161931095617632,11.696880489289132,13.352747931206466,13.408203566192867,107.6971413406346,94.6255197061721,88.44150652131087,23.0,-1.0,11.5,23.0,14.394875489787353,14.589429708980106,9.01612091253736,13.804054531991824,18.922749397489447,3.6223989973063104,11.272574197397878,15.300350400183136,17.39271435747113,158.38739464979386,130.11532698065983,78.43066531748106,0.7858747252217344,95.1417004048583,18.922749397511254,12.753706370102991,95.1417004048583,115.21316308880574,25.61853351327036,25.48358074673864,25.371120107962213,25.236167341430495,14.82,left_ticks_800
IMG_00172.tif,1,2.0,25.40247149632222,25.44038122609318,26.87879489892251,26.921465615092004,28.428373050531626,28.480415596804185,1.8469020033682888,1.1931323673427228,-0.2309924237167509,3.226343669945221,23.0,11.168064456381243,11.74754365778659,13.329200923228427,13.3606385600458,107.8939121409362,94.81174449502451,88.87422346833951,23.0,-1.0,11.5,23.0,14.434114789299912,14.526323084364977,8.986667425799624,13.62463198942271,18.867413560014636,3.562505115988864,11.214959338001748,15.304908444025768,17.336922715612054,159.6226547645032,130.7545226887638,78.63987709304298,0.7873703076691703,95.1417004048583,18.867413560037093,12.746878193272888,95.1417004048583,115.25567798263047,25.61853351327036,25.48358074673864,25.371120107962213,25.236167341430495,14.82,left_ticks_800
IMG_00173.tif,1,2.0,25.40562086430141,25.443555130990205,26.883998765140944,26.926286291989907,28.434338530402776,28.486489645824737,1.8466120866184943,1.1963224282160347,-0.2403602320053285,3.2115330695048447,23.0,11.06944270002225,11.678601275780212,13.34330759413237,13.34330759413237,104.70446026837013,94.87198877965866,91.8644528329252,23.0,-1.0,11.5,23.0,14.438605831312827,14.476015099140367,8.958047782952235,13.681915245770824,18.872350519880943,3.4444797707983685,11.158415145339657,15.427870749082578,17.32956344497269,161.58747408592166,131.42504450857425,78.62986479420044,0.7853853779988819,95.1417004048583,18.87235051990353,12.691204761649052,95.1417004048583,115.76737209244052,25.61853351327036,25.461088618983357,25.371120107962213,25.236167341430495,14.82,left_ticks_800
IMG_00174.tif,1,2.0,25.40846564304464,25.4463193260297,26.89185723133688,26.934084012727308,28.44592344985733,28.49816073225296,1.8537417341162927,1.1980996721069626,-0.2452356937035289,3.2087602665255206,23.0,11.110308023896152,11.640345596154312,13.31606661754526,13.435013833600893,108.2975622589944,99.59680599352008,88.86340616880143,23.0,-1.0,11.5,23.0,14.441280414102494,14.46012426170671,8.861195375458124,13.743050086628957,18.23517426633558,3.6222306071033135,10.928702436719448,14.612943659232268,16.773879900412354,162.09051900245942,134.16756030535163,81.28795918854289,0.7848365002470212,96.22132253711202,18.235174266357777,12.46010096347091,96.22132253711202,117.89259137353916,25.61853351327036,25.461088618983357,25.371120107962213,25.236167341430495,14.82,left_ticks_800
IMG_00175.tif,1,2.0,25.40926376909546,25.44711007923263,26.897771933908235,26.939961764995523,28.45626197366278,28.509056054800183,1.8623357495880335,1.199610225979526,-0.2502371227264379,3.207005688346407,23.0,11.081136281833947,11.675557764802615,13.31370691843017,13.372287628819748,104.1679827484716,94.69586909040176,88.42687418814657,23.0,-1.0,11.5,23.0,14.344172241444682,14.425623317487606,8.723124989320638,13.618468384282608,18.76270596123802,3.496426927533445,11.12956644438573,15.266279033704572,17.23607805786756,161.31995357641352,131.78021649782016,79.08396462311205,0.7843614826814664,94.73684210526316,18.762705961259527,12.664926553787678,94.73684210526316,116.02020782575642,25.64102564102564,25.48358074673864,25.393612235717494,25.236167341430495,14.82,left_ticks_800
IMG_00176.tif,1,2.0,22.33444496661512,22.339149188648,23.78043099942468,23.78541279984066,25.22156444077565,25.225920774494185,1.6786916427271248,1.2080799431190623,-3.86701298443652,1.1726894725983703,11.0,13.087724512882149,12.788269456190712,13.087724512882149,13.087724512882149,84.90246069223952,84.90246069223952,80.37029321421889,11.0,-1.0,11.5,11.0,13.61336538389412,13.61336538389412,13.361803102130123,,13.03990174695724,13.790687188756108,13.415294467856675,-0.7507854417988661,13.114980291137128,96.29404842785291,96.269103266048,98.9903967988908,0.4743439475821767,73.14439946018894,13.03990174731026,15.6739108310068,73.14439946018894,82.67319282216663,22.559604138551503,22.37966711650922,22.17723796671165,21.99730094466937,14.82,left_ticks_800
IMG_00177.tif,1,2.0,22.33469725497945,22.339408960101693,23.77871329019041,23.783687062041004,25.22025420459856,25.224594918361145,1.6731982387439477,1.2119877195155035,-3.860681060071881,1.1717866291262904,10.0,12.938182136133308,12.730783834634805,12.848913791509318,13.027450480757295,83.80578980965825,84.94055206917508,80.65789602065715,10.0,-1.0,11.5,10.0,13.546924313427551,13.546924313427551,13.368387624179547,,13.055904089752218,13.699849292431203,13.37787669109171,-0.6439452026789848,13.120298610020116,96.55307832252758,96.53457530701544,98.87233736377205,0.3966733184385883,73.27935222672065,13.055904090205276,15.636874636210443,73.27935222672065,82.86508101551357,22.559604138551503,22.357174988753936,22.17723796671165,21.99730094466937,14.82,left_ticks_800
IMG_00178.tif,1,2.0,22.33396882767436,22.338797609114884,23.780035888294808,23.78499690926073,25.22378159996801,25.228084298081036,1.6715631125651826,1.217723576400963,-3.8534690393239432,1.170251376839486,10.0,12.943377293601316,12.723313754271336,12.882398911022191,12.882398911022191,84.01874535837287,86.1720473705516,86.70167975259467,10.0,-1.0,11.5,10.0,13.51790461922917,13.51790461922917,13.395947854070869,,12.890151153872717,13.911356010165347,13.400753582019032,-1.0212048562926324,12.99227163950198,96.41671868683036,96.37039935441932,100.11930729752044,0.3971612317672309,73.54925775978407,12.890151154337191,15.66638172041851,73.54925775978407,82.71085717352723,22.559604138551503,22.357174988753936,22.17723796671165,21.99730094466937,14.82,left_ticks_800
IMG_00179.tif,1,2.0,22.340675344875866,22.34543470278641,23.788812788182906,23.793879369132213,25.237435105755612,25.242119445482043,1.6843993379420736,1.2122854047535632,-3.840315550496511,1.1824157395691346,10.0,12.8645780665409,12.727905944764668,12.899937028428925,12.899937028428925,85.50251169396404,84.21538350199187,80.96018283090234,10.0,-1.0,11.5,10.0,13.396146267921267,13.396146267921267,13.325428344145225,,12.726634586383568,13.952720000686275,13.339677293534924,-1.226085414302709,12.84924312781384,96.89987201027508,96.83213451564232,101.41394922825602,0.399007388246344,74.08906882591093,12.726634586857202,15.60301308057988,74.08906882591093,83.06287051958626,22.559604138551503,22.37966711650922,22.199730094466936,21.99730094466937,14.82,left_ticks_800
IMG_00180.tif,1,2.0,22.33467766456167,22.339447186367213,23.786920832520853,23.791943474266223,25.22182074995312,25.22622084648504,1.6804040268997238,1.2063696332180995,-3.842440932159186,1.1773251243135276,9.0,12.91384343462164,13.056685626067097,12.957844381003014,12.957844381003014,86.81352728427088,82.6414968503777,81.20524914368407,9.0,-1.0,11.5,9.0,13.409220572066944,13.409220572066944,14.2481225114702,,9.319135567797158,18.70551856854498,14.01232706817107,-9.386383000747824,10.25777386787194,95.91680614117708,92.24551945716657,137.92995888455738,0.400608135650065,80.7017543859649,9.319135568136293,16.277851963800106,80.7017543859649,79.6853814180277,22.559604138551503,22.357174988753936,22.22222222222222,21.99730094466937,14.82,left_ticks_800
IMG_00181.tif,1,2.0,26.987568390145277,27.015861094759103,28.452810389629143,28.47589469525732,29.92755139283945,29.945974875684648,1.683557198941982,1.2465565819835596,-1.4992781532022048,2.307207698116851,16.0,12.727206600060056,12.727557417500014,13.08576810447144,14.029578010995778,103.61771221277483,103.26993116961322,97.28353252226567,16.0,-1.0,11.5,16.0,14.228793696089156,14.228793696089156,13.28498378956482,,12.877638949807393,12.976257771156412,12.926948360481902,-0.0986188213490196,12.887500831942294,120.7561866180074,120.75560508279813,121.21013003919936,0.5233594759286655,96.76113360323886,12.87763894990497,14.888192964510711,96.76113360323886,105.14022911980656,27.14799820062978,26.968061178587494,26.81061628430049,26.51821862348178,14.82,left_ticks_800
IMG_00182.tif,1,2.0,26.9872765489391,27.01546513461551,28.449619691323196,28.472682717787308,29.92199334656,29.940365997525934,1.6787213201111215,1.2461795427993012,-1.506916842446255,2.3062740056054114,16.0,12.950570856913515,12.725338992896424,13.02663688379323,13.02663688379323,103.7240869030068,102.64130944316628,102.64130944316628,16.0,-1.0,12.5,16.0,14.145670806474897,14.145670806474897,13.237146327080552,,12.591929206752962,13.28630052998725,12.939114868370105,-0.6943713232342877,12.661366339076393,120.671000085787,120.64223983903469,123.91263564790891,0.5244528673617531,96.89608636977056,12.591929206850995,14.896126212704482,96.89608636977056,105.08397282653463,27.14799820062978,26.968061178587494,26.81061628430049,26.51821862348178,14.82,left_ticks_800
IMG_00183.tif,1,2.0,26.988113280704063,27.01613603355863,28.44938206543909,28.472349388047324,29.92082697993582,29.93912371118956,1.6750814769869882,1.2479062006439368,-1.5131024896019156,2.301496726550448,16.0,12.943250739133902,12.687230725052816,12.98841845406534,12.98841845406534,104.11755148850423,102.49466459342878,102.49466459342878,16.0,-1.0,11.5,16.0,13.898423107548524,13.898423107548524,13.18432098430435,,12.570662585334269,13.19854197361039,12.884602279472327,-0.6278793882761229,12.633450524161878,121.17113607268088,121.14732165159027,124.12231876825724,0.524268632712656,95.95141700404858,12.570662585435144,14.8481375081494,95.95141700404858,105.41884409303734,27.14799820062978,26.968061178587494,26.81061628430049,26.51821862348178,14.82,left_ticks_800
IMG_00184.tif,1,2.0,26.978147941694505,27.00627704974857,28.443453958895848,28.466529041540817,29.917897732246868,29.936329147858523,1.6815327359687802,1.2485193621411683,-1.5352170345335383,2.3071261715283207,15.0,12.974419803843944,12.72758961102242,12.974419803843944,13.415029931282334,102.30173107935757,102.27367869914391,96.31728925440264,15.0,-1.0,11.5,15.0,13.627829793847807,13.627829793847807,13.18721966640942,,12.546154643165238,13.327350182462276,12.936752412813757,-0.7811955392970379,12.62427419709494,120.6596111768072,120.62319703973635,124.31549753924428,0.5231404309098441,95.81646423751688,12.546154643272274,14.905609315355704,95.81646423751688,104.98320968004836,27.14799820062978,26.968061178587494,26.81061628430049,26.51821862348178,14.82,left_ticks_800
IMG_00185.tif,1,2.0,26.97202199279009,27.000350026862613,28.44340623495396,28.46647144875429,29.926716436454804,29.9450591533886,1.686125018440586,1.2585841080854068,-1.5512150153300617,2.3066350252634105,16.0,13.013926818688034,12.649194349594955,13.030405530697692,12.997448106678377,104.57188592230888,102.79552078717457,102.79552078717457,16.0,-1.0,11.5,16.0,13.39913121856256,13.39913121856256,13.230069869755482,,12.378787728824822,13.371197918021233,12.874992823423026,-0.9924101891964084,12.478028747744464,121.2248340566093,121.1652101206722,125.9417211137194,0.5232370289295003,96.22132253711202,12.378787728931483,14.846698249107778,96.22132253711202,105.3670884802832,27.14799820062978,26.968061178587494,26.78812415654521,26.51821862348178,14.82,left_ticks_800
IMG_00186.tif,1,2.0,25.817369111662213,25.984490978536407,26.948022209162385,27.116901851938863,28.071318516917103,28.24185166095543,0.9947422429974936,1.2626184394215283,1.0673848548764904,6.397818231658329,23.0,8.60253475845434,8.196073090538073,8.012674808797641,8.012674808797641,155.20918819303876,182.52733749479685,186.7266485517215,23.0,-1.0,7.5,23.0,10.96036680186154,12.702990780760617,7.340938734665656,,15.827179460481991,3.1693548049515634,9.498267132716778,12.65782465553043,14.56139699492895,189.62602828633635,157.17963960518492,95.10065188076716,0.5726523912390649,80.7017543859649,15.827179460562396,12.551317282748135,80.7017543859649,119.35466811857786,25.77329727815336,25.96687324376293,26.090643040794014,26.333070718253765,14.82,left_ticks_800
IMG_00187.tif,1,2.0,25.819026806455707,25.986287676285997,26.91440974443014,27.083067982560543,27.98615669898972,28.158175655957507,0.9989043491559144,1.1729836305155965,0.9788874763632948,6.397615221528686,23.0,8.453138770578192,8.103636245582825,7.92302111854346,7.92302111854346,156.95945903398302,182.9052516188152,187.2601089635722,23.0,-1.0,7.5,23.0,12.651274186547312,12.651274186547312,7.312739001531099,,15.828437374955085,3.152493583617741,9.490465479286414,12.675943791337344,14.56084299582135,190.00701148841372,157.32056964675772,95.10108877040273,0.5737493239756593,80.56680161943319,15.828437375037522,12.558277910591816,80.56680161943319,119.2993623281838,25.793040295827325,25.96472928464109,26.089263482884157,26.33440933679235,14.82,left_ticks_800
IMG_00188.tif,0,,,,,,,,,,,,,,,,,,,,,,,,,,,,,,,,,,,,,,,,,,,,,,14.82,left_ticks_800
IMG_00189.tif,0,,,,,,,,,,,,,,,,,,,,,,,,,,,,,,,,,,,,,,,,,,,,,,14.82,left_ticks_800
IMG_00190.tif,0,,,,,,,,,,,,,,,,,,,,,,,,,,,,,,,,,,,,,,,,,,,,,,14.82,left_ticks_800
IMG_00191.tif,1,3.0,26.372470240558798,26.526945766291032,27.51212962385942,27.66849019773665,28.60930395305284,28.764037097427146,0.8684592392502681,1.36863209188585,5.916019483723131,6.0941517437180535,29.0,12.389207794724854,12.56407543227697,12.375957683696557,12.091286350775704,120.076199656693,120.2400884328853,122.9785571595716,29.0,-1.0,12.5,29.0,16.245779520524138,16.245779520524138,12.518005955973765,16.245779520524138,18.94420124431729,10.116641421106118,14.530421332711704,8.827559823211173,18.061445261996173,108.50514922510756,105.11149104194652,81.23231776650816,0.8228268852969655,96.76113360323886,18.944201244317117,14.517869851310476,96.76113360323886,105.20040986632208,26.414303595913232,26.511302068296292,26.572647872286225,26.65317139001349,14.82,left_ticks_800
IMG_00192.tif,1,3.0,26.377124592623137,26.53195395841763,27.510008611107256,27.665871783014776,28.601549918784038,28.75587381072935,0.8674116560145076,1.3565081962972163,5.938287485900141,6.084729963068783,29.0,12.389688905263938,12.573608862790056,12.389688905263938,12.07917008312316,120.0542596201289,120.0542596201289,123.05602189423033,29.0,-1.0,12.5,29.0,16.317210335419986,16.317210335419986,12.51945467888072,16.317210335419986,18.83154792522776,10.173399021867676,14.502473473547717,8.658148903360079,17.96573303489175,108.6029800945746,105.32568655584004,81.71288571349676,0.8246147578442031,96.89608636977056,18.831547925227408,14.476968529210245,96.89608636977056,105.50726894584696,26.411936105318528,26.509681290737294,26.57194117447783,26.65317139001349,14.82,left_ticks_800
IMG_00193.tif,1,3.0,26.38147071852725,26.536439640076928,27.48603524119423,27.64129580134996,28.58656060124093,28.74141905498377,0.8670389967051428,1.3379404182016994,6.008301472186093,6.075646540299835,30.0,12.420484658508371,12.637490777075843,12.450411383801452,12.450411383801452,120.41463645602175,120.14504066648428,120.14504066648428,30.0,-1.0,12.5,30.0,16.301103618536473,16.301103618536473,12.477233078684437,16.301103618536473,18.86516178856552,10.169348296802946,14.517255042684234,8.695813491762573,17.99558043938926,108.53574720205224,105.23814401533524,81.58606481172713,0.8226776824119031,96.89608636977056,18.86516178856516,14.492071074793149,96.89608636977056,105.4170974196727,26.41343293268936,26.5112156044665,26.573521376680205,26.65317139001349,14.82,left_ticks_800
IMG_00194.tif,1,3.0,26.37246647372368,26.52736460834653,27.460044451540245,27.615378860743625,28.56801129904861,28.721407147227577,0.8652384074900602,1.3288041313909895,6.072665293865167,6.079946326952823,30.0,12.47717251911395,12.79455496767431,12.502639669236771,12.502639669236771,120.275745908274,120.09023950083936,120.09023950083936,30.0,-1.0,12.5,30.0,16.376481789812686,16.33581376132699,12.47265728340858,16.33581376132699,19.24299984129455,10.066732250188211,14.654866045741382,9.17626759110634,18.32537308218392,107.82200551777588,104.23421700878708,80.01458600373469,0.8239055751724051,96.08636977058028,19.24299984129413,14.622216931061224,96.08636977058028,104.46186388182596,26.40895428170481,26.50707277142698,26.56978963112511,26.65317139001349,14.82,left_ticks_800
IMG_00195.tif,1,3.0,26.36322731753408,26.51803271752776,27.46136976995376,27.618127913930053,28.56362090923636,28.71764342412364,0.8670972694842934,1.3325134371115883,6.028593019904835,6.107468005515566,29.0,12.324749738407377,12.666200085254117,12.455821185350942,12.115133656696315,121.61265815558237,120.41579880170676,123.7172279134316,29.0,-1.0,12.5,29.0,16.324928741937583,16.324928741937583,12.441342902194606,16.324928741937583,18.86052150930945,10.126189488186132,14.493355498747793,8.734332021123317,17.98708830719712,108.68091090591562,105.33740454456894,81.55078754378378,0.8268464258588795,96.35627530364371,18.860521509309265,14.47986451660205,96.35627530364371,105.4334467921561,26.4109351626317,26.50815316895196,26.569767712761557,26.65317139001349,14.82,left_ticks_800
IMG_00196.tif,1,2.0,18.832795657966734,18.83798467785583,20.20588359250075,20.21225035582197,21.583545798404064,21.59091765651679,1.828923730748193,0.924009247912768,0.2724916195309043,-1.4381396143394576,19.0,15.24818203042841,15.896046882681247,15.24818203042841,15.73025386249563,66.03009454988285,64.86326501403725,64.52144771352724,19.0,1.0,13.5,19.0,15.650443638866989,17.828717387696372,14.894794635733888,18.05274105384481,16.822252811661038,14.210997415710256,15.516625113685643,2.6112553959507827,16.56112727206596,70.57871271777724,70.41359438031797,65.08869700828009,0.7957484994556175,69.0968801313629,16.822252811671973,16.247229917037437,69.0968801313629,67.32692557508555,18.87246852764094,18.741105637657363,18.828680897646414,18.91625615763547,15.225,juniper_right_8
IMG_00197.tif,1,2.0,21.96074444411669,21.960951803029616,23.965470372825276,23.965732655872323,26.2232006608202,26.225508196933564,1.1753874513136149,3.0891689425903377,-6.33234251066412,0.2680573879536475,17.0,16.37561574195135,16.79361327832779,17.03077953118762,17.03077953118762,104.47861511179,97.78190921999108,95.8086785949815,17.0,1.0,16.5,17.0,13.594999000042776,13.594999000042776,15.645016331007897,13.594999000042776,14.007382695889277,17.297280696566098,15.652331696227687,-3.289898000676823,14.336372495956958,81.61177536619486,81.31367682398482,90.63690303032978,0.770934184586439,120.36124794745484,14.007382695836448,13.303534702178895,120.36124794745484,95.33877101348745,21.92118226600985,21.94854953475643,21.97591680350301,21.92118226600985,12.18,juniper_right_10
IMG_00198.tif,1,2.0,18.129692404025665,18.131385529113867,19.04838157489848,19.049069722526024,19.90365104768143,19.90375960131474,0.8019748285363175,0.9703992436645557,1.0716958959226397,0.4870155862644487,23.0,12.544182331189432,13.050596323460086,12.664454441804736,14.021160711257837,81.82761241955157,81.72508657121374,75.84079748201898,23.0,-1.0,11.5,23.0,13.766513257242307,14.519628366321314,13.042649986252911,15.941312983959676,14.601267997515588,12.295491089169852,13.44837954334272,2.305776908345736,14.370690306681016,78.13511318512363,77.94480714651935,71.90886974717957,0.7425450511466117,80.16701461377872,14.601267997510435,13.054805226699337,80.16701461377872,80.25201229549111,18.16283924843424,18.05845511482255,17.933194154488522,17.661795407098126,15.966666666666663,juniper_right_15
IMG_00199.tif,1,2.0,16.595612530763482,16.595615381401444,17.373546902948164,17.373565706292116,18.221616250786667,18.22165023664332,0.8476208657229855,0.7784139895188878,0.6936133918189593,0.0842967311658045,16.0,12.444093009314855,11.465609334572392,13.133887600907144,13.133887600907144,76.04110223287361,75.1412750325384,71.97326383434782,16.0,-1.0,14.5,16.0,15.644594359737937,14.697912337349608,11.883660251113156,17.18248931890335,17.05589587218567,6.67244406486468,11.864169968525175,10.38345180732099,16.01755069145357,86.52791624218499,80.71959003031128,56.580517694507485,0.7337814125696761,71.14822546972862,17.055895872177512,11.489158969036176,71.14822546972862,83.31715514355375,16.45093945720251,16.47181628392485,16.597077244258877,16.722338204592905,15.966666666666663,juniper_right_15
IMG_00200.tif,1,2.0,18.60506825607502,18.60562495711193,19.410503755884186,19.41103502581446,20.189207438651053,20.189706342062117,0.6260352477084703,0.9580461372417128,0.7600721364523039,0.4239082726494874,21.0,16.346301945274206,16.692457646219406,16.346301945274206,16.73317679576533,65.97438081413314,65.97438081413314,65.01350138644061,21.0,-1.0,15.5,21.0,17.892803145326212,18.042701773531377,16.391287535143704,18.042701773531377,19.126552354037944,15.174253668781256,17.1504030114096,3.9522986852566895,18.73132248551228,63.369376653087855,63.091612545490825,56.78068384853502,0.7756202571144907,62.25469728601254,19.126552354032977,16.968945032695817,62.25469728601254,63.74612511860981,18.66388308977036,18.62212943632568,18.643006263048026,18.851774530271403,15.966666666666663,juniper_right_15
IMG_00201.tif,1,2.0,18.916492850559024,18.91649303274715,19.8286697792135,19.828764002625192,20.737758895221827,20.73843287567821,1.0562675852940204,0.7656722576370395,-0.0248439666940441,-0.1766320026306939,34.0,11.814964572153542,12.084781418406562,12.13115125389993,12.25350855312115,91.13293930489672,88.68769378964463,88.47733803399036,34.0,1.0,11.5,34.0,12.428045255837247,13.642314289946995,12.184808995779264,13.642314289946995,12.52806148550381,11.618773999813504,12.073417742658656,0.9092874856903068,12.43713273693478,90.48046112183204,90.43793492027218,87.20559813752955,0.8821064622516839,91.82266009852216,12.528061485502567,11.947762689877058,91.82266009852216,91.37502919172032,18.85057471264368,18.93814997263273,18.98193760262726,18.58784893267652,15.225,juniper_right_8
IMG_00202.tif,1,2.0,21.62978159421049,21.65114870365761,22.786360337658007,22.798555364198474,24.02904790233929,24.03510885876958,1.531460799057862,0.852499356054106,-4.336443367199903,-1.8741083752629943,33.0,14.007190345578294,13.83749607096417,14.15001904130591,15.00760606199043,93.56067999250033,92.6534991327718,90.31315178256096,33.0,1.0,13.5,33.0,14.847866957227325,16.043099146212228,14.47269924926826,17.131693288091668,17.772759143791866,10.515104947640728,14.143932045716296,7.257654196151137,17.04699372417675,90.42016437705642,88.41700471776244,70.78126119771065,0.864317278983402,91.42857142857144,17.7727591437829,12.966561727594431,91.42857142857144,96.2885618246886,21.76245210727969,21.652983032293378,21.60919540229885,21.47783251231527,15.225,juniper_right_8
IMG_00203.tif,1,2.0,19.649092438380144,19.649154929988374,20.667205287266658,20.667268281815947,21.69051121087229,21.690565919628,1.2175082869172476,0.8239027027223796,-2.6698341167969577,-0.1414645715321433,32.0,14.39463500125197,14.554027114597258,14.397466900032896,15.483685305310786,86.20561960067457,84.92553381059172,81.833109089695,32.0,1.0,13.5,32.0,14.0790082621061,14.601743313232165,14.716063491084869,17.554752052865013,12.941519266472172,15.91372637215176,14.427622819311964,-2.9722071056795865,13.238739977040131,79.1131977166148,78.83513749029139,87.70595902372095,0.749106391186201,103.2512315270936,12.941519266447887,13.059987121275146,103.2512315270936,86.92401315509288,19.63875205254516,19.63875205254516,19.682539682539684,19.704433497536947,15.225,juniper_right_8
IMG_00204.tif,1,2.0,20.75968200847094,20.76011555476861,21.925266653288222,21.925535449724187,23.09190267997086,23.092118720946967,0.7833630955939792,1.5486400705843777,-7.354053323721222,-0.2837100516582702,20.0,15.633554123434294,17.186018383517364,16.396815402776326,20.142515540588533,97.16808490725263,97.0637135409224,85.26672432963572,20.0,1.0,20.5,20.0,19.80479702794105,22.016071345552263,14.473214955380712,22.016071345552263,23.57664211796965,9.788855228356724,16.68274867316319,13.787786889612926,22.19786342900836,76.6990344255804,72.1665351556446,51.79568180147525,0.7774139241069984,92.08538587848932,23.142809786406232,13.142809786406232,93.13628899835795,91.1122064525338,20.602079912424745,20.711548987411057,20.8648056923919,20.82101806239737,15.225,juniper_right_8
IMG_00205.tif,1,2.0,21.5341738780521,21.55191113853759,22.60830738246369,22.63740310792989,23.727599697402557,23.771944025423583,1.2484260889235723,0.9716067979624204,0.7230688212592082,-2.905262981820368,25.0,12.137273304399343,12.373082963562224,12.266231061391151,13.380351347616454,89.33231684628485,86.29711142407362,85.13537418566679,25.0,1.0,11.5,25.0,12.606554802343396,12.671707805306797,13.027490142459412,12.454958800336982,14.251191267438427,10.936803979675805,12.593997623557115,3.314387287762623,13.919752538662166,99.40080554457585,98.82822541047553,87.53423956675498,0.8073105745853174,83.20197044334974,14.251191267453668,13.915146024690223,83.20197044334974,89.60491279997773,21.625615763546797,21.57635467980295,21.60098522167487,21.72413793103448,13.533333333333337,juniper_right_9
IMG_00206.tif,1,2.0,19.51786814439803,19.518115996614306,20.55501855585096,20.555023470585056,21.6185377546579,21.619502894311765,1.0304413472986411,1.0709455503988174,-4.376349035723692,0.0396212947424578,18.0,14.397861942874812,14.27981838536216,14.321934938953008,14.321934938953008,107.27472300416142,106.26707972975412,106.26707972975412,18.0,1.0,13.5,18.0,14.1917081194118,15.0396576672114,11.812344764215595,15.0396576672114,16.234963515600423,11.026989800289206,13.630976657944815,5.207973715311218,15.714166144069305,83.79253848643728,82.77116186767014,69.77138476120716,0.667571090027652,109.06403940886696,16.234963515538237,11.363542693096583,109.06403940886696,99.00079316102304,19.605911330049256,19.630541871921174,19.630541871921174,19.802955665024623,13.533333333333337,juniper_right_9
IMG_00207.tif,1,2.0,15.164718820716653,15.174017286471017,16.470428530852804,16.477994229712298,17.734517830657726,17.739967945141384,1.3162874798512594,1.249663178819111,-5.89854757870688,-1.7363073380696732,21.0,16.384930941486374,16.204365099050882,15.831104697623289,15.72109576160571,63.77114033144658,63.77114033144658,63.77114033144658,21.0,1.0,15.5,21.0,15.87336145602984,15.818684585359676,17.0193377841843,15.818684585359676,14.620171631093095,18.77568802919673,16.697929830144915,-4.155516398103631,15.03572327090346,52.95350512043198,52.68245720397792,59.97002076615875,0.727145371982175,71.98686371100165,14.62017163105292,14.702825237366085,71.98686371100165,59.64026284684666,15.172413793103448,15.194307608100711,15.216201423097974,15.172413793103448,15.225,juniper_right_8
IMG_00208.tif,1,2.0,20.331735924531007,20.33541718575145,21.74894043579633,21.753065875414304,22.99060383970348,22.99596127523538,0.7561115350130224,1.904432554470912,-3.063872241120901,-1.1158848312397345,29.0,13.906568560541274,14.219351473433134,14.78867145772827,16.084933354081016,86.31240820421553,85.53821238156023,75.79257045538665,29.0,1.0,14.5,29.0,17.592315638056704,17.592315638056704,17.010951915877484,16.128849018690488,17.057598094713505,16.824416398809934,16.941007246761718,0.2331816959035708,17.034279925123148,69.68143732714744,69.68035128282838,69.21808818035902,0.8537437916763213,96.42036124794744,17.057598094688657,14.84304317132551,96.42036124794744,79.25902320059582,20.076628352490424,20.18609742747674,20.426929392446635,20.55829228243021,15.225,juniper_right_8
IMG_00209.tif,1,2.0,17.917651618843152,17.954659536088073,18.699718030924757,18.72838365287901,19.522578688251784,19.54188864037917,0.9426173929004628,0.6446117113906381,-2.013228083127299,-3.1704694722677917,9.0,18.421621015296974,17.595910568485184,18.421621015296974,17.449527705186483,53.05458100843794,53.05458100843794,57.26283816005017,9.0,1.0,16.5,9.0,18.50069647253736,,19.63313453365421,,25.633918514473613,8.189316689898101,16.911617602185856,17.444601824575514,23.889458332016066,68.11183583569063,61.64360490575032,41.44956058831977,0.5549090748918969,53.20197044334976,25.63391851461301,17.705140357717188,53.20197044334976,58.96349118541335,18.03290459181016,17.90914066776136,17.952928297755882,18.0623973727422,15.225,juniper_right_8
IMG_00210.tif,1,2.0,16.382018675797774,16.382070064056936,17.54964960274052,17.54984186735542,18.734129697708397,18.73455681827519,1.2536678503244822,1.0988189038937703,-1.3599707461416437,-0.2681952637816812,25.0,11.173763401022596,11.267929122221176,11.272595836792275,12.176785869418724,92.58082478024934,90.15875409548828,84.09192161372944,25.0,1.0,9.5,25.0,11.7952782823931,11.7952782823931,10.329497030406657,11.7952782823931,12.008432113519651,9.816302459910158,10.912367286714906,2.1921296536094945,11.789219148158704,86.81879152799533,86.52741002081027,78.73027842096079,0.773925487414163,84.86042692939245,12.008432113507444,10.208512953620268,84.86042692939245,92.4233422232908,16.332785987958403,16.332785987958403,16.39846743295019,16.486042692939247,15.225,juniper_right_8
IMG_00211.tif,1,2.0,27.311714015097543,27.35588266776,28.393593631355664,28.442885920288997,29.49252518142059,29.54864213927103,1.1133271082939755,1.079432363217053,-2.821524254610504,-3.3736733738204063,28.0,14.992168560724892,15.602736646626964,15.674445712083669,13.436020144162484,101.69516844233937,97.33579341911974,112.49426121428652,28.0,1.0,14.5,28.0,18.49855502526165,18.49855502526165,14.10172048708344,18.68756464949689,20.51837305263204,12.531740011419563,16.5250565320258,7.986633041212477,19.719709748510795,97.92373058186094,96.00991077778676,77.91138733828733,0.8365190343145803,92.9392446633826,20.518373052630764,16.410166395151222,92.9392446633826,96.6634163943719,27.58620689655173,27.394636015325677,27.312534209085936,27.339901477832512,12.18,juniper_right_10
IMG_00212.tif,1,2.0,21.073466164845005,21.07530864188669,22.04234285685606,22.043465591248875,23.020582705076222,23.02238648079148,0.9819368477224036,0.9651409911823912,-2.7237123950770656,-0.5782798371410246,15.0,22.867370532275917,22.696844429658583,22.867370532275917,22.867370532275917,55.550419059973045,56.15128462089092,56.15128462089092,15.0,1.0,20.5,15.0,23.37017306242845,22.07008971523325,23.011453361249096,20.05889570158897,23.834733768681748,22.51614753380564,23.175440651243694,1.3185862348761082,23.702875145194135,53.53937790157985,53.52528167957156,52.12761129511924,0.7461172985405948,58.94909688013136,23.83473376848129,22.12035603464416,58.94909688013136,55.940966037016246,21.237000547345374,21.127531472359056,21.01806239737274,20.85385878489327,12.18,juniper_right_10
IMG_00213.tif,1,2.0,25.049100938135464,25.049858417636568,26.423654359887987,26.42985391842546,27.87048667266033,27.888824370175744,1.2818537980166007,1.557112154522573,-5.563585901229567,-1.2410209728962394,17.0,18.02674429156579,16.975398060585494,17.449868242453363,18.70120288049389,107.80231093538646,108.15195445096091,103.5839163319834,17.0,1.0,16.5,17.0,18.26600933173273,17.0146746936922,13.278358680291802,17.0146746936922,20.029103427407087,12.027218774937172,16.02816110117213,8.001884652469917,19.228914962160097,92.55064390628124,90.61696070820123,73.05231645741124,0.7053742873296249,111.16584564860428,20.029103427353014,13.686752790866578,111.16584564860428,105.74303059322604,25.23262178434592,25.150519978106185,25.23262178434592,24.958949096880133,12.18,juniper_right_10
IMG_00214.tif,1,2.0,18.612515324653486,18.61958094013063,19.672703227511157,19.694954398917933,20.743630949941664,20.783312774004948,1.463434369735433,0.7002974641388863,-0.2780907683336948,-2.7238141834653797,31.0,12.758200080204231,12.810068477688825,13.100648226765912,13.907016289102415,78.11703000752921,77.30928231464686,74.04605022920836,31.0,1.0,12.5,31.0,14.28465351847288,14.054820418024462,11.812185195543378,14.054820418024462,15.334247594414324,10.55813985003311,12.946193722223716,4.776107744381214,14.856636819976202,84.05276682255135,83.09734036678987,70.39826563001405,0.812359103814362,78.55500821018063,15.334247594421557,13.532584212559431,78.55500821018063,79.55950349431812,18.58784893267652,18.58784893267652,18.65353037766831,18.7192118226601,15.225,juniper_right_8
IMG_00215.tif,1,2.0,23.235185915968124,23.24608085277545,24.720357741408566,24.730551353151338,26.172577082650676,26.18154839755288,1.982375585104674,0.9530919596727568,-6.63665213430381,-1.645127997830243,26.0,18.89752571018373,18.40436940014337,18.94903713844073,19.815020989269584,86.65273114778878,86.55095772896148,86.55095772896148,26.0,1.0,17.5,26.0,19.781735756516294,20.619921338181086,17.505430543379788,20.619921338181086,21.724673357293284,15.30264590233008,18.51365962981168,6.422027454963201,21.082470611796964,73.75791743558946,73.0236675697567,62.64340633859237,0.8415409207763072,90.88669950738914,21.724673357250616,16.19106063505393,90.88669950738914,83.15576156256883,23.25123152709359,23.30049261083743,23.3743842364532,23.4975369458128,13.533333333333337,juniper_right_9
IMG_00216.tif,1,2.0,20.308804968491224,20.312761843798533,21.93169594560503,21.939189034314293,23.65227071439684,23.66369098923311,1.2167917475888474,2.1341373978457283,0.9580667438836662,1.4975114224947317,16.0,16.86774161209283,16.964797552163446,16.975216957436743,17.39999678053661,70.67142405165325,70.22761822982474,68.55512694256068,16.0,1.0,15.5,16.0,17.236995224196562,17.378009001222324,16.58587540419697,,17.70920604340772,16.514528468374312,17.111867255891017,1.1946775750334064,17.589738285904378,69.04943213968325,69.02174330671568,66.7645156202914,0.5627930482784766,72.70935960591132,17.70920604340742,17.10693556003919,72.70935960591132,69.04104625994404,20.36945812807881,20.34482758620689,20.29556650246305,20.32019704433497,13.533333333333337,juniper_right_9
IMG_00217.tif,1,2.0,21.11771125977069,21.14258361890211,22.0906375497396,22.1148272630055,23.10717494575112,23.12965400963965,1.0755520909448013,0.911518299792742,-2.827328815814075,-2.68009883186774,29.0,14.819331635127329,15.215271489950991,14.48440311315801,14.48440311315801,82.8221096863104,84.69292192800914,84.69292192800914,29.0,1.0,14.5,29.0,18.105365785209585,18.372220587218862,14.258924378124448,19.25104334624808,20.919609669989377,12.644438023562124,16.78202384677575,8.275171646427255,20.092092505346653,74.65877690917134,73.13949133233926,59.14357590103897,0.7501156747786705,72.77504105090313,20.91960966998933,16.779716153175467,72.77504105090313,73.1492608258677,20.974274767378216,21.01806239737274,20.974274767378216,20.492610837438423,15.225,juniper_right_8
IMG_00218.tif,1,2.0,19.02977407667183,19.030683735878128,20.0389502966318,20.04294130865469,21.04716353433518,21.057608958072404,1.1041195679699596,0.92280565422432,-2.941932904242902,1.1434195875133637,25.0,12.51631188250127,12.223818006044509,13.541582358896449,13.971468179802088,109.51636210799,108.2388400296716,107.9272348366154,25.0,1.0,12.5,25.0,14.482728710097945,14.482728710097945,7.1544648984395565,14.67123605628845,16.21410298662209,6.460546139714339,11.337324563168217,9.753556846907752,15.238747301931316,103.4817209766068,96.77966581502002,68.13592563561131,0.8532412077846834,103.51395730706076,16.214102986604885,9.429746231613631,103.51395730706076,116.12327960016589,19.15708812260537,19.06951286261631,19.244663382594418,19.507389162561577,15.225,juniper_right_8
IMG_00219.tif,1,2.0,20.7754936674347,20.78115396306868,21.93757803575368,21.943096816867417,23.136299181575907,23.14146777012346,1.082840997471999,1.2774728095827812,-2.3704437030517505,-1.2850480234028834,17.0,21.61423079566225,21.89437091205264,21.55934629379325,21.25144002198616,58.041417237614986,58.21738861320422,58.46845190378435,17.0,1.0,20.5,17.0,23.29501241901798,25.26233467829354,21.070082594424605,,25.84015319871256,19.18386879101417,22.512010994863363,6.656284407698386,25.17452475794272,54.641650453166775,54.25030536259923,47.65545587849603,0.6200864951793222,55.30377668308703,25.84015319869959,22.07582915198898,55.30377668308703,55.26704520481096,20.974274767378216,20.82101806239737,20.689655172413797,20.623973727422005,15.225,juniper_right_8
IMG_00220.tif,1,2.0,21.428980881341086,21.436030982951344,22.30438503307474,22.32169848452135,23.207726748193533,23.24352339671724,1.0736908113206838,0.7338016024452069,-3.9996286132416983,-2.256804365659577,41.0,16.479861238544117,16.253320538325248,16.56936943709863,16.815392003241953,84.55001812224427,84.62721470428946,82.1882827480504,41.0,1.0,15.5,41.0,16.03423351993777,16.03423351993777,16.81725623786707,16.360093793176844,15.09906073415039,17.305760350184112,16.20241054216725,-2.2066996160337222,15.319730695753762,76.85963212816846,76.7420615762992,82.20492727194927,0.8854856125860572,93.26765188834156,15.099060734142794,15.041993267207433,93.26765188834156,82.5095635085659,21.21510673234811,21.41215106732348,21.499726327312533,21.60919540229885,15.225,juniper_right_8
IMG_00221.tif,1,2.0,19.3159026722487,19.355131736029183,20.47105347815822,20.511762649104817,21.61546726465412,21.657573155007043,0.6707335558999631,1.6317078630778954,-2.020537649855636,-3.6103900356513217,37.0,11.181930147479846,11.39359813399518,11.300754611528902,10.912076926681124,88.28239086493181,87.25008745849019,89.28987791735372,37.0,1.0,10.5,37.0,12.107317269371094,12.04917200497826,14.176995418505156,11.693632511513728,11.479821093104782,14.735793377213056,13.10780723515892,-3.2559722841082728,11.80541832151561,85.62574283882803,85.18684082556106,97.06935049569326,0.8333565668559946,86.69950738916256,11.479821093106034,13.255543458053394,86.69950738916256,84.25413068558524,19.354132457580736,19.288451012588947,19.46360153256705,19.507389162561577,15.225,juniper_right_8
IMG_00222.tif,1,2.0,19.005219448041085,19.011946582448104,19.940066316286327,19.94913828358668,20.87676833965026,20.88765663708686,0.8332320273778452,1.042478027260919,-1.892683765653053,-1.7279960978457067,28.0,17.416944811566964,17.397489173776464,17.421290426185237,17.41259919694869,64.65738865954154,64.62862053893947,64.68615678014362,28.0,1.0,16.5,28.0,17.1643101529624,17.613705764259663,17.126638595938033,16.237613726490082,18.271755197305207,15.8225441963807,17.047149696842954,2.449211000924508,18.02683409721276,64.93829560623962,64.82788745926969,60.61681780681419,0.72490669990829,66.73234811165845,18.27175519730444,17.005906082711643,66.73234811165845,64.98045037895479,19.025725232621784,19.06951286261631,19.047619047619047,19.047619047619047,15.225,juniper_right_8
IMG_00223.tif,1,2.0,17.163930464653717,17.17621603389138,18.20468712808137,18.2149086832678,19.223200592958737,19.231265739088027,1.1014890224795155,0.9535606827171362,-4.310954905140271,-1.9195654797171136,19.0,14.736539800424254,13.69445438126978,14.853943164921702,16.870948601129896,75.37500009557148,71.01486040288965,63.46130970416193,19.0,1.0,15.5,19.0,16.789022741466113,15.224556333231646,15.295344997270746,15.224556333231646,20.246829339380117,10.604141470256671,15.425485404818392,9.64268786912344,19.282560552467768,66.66652756022815,64.45820523918422,49.54243861703834,0.8490686122882789,68.70279146141215,20.24682933935772,14.132903101259636,68.70279146141215,70.2165492683139,17.142857142857142,17.186644772851672,17.230432402846194,17.339901477832512,15.225,juniper_right_8
IMG_00224.tif,1,2.0,16.28285182474658,16.288378105657728,16.93539893015718,16.93963822281381,17.615009735261598,17.617969333209114,0.7329127317157003,0.5966784958356856,-2.347915425692609,-1.2818621429386587,20.0,16.48852377076922,16.70445880349381,16.848719627590015,15.54933268296682,59.20010385689933,58.79215553566207,62.71410625816156,20.0,1.0,16.5,20.0,16.967853063531095,16.967853063531095,15.317467096317472,16.795526769420974,17.39063939493532,15.50041634939153,16.445527872163424,1.890223045543788,17.20161709038094,57.56335485663247,57.50068971413094,54.464630356822674,0.7599369550278599,62.791461412151065,17.390639394922907,15.958275998836452,62.791461412151065,59.20861511056199,16.31089217296114,16.37657361795293,16.354679802955665,16.683087027914613,15.225,juniper_right_8
IMG_00225.tif,1,2.0,21.03563059131408,21.03814776162722,21.85840133094504,21.859953288961197,22.68018555437988,22.681091888240648,0.903418160002049,0.7395259666113814,2.890829448834166,-0.6827403479237341,24.0,9.431744181909352,10.349702561016716,10.254380198183952,10.32053146595672,112.30282663921052,93.32504614582236,88.99064345261387,24.0,1.0,8.5,24.0,12.006517189134172,11.833029495360648,8.632973505545692,15.7417766340765,15.273837552299014,5.79680718993958,10.535322371119296,9.477030362359434,14.326134516063073,123.8787797475426,115.05135625028878,79.8541336298867,0.7311420588916502,85.2545155993432,15.27383755231783,12.205127629880728,85.2545155993432,99.50312264476138,21.39025725232622,21.12753147235906,20.908593322386427,20.886699507389164,15.225,juniper_right_8
IMG_00226.tif,1,2.0,23.217431603133605,23.258899624078506,24.261081511184884,24.29466381363755,25.36383643514821,25.383970837242376,1.1365222712934389,0.9885489418704352,-8.037827507295988,-3.01291900721384,25.0,16.843719506722834,17.081839636112047,17.506087345374453,18.161699084683818,95.16369716714009,93.2842896290298,92.18630561005888,25.0,1.0,16.5,25.0,17.908468788999357,17.908468788999357,15.97421305442407,17.908468788999357,18.92311585241612,15.086653219711948,17.004884536064033,3.8364626327041726,18.539469589145703,79.45884255355777,79.12500177786652,71.35500283170067,0.760915824610649,101.80623973727424,18.923115852379503,14.639737876728969,101.80623973727424,91.55780770969834,23.273125342090857,23.273125342090857,23.295019157088124,23.382594417077176,15.225,juniper_right_8
IMG_00227.tif,1,2.0,23.25217550288969,23.25994054274681,24.236676383470243,24.24244183194194,25.277094037447768,25.279273899949537,1.1076943077358803,0.9116390494668416,-2.961798119715289,-1.2496103227875002,19.0,21.517873547333807,21.96147437096007,21.517873547333807,21.632618093636182,66.04140874483015,65.2488293375256,63.00795694378175,19.0,1.0,20.5,19.0,23.468471761128853,22.27469125111614,21.34624016814996,21.719750881411585,24.35719977065082,19.507139076074434,21.932169423362627,4.850060694576385,23.872193701193183,62.47543276720482,62.2255234322309,56.35406952148504,0.7625618903069228,65.68144499178982,24.357199770631087,21.14796904723994,65.68144499178982,64.42129904411938,23.360700602079916,23.295019157088124,23.185550082101805,22.922824302134647,15.225,juniper_right_8
IMG_00228.tif,1,2.0,18.4610443243832,18.46399142129846,20.14451751928015,20.146983651827245,21.74713725721441,21.75055538217049,2.2713000767192013,1.0152638841528283,-1.858361365448648,0.8964895898163033,32.0,10.256266102144778,10.392088492539711,10.609367224588084,10.76704532170902,88.9091968473441,83.77706729404706,83.02327206873959,32.0,-1.0,8.5,32.0,11.013808604869723,11.126486969859968,9.899677773111364,11.386997428188693,11.900256931844137,8.602782877284941,10.25151990456454,3.2974740545591965,11.570509526388218,104.65133590154942,103.74631202779754,89.53892885864897,0.8396066552471982,80.6568144499179,11.900256931856845,11.600014880210765,80.6568144499179,91.82346481323862,18.500273672687467,18.52216748768473,18.58784893267652,18.85057471264368,15.225,juniper_right_8
IMG_00229.tif,1,2.0,22.37969024698451,22.384528346792187,23.74701775104917,23.76091639411847,25.14873206497001,25.177872175113016,1.3975668457287926,1.3957769825920368,-1.1450331441083423,1.959807475803061,24.0,9.041947544330952,10.081652452843294,9.105771864373196,12.774678223121697,123.50832812471748,121.6337510692416,89.1000229043912,23.0,-1.0,11.5,26.0,13.36043277642682,13.602622614767142,6.111235253663267,15.2512382425503,15.927745661024415,4.370536951440551,10.149141306232483,11.557208709583865,14.772024790066029,144.20703384956974,127.03055906387686,81.5676233164581,0.8417926472787559,85.41871921182263,15.927745661034615,11.024413798759817,85.41871921182263,117.0554293558796,22.463054187192117,22.38916256157635,22.36453201970443,22.38916256157635,13.533333333333337,juniper_right_9
IMG_00230.tif,1,2.0,19.59522604745967,19.598548330560643,21.02681159535192,21.03120592070191,22.383509196133765,22.386082134732565,1.8544538738042025,0.933079930367724,2.1376433725802597,1.1712759037256644,25.0,17.72786715046513,17.89378725716527,17.72786715046513,19.45908386718736,66.93577316724367,66.93577316724367,59.38837477292778,25.0,-1.0,17.5,25.0,18.02702807439175,17.588040317236533,19.896233594146395,18.165016877424165,16.45696816133555,21.073973702541235,18.765470931938392,-4.617005541205685,16.918668715456118,61.197254135766336,60.8921751113296,69.14596752006105,0.8173900939487798,76.40394088669949,16.4569681613236,18.00557155487168,76.40394088669949,63.37145411493525,19.876847290640388,19.605911330049256,19.53201970443349,19.58128078817733,13.533333333333337,juniper_right_9
IMG_00231.tif,1,2.0,21.394960577661816,21.401688077322863,22.33156523594665,22.340288449336537,23.24837105334833,23.267475690591247,1.0500884193615925,0.8156991939067847,0.2555411087286054,1.6012001529899975,33.0,13.647153006126388,13.750094646789664,13.685682278831536,13.74982412207848,86.60321160701285,85.69045048150589,85.32740440658587,33.0,-1.0,12.5,33.0,13.70928215332276,13.773423996569704,14.475186487442445,13.773423996569704,14.221447922623916,12.349762944024013,13.285605433323964,1.871684978599904,14.034279424763923,93.27255351935312,93.11924068090651,87.10573420969759,0.8235392483224114,91.42857142857144,14.221447922633676,13.86436135993752,91.42857142857144,89.30353916748999,21.21510673234811,21.346469622331693,21.346469622331693,21.21510673234811,15.225,juniper_right_8
IMG_00232.tif,1,2.0,16.681610663932485,16.696516706105815,17.784575828230462,17.800083108379248,18.832760607171235,18.844188628852308,0.9742871954747592,1.1733847272717344,-1.1131448469397394,2.3918060831956462,23.0,13.578803289219591,12.916223347368428,13.746162302840986,14.525529043489511,63.83554055986188,61.682724121612814,60.87428916743449,23.0,-1.0,11.5,23.0,15.308455237855554,15.411597314533452,12.227948263222288,13.098392363545372,16.329826453656853,11.711983880590449,14.02090516712365,4.617842573066404,15.868042196350212,69.53049400057292,68.90266701197233,59.3721760305796,0.8347836060837944,57.142857142857146,16.329826453674396,15.345064403733517,57.142857142857146,63.08186607020277,16.5736179529283,16.70498084291188,16.683087027914613,16.223316912972084,15.225,juniper_right_8
IMG_00233.tif,1,2.0,17.84646840041441,17.899721557758895,18.81639508213452,18.877179139856235,19.812230816978115,19.87993500198287,1.0080366548353303,0.9721767893886384,4.067381403793286,4.599181297812926,14.0,17.99338612887655,17.748944299422597,18.02245628531216,18.064006302284383,56.80977974942118,56.7607153805001,56.45985425327628,14.0,-1.0,16.5,14.0,18.362718331640902,18.915604813934493,18.32116831466868,18.915604813934493,19.02579194560198,17.73814079539259,18.381966370497285,1.287651150209392,18.89702683058104,56.61739603143376,56.59458885653209,54.74682958694103,0.810627883029273,57.93103448275862,19.025791945603714,18.4092893025954,57.93103448275862,56.51349574039107,17.952928297755882,17.931034482758623,17.887246852764093,17.79967159277504,15.225,juniper_right_8
IMG_00234.tif,1,2.0,13.769102228087164,13.774149910061098,14.641883223324225,14.647021906036004,15.515501198253988,15.52076126606604,0.6939660428571107,1.0526453131478322,-1.0379232099163416,-1.5177546221149756,9.0,17.634588690116402,17.650832518810056,17.584359286779147,17.584359286779147,44.91849593459757,44.93331314651854,44.93331314651854,9.0,1.0,16.5,9.0,18.770403255984093,17.525128546493278,17.17194269230373,,18.974503031039323,16.29516028260072,17.63483165682002,2.6793427484386023,18.706568756195463,45.542290581803776,45.45576759732497,42.35246807154032,0.5630718562094597,43.90681003584231,18.974503031055608,17.92107950608017,43.90681003584231,44.75298534867655,13.98745519713262,13.799283154121866,13.715651135005976,13.862007168458783,15.94285714285714,juniper_right_7
IMG_00235.tif,1,2.0,17.091488843162928,17.09152563247741,18.219909461265814,18.219917704559435,19.52600597755443,19.526015347253505,0.6488127135738997,1.7856770012021967,0.1813011108174235,-0.0545022994725261,17.0,19.496553117997763,19.521573216431715,19.854963727712143,19.941112970772732,52.33680621580033,50.82019342844052,49.94956317333264,17.0,1.0,18.5,17.0,20.211905214811026,16.58452378185808,19.52575025754604,,22.30748740287701,18.181470307758826,20.24447885531792,4.126017095118184,21.89488569336519,49.56224526264642,49.3933800985758,45.02755171875632,0.598762502196624,49.42652329749105,22.307487402950212,20.55917605605675,49.42652329749105,48.66931024585983,16.977299880525692,16.998207885304662,17.08183990442055,17.186379928315414,15.94285714285714,juniper_right_7
IMG_00236.tif,1,2.0,21.60119332954997,21.62032302795996,23.060935006767654,23.08316043198058,24.53600686475108,24.560680790376107,1.247028364231458,1.6933293981846822,-4.5107426397516095,-2.5144898510803246,21.0,15.483916949259225,15.649925985880715,16.111724670273304,16.51436781253912,85.72111631139904,84.44157465631633,78.85781956914086,21.0,1.0,15.5,21.0,16.7731024140065,16.7731024140065,16.145294692992422,16.7731024140065,17.818146862729062,16.78469387420905,17.301420368469056,1.0334529885200108,17.71480156387706,72.56034156545026,72.53905128669716,70.50075222833786,0.7442559972515772,83.49753694581278,17.818146862708677,15.920569920595709,83.49753694581278,78.6462118739145,21.60098522167487,21.477832512315267,21.625615763546797,21.502463054187185,13.533333333333337,juniper_right_9
IMG_00237.tif,1,2.0,27.888994869349776,27.89504296197099,29.10199175946792,29.105882145107365,30.345767283299452,30.3479258923962,1.023759017592866,1.4291239128323494,-2.803734532990535,-0.936803298620407,20.0,24.352969828694427,24.02764491590445,23.851294894434204,23.851294894434204,70.29118883911651,70.81896130410915,70.81896130410915,20.0,1.0,22.5,20.0,25.771169802654583,26.339800612919877,22.56323675986744,,27.20757095334172,21.412964630591294,24.31026779196651,5.79460632275043,26.62811032106668,68.03459821823873,67.71979682423246,60.97503710641429,0.5039387209369975,70.77175697865353,27.207570953302813,23.543770452520484,70.77175697865353,69.79286959487656,28.02408319649699,27.887246852764097,27.859879584017516,27.832512315270936,12.18,juniper_right_10
IMG_00238.tif,1,2.0,23.26663807041213,23.269963552939704,24.032880101094637,24.03637452168135,24.825396739528507,24.829329182338878,0.7162933903366863,0.843072239062479,-4.017160005364004,-0.977003227367389,37.0,14.795796398769,14.31974429541925,14.795796398769,16.681128502069157,110.78357442783091,106.93439940687308,88.2899508208596,37.0,1.0,13.5,37.0,13.239461342482684,14.792049584906948,17.2013743341154,16.427509527009363,13.057656527995505,16.466584439952427,14.762120483973966,-3.408927911956922,13.398549319191195,91.6361089267032,91.2313051273683,102.89108173947224,0.7609975385924828,122.5615763546798,13.057656527978914,13.14832185998628,122.5615763546798,102.19395765999276,23.2512315270936,23.2512315270936,23.22933771209633,23.448275862068964,15.225,juniper_right_8
IMG_00239.tif,1,2.0,18.613305256799165,18.614199071560403,19.720460443914344,19.72575671413753,20.851571263509808,20.86202834384082,1.1088324535077485,1.13899681877267,-2.9002197033294945,-1.3277477657749046,23.0,12.26266167327259,12.15449427187288,12.26266167327259,12.26266167327259,104.2472758676299,97.84460662705332,97.84460662705332,23.0,1.0,12.5,23.0,12.60972165928925,12.60972165928925,11.36485589700044,12.60972165928925,12.722195310303688,12.452102243491115,12.587148776897402,0.2700930668125711,12.695186003622432,85.37195527509024,85.36870123271501,84.4772153026058,0.8023214198933726,97.86535303776684,12.722195310282093,11.24425323818108,97.86535303776684,95.4086471807122,18.741105637657363,18.631636562671048,18.58784893267652,18.58784893267652,15.225,juniper_right_8
IMG_00240.tif,1,2.0,20.315007419936613,20.315376483588487,21.41267327924407,21.413065451385272,22.55015237953764,22.55047308554199,1.0534983099547746,1.181598291998733,-2.257192746281109,-0.3467665842307072,19.0,19.175766749567543,19.1890125758369,18.894349317994823,18.563386479424903,67.37139466108194,67.37139466108194,69.46956745250291,19.0,1.0,17.5,19.0,18.68713982802996,19.299520098172597,19.018102666599876,19.988011727430944,19.907887897056217,17.464761246985166,18.68632457202069,2.44312665007105,19.663575232049112,63.48005015501205,63.39094112663417,59.6449061489458,0.7348368774029461,71.72413793103449,19.90788789702469,17.668533294724984,71.72413793103449,66.91588236610355,20.36124794745485,20.295566502463053,20.251778872468527,20.098522167487687,15.225,juniper_right_8
IMG_00241.tif,1,2.0,20.43455469141329,20.512521106343385,21.66292137867629,21.73785528756221,22.93975427900675,23.0092732628712,1.7178224149135528,0.7789297416142597,-2.3603433526546564,-4.7587546418049245,27.0,12.504362472021256,12.254592516515933,12.504362472021256,12.504362472021256,87.19024079579236,84.58693145542179,84.0353731185203,27.0,1.0,10.5,27.0,14.161817666167082,14.318043986970764,12.707690072259965,14.318043986970764,15.422833535077672,10.413248393120623,12.918040964099148,5.009585141957047,14.921875020881968,92.72133788941676,91.55555282861263,76.96421732543341,0.8158358352452093,75.92775041050903,15.422833535095434,14.134764160594685,75.92775041050903,83.81490454071749,20.645867542419264,20.426929392446635,20.47071702244116,20.755336617405582,15.225,juniper_right_8
IMG_00242.tif,1,2.0,22.124727248183323,22.13469002667333,23.12544697331235,23.13643491157845,24.143600365540465,24.15564351608707,1.0620514072434568,0.9589020821702872,-4.279455762082555,-1.7658943022942508,14.0,22.64074261862353,22.435831905971757,23.02741772636722,23.69814109999305,64.37934204913708,60.15143982992167,58.884546250197786,14.0,1.0,21.5,14.0,22.92804347215798,21.814497881303964,23.35372836243755,21.814497881303964,22.099583750421008,24.423383995731054,23.261483873076035,-2.323800245310049,22.331963774952012,56.00752708547953,55.962053263937456,58.7452206892346,0.8546602996956824,65.1888341543514,22.09958375039237,21.81816313468223,65.1888341543514,59.46524758673326,22.27695675971538,22.112753147235903,22.03065134099617,21.92118226600985,12.18,juniper_right_10
IMG_00243.tif,1,2.0,19.79719920450777,19.79894502212592,20.89924364461787,20.901806230183954,22.067640206828944,22.070256371325428,1.22213620606552,1.0491751431339895,0.6973334239308772,0.8972001687332539,18.0,21.281907908280047,20.87296747272929,21.23968555252759,22.06383759560273,53.825593192084526,53.86255522346983,52.77900617649918,18.0,-1.0,19.5,18.0,22.3267414467752,22.554606844820285,21.730454801745168,22.554606844820285,22.58211685327161,20.09842510774749,21.340270980509555,2.4836917455241165,22.3337476787192,54.45915222928442,54.398888542388406,51.55133521806387,0.7672996764575166,55.30377668308703,22.58211685326582,21.126662327980803,55.30377668308703,54.92337253971936,19.857690202517787,19.857690202517787,19.835796387520524,19.967159277504106,15.225,juniper_right_8
IMG_00244.tif,1,2.0,21.302027930228554,21.304704911950925,22.18038104900792,22.18386855874661,23.08009923667366,23.084020394991896,0.9857353621765248,0.793580120864448,-1.8703720575246312,1.0159735294804728,29.0,9.440508516152278,9.638512553076612,9.594804605823043,9.594804605823043,111.63268630347788,111.63268630347788,111.63268630347788,29.0,-1.0,8.5,29.0,10.724779104499362,11.06425732570483,8.638529117244445,10.790188951137452,12.571850827252872,6.856286965824283,9.714068896538578,5.715563861428589,12.000294441110013,130.09343078288933,126.26195691423617,97.8773829435234,0.8543066061315272,96.94581280788178,12.57185082726372,10.949174562385904,96.94581280788178,112.16471603097663,21.32457580733443,21.2807881773399,21.23700054734537,21.149425287356323,15.225,juniper_right_8
IMG_00245.tif,1,2.0,23.550738773464158,23.5521138392806,24.536658338418,24.53807962557021,25.575758806100783,25.576096852174352,0.972975505406959,1.0510075074867948,-4.146795509926903,0.6166806989040025,30.0,12.47619226779574,11.36266468345282,11.597173943354136,9.5773490762152,133.07479263682407,154.7756700593892,177.50186099388137,30.0,1.0,10.5,30.0,13.0590038830872,15.004293192510517,9.68133932871538,16.014700050602272,16.280035803249433,6.917906259534258,11.598971031391846,9.362129543715175,15.343822848877917,124.10493949840146,117.08071495711496,83.97280917297337,0.7288033478031058,140.0328407224959,16.28003580320553,9.164009805748016,140.0328407224959,147.80940656476756,23.557744937055283,23.557744937055283,23.579638752052546,23.77668308702792,15.225,juniper_right_8
IMG_00246.tif,1,2.0,19.63879076273704,19.64784601948677,20.612372601332165,20.61739816884518,21.614955065731696,21.61745097844984,1.131472049215113,0.8381329097479556,3.313323524186164,1.2650919116406727,27.0,19.172256061140985,19.43271922948042,20.042433801845675,20.611786144540133,61.42955376264074,60.68163937258242,58.63952508564073,27.0,-1.0,18.5,27.0,20.9456406102438,20.595513922909305,19.540201118701106,20.595513922909305,22.079611507774075,19.00251478724512,20.5410631475096,3.0770967205289543,21.77190183572118,56.03723214968711,55.934279332322845,52.21182865523477,0.8700355637860888,61.871921182266014,22.079611507755555,19.58726979403639,61.871921182266014,58.54316126731275,19.660645867542417,19.660645867542417,19.61685823754789,19.573070607553365,15.225,juniper_right_8
IMG_00247.tif,1,2.0,15.904169177385851,15.904179882093096,16.6723813991084,16.673133985862133,17.488195209570414,17.49114575968429,0.9427259640782808,0.644239913512919,1.04005399311806,0.5443884830086185,24.0,13.966196746287949,14.070602003270864,14.411335890678744,14.672084074829826,66.94133720874972,65.75659591092429,64.06848681675169,24.0,-1.0,12.5,24.0,14.950079493274586,14.950079493274586,14.139202308609583,14.950079493274586,16.576242587122152,12.624321233903116,14.600281910512637,3.951921353219037,16.18105045180025,63.47452090077883,63.08866242913619,55.7431541976619,0.7896638566647717,68.17733990147784,16.576242587111413,13.974495551674174,68.17733990147784,65.85374896904976,15.938697318007662,15.873015873015872,15.873015873015872,15.632183908045976,15.225,juniper_right_8
IMG_00248.tif,1,2.0,18.89873964956589,18.90182035847078,20.221937758572363,20.22421692398076,21.579528705220778,21.580755855987704,1.6095693861594993,1.06936611135743,3.118577805639468,0.8601887808386882,12.0,18.60538523785442,17.253656550099837,16.959793748393537,15.94677925547225,65.87640082812595,70.02023021163143,75.0254601585403,12.0,-1.0,15.5,12.0,17.052553249175048,18.619205281414764,16.91711844946613,19.1271748956346,17.169136514465496,17.272245627790053,17.220691071127774,-0.1031091133245559,17.179447425797953,63.8051866938917,63.80499860368214,63.99079372316411,0.6573138797783578,71.19868637110017,17.169136514421854,16.19997379929934,71.19868637110017,67.70714577258221,18.894362342638207,18.98193760262726,18.91625615763547,18.91625615763547,15.225,juniper_right_8
IMG_00249.tif,1,2.0,16.674849648682834,16.676526139380414,17.41372442746335,17.41491660691644,18.16131195425611,18.16194135923005,0.75578522000587,0.7296299998437662,5.3051387835921,0.6704250368797638,20.0,21.364059302244712,21.38587443223491,21.40300398830186,20.253255228773725,51.050576570695945,53.30312288300517,56.27153223616346,20.0,-1.0,19.5,20.0,20.759675942075177,21.25895301283387,22.0679803252157,21.25895301283387,19.274513610902048,23.48507375684496,21.379793683873505,-4.210560145942913,19.69556962549634,45.82973437146879,45.68427820649202,50.45261000088965,0.6274465819314993,56.748768472906406,19.274513610842483,19.222541305718494,56.748768472906406,50.58384197204726,16.72687465790914,16.72687465790914,16.66119321291735,16.551724137931036,15.225,juniper_right_8
IMG_00250.tif,1,2.0,19.397697734432903,19.417129901963385,20.65981467431084,20.683223904757952,22.000618792764115,22.024830969660872,0.9412945053473516,1.6664065623501338,4.455399740415698,2.7262335097375527,24.0,14.92085144643532,15.091857438219474,14.934398999081708,16.804325539235833,78.59715610563897,76.46312806838208,72.16507021714396,24.0,-1.0,14.5,24.0,17.44194817056723,17.44194817056723,15.947609167402504,17.81753570755663,18.94771434656483,14.254127546736903,16.600920946650866,4.693586799827928,18.47835566658204,68.24707450082447,67.79556943311287,59.65242029270309,0.8007443777396791,76.58456486042694,18.947714346539115,15.148391490044668,76.58456486042694,74.12161846265207,19.288451012588947,19.33223864258347,19.441707717569788,19.441707717569788,15.225,juniper_right_8
IMG_00251.tif,1,2.0,13.223265202974568,13.225313325577826,14.129710374320531,14.131579531608113,15.112002586669654,15.112858108628927,0.9619764558718744,0.9255683271792288,-5.3194354881501225,-0.9319014510048054,13.0,23.23637377898513,22.7489882229446,22.191721925097823,23.23637377898513,38.68614224820976,37.80793443853317,37.80793443853317,13.0,1.0,21.5,13.0,22.058488340904347,,21.7777722158086,,26.66524941678137,17.62586335297471,22.14555638487804,9.039386063806663,25.76131081040071,35.520704597762936,35.03280177580591,29.426623913941068,0.5102934793815582,41.21085594989562,26.665249416561124,20.05663846967724,41.21085594989562,38.50717897092177,13.235908141962424,13.215031315240086,13.152400835073072,12.839248434237998,15.966666666666663,juniper_right_15
IMG_00252.png,1,2.0,18.821924095997705,18.839461648431964,19.924667012708092,19.946947574454548,21.048534157699684,21.080315402778638,1.3970545188366386,0.8437992355100302,-0.1795927105786904,-2.708338283910388,10.0,14.333946388211942,15.64557928377689,14.939143394590644,14.939143394590644,68.54843476566765,66.51198741875753,66.51198741875753,10.0,1.0,13.5,10.0,15.007837681160254,13.790049025898895,18.59464453149738,,14.404656840474612,16.774560439035504,15.589608639755058,-2.369903598560893,14.6416472003307,70.21581451340248,70.0818341354846,75.70951929957886,0.6541882006392072,66.53333333333333,14.404656840549062,16.7016732204437,66.53333333333333,65.53551189749507,18.95555555555556,18.88888888888889,18.933333333333334,19.0,15.0,lumify_png
IMG_00253.png,1,2.0,22.707464544916217,22.708246764351635,24.147882518868688,24.147888346341425,25.56968192347403,25.571295907861103,1.4655261657740852,1.3975229777353868,-8.993347690741349,-0.0398050509911168,12.0,17.693681900132106,18.502702625258127,18.72822337330507,19.38602230752508,131.29248329623704,128.15812254574374,101.0497136726254,12.0,1.0,18.5,12.0,18.9713654237309,18.9713654237309,17.817858215940333,18.9713654237309,21.23534884496012,13.974399380582277,17.604874112771196,7.26094946437784,20.50925389852233,75.9354899193876,74.86143023967306,62.51223453181644,0.5762180948255231,114.6268656716418,21.23534884472021,12.748845925884057,114.6268656716418,102.60168360314206,22.786069651741293,22.860696517412933,22.71144278606965,22.686567164179102,13.4,lumify_png
IMG_00254.png,1,2.0,18.51568914377524,18.53723209008843,19.53395788146436,19.54515064076836,20.589912144234237,20.594042737171076,1.250266819780923,0.8065438273017147,0.1710308488949161,-1.9391322488694611,10.0,16.118402778818805,16.51462579469148,16.72915503013968,15.911441544088092,59.50381905695342,56.380139674172,59.294476459602016,10.0,1.0,15.5,10.0,17.750996791967594,17.90949028558515,16.84804205474964,20.224036092411268,18.65678747921525,16.043389362997384,17.350088421106317,2.613398116217865,18.395447667593466,62.24717650856005,62.13089142618429,57.91842206684774,0.8348052381555582,55.0,18.65678747926628,18.30595687477209,55.0,58.98929752626797,18.50775193798449,18.527131782945737,18.527131782945737,18.6046511627907,17.2,lumify_png
IMG_00255.png,1,2.0,25.57346610347431,25.57396410853801,26.70764456716635,26.70764533839246,27.89316794697157,27.893232719392135,1.2593358990755288,1.0599327117785944,1.9732451984986936,0.013769262901615,12.0,18.154500999216125,18.475426567794067,18.354026699886877,18.354026699886877,77.39790692662834,79.56722551699184,79.56722551699184,12.0,1.0,17.5,12.0,16.565034984174787,16.847911902009116,17.764668157368874,,14.168976702020467,20.947605386042213,17.55829104403134,-6.7786286840217445,14.846839570422642,85.8193536496761,84.75727497967623,104.45696192979128,0.5966282245854797,81.74418604651163,14.168976702074438,19.01837590321657,81.74418604651163,78.46417559046463,25.69767441860465,25.63953488372093,25.58139534883721,25.63953488372093,17.2,lumify_png
IMG_00256.png,1,2.0,20.22333263878209,20.224586921637734,21.39556727052717,21.396864638681905,22.577324122126264,22.57855096550875,1.1434310946410209,1.2105329492300054,-5.784812879115384,-0.6309520733355624,7.0,17.56797936041886,17.503132910081405,17.605270241567894,17.56797936041886,90.0769209398193,90.2656527256188,90.0769209398193,7.0,1.0,16.5,7.0,17.799556889478055,17.799556889478055,17.76226600832902,17.799556889478055,17.37951398460059,18.380558748470214,17.880036366535403,-1.0010447638696287,17.479618460987552,65.77990156971853,65.76296231861842,67.59592811096641,0.5472754249162812,98.0232558139535,17.37951398435535,15.209543246696592,98.0232558139535,76.9616265783915,20.31007751937985,20.29069767441861,20.251937984496124,20.348837209302328,17.2,lumify_png
IMG_00257.png,1,2.0,18.95755577498242,18.968695412985145,20.19120208782373,20.200584499678552,21.405707154975453,21.41464503668645,1.0452283326872565,1.4007212910140527,-3.546409440981387,-1.7463436916231472,13.0,23.73919039365009,23.622430507686232,23.73919039365009,23.93074817977987,49.41342747661052,49.41342747661052,49.15506023670808,13.0,1.0,22.5,13.0,23.101132659795358,23.101132659795358,23.84162530477573,22.182065757628266,20.94922186065778,27.007147328463383,23.97818459456058,-6.057925467805602,21.555014407438343,46.87754897273599,46.63357707826273,53.004810302995416,0.8327029979092285,53.372093023255815,20.94922186062193,23.492330547612603,53.372093023255815,47.54167508426384,19.031007751937985,19.011627906976745,18.934108527131784,18.895348837209305,17.2,lumify_png
IMG_00258.png,1,2.0,27.333385233577747,27.36915842935449,28.467001304248143,28.50343201324987,29.63301644086752,29.666408560954,1.0352449339744767,1.262005197625025,-5.779673219868489,-2.897137661128836,10.0,30.34390070589316,29.973061771837457,30.015491790148445,30.015491790148445,56.86591890179188,57.09473473734876,57.39671515960579,10.0,1.0,28.5,10.0,31.65690484064393,31.65690484064393,30.0251556861555,31.65690484064393,33.50383103528507,27.497861529893218,30.50084628258914,6.005969505391847,32.90323408474588,53.92321571739954,53.755569695596215,49.427639047181394,0.5618261826075193,57.35537190082645,33.50383103517154,28.90161045053019,57.35537190082645,56.45210707324581,27.46556473829201,27.410468319559232,27.327823691460058,27.272727272727277,12.1,lumify_png
IMG_00259.png,1,2.0,16.582690213658825,16.594609669227086,17.74156718756951,17.75375679216189,18.939286255012263,18.950098725920373,1.1785914002256734,1.1768976564676097,-2.788354337753431,-2.123303902572052,9.0,23.681280804145786,23.994517020238888,23.681280804145786,23.681280804145786,41.23445922518962,41.23445922518962,41.23445922518962,9.0,1.0,23.5,9.0,24.15445953547629,26.172272462005736,23.861078124402127,,27.16559285523482,20.6726440525691,23.91911845390196,6.492948802665721,26.51629797496825,41.130537184610446,40.88321015723195,36.30590570757212,0.482777483915109,41.333333333333336,27.16559285515062,23.3742231373461,41.333333333333336,41.78094072860965,16.644444444444442,16.6,16.555555555555557,16.6,15.0,lumify_png
IMG_00260.png,1,2.0,20.4828370225935,20.488523070390144,21.59551742841261,21.604074404803423,22.69632272516782,22.704624844427197,1.3136548296384658,0.9024469443985872,-1.282615056229768,-1.612665520579933,17.0,18.89496927333471,18.37036785500708,18.89496927333471,17.530668792160213,64.14160659993036,64.23514012334562,69.22002033091118,17.0,1.0,17.5,17.0,18.42928304951502,18.820139904396484,18.442429188370483,,18.330092210986223,17.907046212516416,18.11856921175132,0.4230459984698096,18.287787611139244,65.8738127449454,65.87086413434508,65.13640113010828,0.6769965568968606,64.88372093023256,18.330092210998185,18.378475515509948,64.88372093023256,64.97082126586992,20.42635658914729,20.406976744186046,20.348837209302328,20.0,17.2,lumify_png
IMG_00261.png,1,2.0,21.610454902975043,21.61045798480825,22.431311992321454,22.4313588495798,23.255520514254748,23.25594048053119,0.63842898229696,1.0070535134259848,-2.330106149054905,-0.1171111784926848,9.0,15.91148400212981,15.242993719498363,17.832066154852868,17.832066154852868,83.3833860910594,78.69755918275567,78.69755918275567,9.0,1.0,16.5,9.0,18.015367271955935,18.015367271955935,12.64741593386043,,21.787751523483013,8.219525915267146,15.00363871937508,13.568225608215869,20.430928962661422,89.90130983012719,83.45604235134434,58.20829035058456,0.5702374887079263,77.6,21.787751523415643,13.76223469134176,77.6,90.81858281448854,21.57777777777778,21.62222222222222,21.666666666666668,21.666666666666668,15.0,lumify_png
IMG_00262.png,1,2.0,19.654173725274784,19.654351886559,20.805082493121954,20.805174169145253,21.970822650995704,21.97084672010439,1.2775749617187646,1.038919871826626,1.6596868668871172,-0.170090475390023,18.0,17.570718684740697,17.148751775218756,17.57012338672891,17.57012338672891,62.83728831940176,62.43284248946254,62.43284248946254,18.0,1.0,16.5,18.0,17.665051662355125,17.665051662355125,17.303969711258986,17.665051662355125,18.928973369737648,15.363854046587177,17.14641370816241,3.5651193231504723,18.5724614374226,66.90031370963767,66.6617615338777,60.582947100259965,0.5804724290111354,59.18604651162791,18.928973369778983,18.097932391542987,59.18604651162791,63.26525416814658,19.63178294573644,19.63178294573644,19.63178294573644,19.53488372093023,17.2,lumify_png
IMG_00263.png,1,2.0,13.750144520782692,13.750507937353944,14.696087605223402,14.696180277606745,15.692050606548303,15.692064943392133,0.6204119238488897,1.3211450821893025,-1.685436849261719,0.2034748744668049,10.0,15.55208189455125,16.5882152121149,16.07230999434165,16.177881132148457,54.77065067434744,52.972658792459775,52.972658792459775,10.0,1.0,14.5,10.0,17.6482788764705,20.333671710099765,14.408191158627574,23.29607214938474,23.890878730345683,8.403531963552354,16.14720534694902,15.48734676679333,22.342144053666352,53.80828520026271,49.43925987672814,33.949372891612136,0.5287564838936296,45.34883720930232,23.89087873029232,14.990751193200436,45.34883720930232,53.15547669261131,13.62403100775194,13.74031007751938,13.74031007751938,13.895348837209305,17.2,lumify_png
IMG_00264.png,1,2.0,19.621861897832787,19.659439602591977,20.776510822467248,20.808179240542422,21.926469995619904,21.95153309707077,1.2106040245162444,1.081489469962551,-7.829929364154466,-3.161468584244276,8.0,28.477541492545782,28.603114516571303,28.363703111097838,28.363703111097838,42.63453262591145,42.989628933396254,43.55127503226018,8.0,1.0,28.5,8.0,28.765486192111386,28.765486192111386,28.45384890485204,,30.043989243106488,27.58581937550836,28.814904309307423,2.45816986759813,29.798172256346675,40.60560099990398,40.58186203087692,39.06748226515764,0.5300906801116588,45.86666666666667,30.043989242899272,26.5844486222223,45.86666666666667,43.70725232144631,19.73333333333333,19.711111111111112,19.64444444444445,19.6,15.0,lumify_png
IMG_00265.png,1,2.0,16.96462554883435,16.986615104587802,18.086582825995485,18.111709533571524,19.23930476850932,19.268364076345687,1.1377507734813883,1.1439981982764993,-2.9479612615183286,-3.0183939534340047,10.0,23.73557440639874,23.26546950363716,23.00503762435858,23.00503762435858,42.519631196757246,43.843636714906594,43.843636714906594,10.0,1.0,21.5,10.0,24.960464307104445,25.852259395060518,20.674623527740778,25.852259395060518,27.524507812295745,17.885841987946513,22.70517490012113,9.63866582434923,26.56064122986082,44.621252972586525,43.95841977878018,36.71598151028412,0.5878937709573264,38.372093023255815,27.524507812304115,22.901205290948447,38.372093023255815,43.60214150873432,16.976744186046513,17.015503875968996,16.976744186046513,16.976744186046513,17.2,lumify_png
IMG_00266.png,1,3.0,15.410226085020602,15.412208603433898,16.290243927462136,16.292095039339618,17.17924859594026,17.180716025346538,0.6842282363224739,1.084279185590165,-5.258983551392326,-0.8637133029361351,10.0,25.95838329840548,25.7443752019963,26.204422444577915,24.88171599829431,37.51979657906575,37.45972554322159,37.73036114267159,10.0,1.0,24.5,10.0,27.05522863854424,25.441495637572302,25.42620000305305,,28.81297975069548,24.163887638999967,26.488433694847725,4.649092111695514,28.348070539525928,34.58166175860204,34.49547803814696,31.92344640532093,0.4755354044630311,39.86666666666667,28.812979750445397,24.038555220631075,39.86666666666667,37.76979467430739,15.488888888888887,15.422222222222222,15.377777777777776,15.466666666666669,15.0,lumify_png
IMG_00267.png,1,2.0,21.269104350926693,21.27301581407269,22.382183113957574,22.39325288328882,23.52199284597366,23.543430761982147,1.16471693570946,1.1056980121999975,-0.0306208486803528,-1.801632534189596,16.0,19.52652486970173,19.42706648061784,19.41953922879074,18.45086807505484,62.373657566020896,62.40121323551596,65.18628670209671,16.0,1.0,18.5,16.0,18.165948327376757,17.84824189377437,19.891009883685143,19.849903243331116,18.497429850134356,21.06406427078488,19.78074706045961,-2.566634420650528,18.754093292199403,62.941996740125646,62.855148870044,67.04723858331505,0.6720270821936163,60.59701492537313,18.497429850143835,20.20661588543468,60.59701492537313,61.584089794205305,21.293532338308456,21.318407960199007,21.243781094527364,21.119402985074625,13.4,lumify_png
IMG_00268.png,1,2.0,19.98975252641992,20.004617577716854,21.2020468552902,21.22120832920267,22.43078603753614,22.453346971599892,0.7112450661603938,1.7374843277226435,-2.4783584975366177,-2.435004206580952,14.0,15.542657419939856,16.27154081127265,16.987900988186652,18.0664430629156,72.80428882625363,68.92613910550584,64.42247684465308,14.0,1.0,16.5,14.0,18.9984918525345,18.9984918525345,15.60021015328087,19.03009392762027,20.773931456469352,12.789365144036116,16.781648300252733,7.9845663124332384,19.97547482522603,70.53756694180595,69.20273224225144,56.33382100551494,0.7237269146067247,64.4776119402985,20.77393145644736,16.18091131674502,64.4776119402985,71.69945279634369,20.049751243781092,20.0,19.97512437810945,19.92537313432836,13.4,lumify_png
IMG_00269.png,1,2.0,22.60341909926528,22.673870908453782,23.95266878174395,24.0927330012786,25.28934312782529,25.509139260227848,1.462491413531576,1.3727769382424893,-0.8404665997219251,-6.181143455361567,13.0,17.61745811302967,16.997302486303145,17.61745811302967,17.794914495947438,69.07976744715003,69.07976744715003,66.26355456795483,13.0,1.0,16.5,13.0,18.3945755633367,20.002469969119943,17.62788730156967,20.002469969119943,19.618929263954897,15.31114981208922,17.465039538022058,4.307779451865676,19.188151318768327,75.82705302764391,75.4462989547656,67.43817820588626,0.5825785841879334,63.333333333333336,19.61892926401079,19.003908920942376,63.333333333333336,69.53611657613548,22.688888888888886,22.711111111111112,22.755555555555556,22.933333333333334,15.0,lumify_png
IMG_00270.png,1,2.0,19.332212772561288,19.36017332268821,20.37106768389459,20.402093991013015,21.45031988683531,21.48114808359357,0.835191189139276,1.2857835717660882,-2.666871676006014,-3.1602421018933446,14.0,21.294230251832545,21.741223955531986,21.31689390894104,21.882922444586853,52.65183786399517,52.34633775979013,51.24934282298005,14.0,1.0,19.5,14.0,21.46748635125448,19.553219121417012,22.44798615786769,19.553219121417012,19.783135509057377,23.95213758475445,21.867636546905917,-4.169002075697073,20.200035716627085,52.06455527527947,51.90987933788312,57.124880992494816,0.5601066876499847,55.81395348837209,19.783135509063285,21.99875354800138,55.81395348837209,51.61570527889008,19.41860465116279,19.37984496124031,19.30232558139535,19.36046511627907,17.2,lumify_png
IMG_00271.png,1,2.0,18.665980020540317,18.670107737713103,19.790908906743045,19.80030888532567,20.981050311770154,20.996887659257656,1.0675842335666583,1.2591956879778938,1.6007263701982355,-1.7655591116244722,7.0,15.53460821198516,16.632864960079633,17.551333600995065,17.551333600995065,63.78288892229208,56.56057633329617,56.56057633329617,7.0,1.0,17.5,7.0,17.493226871157447,19.79995887998888,12.882987147618593,19.79995887998888,16.82178802764357,16.317556455770347,16.569672241706957,0.5042315718732231,16.77136487045625,65.47203370838756,65.46704269658326,64.51358315543746,0.5152962620412547,55.697674418604656,16.821788027767944,18.001505751977152,55.697674418604656,60.412377325799945,18.75968992248062,18.624031007751935,18.6046511627907,18.72093023255814,17.2,lumify_png
IMG_00272.png,1,2.0,18.681982804580137,18.6915617428881,19.832696574365663,19.841395878346976,20.99374050074932,21.00197348670214,1.129047930934486,1.1813638128795532,-6.932867318047266,-1.6967178996415462,13.0,19.508896466142147,18.46999384007236,19.508896466142147,18.958057459180537,61.66270169568266,61.66270169568266,71.48674252073859,13.0,1.0,19.5,13.0,19.489094169914296,15.539472947174003,20.04573379564968,15.539472947174003,21.50278993857099,17.6142825075122,19.5585362230416,3.888507431058791,21.11393919546511,55.83159418821396,55.65037491886122,50.825910543082735,0.7712535537237543,78.25581395348837,21.502789938482262,16.743780049418447,78.25581395348837,64.66698462941508,18.72093023255814,18.68217054263566,18.77906976744186,18.895348837209305,17.2,lumify_png
IMG_00273.png,1,2.0,15.9451282947741,15.949735850489978,16.69309372263152,16.697475232495457,17.47684259395322,17.480204905419544,0.7996631094686267,0.7308059454609399,-4.590423473755393,-1.3126036886560644,14.0,26.580903002638465,25.49764802984502,26.57861673081149,23.517959649369487,39.40814887225207,39.86029608254806,42.6875315530598,14.0,1.0,22.5,14.0,23.51234678321117,23.51234678321117,27.55454887145683,27.91479069375265,25.32971349521671,25.58838673119939,25.45905011320805,-0.2586732359826786,25.35558081881498,37.05482633793997,37.05451681057293,37.23113738022328,0.7100978470534012,40.58139534883721,25.329713495159133,23.87746630781033,40.58139534883721,39.350745737073765,15.988372093023257,15.968992248062015,15.988372093023257,16.046511627906977,17.2,lumify_png
IMG_00274.png,1,2.0,21.477871221155787,21.56421211526271,22.785893361419784,22.86852810248749,24.06970936151259,24.151176213214143,1.5453001699646602,1.0416639279867723,0.8465398872990718,4.872262984770123,12.0,16.74532940585307,16.102210940490544,15.641232534535874,15.641232534535874,67.80569799384912,69.45147572584342,69.45147572584342,12.0,-1.0,15.5,12.0,15.927444704308442,17.579941711973788,16.70774560327024,18.70980603381932,15.880498361850115,16.89175962081318,16.38612899133165,-1.0112612589630614,15.981624487746425,76.34909472607725,76.32514559930996,78.68976323364907,0.7486156757731681,60.8955223880597,15.880498361931624,18.38420227993774,60.8955223880597,68.27167518773696,21.86567164179105,21.59203980099502,21.542288557213933,21.268656716417908,13.4,lumify_png
IMG_00275.png,1,2.0,25.242916103702488,25.331540290092075,26.77721514732763,26.86762738674445,28.1979555164907,28.31089124551712,1.2792596022425236,1.7000913531825217,9.611145430159944,4.701738243806454,5.0,35.60576421050959,35.75270284283014,35.60576421050959,35.60576421050959,44.66779464743503,45.75346665768129,44.66779464743503,5.0,-1.0,34.5,5.0,34.62965033840226,,35.36588208894483,,35.0634729986047,35.7870045503318,35.42523877446825,-0.7235315517271014,35.13582615377741,43.37012881887859,43.36869977604078,43.75798205659928,0.518077297208048,49.4,35.06347299785823,33.13667131552332,49.4,45.98699701870293,25.4,25.23333333333333,25.133333333333333,24.7,10.0,lumify_png
IMG_00276.png,1,2.0,21.963689640238247,21.968996957040268,23.07941477780056,23.088982689973967,24.2470019446118,24.27084628371145,1.0468796409143506,1.254969685756833,0.6072468810487138,-1.6495246874828555,17.0,15.205206788748,15.554779292792077,15.453981190791724,15.897172182310667,77.23465279005104,77.23465279005104,72.81901047760655,17.0,1.0,13.5,17.0,16.38417138930359,17.364178927401355,15.269042893440286,18.410555938619297,18.16841732653933,12.70425482604877,15.436336076294053,5.464162500490561,17.622001076490275,83.40336251351569,82.53416803108313,70.45259930827619,0.7163873040891415,70.0,18.168417326558657,16.12618177371178,70.0,79.09134786794675,22.015503875969,21.996124031007756,21.93798449612403,21.91860465116279,17.2,lumify_png
IMG_00277.png,1,2.0,21.726085389430104,21.727830445822686,22.69159276337961,22.69336129588017,23.699163403470312,23.700251800798405,0.9618871556491948,1.0105341993265229,-4.640745229841119,0.7153153746019376,13.0,14.92576436253404,15.747326883901003,14.92576436253404,14.92576436253404,118.21496820165362,118.21496820165362,118.21496820165362,13.0,1.0,14.5,13.0,15.101480654601517,15.381667985160618,20.3217147408692,15.381667985160618,16.256668139267347,15.14931813746586,15.702993138366605,1.1073500018014857,16.145933139087198,80.26173275916751,80.22882352673936,77.56638033267541,0.5570134977945682,103.8372093023256,16.256668139163022,12.931678393202896,103.8372093023256,97.02884536594232,21.666666666666668,21.705426356589147,21.74418604651163,21.80232558139535,17.2,lumify_png
IMG_00278.png,1,2.0,19.674002127859865,19.678427906556895,20.78702895402249,20.79365396449293,21.96972148916978,21.977047311509345,1.273935018084644,1.0246843868678055,1.622064743894338,1.4463621226719332,9.0,26.70783306971242,26.399135549614808,26.70783306971242,26.70783306971242,44.04173887145286,44.04173887145286,44.04173887145286,9.0,-1.0,25.5,9.0,25.782071573351743,25.05520289462791,28.18191779978173,,25.63491024472225,28.419363880576324,27.027137062649288,-2.784453635854073,25.913355608307658,43.329153505199216,43.292045343319465,45.47121176215563,0.484507551237691,44.66666666666666,25.634910244699693,26.82940137784421,44.66666666666666,43.587185492241815,19.688888888888886,19.711111111111112,19.755555555555556,19.933333333333334,15.0,lumify_png
IMG_00279.png,1,2.0,15.828890619015112,15.829674274509316,16.538423441656516,16.538601067671,17.378014413882894,17.378218100265578,0.7997737417097591,0.748770084046503,4.607695125268673,0.2655473176116416,11.0,17.284468504977582,16.216683678898583,15.377063325309903,15.630169635157811,62.52859543796062,71.59287016599292,71.59287016599292,11.0,-1.0,15.5,11.0,19.296996416634077,19.296996416634077,15.120292702459691,16.526139753238652,22.11239559922256,10.962645880109612,16.537520739666085,11.149749719112943,20.997420627311264,57.76700303360014,55.53424364716326,41.99364016314044,0.632713664297706,62.786069651741286,22.1123955990905,14.07074795232436,62.786069651741286,65.01914866464102,15.787728026533994,15.804311774461029,15.804311774461029,15.820895522388058,20.1,lumify_png
IMG_00280.png,1,2.0,15.171271061194451,15.17198335600428,16.003012150198348,16.00507569183946,16.868209272308345,16.871799836968663,0.846939692704681,0.8528767882597013,3.2940257095008114,0.9200682599229124,9.0,15.721661017574604,17.315074039776732,15.721661017574604,18.380280313457376,59.73838074711932,59.73838074711932,49.27782128384567,9.0,-1.0,15.5,9.0,22.90464190473321,24.282814686752715,15.190841994001032,24.282814686752715,22.511487847929907,13.06980356110612,17.790645704518013,9.441684286823786,21.56731941924753,50.8200255604126,49.62069948837598,39.5986997388579,0.5894406104108124,49.15422885572139,22.51148784784349,16.175646710561864,49.15422885572139,54.4222224026042,15.17412935323383,15.17412935323383,15.140961857379766,15.17412935323383,20.1,lumify_png
IMG_00281.png,1,2.0,17.75845815090807,17.765272969568155,18.86427634714469,18.87446401224388,19.9867557134914,20.0023442901486,0.8676703071235075,1.369401013456938,4.265719377653735,1.882596222213614,7.0,23.44124063935095,23.7382589146964,23.44124063935095,23.772038910887854,47.13182460642032,47.13182460642032,47.13182460642032,7.0,-1.0,22.5,7.0,23.500218187099307,26.2273348838919,23.831016458636213,26.2273348838919,26.086855710362265,20.908639665254853,23.49774768780856,5.17821604510741,25.56903410585152,44.67415018981522,44.49726039244745,40.34637231645199,0.4900678354451477,47.61194029850746,26.086855710184285,22.128928088384928,47.61194029850746,47.09852218574899,17.736318407960198,17.736318407960198,17.761194029850746,17.761194029850746,13.4,lumify_png
IMG_00282.png,1,2.0,19.312364717824245,19.31457014370421,20.36034861107593,20.371454105469383,21.48013017078692,21.507824375217496,1.0739963630948557,1.1192578684184349,-1.1326713348775184,1.891974573287435,20.0,16.938107714518566,16.957079586977066,17.100359695872328,16.882972345520443,70.48776198362856,70.06886055481262,70.90666341244452,20.0,1.0,15.5,20.0,17.969424392994455,18.38484792876929,17.625351462998537,16.280733042311624,17.653794339973977,17.762715570980987,17.708254955477482,-0.108921231007008,17.66468646307468,63.49693014499475,63.496732770336045,63.68634829871405,0.616691327988042,84.53488372093024,17.653794339949997,16.33780192691868,84.53488372093024,68.65918311606802,19.36046511627907,19.34108527131783,19.36046511627907,19.476744186046517,17.2,lumify_png
IMG_00283.png,1,2.0,22.943650907945,23.003195145993512,24.29196310651784,24.346701002757516,25.68357748197887,25.72362549736798,1.470913724714119,1.2495166266603506,-7.785324481943821,-3.842757874374958,10.0,20.271000741526947,19.622567672491837,19.45702754325572,19.45702754325572,75.49570215731518,76.4872599868149,77.98616407606032,10.0,1.0,19.5,10.0,20.60644200952629,22.359733829750557,17.480708546998727,22.87789942914739,25.326644490285275,11.139491699383974,18.233068094834625,14.1871527909013,23.907929211195142,77.0446052256617,73.04325441115229,53.42488309823578,0.4289873583411969,77.01492537313433,25.32664448991274,15.827406591761822,77.01492537313433,83.79395282745911,23.08457711442786,23.059701492537314,23.009950248756216,23.134328358208958,13.4,lumify_png
IMG_00284.png,1,2.0,18.67843033366454,18.68021425239624,20.219828762386097,20.220086906520116,21.804885087081672,21.804940696542094,1.5920432279912826,1.532683216154568,4.786367508630501,0.2895194290945813,9.0,24.172362055112103,24.62696386706613,24.411212358423622,24.411212358423622,46.805043286443976,46.814265877799286,47.20754325313495,9.0,-1.0,22.5,9.0,29.02098557057633,26.36479865705155,24.218348576090648,30.21593547200908,30.616689747636265,22.30075233783035,26.45872104273331,8.315937409805915,29.785096006655674,42.17406333773582,41.835385127762535,36.59958209914684,0.6707203915141079,50.74626865671642,30.616689747483527,23.48466437282857,50.74626865671642,46.77468139329152,18.681592039801,18.65671641791045,18.70646766169154,18.65671641791045,13.4,lumify_png
IMG_00285.png,1,2.0,19.999782940969236,20.01524444317435,21.344997075413467,21.36185780222323,22.71955553232309,22.73617822072016,1.7326986845943149,0.9882350929514978,5.323395085476276,2.2765900621160915,15.0,20.206105015126127,19.63990640538745,20.206105015126127,18.48118934880469,63.3014821230435,63.3014821230435,65.32437063073165,15.0,-1.0,18.5,15.0,20.676309558301654,17.4949616692698,19.96898273642006,17.4949616692698,19.816639387439835,19.96934022119605,19.892989804317946,-0.1527008337562179,19.831909470815457,58.6857392831811,58.68545627335968,58.90242145044467,0.7730989038928848,70.46511627906978,19.816639387403,18.231885892215296,70.46511627906978,63.82519807359216,19.98062015503876,19.98062015503876,20.0,20.0,17.2,lumify_png
IMG_00286.png,1,2.0,21.671588483834952,21.69013224649163,22.811253434362385,22.837326830872133,23.931670015183972,23.96443565551293,1.4375262502677562,0.8367771587535366,5.982057963999095,2.738136719865341,7.0,23.68156181447128,21.91050957121475,23.68156181447128,24.024404373200863,58.45994519746975,58.45994519746975,58.45994519746975,7.0,-1.0,22.5,7.0,23.569474519403144,,20.99538967153697,,30.51534760592602,10.51534760592602,20.51534760592602,20.0,28.51534760592602,67.36997338095317,61.74388067462806,42.615140888313874,0.4369624934277002,56.74418604651163,27.35760870627264,17.35760870627264,60.93023255813954,72.53146810951613,21.686046511627907,21.647286821705425,21.78294573643411,21.80232558139535,17.2,lumify_png
IMG_00287.png,1,2.0,15.252326746813209,15.252716876812356,16.314362889209548,16.315573307436157,17.398045771281577,17.3994058821374,1.0144194811503673,1.1322695241746747,7.29847443257314,0.6979219753972686,5.0,34.68912082939974,35.672725592384474,34.68912082939974,34.68912082939974,29.90684452302676,29.90684452302676,29.90684452302676,5.0,-1.0,33.5,5.0,34.39164587700367,31.2295332124979,36.76180354941641,,27.32639260979326,42.17949835997256,34.75294548488291,-14.853105750179296,28.811703184811183,27.098159796817875,26.701386296866453,33.15660295931638,0.3722393126804497,34.06976744186046,27.3263926081464,31.45734464603282,34.06976744186046,29.16629965449884,15.310077519379844,15.271317829457368,15.232558139534884,15.174418604651164,17.2,lumify_png
IMG_00288.png,1,2.0,24.50022322134571,24.5022359074178,25.77802039756529,25.782629496621983,27.052811461071208,27.0615033402096,1.2366996510850288,1.3225677817067742,1.966723814933226,-1.0833992169312583,6.0,21.822622096134367,21.568105751097036,21.9438406163859,21.9438406163859,62.16502266823576,61.31656655217487,61.31656655217487,6.0,1.0,20.5,6.0,22.858829466921605,,18.134929732139057,,29.775295456935943,11.726530414511949,20.750912935723942,18.048765042423994,27.970418952693542,73.98996308873875,69.1517389322139,49.33726097076388,0.2618886101869037,53.38842975206612,29.775295457299684,22.08990538293377,53.38842975206612,65.15132012341952,24.545454545454547,24.51790633608816,24.435261707988985,24.3801652892562,12.1,lumify_png
IMG_00289.png,1,2.0,17.932676357430662,17.934913971232394,19.119732657114564,19.123140219809137,20.385078220230618,20.39129837684554,1.2525823362829318,1.2038020693302136,-1.0062632902844175,1.0816491221300977,9.0,19.47084391434817,20.929228296270235,21.033575679255875,21.033575679255875,50.92225084297086,48.016436993194326,48.016436993194326,9.0,-1.0,17.5,9.0,21.76505468783327,28.478540880167344,18.90819277521453,,26.26317556016727,15.89770586956392,21.080440714865595,10.365469690603351,25.226628591106937,50.88560161337106,49.86372056541227,40.53130887248255,0.562098790244693,44.66666666666666,26.2631755602218,21.90977784055863,44.66666666666666,48.06400886859586,17.955555555555556,17.933333333333334,17.88888888888889,17.866666666666667,15.0,lumify_png
IMG_00290.png,1,2.0,16.36585395238489,16.3684614128211,17.581434391251705,17.58374529292015,18.82053168053182,18.823114873650148,1.4761876920921169,0.9784657687369356,1.097820392145674,0.9289181052599824,6.0,20.107730638890686,20.64052728241322,20.70874258677449,20.236752900451336,47.61881149411919,46.37037752983576,47.31779602660077,6.0,-1.0,19.5,6.0,20.770649057981643,19.59421594095315,20.298659371658488,19.59421594095315,20.404564174677155,21.045739939841308,20.72515205725923,-0.6411757651641539,20.468681751193568,46.24878676314872,46.24516941345596,46.94004684770374,0.6068867557780072,46.93333333333333,20.404564174670107,20.65663871260835,46.93333333333333,46.39181704656745,16.377777777777776,16.4,16.355555555555558,16.333333333333332,15.0,lumify_png
IMG_00291.png,1,2.0,18.76015064021237,18.76288462090648,20.01905080027605,20.020253695036157,21.277781345092443,21.27975409663691,0.8208592089174861,1.6960102668129453,-5.265685507898864,0.6280855949611693,11.0,15.731847600204702,16.75041476931516,15.707247463890894,15.707247463890894,87.69697608520771,92.0822717801198,92.0822717801198,11.0,1.0,15.5,11.0,15.87238252691708,15.87238252691708,15.896982663230917,18.67314810430992,17.763126221201173,14.943836699248124,16.353481460224646,2.8192895219530487,17.481197269005868,66.75182620599307,66.58813539445691,61.454599100125975,0.7031245415525025,95.2,17.76312622109466,13.149012658490342,95.2,82.41761622958244,18.866666666666667,18.8,18.73333333333333,18.73333333333333,15.0,lumify_png
IMG_00292.png,1,2.0,17.601943315577785,17.61268613190208,18.581377680408277,18.58965849428828,19.57735549963524,19.5838836747026,0.9347863354666353,1.0364112073338871,6.730448506796658,1.7102301523317116,5.0,31.742077433008404,29.39427449070861,31.742077433008404,31.742077433008404,35.8177021946526,35.8177021946526,35.8177021946526,5.0,-1.0,30.5,5.0,27.14052081268156,27.14052081268156,31.85121828886662,,28.544239673326103,30.443007228522635,29.49362345092437,-1.8987675551965304,28.73411642884576,35.6798285765698,35.6679710358316,36.74953537621619,0.3932257217997319,40.8955223880597,28.54423967274757,27.07446445997367,40.8955223880597,38.58149415771024,17.686567164179102,17.63681592039801,17.611940298507463,17.611940298507463,13.4,lumify_png
IMG_00293.png,1,3.0,20.58662140542401,20.595231125451186,21.79669281178725,21.800104130307663,23.04963652087683,23.049638259541087,1.562255584419437,0.8921515496704648,-1.5447813509834116,1.0136199405901118,12.0,12.717793502276322,13.102023224574191,13.198335898875088,12.403801795903348,86.88064286458187,85.47360559231836,88.30560217475461,12.0,-1.0,11.5,12.0,14.479020498975842,14.479020498975842,10.535937741833436,15.4844272279378,16.833469869947226,9.303270747408382,13.068370308677803,7.530199122538845,16.080449957693343,93.7183417332071,91.08354017839,71.11833134387003,0.7360226354514288,63.63636363636364,16.83346987000964,14.688448104868112,63.63636363636364,81.22333849195499,20.771349862258955,20.633608815427,20.523415977961434,20.41322314049587,12.1,lumify_png
IMG_00294.png,1,2.0,23.18654735486627,23.25766826254345,24.509329741574117,24.58016767024975,25.813800685644,25.88488225837413,1.402351686616936,1.2248623092137456,8.977553054307515,4.350933962426448,14.0,23.097668215679604,23.57196816019523,23.65714195957676,24.60505866990931,66.07071251174288,65.81750130821463,66.60463137947329,14.0,-1.0,22.5,14.0,23.191638375255,23.191638375255,24.31058586304931,25.301103855568783,25.100370572371663,22.93019934119088,24.015284956781272,2.170171231180785,24.883353449253587,56.75169326747847,56.71405435352334,54.41116859719536,0.6990591629987511,69.75206611570248,25.100370572266584,21.44074556258016,69.75206611570248,63.14378816202675,23.25068870523416,23.25068870523416,23.27823691460055,23.38842975206612,12.1,lumify_png
IMG_00295.png,1,2.0,22.269257772034564,22.27090755165036,23.227773235481788,23.228347120700988,24.18725120707089,24.187253931689547,1.163677128937943,0.7526692511012493,3.2304458254741624,0.4027558807110019,6.0,25.208631979479502,25.81723007599467,26.958260217346837,26.854156586241658,56.33942511765764,51.74630827406613,52.47607654167535,6.0,-1.0,26.5,6.0,27.353108904878155,27.24900527377298,22.670110326197943,23.95795606024868,21.92944847852295,35.01449235892586,28.471970418724403,-13.085043880402903,23.23795286656324,47.501242150861295,46.6828618271966,59.590822632301496,0.5807646273016638,56.16279069767442,21.929448478278445,27.00802507102845,56.16279069767442,49.00751863398696,22.36434108527132,22.24806201550388,22.18992248062016,22.093023255813957,17.2,lumify_png
IMG_00296.png,1,2.0,19.684799145390794,19.824133570250098,21.124923658487457,21.28950861501929,22.54475629189879,22.739052680694424,2.0240808078411137,0.8908383026032136,-1.2780662286753155,7.129023797300964,13.0,13.358822984688544,13.535740621064964,13.358822984688544,13.358822984688544,65.0240718991951,65.0240718991951,59.58609885619927,13.0,-1.0,11.5,13.0,14.147936649764205,14.147936649764205,10.753551669697686,13.071943662004289,15.775774646929449,11.3809053130913,13.578339980010377,4.394869333838151,15.336287713545634,85.07456391889944,84.33243017000397,72.82477242027035,0.7643938467084238,55.53719008264463,15.775774647029312,17.496751158626832,55.53719008264463,65.85399670598913,19.779614325068877,19.779614325068877,19.83471074380165,19.75206611570248,12.1,lumify_png
IMG_00297.png,1,2.0,20.78165713760772,20.80908520787608,22.21469591830957,22.251666379858555,23.658319237385165,23.70936148053989,1.4268272519855938,1.4734490206782198,3.167306136549237,3.303269028400576,11.0,13.483347236693705,15.103700673841518,15.625629465006996,15.625629465006996,89.43931005344498,77.66286143380306,77.66286143380306,11.0,-1.0,14.5,11.0,15.784057103253788,17.532126318369535,11.502029398101683,15.784057103253788,18.661834519464776,8.501598129464863,13.58171632446482,10.160236389999914,17.645810880464786,92.95726307558527,88.48014914331591,64.93479903877132,0.5640833201541855,69.25619834710744,18.66183451945617,13.389896209593132,69.25619834710744,89.72403426201576,20.798898071625345,20.798898071625345,20.826446280991732,20.90909090909091,12.1,lumify_png
IMG_00298.png,1,2.0,22.74986285382385,22.787310614248035,24.30600079009713,24.33533123809889,25.894518336752483,25.90924275453289,1.5198850887119484,1.602047051572914,-5.512121476210964,-2.813338419532776,12.0,23.563511731351,22.962216265053915,23.26169714507418,21.92103538126247,60.7949375235763,62.42607754425354,62.42607754425354,12.0,1.0,22.5,12.0,24.16472424764291,25.170736287560032,22.48520882963021,24.16472424764291,24.375101898752305,22.371989711714523,23.373545805233416,2.003112187037784,24.174790680048527,57.281329873203966,57.24711729217624,55.02989004329216,0.7905574841699855,63.1404958677686,24.37510189869521,21.97800476489658,63.1404958677686,60.68476523971524,22.78236914600551,22.78236914600551,22.75482093663912,22.727272727272727,12.1,lumify_png
IMG_00299.png,1,2.0,19.67185235854365,19.70725767684904,20.944861747267986,20.98420515519019,22.22772444149432,22.271263429014063,1.1852617433072403,1.3787440088577898,9.271770380116807,3.50909588048803,12.0,28.741504099181043,29.07071229288629,29.788146612443228,29.809911839694,45.29357690666536,45.86812283411097,42.6717527446921,12.0,-1.0,28.5,12.0,29.114483663720023,28.785159763033025,30.15549241764745,27.60372347075233,27.98811149509015,31.90941992993765,29.9487657125139,-3.921308434847505,28.3802423385749,39.27299429642508,39.21901856902068,41.72089535499104,0.7823042364503087,51.73333333333333,27.988111494936938,26.846696088322915,51.73333333333333,43.35456109551127,19.73333333333333,19.711111111111112,19.73333333333333,19.73333333333333,15.0,lumify_png
IMG_00300.png,1,2.0,16.159803459200912,16.18136934019248,17.79865454696959,17.818585195236075,19.47594881913503,19.49202570959013,1.4055264585304,1.9051299108672537,-1.0416445329652493,2.7102055046645805,9.0,14.884524826465622,15.022041657116548,14.884524826465622,16.061073670205957,80.8798265240845,81.68642003394389,76.7468906055179,9.0,1.0,13.5,9.0,14.329240350796368,14.329240350796368,,14.942131919353017,14.257463465763074,15.075431804170911,14.666447634966993,-0.8179683384078394,14.339260299603858,63.91115790087425,63.89474403697356,65.68797324019665,0.4039101875385101,89.33333333333333,14.257463465630185,12.94405074960726,89.33333333333333,72.2216160143148,16.266666666666666,16.244444444444444,16.177777777777777,16.133333333333333,15.0,lumify_png
IMG_00301.png,1,2.0,19.46557112129728,19.46663561479577,20.5183724557766,20.51967607512368,21.58116317638309,21.582108852809487,1.2267725398288285,0.8887006981848877,-2.410950125647041,0.6458476412089027,9.0,19.82166072551962,19.385932624069923,19.82166072551962,20.058080430936517,52.627839292920406,51.55246044303135,51.55246044303135,9.0,-1.0,17.5,9.0,20.11443612983203,21.776294727476795,20.35085583524892,21.776294727476795,21.0357035565843,17.176900759150307,19.106302157867304,3.858802797433992,20.6498232768409,59.66727548125878,59.46723772107436,54.22745548244415,0.5781268800532811,49.917355371900825,21.03570355665808,20.46498528381152,49.917355371900825,55.672147343892384,19.50413223140496,19.50413223140496,19.47658402203857,19.50413223140496,12.1,lumify_png
IMG_00302.png,1,2.0,20.66669748056821,20.839442377752118,21.643607742752312,21.83445730149073,22.63748206835355,22.845869637844228,1.0652900762983502,0.9411371837937684,6.56592377501399,7.581041181925817,13.0,19.41721158112128,19.53459849558824,19.41721158112128,19.41721158112128,59.78753882237863,59.78753882237863,59.78753882237863,13.0,-1.0,18.5,13.0,19.14545935391658,18.64164769084576,20.704941379228984,18.64164769084576,18.555395612342377,21.12379394896424,19.83959478065331,-2.5683983366218635,18.812235446004564,61.02019657229042,60.93639362454626,64.98960988044921,0.7544205077737172,61.333333333333336,18.555395612350512,20.154081494363044,61.333333333333336,60.02416591748798,20.73333333333333,20.8,20.91111111111111,20.933333333333334,15.0,lumify_png
IMG_00303.png,1,2.0,19.17399719424267,19.186388395198502,20.454134746552903,20.462827490412703,21.76673192971676,21.77282673009544,1.1215702368809275,1.4648680980160091,4.26181375806391,1.670123648855223,15.0,15.145340940833876,15.274570056315577,15.145340940833876,14.649934763884945,77.7981453700357,79.62358542427305,80.65248860465758,15.0,-1.0,13.5,15.0,17.17177420945498,17.26445407029584,15.914002909965888,17.17177420945498,17.18366527146887,16.30019651346894,16.741930892468904,0.8834687579999295,17.095318395668876,66.46532650830186,66.4500929085433,64.79145132730396,0.7424342786226942,82.93333333333334,17.18366527142093,14.890244505452264,82.93333333333334,74.49055442768174,19.08888888888889,19.17777777777778,19.2,19.266666666666666,15.0,lumify_png
IMG_00304.png,1,2.0,28.03728564038584,28.047476062328723,29.53996393931731,29.54142195523981,31.004754014463234,31.005716488321596,1.4551444004627585,1.503096025530109,-0.954470922264085,-0.5692523758828191,12.0,20.49296539270094,19.41741436966273,20.73002296594558,21.63926767260432,78.24544848256684,77.58384963647443,75.63137081743642,12.0,1.0,21.5,12.0,21.409236210596447,20.483389226823878,12.800876293641693,20.009274080334592,25.4540238118757,12.356960002161872,18.905491907018785,13.097063809713829,24.14431743090432,90.22202797582489,86.54739846251555,65.24645540795196,0.7389430340223008,71.73553719008265,25.45402381188511,19.323844757069654,71.73553719008265,84.7429818355512,28.07162534435262,28.07162534435262,28.07162534435262,28.09917355371901,12.1,lumify_png
IMG_00305.png,1,3.0,5.394899004394353,5.39652516534136,6.182035176108487,6.182352747449954,6.960910145092092,6.960934369436898,0.4394667140359682,1.12494249005957,5.552858665819552,0.5807420196178081,0.0,,,,,,,,,,15.5,0.0,,,,,,,,,,,,,,,,,,,5.426233489766448,5.3911499421078855,5.41039897110339,5.324312110390674,17.2,lumify_png
IMG_00306.png,1,2.0,18.057616657465257,18.070231023391425,19.298884632944,19.310572734664685,20.56659202929424,20.577847532611973,1.3987135217940736,1.1089029874264766,0.688554534156908,-1.9935813034102408,8.0,20.69365755786441,20.52910386931045,19.57535274065148,19.05117945763945,47.68204426516471,49.2364288219623,49.2364288219623,8.0,1.0,19.5,8.0,21.76082537168457,21.76082537168457,16.585844623158266,26.580180044349905,24.88619577367723,13.684771663679689,19.28548371867846,11.201424109997545,23.766053362677475,56.30240040443553,54.70854748103566,42.93759150555635,0.5332823425276443,46.04651162790698,24.88619577381145,20.72582231561149,46.04651162790698,51.0569761307785,18.06201550387597,18.02325581395349,18.04263565891473,17.96511627906977,17.2,lumify_png
IMG_00307.png,1,2.0,22.448646545226254,22.45012541132372,23.265949482096964,23.26727514724185,24.084801038100977,24.08614212357861,0.7017652192606286,0.9342514929942636,1.7472694543141332,0.6116230558995539,8.0,14.40258586226291,15.32528210865635,13.690252679733504,13.690252679733504,86.25992415479863,89.67190337878372,89.67190337878372,8.0,1.0,12.5,8.0,13.682401027486776,13.682401027486776,13.19818488822213,11.936773135384982,10.9644497747843,21.06796215478705,16.016205964785676,-10.103512380002757,11.974801012784576,84.18877520836936,81.34975682058538,118.00821332148372,0.6144947072087846,91.63398692810458,10.964449774816046,16.564941343412052,91.63398692810458,78.72675372621443,22.52723311546841,22.483660130718956,22.461873638344223,22.54901960784313,15.3,lumify_png
IMG_00308.png,1,2.0,20.65703548957265,20.66555296814624,21.527403103957305,21.53339398211035,22.389964141929116,22.394010068529926,0.7163095731249367,1.012147527258748,-6.278758530180166,-1.351564262237426,9.0,30.262862500308728,29.969657994168475,30.262862500308728,30.824489022534465,44.58873523535381,43.13572510107111,43.13572510107111,9.0,1.0,30.5,9.0,32.05454023281976,30.807040437603007,30.24541391537727,30.807040437603007,32.646657814431904,27.956523621028584,30.30159071773025,4.690134193403324,32.177644395091576,40.93940232666122,40.86080353328254,38.21694263681764,0.6948786188934744,46.13333333333333,32.64665781425727,27.993471076398187,46.13333333333333,43.92343349764106,20.77777777777778,20.711111111111112,20.64444444444445,20.6,15.0,lumify_png
IMG_00309.png,1,2.0,13.103176592466932,13.112911686012168,14.022647626256436,14.030692957435177,14.91665218402775,14.92274644447206,0.8161525246024146,0.993682233857478,-4.313626164066139,-1.9403978621932192,9.0,27.712089673910956,26.461142093933752,27.712089673910956,27.712089673910956,29.83981315166824,29.83981315166824,29.83981315166824,9.0,1.0,25.5,9.0,27.64669249790424,27.64669249790424,26.96580495592542,27.64669249790424,27.474555878959286,24.01318664218435,25.74387126057182,3.4613692367749334,27.12841895528179,30.186091939443017,30.14190887651949,28.37752902117636,0.6136381197205818,31.94029850746269,27.474555878905367,24.72372099983949,31.94029850746269,31.3026158979522,13.117744610281925,13.134328358208954,13.134328358208954,13.233830845771145,20.1,lumify_png
