ok,n_bands,mt_inner,mt_inner_vert,mt_center,mt_center_vert,mt_outer,mt_outer_vert,sup_thick,deep_thick,deep_angle,sup_angle,n_fasc,pa_med,pa_wmean,pa_wmed,pa_top5,fl_med,fl_wmed,fl_top5,n_fasc_kept,fasc_sign,pa_orient,image_id,px_per_mm,family
1,2.0,25.07532357852471,25.08815739958528,26.309176152895333,26.321570995104388,27.573887761744608,27.585927538741256,1.4170245754831488,1.0807455636728223,4.230137487685184,1.758406466337501,28.0,16.99198460314912,17.274633353543393,17.056251202181784,17.785133983253957,91.00541017366835,90.9316915155839,91.33939384850432,28.0,-1.0,16.5,IMG_00001.tif,13.533333333333337,juniper_right_9
1,2.0,18.04935023994085,18.050273301604676,19.084282934738088,19.084977309360738,20.13024232546925,20.130296947695097,1.2950786646365244,0.7849449814538968,-2.673521085965424,0.4887536831480177,18.0,9.893325043441507,9.193668750014844,9.874844080698153,8.360915415323547,86.90160466389338,87.19690031952744,111.63636569433325,18.0,-1.0,7.5,IMG_00002.tif,15.225,juniper_right_8
1,2.0,23.24159141360865,23.248200832866438,24.415131460494266,24.418802529710593,25.619064497199656,25.620008263728515,1.466846164221719,0.9049612666403608,-0.3230785548467518,-0.9935212863835674,20.0,13.401788255409272,13.243975039721283,13.168865683892932,13.68125596081802,96.53544421282274,96.71549896121141,95.21639069287527,20.0,1.0,11.5,IMG_00003.tif,13.533333333333337,juniper_right_9
1,2.0,26.609022215925723,26.61463004810934,27.85836393172181,27.87035335263144,29.137028945497153,29.15698305111816,1.3622763004059557,1.1800767026028631,2.993089179208746,-1.6806646538811298,17.0,12.505564457923725,12.619219264385128,11.537160640530772,11.408382634599548,109.69036328709892,111.8733828292778,125.70811990482402,17.0,1.0,10.5,IMG_00004.tif,13.533333333333337,juniper_right_9
1,2.0,28.35456560937749,28.379841854862647,29.51662447633548,29.53623820620072,30.723784387244315,30.740488074915444,1.6538150525531108,0.7068311674996877,5.0178790655794705,2.088161912164484,16.0,20.36416896181825,20.6725066316513,20.491602020034776,22.36546111558991,92.86348780579925,90.42897459303887,80.52287693879228,16.0,-1.0,19.5,IMG_00005.tif,10.15,juniper_right_12
1,2.0,34.086072145974406,34.12635103168124,35.379836690842126,35.41735714079839,36.67265651454357,36.70076029316096,1.6441126910609503,0.9302965704187687,3.5494306750504205,2.6375574105007153,22.0,19.969438341184798,20.610485016786548,21.39520777407671,21.39520777407671,100.86325340485288,95.41414841972332,95.41414841972332,22.0,-1.0,20.5,IMG_00006.tif,10.15,juniper_right_12
1,2.0,28.379901867644758,28.38073934624838,29.67208051592281,29.67359879016605,30.952913572135824,30.95442738079735,1.3844450075225427,1.1892430270264267,-0.5146238469439646,-0.5796014777338435,16.0,19.000501546396066,19.759014473781367,19.893829511726494,19.893829511726494,86.89155029523822,83.25763610135309,83.25763610135309,16.0,1.0,18.5,IMG_00007.tif,13.533333333333337,juniper_right_9
1,2.0,29.387893045255545,29.39685775337592,30.389775367804248,30.400117345621776,31.434546245819085,31.443464469756254,1.1197147249392811,0.9268919914410569,1.6989884912491533,-1.4945626130566996,19.0,19.64946687749051,19.493179595987872,20.148358583665868,20.266415081819446,83.29972728743144,78.17969096468178,77.25272477471752,19.0,1.0,18.5,IMG_00008.tif,13.533333333333337,juniper_right_9
1,2.0,18.141900149447693,18.148065882479667,19.1152073590313,19.124606742923383,20.124679700086624,20.138312301205673,1.3773339696275495,0.6129124490984548,2.4218685095868553,-1.7964240313201605,28.0,8.94405221873545,8.284828077084972,7.77361224237535,7.209991297098924,97.34708378992241,103.5719398994005,113.24710290055536,28.0,1.0,7.5,IMG_00009.tif,15.94285714285714,juniper_right_7
1,2.0,19.41635813512516,19.440638008858286,20.40193751595921,20.425430284311137,21.42859615186561,21.451810411518807,1.1551209425313074,0.8560514601292132,-2.6918301050809896,-2.7482786005942734,27.0,14.289459665101901,14.302846234952352,14.443965908700193,14.647867584417384,77.90676898777232,77.13043814414544,75.98609488537215,27.0,1.0,12.5,IMG_00010.tif,15.225,juniper_right_8
1,2.0,18.041286612839308,18.043932512251285,18.81482378284594,18.818153011715136,19.625688612744167,19.630299178230043,0.8444270662437061,0.7419395997350565,0.38571996481075516,-1.0777731535359445,32.0,14.056812597028255,14.117491088475214,14.221735893527722,15.021853337633672,71.39830029170145,70.76146414283896,67.46727643225888,32.0,1.0,12.5,IMG_00011.tif,15.225,juniper_right_8
1,2.0,20.012174884266848,20.016468607176353,20.912913572478466,20.92101228151681,21.90478871689939,21.918250735367902,1.2771829153604308,0.6245992128311191,-2.818430625049545,-1.5942931941614626,33.0,13.666448004733269,13.632265505272319,13.53114820745293,13.56288802006668,92.50693768359572,94.59372161635844,95.13809689270542,33.0,1.0,12.5,IMG_00012.tif,15.225,juniper_right_8
1,2.0,22.289006206938147,22.353618922920855,23.63443416468626,23.69218890468315,24.918451126123735,24.983656996609025,1.6068109529552608,1.0232271207329042,5.050313053060313,4.001447439148352,26.0,9.001735306148404,9.119202102726824,8.94690582678163,8.94690582678163,143.54255354578393,143.8753777355923,143.8753777355923,26.0,-1.0,8.5,IMG_00013.tif,8.7,juniper_right_14
1,2.0,24.8529064206913,25.102464039936965,26.4051014133151,26.64418222256291,28.136874548009548,28.397043226382614,1.927515882948675,1.3670633034969724,-2.8227212761422056,-7.681288446495433,20.0,11.993697295091806,11.762675820929985,12.185654617023573,12.514416697765824,102.69504356142014,105.60880578907448,113.17470316867016,20.0,1.0,10.5,IMG_00014.tif,11.072727272727274,juniper_right_11
1,2.0,23.0352535874841,23.222506378483747,24.26910699138852,24.46628013690248,25.481612947554325,25.68260784142202,1.2917746443049745,1.168326818633303,4.492266189783239,7.278965090692599,19.0,12.098759421767,11.00686258351615,11.100960465700467,11.100960465700467,105.55973774470908,109.55292922592234,115.82605615600195,19.0,-1.0,9.5,IMG_00015.tif,10.15,juniper_right_12
1,2.0,26.232669073236444,26.255481483743132,27.511398630339126,27.54045476470862,28.84793167542573,28.885074144600974,1.4395584664453018,1.1900341944125425,2.3735373475307573,2.6321412089165044,30.0,17.462175211864704,17.36172247275914,17.26278635419638,16.21572596182378,86.89917523483521,88.00440913666873,93.29920495067462,30.0,-1.0,16.5,IMG_00016.tif,15.225,juniper_right_8
1,2.0,22.391540569855582,22.39532098111301,23.570628778926547,23.59245331172772,24.739963584781727,24.789937862193995,1.5219609884017855,0.8726558926791924,1.2983839523221723,2.464660135826968,24.0,16.313650271206058,16.573423640467073,16.66251843050179,16.66251843050179,79.81506077558944,78.82241963448607,78.82241963448607,24.0,-1.0,15.5,IMG_00017.tif,15.225,juniper_right_8
1,2.0,25.233748088052387,25.23642792030312,26.61971557723284,26.621878604440802,28.03108676790672,28.03307163471358,1.4033503119851525,1.393293402425299,1.4032422525350483,0.7303856174650073,20.0,15.174615933525672,15.348263991132944,15.201108014146826,15.201108014146826,95.12804327159897,96.253409951637,96.253409951637,20.0,-1.0,13.5,IMG_00018.tif,9.36923076923077,juniper_right_13
1,2.0,26.196237932054903,26.302027964804985,27.771705224275372,27.8708645655568,29.393352859327635,29.481310191906797,1.9543993769446417,1.2248828501571667,7.1623747736414005,4.834572439822687,19.0,15.062321750881353,15.47475712246161,15.390726026844732,15.240171541835082,104.24532752898071,101.31263868008683,101.31263868008683,19.0,-1.0,14.5,IMG_00019.tif,9.36923076923077,juniper_right_13
1,2.0,18.670922838029238,18.670932492579883,19.808672189741564,19.808697747484004,20.982115085524185,20.98234733523828,1.4025637727357552,0.9088510699226436,-0.10925602787238582,0.09203880236856808,24.0,10.903375505742417,10.880732091914803,10.838492689720255,10.777250915821355,97.6206010595223,97.78323016558492,98.73864882654458,24.0,-1.0,9.5,IMG_00020.tif,15.225,juniper_right_8
1,2.0,17.70399761296533,17.70438819802605,18.934771620926984,18.936743478554273,20.20673406788915,20.211549861967505,1.3913103982359185,1.1158512657055395,5.369375772249634,-0.8268496142148009,18.0,7.956575969563858,9.37231474300196,8.674651930558412,8.674651930558412,84.14465807404358,77.06208547928347,78.1407745183422,18.0,1.0,7.5,IMG_00021.tif,15.225,juniper_right_8
1,2.0,23.385776658768034,23.41206191672267,24.42529721294864,24.453557432850612,25.525727495532475,25.553218787113362,1.116331084201934,1.0248257861887589,3.0639692957651907,2.7548389112947014,18.0,18.082527567450725,18.770703203520814,18.074317451119185,18.074317451119185,76.38790343314271,76.43480088850546,76.43480088850546,18.0,-1.0,17.5,IMG_00022.tif,12.18,juniper_right_10
1,2.0,22.574500643338528,22.640137597843776,23.67078885201568,23.734842514576602,24.81243872205992,24.87631232079296,1.1619437351965203,1.074230987752662,-3.021891180319737,-4.210310789760989,24.0,15.576433322516962,15.25961801704938,15.538211465272212,15.368477321957812,81.09708554755315,81.00385988877244,81.44455926578104,24.0,1.0,13.5,IMG_00023.tif,12.18,juniper_right_10
1,2.0,26.83375108648409,26.842258852393613,27.834861237750296,27.843340979055935,28.855788325179496,28.864508757452796,1.1618205533412045,0.8604293517179878,-2.281756974673425,-1.4140972628029445,38.0,16.994074260581172,16.741867501561135,16.97133258897867,17.79003618204686,93.28884089638126,93.54719312512556,88.46710618937199,38.0,1.0,15.5,IMG_00024.tif,15.225,juniper_right_8
1,2.0,24.374985013187864,24.379107536204227,25.764535364244786,25.764942010850774,27.10866106915242,27.10891905498096,1.871196020315459,0.8586154984612814,3.8745194410388195,-0.3219083134572614,16.0,10.546266181650978,10.361920668483696,10.483144591886202,10.085979122616266,101.46722519024192,102.62451248415307,102.62451248415307,16.0,1.0,9.5,IMG_00025.tif,15.225,juniper_right_8
1,2.0,25.973947469094345,25.974110783800377,27.501293042909232,27.502134797751854,29.03866322911225,29.040427102537755,0.9103519228640283,2.1559643958733443,2.916691989111691,-0.4482789505431744,30.0,14.33579102422982,14.600130898926224,14.354029278874918,14.354029278874918,93.34831676132114,96.72398089413984,96.72398089413984,30.0,1.0,13.5,IMG_00026.tif,15.225,juniper_right_8
1,2.0,22.06693469542178,22.067238714585518,22.883330267219677,22.88388039375679,23.73393482672721,23.735117107363788,0.6603480986719032,1.0075302941063689,1.7344353475986176,-0.39728755699034884,25.0,14.02219624431757,14.352729294167824,14.245451004142126,14.245451004142126,86.49767060090657,84.16559665507464,84.16559665507464,25.0,1.0,13.5,IMG_00027.tif,15.225,juniper_right_8
1,2.0,22.220268151362767,22.221432664026437,23.111661858910086,23.11224492060664,23.993766875332412,23.994034793266405,0.7600541827023972,1.0125479465375713,3.3679609356125697,0.4069815614552737,33.0,12.826674711551306,12.90671448829687,12.826674711551306,12.826674711551306,86.49223233054485,84.97042589869794,84.97042589869794,33.0,1.0,12.5,IMG_00028.tif,15.225,juniper_right_8
1,2.0,22.965530289642768,22.98417464632615,23.8939091804517,23.914600264236906,24.869895106864366,24.891796928420273,1.0548209148193557,0.8528013672747707,0.27392896019464985,-2.3835760047530288,28.0,13.100358819576542,13.416193927328564,13.305208647123465,13.115162890529348,87.96032761177202,86.442942466949,86.442942466949,28.0,1.0,12.5,IMG_00029.tif,15.225,juniper_right_8
1,2.0,17.007270611135148,17.01096046386807,18.245473858222372,18.24797273029044,19.527419263882006,19.529091948948714,1.6935037554543526,0.8246277296262902,-0.1399612557841577,0.9482160148784783,26.0,7.668084726975749,8.16611243848955,7.804616080007378,8.021865624010019,120.7664663194185,114.20706592722762,114.20706592722762,26.0,-1.0,5.5,IMG_00030.tif,15.225,juniper_right_8
1,2.0,16.754752470404863,16.778142112917024,17.937647718260138,17.95956898053822,19.154792372828357,19.175605737941563,1.6745127546736533,0.722950870350889,-0.6136209150116086,-2.8311745066627476,16.0,10.161664158211792,10.025460081309273,10.577336878181853,10.74509826785743,90.22010407269624,81.76476454799554,81.1502439247394,16.0,1.0,9.5,IMG_00031.tif,15.225,juniper_right_8
1,2.0,27.15013632029608,27.15128335482549,27.88783205895082,27.88801481562618,28.683044598890145,28.68305579000619,0.7595970174393678,0.7721754177413366,-0.21914087279686698,0.20742719363259893,32.0,14.223256362818773,13.058253293782665,14.258677631638648,15.360698242935229,107.72510239867412,107.56936221848616,99.35155388283046,32.0,-1.0,14.5,IMG_00032.tif,15.225,juniper_right_8
1,2.0,22.62925608097934,22.630119079582634,23.77694283876204,23.777330729568302,24.981437229162868,24.981479940001655,1.375627929232175,0.975732931186845,-2.028292425907149,0.32727393208353817,23.0,12.327527656392391,12.67454112455944,12.19625980912869,12.081407852792381,91.2395022049425,91.2395022049425,91.2395022049425,23.0,-1.0,11.5,IMG_00033.tif,15.225,juniper_right_8
1,2.0,30.704708696622088,30.721678708526284,31.97384415800206,32.001721874991965,33.2260756411795,33.268783803477575,1.34423457237559,1.2028705225757053,-1.1174450743215236,-2.391724166734696,33.0,15.073423131743823,14.62169212238849,14.741225818945708,13.616101014789848,115.43819652237286,115.51386029787894,125.01363857329916,33.0,1.0,13.5,IMG_00034.tif,12.18,juniper_right_10
1,2.0,18.19064187629713,18.19076756096531,19.31839913002052,19.31847003529638,20.490646291879926,20.49066832713694,1.1562906404364184,1.1436101257352158,-3.6413257253118743,0.15523536754251815,27.0,9.456316068537234,9.405930544785006,9.456316068537234,9.137191032981264,94.01610578828873,94.01610578828873,96.47589495748198,27.0,-1.0,8.5,IMG_00035.tif,15.225,juniper_right_8
1,3.0,23.589856925042408,23.59761786236925,24.724805037909398,24.733086158017766,25.866926867948184,25.875632098933803,0.9744570173143071,1.303557219250245,-8.53954144262215,-1.4827063077506624,14.0,21.360939147971933,21.027054412236957,21.33522801049267,21.33522801049267,88.64598231405783,84.49483613336645,84.49483613336645,14.0,1.0,19.5,IMG_00036.tif,16.68,gray853_a
1,3.0,12.54524413605148,12.577593872155607,13.415028572561775,13.453982919200241,14.225303620632133,14.267210488037163,0.7251711769758428,0.964445438905714,-7.869036448552473,-4.361089498345891,13.0,17.61504686437752,17.64305403274432,17.61504686437752,16.589710197666875,49.103576929927634,49.103576929927634,49.103576929927634,13.0,1.0,16.5,IMG_00037.tif,16.7,gray853_b
1,2.0,15.205285265261473,15.209213814430715,16.171838792532668,16.175413460140845,17.17028426185455,17.173793394521283,0.7984433087788753,1.166136271311694,-10.556608851088718,-1.204580326370885,12.0,21.49542856292811,21.14687591130191,21.50779678838137,21.483060337474853,64.09914816962782,62.184469165505874,62.16939910592557,12.0,1.0,20.5,IMG_00038.tif,16.68,gray853_a
1,2.0,17.826106737754046,17.82815834251328,18.828894520310527,18.830502670446215,19.831035025843004,19.832056329283112,0.461094920158582,1.5428030666112524,6.63607830665307,0.7488124563675083,16.0,17.480386068840545,17.138147273342742,17.45277479702338,17.45277479702338,76.38113172703626,77.17489830112909,75.58736515294345,16.0,-1.0,15.5,IMG_00039.tif,16.68,gray853_a
1,2.0,18.517125938971724,18.52686529529137,19.55826258904933,19.566142150006208,20.582930384704518,20.588934789792365,1.0575512564910476,1.0045182380099524,-10.974059111679908,-1.6261125949678328,9.0,22.0273910381556,22.464196458670227,22.17728495060541,22.17728495060541,65.78987514856928,62.44566024085314,62.44566024085314,9.0,1.0,19.5,IMG_00040.tif,7.78,h512
1,2.0,21.48593057440113,21.5706527117299,23.367069917179766,23.45240497241946,25.251136284539434,25.336134739575755,2.5390334244698862,1.226448603375973,-5.8763072420400375,-4.889218538103975,7.0,17.64083636903851,19.281046917957344,19.905021315069575,17.05995628166221,71.99559334024345,64.9051604144143,74.9226449727746,7.0,1.0,16.5,IMG_00041.tif,7.78,h512
1,3.0,21.27566967144426,21.45910106956076,23.841184924006278,23.92927161729836,27.14824235682597,27.170670275610902,4.857802218839245,0.8537669872108951,-9.466705703355926,-4.917692381165723,29.0,17.7449593118086,18.459773259548196,18.517652797205585,20.176262852278228,74.59032190768959,71.23525770484486,61.83541208216395,29.0,1.0,16.5,IMG_00042.tif,7.78,h512
1,2.0,17.066996354281258,17.13110848366371,18.76336684741391,18.837537487525978,20.44953344782028,20.535728864688434,2.0671174477797214,1.3375029332450026,-11.91789387721079,-5.086091637277622,20.0,21.28976766888347,21.189539217609834,21.276673502347535,21.74098618698767,54.94318975922029,53.124990518854176,53.124990518854176,20.0,1.0,19.5,IMG_00043.tif,7.78,h512
1,2.0,16.895733354958256,16.896195198169643,18.107817971943685,18.108262313611235,19.379234268706167,19.38024137618815,1.1996890545934231,1.284357123425085,-11.844248307375658,-0.40138270004881665,16.0,18.105212938627105,18.137451886866355,18.096112486399562,18.096112486399562,77.53636548218341,75.57713368041026,75.57713368041026,16.0,1.0,16.5,IMG_00044.tif,7.78,h512
1,2.0,17.503213166196037,17.510063461141332,18.56376009350689,18.56917452440635,19.603812120506603,19.60933552651545,0.9659371563393933,1.133334909034727,-6.836086045618661,-1.383656514742672,12.0,15.66293277064139,15.495695194285027,15.695576032767121,15.693750531146662,81.11390115010823,77.60918954803049,77.60918954803049,12.0,1.0,13.5,IMG_00045.tif,7.78,h512
1,2.0,12.781541767099881,12.854594843182664,14.269687493073778,14.34670004502264,15.759800406399478,15.8400986318073,1.4283704984704828,1.5571332901541517,-9.960669539847702,-5.939321614379797,18.0,14.896038988080008,14.940335122808534,15.026117897292579,16.188115371793685,60.27502253153787,60.25356090371615,56.5189366250903,18.0,1.0,13.5,IMG_00046.tif,7.78,h512
1,3.0,14.64101964866871,14.64319939552221,15.547877460468914,15.54961847541336,16.4401556337686,16.441504626149456,0.6066294737877462,1.1916757568394967,-5.392880402171826,-0.8573991786666239,15.0,13.428142797098673,12.712492504610235,13.147673539581945,11.947129289825568,79.98173772128017,79.42048650890229,74.49187964967608,14.0,1.0,11.5,IMG_00047.tif,16.68,gray853_a
1,2.0,12.475470378666905,12.51563172225129,13.854637389568612,13.899694767128462,15.262419145243458,15.311223031577187,1.4310497223212646,1.3645415870046296,-7.8153372729194155,-4.614613600081434,14.0,15.268398506176354,14.910068777468883,15.204766276398374,14.564415234802937,56.186972258081965,58.94996957258532,58.94996957258532,14.0,1.0,12.5,IMG_00048.tif,7.78,h512
1,2.0,15.775893497299469,15.784101134636163,16.878626761821028,16.88974262723483,17.960072016402826,17.974517516276542,0.8733931784784024,1.317023203161976,-5.472634554519688,-2.0788424484229044,13.0,16.90812261986855,17.197734191457695,17.407309621117776,17.407309621117776,59.602529872683505,58.80650704313798,58.48594388294965,13.0,1.0,16.5,IMG_00049.tif,16.68,gray853_a
1,2.0,20.41672626518988,20.42886015674653,21.49458674214827,21.508584758567583,22.59002852146416,22.605933772606477,0.9810619583140636,1.1960116575458786,-8.523206663200803,-2.0672286645565303,21.0,19.280843380201844,19.63969828389276,19.389967804987776,20.217523583220697,76.07094861905315,74.85134079884904,64.81426196060586,21.0,1.0,18.5,IMG_00050.tif,16.68,gray853_a
1,2.0,14.41271677225524,14.417178662443602,15.498177961136607,15.502944202029704,16.592188760362635,16.596961359274847,0.6535874966500587,1.5261952001811878,-4.4865454396338444,-1.42078924123289,10.0,14.297248233094408,13.97365845016889,13.057840265256203,13.12196558915798,68.29082727970444,71.12338635142447,71.12338635142447,10.0,1.0,12.5,IMG_00051.tif,16.68,gray853_a
1,2.0,18.173108297362603,18.188629649905412,19.14512969591656,19.157844644144006,20.160436550563723,20.170742170306323,0.7659474897928776,1.2161650306080347,-10.152498250966335,-2.0875920176445444,13.0,21.27485563318797,20.913558663981508,20.515104798615596,20.515104798615596,62.25125170029255,64.06398203389455,62.25125170029255,13.0,1.0,19.5,IMG_00052.tif,16.68,gray853_a
1,2.0,15.686244776985678,15.700197409193118,16.811371674394106,16.824697291801527,18.02715454877616,18.03485286358431,1.0654593267325405,1.2691961276586505,-7.2342882655307195,-2.2805328858657172,14.0,19.692393069172397,19.940349450552077,19.650955002771042,19.650955002771042,56.84576663070574,54.987177785660364,57.2722085521579,14.0,1.0,18.5,IMG_00053.tif,16.68,gray853_a
1,3.0,14.627086253430036,14.634667050850158,15.649581080390158,15.65711576244391,16.66843147437718,16.6757733935868,0.8527871967606571,1.188319145975987,-4.7226971196507375,-1.777590138196376,14.0,14.716296803306804,15.437851615553246,14.901260175348739,14.901260175348739,61.758321856794424,60.571791349458245,59.57594586253937,14.0,1.0,14.5,IMG_00054.tif,16.68,gray853_a
1,2.0,16.315122766992864,16.32272539856628,17.522776343858702,17.52884435065955,18.74281749334032,18.74800466128579,0.6572239753848704,1.7680552873346367,-6.565719117280735,-1.507636164392114,17.0,19.251414116892164,18.948580029248102,19.002108752522616,19.002108752522616,61.856221766024355,53.30535999146831,57.66063756142866,17.0,1.0,17.5,IMG_00055.tif,16.68,gray853_a
1,2.0,27.913116175172505,27.914454069359095,29.21275188350859,29.21351103028217,30.536878401018487,30.537330270724855,1.0150193585504317,1.6078568428153235,-2.6433204631811997,-0.41305660207254363,26.0,7.9726553774016224,7.898828442117107,7.911970501723459,8.843081110516266,164.86206862306724,162.99041436336114,161.7797676306232,26.0,-1.0,6.5,IMG_00056.tif,12.61,telemed_644
1,2.0,27.913680714199312,27.91502746516844,29.210099152079952,29.210869746399514,30.52747051164415,30.527922078559854,1.0148555207544128,1.5980390926369963,-2.6480099812569677,-0.41617811856974946,27.0,8.044339480599035,7.908694033925492,7.894342142942406,8.838436626736723,164.6002110520991,163.2444644335301,161.8008742635166,27.0,-1.0,6.5,IMG_00057.tif,12.61,telemed_644
1,2.0,27.90422914926719,27.905513013459917,29.202940351291595,29.20369441360859,30.532269816859145,30.532728193609326,1.0201410204936243,1.6070741596557847,-2.6796135217328403,-0.4117402142315785,27.0,7.979468493621567,7.845323010425329,7.825090644895113,8.863686715345864,163.6736703367318,163.6736703367318,161.42452699925073,27.0,-1.0,6.5,IMG_00058.tif,12.61,telemed_644
1,2.0,27.885565521390497,27.88663394588265,29.19923384524711,29.199966316128503,30.531147273935343,30.531599153417343,1.0307452312865368,1.6142199762481564,-2.657740316049799,-0.4058285020971635,27.0,7.966021385762588,7.948809395444401,7.966021385762588,8.882103883820918,162.89173161895704,162.89173161895704,162.89173161895704,27.0,-1.0,6.5,IMG_00059.tif,12.61,telemed_644
1,2.0,27.88757550225498,27.888733415591652,29.202647921882516,29.20340457363987,30.51969507524016,30.520148372563852,1.0305173815081454,1.6008975754640566,-2.715474198798114,-0.4124486134571811,26.0,7.661763898838004,7.837150853121615,7.976937838724808,8.83745512179749,164.05730886250302,164.2760682493557,164.2760682493557,26.0,-1.0,6.5,IMG_00060.tif,12.61,telemed_644
1,2.0,27.018464351276833,27.018531260107444,28.168668151756997,28.168978400652314,29.314014430889387,29.31632629167219,1.0256054693533152,1.272189562211426,-6.11503441072252,-0.26891040226161966,11.0,9.88389869221976,10.271800083097638,10.197992248061865,10.016296279335478,123.63225604793932,127.43068749700689,127.43068749700689,11.0,-1.0,9.5,IMG_00061.tif,12.61,telemed_644
1,2.0,27.02685196097466,27.02702958246172,28.18052600852157,28.180926328580366,29.282393399668138,29.283978249147893,0.9818531440163112,1.2750955226698666,-6.111275927720553,-0.3053965931314145,11.0,9.858567717526057,10.267535064136974,10.461619578674345,9.793356916926456,123.6645860252328,127.26905087365844,127.26905087365844,11.0,-1.0,9.5,IMG_00062.tif,12.61,telemed_644
1,2.0,27.034281677213354,27.03445980579302,28.173643188480074,28.17434342595086,29.333308692914837,29.33607663639984,1.0439051777876809,1.257711652819148,-6.109697813749083,-0.40395622135504894,11.0,9.911596146375388,10.352538040806703,10.4973440555342,10.958577938914033,122.70424575837984,127.68305970661362,111.10812012414553,11.0,-1.0,8.5,IMG_00063.tif,12.61,telemed_644
1,2.0,27.035040060771877,27.035188370478586,28.178417945591843,28.178836639599474,29.31060919738358,29.31290719086737,1.0254293955813993,1.2522894248073806,-6.063665975958993,-0.3123381337110236,11.0,9.791375102899195,10.354919544945446,10.381926008177658,9.791375102899195,122.6162581504801,126.81620312438409,126.81620312438409,11.0,-1.0,8.5,IMG_00064.tif,12.61,telemed_644
1,2.0,27.045016196045836,27.045077446671478,28.194730417005104,28.195147935918357,29.343302172033134,29.345609359034952,1.0167480755763123,1.2837838367871708,-6.088901997448592,-0.3118092926763137,11.0,9.582087222794087,10.038661137595977,10.404563056701818,9.351526724850885,122.87688205619988,132.4988948661474,132.4988948661474,11.0,-1.0,8.5,IMG_00065.tif,12.61,telemed_644
1,3.0,19.041622939244274,19.064442437545466,20.550879849251682,20.578252313602498,22.084516740795877,22.11632464610193,1.4395156853944062,1.612366523162058,1.9200958463715856,2.9555512037079152,21.0,14.038649392336936,13.779613862149764,14.038649392336936,13.808795591898615,73.12365136825441,73.12365136825441,76.79658287097263,21.0,-1.0,12.5,IMG_00066.tif,14.82,left_ticks_800
1,3.0,19.05935033345972,19.08204523649454,20.562785036986725,20.589941085481268,22.093698702188473,22.125228898296882,1.436418118306589,1.6067655434957506,1.8590664337414273,2.943005746638123,20.0,13.802775478097033,13.570662919480831,13.921504532259235,13.921504532259235,76.94329372248491,76.07725927437855,76.07725927437855,20.0,-1.0,12.5,IMG_00067.tif,14.82,left_ticks_800
1,3.0,19.08159994688137,19.104996586861713,20.55072018319052,20.578575518709872,22.067657330454313,22.10061876199623,1.4229066788648574,1.57271549626966,1.861963798295889,2.9814887408420203,20.0,14.06439049007281,13.534009136709802,14.016242034919486,13.6832167719692,74.44869298819879,75.55066836080016,77.78319765709949,20.0,-1.0,12.5,IMG_00068.tif,14.82,left_ticks_800
1,3.0,19.10954058881541,19.134484402817677,20.53555382718379,20.563539195370293,22.016702428130966,22.04977166713378,1.366419459654195,1.5488678046619042,1.958588867329774,2.9895338608951456,23.0,14.222002774850097,13.627334031266098,14.222002774850097,13.81067400571851,74.72700957241253,74.72700957241253,77.33885301325819,23.0,-1.0,12.5,IMG_00069.tif,14.82,left_ticks_800
1,3.0,19.142731697448262,19.170072071752976,20.544968271628704,20.5743827321574,22.016427083619245,22.050344550047843,1.3227298805667178,1.557542597728152,1.9962709773609781,3.064124601104986,23.0,14.299493028294279,13.797476106610583,14.299493028294279,13.901396584261903,74.24334117928743,74.24334117928743,76.80710594597168,23.0,-1.0,12.5,IMG_00070.tif,14.82,left_ticks_800
1,3.0,17.298939540504083,17.301469739277472,18.409221538333632,18.41355329891188,19.54159948033767,19.549414310989675,0.9650412296699938,1.282903342042207,1.2175529158565848,1.2428238110300591,17.0,9.606720021747606,10.437185037109304,9.606720021747606,11.83857398877879,101.86080430389114,101.86080430389114,81.11929625813947,17.0,-1.0,9.5,IMG_00071.tif,14.82,left_ticks_800
1,3.0,17.34594422895671,17.348727672863344,18.40860981749799,18.412932302618806,19.514013395656576,19.52184970549707,0.9425205032679554,1.2306015293657657,1.340297758080304,1.2415133728224703,16.0,9.555390176771127,10.313966259865872,9.540221156909865,11.916582796898695,102.71407975091853,102.43490021916456,84.5321387263325,16.0,-1.0,9.5,IMG_00072.tif,14.82,left_ticks_800
1,3.0,17.329622217694943,17.33218471260241,18.415895655547324,18.42020043815863,19.517159252794507,19.524989693867557,0.9573592981112822,1.2354456831538696,1.3604207881920802,1.2387239229348144,15.0,9.547659533782394,10.43146828744878,9.547659533782394,11.929158314635742,102.75265947429487,102.75265947429487,84.74918537499912,15.0,-1.0,9.5,IMG_00073.tif,14.82,left_ticks_800
1,3.0,17.34095569190888,17.343778858515588,18.408916367066112,18.41328408749966,19.50197259499259,19.510103654318943,0.9467834397522896,1.2195413560510642,1.4195310573402817,1.2479810900166293,14.0,10.00561372379211,10.672603005391563,9.73645992480337,11.827532981737505,98.72494661887399,101.26913359294463,85.65029526257804,14.0,-1.0,9.5,IMG_00074.tif,14.82,left_ticks_800
1,3.0,17.366997982433798,17.370120334857432,18.397981550523216,18.402369647054357,19.46923369986063,19.477250489150272,0.9258794930840053,1.1812506612088336,1.4397585599732166,1.2512597421519691,14.0,10.091144824348348,10.488461845999774,9.80419882999027,11.650081854668457,97.67304149587744,100.24381039848376,86.85179269096956,14.0,-1.0,9.5,IMG_00075.tif,14.82,left_ticks_800
1,2.0,18.26751810895494,18.424963784690927,19.82042108765581,19.98733751264535,21.313999732306023,21.48782904815696,1.9895148026675074,1.0733504607985256,1.5960021597747744,7.4099008165832005,21.0,8.729924911406215,8.950179633000147,8.707302131131513,8.405661674087241,92.38063849591174,93.75847319400812,99.54998018647765,21.0,-1.0,7.5,IMG_00076.tif,14.82,left_ticks_800
1,2.0,18.275893490273802,18.435133037593797,19.832143829147057,19.99973352628716,21.334567112136032,21.50800793247385,1.9870874747431164,1.0857874201369315,1.6574397412117987,7.422546352694926,20.0,9.126423241886599,9.083612716938138,8.788116009047371,8.44481645431523,92.63143741683588,93.68608478162743,99.99880762875614,20.0,-1.0,7.5,IMG_00077.tif,14.82,left_ticks_800
1,2.0,18.28957481890883,18.447949553597773,19.833379615014884,19.99817824024401,21.334049063696614,21.504212373445895,1.9650731476112444,1.0911896722368835,1.6962325954652464,7.360679310933303,21.0,8.932889898444301,9.147931329320537,8.841101169554264,9.347766791437579,93.64691316917217,96.22068904853214,99.55408701293405,21.0,-1.0,7.5,IMG_00078.tif,14.82,left_ticks_800
1,2.0,18.29495701591978,18.453387658212925,19.8347322551063,19.99949815365749,21.31843388684159,21.488217146395826,1.9482035159684334,1.086625972214467,1.699513250514281,7.3597041975223165,21.0,9.084940419953398,9.160560364635726,9.045659107648845,8.479111071549738,94.56429368458006,97.1621904287404,98.25535933192582,21.0,-1.0,7.5,IMG_00079.tif,14.82,left_ticks_800
1,2.0,18.284810450465454,18.442530227857667,19.824356929942997,19.98830572638418,21.306018022664528,21.473832935474174,1.9355839143215567,1.095718793294954,1.7356982538051968,7.343465369087947,24.0,9.10846609061376,9.147683398558051,8.970393779381823,8.470239456559824,99.1080550090902,99.82178387034179,101.56932315556985,24.0,-1.0,7.5,IMG_00080.tif,14.82,left_ticks_800
1,2.0,18.603554663975064,18.66346894415054,20.016533130512528,20.084157881904478,21.486421327417958,21.56409157956619,1.7097584679444684,1.1908641674711804,2.304351690204162,4.703114924735878,27.0,9.68619111870467,9.811171180417684,9.68619111870467,9.369503184345916,100.64268465044343,100.64268465044343,104.95589416692528,27.0,-1.0,9.5,IMG_00081.tif,14.82,left_ticks_800
1,2.0,18.595026804944652,18.652209193879795,20.021420233086562,20.0882739070712,21.50133412861117,21.58022030083384,1.7292309045995462,1.1987802023544984,2.342381238949461,4.675730559213074,28.0,9.762926125223757,9.95508104996786,9.749045027350945,9.414174888552225,100.35151734685368,100.65181466888744,105.24739113006625,28.0,-1.0,9.5,IMG_00082.tif,14.82,left_ticks_800
1,2.0,18.57126252934349,18.626533815819357,19.99572649373591,20.061126398838393,21.46410824284961,21.54116541337185,1.7221511294155178,1.1924804681369714,2.3204095149621002,4.627714812000758,28.0,9.708928779847938,9.733941831429151,9.667455646133476,9.18955752612166,99.11735994755156,101.20644390353823,105.28122773159008,28.0,-1.0,9.5,IMG_00083.tif,14.82,left_ticks_800
1,2.0,18.57146561113869,18.626444372496696,20.007209145403014,20.072790320253542,21.480328934086515,21.556953593478816,1.7300168275067358,1.200492393475388,2.3007770695374368,4.632779883728696,30.0,9.933168953706996,9.731675854004623,9.666714876945946,9.20958337685164,98.7807647665146,101.0997526410319,104.94678549769404,30.0,-1.0,9.5,IMG_00084.tif,14.82,left_ticks_800
1,2.0,18.57368067536561,18.62847221220899,20.020751571401778,20.08728208403015,21.484526912694093,21.560373468693705,1.7194212837560792,1.2124799727286397,2.2698489131490165,4.664524909651968,30.0,9.712139072514177,9.834821411574188,9.702983995847404,9.348597728169608,99.80391029502681,100.55628465171552,105.24315591534447,30.0,-1.0,9.5,IMG_00085.tif,14.82,left_ticks_800
1,2.0,24.931659353209337,24.974804166397576,26.348819858383177,26.392974123393753,27.768593998942414,27.8142490621723,1.2129825963134344,1.6264622994612952,-1.438845982167245,3.314670468733966,14.0,9.109103975280348,9.635466571727093,9.282558053897503,9.282558053897503,123.38025767378143,122.69935792859259,124.06115741897027,14.0,-1.0,9.5,IMG_00086.tif,14.82,left_ticks_800
1,2.0,24.916149818509957,24.960492866633867,26.335315811966762,26.37964767178405,27.759526364241147,27.804505593805825,1.2149729071461028,1.6290398200258598,-1.4250067560813306,3.3221707466699275,14.0,9.94153933287106,9.746624928201765,10.43061633621457,9.452462329527549,114.99067321355591,109.2472339436317,122.74359262239015,14.0,-1.0,9.5,IMG_00087.tif,14.82,left_ticks_800
1,2.0,24.905655166182786,24.949239068280487,26.336334304084254,26.38063147369268,27.77404890442236,27.819830217709956,1.2266584867390808,1.6439326626903878,-1.4105729895622106,3.3208083691990464,15.0,10.35363587838691,9.555555335932333,10.35363587838691,9.324049169604251,121.00695501344642,121.00695501344642,124.33014048283671,15.0,-1.0,9.5,IMG_00088.tif,14.82,left_ticks_800
1,2.0,24.918006751370186,24.963971052125284,26.34926079438469,26.394505569802313,27.78927911047237,27.83638886151703,1.2233639540096997,1.6490538553820455,-1.4076748941964128,3.355267426413027,14.0,9.942717900231557,9.818051773721692,10.260287521744203,11.34648401832547,117.03648566377656,109.9034032649784,109.9034032649784,14.0,-1.0,9.5,IMG_00089.tif,14.82,left_ticks_800
1,2.0,24.950591452698987,24.996994135218706,26.378033217536235,26.424243260362573,27.80414283175059,27.85093590518598,1.2155199777468113,1.6384217922204605,-1.302020489739552,3.3889709562084835,14.0,10.039697135866334,9.920854963040968,10.130458544452779,9.948935727279888,116.56213764782552,116.32622797536493,117.86550813105518,14.0,-1.0,9.5,IMG_00090.tif,14.82,left_ticks_800
1,2.0,25.7531758728387,25.7945211361808,27.170229688755487,27.20584195849378,28.573083696574894,28.600393913154026,1.0194007230021023,1.7864720539711234,3.298979803375183,2.9319310804659238,30.0,12.17176242235574,12.779556608147924,11.968787559660456,13.967983852478994,123.88379629788689,125.22633637537325,108.43519231207567,30.0,-1.0,11.5,IMG_00091.tif,14.82,left_ticks_800
1,2.0,25.756268136513764,25.797669059404132,27.170131972793758,27.205714068940548,28.57536977559059,28.603557899902498,1.0247042069239118,1.7811846335744528,3.325942128466098,2.9306953516761176,30.0,11.918518424708353,12.708210420656835,11.985836507724429,13.96699227318041,127.65338067287766,126.55581142799899,108.59997100782249,30.0,-1.0,11.5,IMG_00092.tif,14.82,left_ticks_800
1,2.0,25.752287105402463,25.79358904277703,27.167842569148167,27.20325747176547,28.575002149749388,28.602873550265027,1.0262951585134692,1.782989348974527,3.2963022441039436,2.9239323980553538,30.0,11.899814821914532,12.677375555109167,11.963968905544988,13.887341114897765,127.69516885343873,126.60677064528629,109.08782928594785,30.0,-1.0,11.5,IMG_00093.tif,14.82,left_ticks_800
1,2.0,25.747198943698326,25.788477939517758,27.171940239470867,27.207435277292703,28.575638295323028,28.60302603359211,1.0213248789723015,1.793223215102051,3.270426933918214,2.9270145153897693,30.0,11.890925883069912,12.649033095046786,11.986861303881597,13.901359947095699,127.60641428699071,126.15696305538671,108.82391086197121,30.0,-1.0,11.5,IMG_00094.tif,14.82,left_ticks_800
1,2.0,25.744319478321547,25.785751460767173,27.167563516625762,27.20308566250676,28.5738428299741,28.601509342674944,1.0242426828113878,1.7915151990963778,3.312166926920975,2.928366383611547,30.0,11.96550768357045,12.679161371907899,12.038481266706441,13.89296280585728,126.80126225164634,125.8403804123867,109.05515728174589,30.0,-1.0,11.5,IMG_00095.tif,14.82,left_ticks_800
1,2.0,23.32944804321359,23.330241017378075,24.815630464618444,24.81654526866797,26.270684615859025,26.271798664992037,1.7219222983643772,1.2196353492495888,-4.756571382883402,-0.49196288778211217,11.0,14.640529470208293,14.025720379144094,15.041289136014399,15.1341518275093,81.75368415676542,73.48149699828028,73.48149699828028,11.0,-1.0,14.5,IMG_00096.tif,14.82,left_ticks_800
1,2.0,23.30627882588604,23.306952699500286,24.791589163386664,24.79251007792128,26.263347252987277,26.26432625533652,1.739273161245806,1.2181003945904272,-4.721663170619867,-0.4938424164664341,13.0,14.776187041444047,14.151129541174088,14.997644617859748,16.009289690788393,77.64510007375476,72.7529343602468,72.50423287268495,13.0,-1.0,14.5,IMG_00097.tif,14.82,left_ticks_800
1,2.0,23.30472687838162,23.305400693742662,24.791744852615953,24.792542206486353,26.254119038061507,26.255032299632877,1.735238049282567,1.214393556607651,-4.7096950616990085,-0.4595193637489322,14.0,14.279688141263136,14.389992979920196,15.042817758284741,15.9898164945173,81.0439744959249,72.81683024683294,70.85333659570325,14.0,-1.0,14.5,IMG_00098.tif,14.82,left_ticks_800
1,2.0,23.307087030676783,23.307718743737862,24.783336166954477,24.784103566557807,26.256556200209648,26.25713389221812,1.731602392867128,1.2178127556131306,-4.6814053227812735,-0.45088203173617175,14.0,14.781166994024801,14.62271038557791,15.272375112876261,16.05042185606021,75.42667503504796,72.68053331645343,70.81543764961343,14.0,-1.0,14.5,IMG_00099.tif,14.82,left_ticks_800
1,2.0,23.30819387994546,23.30879909476599,24.792791516036463,24.793486688152274,26.25541237452404,26.255976456223777,1.7290009295074924,1.2181764319502941,-4.668981485190875,-0.42905800993525406,12.0,14.944592575310509,14.738636636484284,15.569402230417637,15.989989957122674,76.2938562469083,71.93043979122068,70.9137108968998,12.0,-1.0,14.5,IMG_00100.tif,14.82,left_ticks_800
1,2.0,26.94992293712849,26.957274864823294,28.43715997659498,28.442094296191193,29.925034752573183,29.928028991510367,1.72435313858643,1.2464009881006426,-3.0417978914803276,1.067276042619922,19.0,11.893939743842367,11.84403676367826,11.753945100662236,11.630793666778857,105.61318052170701,105.61318052170701,117.79709972930921,19.0,-1.0,10.5,IMG_00101.tif,14.82,left_ticks_800
1,2.0,26.94771841819394,26.95514163794758,28.433763249611534,28.438732457628255,29.92129309913358,29.9242953976821,1.7228811015386956,1.246272658195826,-3.0255792982331684,1.0711059333821378,21.0,11.629847676685813,11.698569294457164,11.59481657657821,11.509430981172272,110.07001348896087,110.07001348896087,118.92028166445499,21.0,-1.0,10.5,IMG_00102.tif,14.82,left_ticks_800
1,2.0,26.943726363261955,26.950954480429687,28.426911481384217,28.4317724878561,29.910146537879168,29.91309166511381,1.7242002001523469,1.237936984531781,-3.0165288521080007,1.0595097317109956,21.0,11.75423905553285,11.733289847028695,11.6183698357421,11.600970444868949,105.20078942091513,105.20078942091513,118.09533329860724,21.0,-1.0,10.5,IMG_00103.tif,14.82,left_ticks_800
1,2.0,26.94545544225555,26.952790018797064,28.422218641190607,28.427103189207596,29.9007877459821,29.90370146706616,1.72193902186804,1.2289724264010584,-3.012906668485004,1.0621594997367998,22.0,11.681008586397937,11.646824085070126,11.478278930483896,11.3530962700124,108.40699257693487,107.0727431729035,119.06000886340338,22.0,-1.0,10.5,IMG_00104.tif,14.82,left_ticks_800
1,2.0,26.9398534738753,26.947087143671343,28.41574599254011,28.420599585154054,29.894625270119818,29.897472263455583,1.7274475429809457,1.2229375768032893,-2.9952847779773335,1.0589095220193336,20.0,11.638014074062312,11.360376924722974,11.498285075637455,11.239214036012783,108.24929963072329,108.49978429540755,118.89369273037802,20.0,-1.0,10.5,IMG_00105.tif,14.82,left_ticks_800
1,2.0,27.97119259466261,27.98876940985765,29.58294816796209,29.5956094200287,31.21705136011079,31.222102329466153,1.5905401733547355,1.6427927462537653,-0.2405261347259735,1.6760146029352325,22.0,11.795443371721305,12.015296651012479,12.074902338343861,12.419620700183486,127.4340259723786,124.14380436598867,118.05643861774635,22.0,-1.0,10.5,IMG_00106.tif,12.61,telemed_644
1,2.0,27.973332307001627,27.990907390710056,29.584339661448205,29.596998803103183,31.218513347511735,31.223530357001444,1.5885003205269352,1.6441226457644516,-0.2361275117034227,1.6758355669577631,22.0,11.794340501817956,12.023611165897211,12.080317571098448,12.459747843042663,127.44724906419688,124.13760716402777,117.75400645576696,22.0,-1.0,10.5,IMG_00107.tif,12.61,telemed_644
1,2.0,27.962002363825132,27.97998186195674,29.585262743010933,29.59797068712766,31.219479388543384,31.22449473205955,1.599547256490133,1.6449656136126736,-0.23466306362471062,1.6790353916313172,22.0,11.798651923696625,12.003319940890325,12.095308022059555,12.481036542646905,127.42992628650367,123.89455526402703,117.44601843530816,22.0,-1.0,10.5,IMG_00108.tif,12.61,telemed_644
1,2.0,27.96810374110846,27.985998267627124,29.587257913167516,29.599984249382228,31.227495000790192,31.23266276742685,1.5969957452956036,1.6496687545041235,-0.23483769217999786,1.6801929108369253,22.0,11.792972259905497,12.010791176104457,12.090413042712811,12.474733180197973,127.5920214684451,123.99032573034539,117.55147075024769,22.0,-1.0,10.5,IMG_00109.tif,12.61,telemed_644
1,2.0,27.96721193698737,27.985144652828456,29.588489219170256,29.60114707287361,31.232807963414405,31.23781668928121,1.5996221807747601,1.6530498556779925,-0.22989352092166104,1.6756328769391877,22.0,11.748045945993695,12.005764243591297,12.089472703915817,12.466865699742527,127.53295570850594,124.06402534443819,117.67059565198592,22.0,-1.0,10.5,IMG_00110.tif,12.61,telemed_644
1,2.0,23.355949881060205,23.363911176522716,24.945596316579692,24.95428130107915,26.558379333319053,26.566659028246455,1.845560235953609,1.3571876157701237,0.3774008055503742,1.5116881806862834,12.0,15.394158833177784,14.558143308703709,15.36810897231743,15.36810897231743,84.91188814978285,85.64195910325773,85.64195910325773,12.0,-1.0,13.5,IMG_00111.tif,12.61,telemed_644
1,2.0,23.357531123497587,23.3654894935381,24.92491854832103,24.933704508347475,26.508287075219783,26.516531254368477,1.8492615709996048,1.3017801898307721,0.3654523283297853,1.5210783720463454,14.0,15.390983588749322,14.482368212465397,15.379395623780766,15.550111438633962,85.3026268522501,85.58191453517613,83.45738896528032,14.0,-1.0,13.5,IMG_00112.tif,12.61,telemed_644
1,2.0,23.483286671312452,23.494801360443084,24.966366188498675,24.976209994765714,26.524594310249697,26.533293634684558,1.7236250498840624,1.3148672243574082,0.4324121580254398,1.6086818265284464,14.0,14.42362031409914,14.483696652001884,15.466302823063018,15.870149869748417,89.08437398439767,85.66447884176739,81.99778774954507,14.0,-1.0,13.5,IMG_00113.tif,12.61,telemed_644
1,2.0,23.48292428296429,23.49434697083481,24.974162365202975,24.98455609422717,26.50039446785048,26.5088376123059,1.7244910650974676,1.2899995763736278,0.5206364017490803,1.6527324850215992,14.0,14.510333455691054,14.585215634999704,15.387983159484662,15.935334904855466,89.32350270218605,86.63801390696268,82.18143153462881,14.0,-1.0,13.5,IMG_00114.tif,12.61,telemed_644
1,2.0,23.48092817357832,23.492416484807418,24.985181062064804,24.995346755727297,26.508236243353235,26.516078437137637,1.7252430360501505,1.2984189162800643,0.39299263580163657,1.6341475854679774,10.0,15.22668767409651,14.732415025195902,15.235680992062726,15.8278982338621,85.76518250902706,86.6344524264843,81.98577860359342,10.0,-1.0,13.5,IMG_00115.tif,12.61,telemed_644
1,3.0,20.013302129136555,20.013388446935714,21.350948765144114,21.351175701922838,22.67141653777603,22.671609853664027,1.5321152895705612,1.1261061171577542,-2.5720870756689185,0.2641676061272211,14.0,12.899092322999039,12.980454538204665,12.939281707139912,11.860903629162976,78.1256683948514,78.64221955478985,84.36679932063359,14.0,-1.0,11.5,IMG_00116.tif,12.61,telemed_644
1,3.0,20.024283397068057,20.024459154731133,21.337182179914596,21.33744170286913,22.686448431714435,22.686865763867768,1.5455423614439041,1.1168642476927317,-2.5685056330959335,0.28258869577369194,15.0,12.031858802848234,13.293332922309716,12.934367318803908,12.031858802848234,80.86880589768418,80.86880589768418,83.18579762342354,15.0,-1.0,11.5,IMG_00117.tif,12.61,telemed_644
1,3.0,20.01275319350156,20.01285294697546,21.351374460518713,21.351688219139543,22.69957006596327,22.700060069556102,1.5709465721698017,1.1162605504108387,-2.5882385083766604,0.3106131844950386,14.0,12.915180696969728,13.16720974146715,12.987972910468272,12.842388483471183,81.36128761239186,80.71810138031728,82.00447384446646,14.0,-1.0,11.5,IMG_00118.tif,12.61,telemed_644
1,3.0,19.981736948878492,19.98177533492527,21.319163225795247,21.319537024231455,22.682310147119853,22.682874024438828,1.596628189823608,1.1044704996899497,-2.62808212153217,0.33928770352909743,14.0,12.95412482901024,12.502192771815341,12.502776259941697,11.677671326071106,80.33500581925611,80.41296888423098,80.41296888423098,14.0,-1.0,10.5,IMG_00119.tif,12.61,telemed_644
1,3.0,19.90699538816404,19.907104669952176,21.227259889985326,21.227747798077786,22.544910824108708,22.54521553630639,1.5051428504870228,1.1329680158671895,-2.5880397470506895,0.3884682356945273,13.0,12.695631577990099,12.691721802426164,12.695631577990099,11.965771383143931,82.09386606555178,82.30326024282606,82.09386606555178,13.0,-1.0,12.5,IMG_00120.tif,12.61,telemed_644
1,3.0,24.44536066798713,24.451827160959787,25.672524088842906,25.674983073562235,26.941070876963696,26.941397361623572,1.146392341723589,1.343177858940198,-1.8184580319217383,0.7929830939643948,26.0,10.248011831267718,10.505414356455399,10.272017904678393,10.272017904678393,126.55769068979879,118.88747576991551,118.88747576991551,26.0,-1.0,8.5,IMG_00121.tif,12.61,telemed_644
1,3.0,24.429820264059437,24.43636357150881,25.669277035138784,25.671705663967355,26.948239086615377,26.948531023253654,1.1544065114543642,1.3577609402904798,-1.7847092811542224,0.7881234770326994,25.0,10.34909701347894,10.546352981370152,10.34909701347894,10.34909701347894,126.13192437223908,118.56248030192155,118.56248030192155,25.0,-1.0,8.5,IMG_00122.tif,12.61,telemed_644
1,3.0,24.440587160346148,24.447163570360168,25.67480983384806,25.677199338589407,26.95726135449323,26.95753200367076,1.155945699385158,1.354422733925432,-1.7935237291714916,0.7816658169129915,26.0,10.22532252660082,10.558646089065954,10.344128816206194,10.344128816206194,126.36639796027406,118.71143774885961,118.71143774885961,26.0,-1.0,8.5,IMG_00123.tif,12.61,telemed_644
1,3.0,24.444284422450036,24.45086699427583,25.67765489506787,25.680101604314164,26.95365095332348,26.953947437984155,1.1555738716783703,1.347506572029952,-1.81065961673235,0.7909224285876413,26.0,10.282853093992458,10.520235096627971,10.309312253911855,10.309312253911855,126.19805565808849,119.13227300578411,119.13227300578411,26.0,-1.0,8.5,IMG_00124.tif,12.61,telemed_644
1,3.0,24.442184184045257,24.448768065952542,25.674466279163124,25.676856041457757,26.95999822569145,26.960270751590556,1.1582524267402756,1.3532502588977384,-1.8111790470464455,0.7817131681857704,26.0,10.454741093762777,10.547511807655496,10.61332457031105,10.296157617214504,124.12116417985746,119.1811117386546,119.1811117386546,26.0,-1.0,8.5,IMG_00125.tif,12.61,telemed_644
1,3.0,19.984809836736755,19.984975891343684,21.083772254259376,21.083881019572885,22.189498303528975,22.189540784713568,0.9805301897686697,1.2240347036012122,-3.312068647673913,-0.1840381023688565,15.0,11.792925919727907,11.61000703658151,11.496380145094975,11.496380145094975,88.72682095827584,88.72682095827584,88.72682095827584,15.0,-1.0,10.5,IMG_00126.tif,12.61,telemed_644
1,3.0,19.988744094479003,19.988907297870142,21.09044000572236,21.09054547248534,22.198663246997736,22.198709767372726,0.9897163927259852,1.2200860767765982,-3.2996455595431606,-0.18119729644129545,15.0,11.742185355202594,11.656315220209223,11.641692788049681,11.641692788049681,88.08526875694417,88.08526875694417,88.08526875694417,15.0,-1.0,10.5,IMG_00127.tif,12.61,telemed_644
1,3.0,19.981022166576622,19.981213963820885,21.091686548311692,21.09182326302988,22.21272838739878,22.212807781789316,1.0131795386661515,1.2184142793022763,-3.294835613554986,-0.2062948749738527,15.0,11.965536519451376,11.669803402470468,11.712323872482699,11.712323872482699,88.45010162227213,88.45010162227213,88.45010162227213,15.0,-1.0,10.5,IMG_00128.tif,12.61,telemed_644
1,3.0,19.969173994793145,19.969378163227745,21.083061935734104,21.083222215289723,22.192801037259382,22.192897673185655,1.0042104137651964,1.219309096192714,-3.3055839744528743,-0.2234130189143027,14.0,11.828189952210067,11.886207063291566,11.747721665262588,11.747721665262588,86.90691486273522,85.73816754258587,85.73816754258587,14.0,-1.0,10.5,IMG_00129.tif,12.61,telemed_644
1,3.0,19.964666059059425,19.96486547720897,21.08112689027438,21.08130172389695,22.203236519552213,22.20337235232074,1.0148681671156563,1.2236387079961144,-3.2859207224580205,-0.23334671774364243,14.0,12.03570249697087,11.913603478145877,12.00462579844853,12.00462579844853,85.74031356447429,85.9845035276653,85.9845035276653,14.0,-1.0,10.5,IMG_00130.tif,12.61,telemed_644
1,2.0,27.95402854725673,27.954864539722724,28.994276915904155,28.995643162116977,30.064535605923332,30.06550270979096,1.0286956892587937,1.0819424808094396,-2.918082380519659,0.5562082776817666,16.0,12.425362029452515,12.555321135127745,13.024506375858579,13.526196555932756,117.87356363096615,116.40307284924705,109.62337082753542,16.0,-1.0,11.5,IMG_00131.tif,12.61,telemed_644
1,2.0,27.96055685227677,27.96142695053649,28.999184943708602,29.000634500046388,30.075252587858223,30.076219340414156,1.0275526804628505,1.0872397094148079,-2.95721376005493,0.5728662526260151,16.0,12.36901491369008,12.48053115902355,13.009243521385372,13.485179127067,117.77085747680114,116.35889702228096,109.75122574758747,16.0,-1.0,11.5,IMG_00132.tif,12.61,telemed_644
1,2.0,27.957803647700334,27.958640650773237,29.000426338385818,29.001876740229275,30.0771934138874,30.078191758169112,1.0319611387085905,1.0875899686872892,-2.96377663783974,0.5730210294154073,16.0,12.572833072831031,12.557008643600653,13.02378644718874,13.485864583396364,117.6118566036694,116.05828083397363,109.60978992450033,16.0,-1.0,11.5,IMG_00133.tif,12.61,telemed_644
1,2.0,27.9675436414875,27.968374107137958,28.997275567981447,28.998694269583474,30.06045253450611,30.0613843722431,1.0165383982945089,1.0764718668106357,-2.9524540835366393,0.5667554548569957,16.0,12.613238887269063,12.574589350736886,12.991907862749656,13.54049177748638,117.8978305529669,116.45179461741213,109.33427481445189,16.0,-1.0,11.5,IMG_00134.tif,12.61,telemed_644
1,2.0,27.974134903811944,27.974875872445732,29.018376605330765,29.01930519365774,30.066446581911613,30.067316236738364,1.0216861178815262,1.0707542464111064,-2.9500605225326457,0.4583601926995795,17.0,12.465377635389586,12.570264110234705,13.018252353554175,13.532997062450647,119.53267394657027,116.32794000993837,109.49218507776662,17.0,-1.0,11.5,IMG_00135.tif,12.61,telemed_644
1,2.0,24.904045505063745,24.90424385406084,26.187900147239816,26.187984199924262,27.491162784322913,27.49125001888673,1.4241468161626731,1.1628593486632166,-3.993219403078902,0.14516519621563545,18.0,13.549101581637899,14.442527234005613,13.74371062745169,15.54442899801927,91.11409984189756,90.03410369923624,92.19409598455887,18.0,-1.0,12.5,IMG_00136.tif,12.61,telemed_644
1,2.0,24.904557000865005,24.904771288099692,26.18380214641728,26.18391114368055,27.492907636308754,27.49301239690718,1.4141743298190974,1.1740667789883923,-3.995332029036225,0.16532111226072288,19.0,13.596616327772637,14.465397895720109,14.069651734577803,15.59769265553956,91.87054818118818,90.00388136342322,90.00388136342322,19.0,-1.0,12.5,IMG_00137.tif,12.61,telemed_644
1,2.0,24.90005886563774,24.900267980256174,26.194913578823087,26.195005029066827,27.51546166958586,27.5155247996431,1.4163400422502888,1.1989167771366411,-4.024270174046557,0.15139828205825523,18.0,13.23318327410611,14.373003804026295,13.927594206314808,15.602484438879145,95.27616770290516,91.24893709155842,91.24893709155842,18.0,-1.0,12.5,IMG_00138.tif,12.61,telemed_644
1,2.0,24.902297272300956,24.902497427622077,26.226068218454163,26.22613797346925,27.562716557573008,27.562726012027756,1.446008606350031,1.2142199780556493,-4.074678492665367,0.13214729391690344,17.0,13.029332245082571,14.493815462288904,13.788078483128771,15.551816268024965,91.32302712715749,91.2522159041872,91.2522159041872,17.0,-1.0,12.5,IMG_00139.tif,12.61,telemed_644
1,2.0,24.903226041418794,24.90350835261946,26.22444553879144,26.22453925280645,27.566156453760485,27.566162117374716,1.4476923110874809,1.2149614536677855,-4.083978169269874,0.1531743685465597,17.0,13.681123500397376,14.618654535865783,15.056228461011642,15.631499806910057,96.76668989248287,91.33001053126301,91.33001053126301,17.0,-1.0,12.5,IMG_00140.tif,12.61,telemed_644
1,2.0,28.1475707355706,28.15812447009968,29.872049677476717,29.87754351621493,31.57574695330173,31.57770065552848,1.6412272625793738,1.7783489228494276,-0.9796782245672476,1.098777594755005,29.0,11.782778472325901,11.855234908845775,12.322688477122995,12.853870651267329,129.46309716079517,121.48179031227248,112.2761397200763,29.0,-1.0,10.5,IMG_00141.tif,12.61,telemed_644
1,2.0,28.129150129212533,28.139449066808414,29.865526201634943,29.87087593864586,31.577969639343678,31.579886359362,1.64415466813731,1.796282624416277,-0.9297119660857369,1.0843921113581314,30.0,11.754942090381405,11.997797781311444,12.469718111575276,12.870151398679496,127.44497265012674,120.4991653316544,112.26762975544585,30.0,-1.0,11.5,IMG_00142.tif,12.61,telemed_644
1,2.0,28.258534199504474,28.26877386220741,29.940201206288684,29.945356907132023,31.636312611908387,31.63805729280156,1.656289545136707,1.71299388545743,-1.0304049930028603,1.0632195889484863,33.0,11.445695423777863,11.661005785125143,12.336053466942587,12.680019550904206,131.87722028507912,123.81934799052196,114.64515549126916,33.0,-1.0,10.5,IMG_00143.tif,12.61,telemed_644
1,2.0,28.293664898365,28.30371907198322,29.972051952289775,29.977123476577066,31.66080897452193,31.662543839798257,1.659867031561903,1.698957736253129,-1.062840670920751,1.0539451985570425,33.0,11.110868175679371,11.610113368750296,12.226010198994942,12.640865924941295,130.59105805297963,123.73540659484593,115.22050299937992,33.0,-1.0,10.5,IMG_00144.tif,12.61,telemed_644
1,2.0,28.31717933779464,28.327009460494974,29.979508103761194,29.984471650511246,31.651757564591758,31.653466494620584,1.6592872121442084,1.6671698219814048,-1.0929734263783286,1.0425370054565612,31.0,11.151852456948887,11.544806185434746,12.173731842620384,12.66133316143845,133.7406963682352,124.915351526049,115.15088310274066,31.0,-1.0,10.5,IMG_00145.tif,12.61,telemed_644
1,3.0,19.118291579880317,19.15319657553706,20.23214711884451,20.2654902874108,21.34792330587693,21.380989083764128,1.113231166615051,1.1145613416120206,-0.1676772765560569,3.2871692879035774,18.0,10.724565519819933,10.844240410291894,11.100651048499287,11.303867596393161,94.59811502156893,94.05185676854767,94.05185676854767,18.0,-1.0,9.5,IMG_00146.tif,14.82,left_ticks_800
1,3.0,19.14727093430939,19.184041488692923,20.25266374731235,20.286182476905307,21.373332150015155,21.404121108643476,1.1524137547759965,1.0676658651745552,-0.09617567080498107,3.294132455506841,17.0,10.217051715500986,10.986853849384449,11.405752087760362,11.497934446888848,93.06945924545684,93.06945924545684,93.06945924545684,17.0,-1.0,9.5,IMG_00147.tif,14.82,left_ticks_800
1,3.0,19.13599015677129,19.171667378980683,20.247346197783063,20.280070884992327,21.380374440822315,21.411338917647,1.1275871531788093,1.1120843854875053,-0.31662533924046504,3.255360314448616,17.0,9.922974022570259,10.65527120760729,9.98354942070597,11.29969218006633,94.38621764763022,93.32911428832857,93.32911428832857,17.0,-1.0,8.5,IMG_00148.tif,14.82,left_ticks_800
1,3.0,19.120374241622923,19.153410647878726,20.22748896276319,20.258570590763096,21.382580173952086,21.414402639320787,1.0727810081193758,1.1882109833226837,-0.4954461272947994,3.1742465167972456,13.0,10.384130107678828,10.870870093357839,10.384130107678828,10.300921932919294,94.35132694483646,92.44998747008417,94.35132694483646,13.0,-1.0,9.5,IMG_00149.tif,14.82,left_ticks_800
1,3.0,19.065064342914592,19.096565755919695,20.11364893639097,20.143369080699767,21.23359703524295,21.2656983618902,1.0369762526341015,1.1321563533364034,-0.659930689621768,3.112794454602229,13.0,10.364392805226913,10.52606324106307,10.583796863294594,10.045786166406685,95.22970739205132,88.02148675015673,99.36025016677006,13.0,-1.0,9.5,IMG_00150.tif,14.82,left_ticks_800
1,3.0,16.760087630302447,16.767373487240196,18.167224033117638,18.173418997424534,19.591913672200953,19.597070188530257,1.240114607065679,1.5895820942243817,3.19737042498007,1.4960670306158546,19.0,12.658602366573973,12.574446673743065,12.658602366573973,13.579871698715323,79.47230260968652,79.47230260968652,77.95124115369305,19.0,-1.0,11.5,IMG_00151.tif,14.82,left_ticks_800
1,3.0,16.757945684460502,16.765054047102492,18.168943361157883,18.17507154173937,19.596344129313348,19.601431060536754,1.2436598079881578,1.5927172054461067,3.20686370059755,1.4879130279979442,19.0,12.673130300799698,12.594571340812635,12.644509266352912,13.586116819355851,79.44247215550689,85.12243799691781,78.04191040385447,19.0,-1.0,10.5,IMG_00152.tif,14.82,left_ticks_800
1,3.0,16.75961069907285,16.76691552437715,18.16678720998378,18.172922103254233,19.590677650866887,19.595710431397805,1.238386069717649,1.5904088373030134,3.2008901369142193,1.4888158096461586,20.0,12.752672289667188,12.571786380899713,12.66653390698849,13.579019386336284,78.66513822170569,79.3987753006017,77.93150114280968,20.0,-1.0,11.5,IMG_00153.tif,14.82,left_ticks_800
1,3.0,16.7627053945796,16.770015494936995,18.16687675749343,18.17305080970337,19.592277793027872,19.597312686832883,1.2385425088539364,1.5887546830419537,3.1838835873979767,1.4935547759389154,18.0,12.639302541498907,12.667470070141562,12.599284618340704,13.564197642651408,82.0488709128397,84.67646753935176,77.9890898812338,18.0,-1.0,11.5,IMG_00154.tif,14.82,left_ticks_800
1,3.0,16.7585416095598,16.765816304974503,18.164459772555837,18.170633143526587,19.586874910826964,19.59199035794198,1.2351831700910763,1.5909908828763997,3.1912969715668544,1.4935717284538073,19.0,12.743424101645502,12.593369084273505,12.628258159070185,13.570827641099527,79.06870073105839,85.15411331074763,77.94478525878284,19.0,-1.0,11.5,IMG_00155.tif,14.82,left_ticks_800
1,3.0,18.767979116815336,18.80023322021878,19.829595431490652,19.860847015487213,20.925451935120225,20.954961499549913,0.9896169912185183,1.1651112881126162,0.039830286719021904,3.2146354433205295,7.0,11.572409975557747,12.014163203500884,11.982384799062345,11.982384799062345,92.47685064809863,84.99973873896327,84.99973873896327,7.0,-1.0,9.5,IMG_00156.tif,14.82,left_ticks_800
1,3.0,18.770312274349433,18.802344868325022,19.828560570999226,19.85938944230721,20.920284308075544,20.949070417933893,0.9925108194441049,1.154214730164763,0.038306369780236146,3.1929321815375156,8.0,11.836719875791005,12.142110139825494,12.133171555834707,12.133171555834707,87.69075235971518,83.48167229446076,83.48167229446076,8.0,-1.0,10.5,IMG_00157.tif,14.82,left_ticks_800
1,3.0,18.76613223236338,18.79804724405698,19.82133397807964,19.851876923816565,20.90514578159868,20.933658543404597,0.9921864388363603,1.1434248605112585,0.018279346239486516,3.1786887211744803,8.0,11.829255466604096,12.209255191039638,12.12893149321144,12.12893149321144,87.81411918132471,83.55246886931636,83.55246886931636,8.0,-1.0,9.5,IMG_00158.tif,14.82,left_ticks_800
1,3.0,18.76537156497076,18.797143695434578,19.814198764633694,19.84468970760543,20.894853030307477,20.923319588323242,0.9877221870279614,1.1384537058607007,0.007205170703742414,3.176556061925074,8.0,11.897311082721686,12.308473493855853,12.125407181636348,12.125407181636348,87.26419112485614,83.53585169045311,83.53585169045311,8.0,-1.0,10.5,IMG_00159.tif,14.82,left_ticks_800
1,3.0,18.761075890418194,18.792759360239526,19.820798415817762,19.85120296780592,20.910655669530748,20.939077620143387,0.9913693102667722,1.1549489496370848,-0.023048137343020553,3.1715310413232456,9.0,11.608933478307819,12.20227817010641,12.065602479718791,12.065602479718791,84.97536979057293,83.74617707120096,83.74617707120096,9.0,-1.0,10.5,IMG_00160.tif,14.82,left_ticks_800
1,3.0,16.53105429666703,16.537876074244583,17.930744743613705,17.937626487565595,19.343246469379597,19.350584742793835,1.2892489597592796,1.5234597087899748,3.992858129804998,1.5871511297674314,10.0,12.39996908380266,12.618937576789918,12.36759105719031,12.36759105719031,88.71673912244916,86.0357866883558,88.37390019703392,10.0,-1.0,11.5,IMG_00161.tif,14.82,left_ticks_800
1,3.0,16.52505744475687,16.532007580823638,17.930872891440007,17.937735770766665,19.348432255737965,19.355618812340463,1.2923812110323267,1.5312300204845004,3.9699263970557546,1.5849692753683964,11.0,12.434623751954774,12.611958033594064,12.343048748810844,12.343048748810844,87.91436919740426,85.97090795307753,87.91436919740426,11.0,-1.0,11.5,IMG_00162.tif,14.82,left_ticks_800
1,3.0,16.522573059408483,16.529538509036524,17.92384101398932,17.930815392506386,19.342692144803582,19.34989157566549,1.2846497640618966,1.5357033025670732,3.9599595183111784,1.59810181786624,10.0,12.3939555910288,12.59167301255184,12.351845089015427,12.351845089015427,88.39518583874198,85.88134648364944,88.02153955300089,10.0,-1.0,11.5,IMG_00163.tif,14.82,left_ticks_800
1,3.0,16.53208851750947,16.538989963632552,17.93135598408789,17.938035692382257,19.33190800722931,19.33891185643729,1.28423601209156,1.515685880713178,3.9794768807526433,1.5636603166059684,10.0,12.379014563428058,12.600285547985273,12.356282831551198,12.356282831551198,88.22544329714198,86.08332986344068,87.98959386989496,10.0,-1.0,11.5,IMG_00164.tif,14.82,left_ticks_800
1,3.0,16.557727433098385,16.56383830496054,17.944443718991938,17.950701317121364,19.332513217729314,19.339427296312934,1.2566983319644691,1.5188906593879277,3.985077949944621,1.5129109678176325,11.0,12.434365352493359,12.641864088145935,12.40062557744605,12.40062557744605,88.5547241989118,86.31419770965533,88.5547241989118,11.0,-1.0,11.5,IMG_00165.tif,14.82,left_ticks_800
1,2.0,22.27089966147049,22.388927811079075,23.80764791521271,23.91919567043771,25.383997378636263,25.492785974811554,1.5055406108880645,1.5983175528444111,1.997072098498613,5.535587054699673,24.0,12.276950137233001,12.057968219779001,12.071159776761931,13.150782495349517,89.35094789724403,89.72209396235031,82.1843121578691,24.0,-1.0,9.5,IMG_00166.tif,14.82,left_ticks_800
1,2.0,22.226563063436473,22.344334333896295,23.78550207983139,23.89392032129159,25.358313128998653,25.462670792883525,1.526076968860262,1.5922594901269667,1.8228450997764092,5.4602114054016315,25.0,11.871997823428643,11.696062012138567,11.871997823428643,12.933863501420461,89.77551268248082,89.77551268248082,82.1997319530605,25.0,-1.0,9.5,IMG_00167.tif,14.82,left_ticks_800
1,2.0,22.146109687060434,22.262793469260057,23.708325047457507,23.818175781136766,25.26393826666356,25.37228203384385,1.4951982787769502,1.6142902858068398,1.8785883894426785,5.504931513070312,28.0,12.147034488493716,11.954359740181717,12.07756840491075,12.07756840491075,90.16945976928227,87.8090976428957,87.8090976428957,28.0,-1.0,11.5,IMG_00168.tif,14.82,left_ticks_800
1,2.0,22.11056805684242,22.22597156618149,23.67826219786594,23.785644785697627,25.243840764434008,25.350656486517963,1.5098535378913749,1.614831382445098,1.7777868182444536,5.446413654296913,25.0,11.956978238603341,11.695815476068756,11.956978238603341,8.952903616469627,93.04044097435796,93.04044097435796,119.34257005578642,25.0,-1.0,9.5,IMG_00169.tif,14.82,left_ticks_800
1,2.0,22.087438555541077,22.20166706833296,23.63512083881588,23.737861863471586,25.20677136692366,25.30304400366854,1.5236489021493205,1.5777280331862606,1.5384792118831587,5.332680236758122,24.0,12.435413638695223,11.582970171208553,12.397470946826076,8.636047433810859,86.83446821247955,90.15116957778162,121.91606587654957,24.0,-1.0,12.5,IMG_00170.tif,14.82,left_ticks_800
1,2.0,25.379596651187263,25.417226966675862,26.870136369865538,26.913361083874506,28.437769907282863,28.49030531454305,1.8594459665133964,1.2136323813537893,-0.22298441676850544,3.2477146780441055,22.0,10.996742042203294,11.615409648874161,13.347400557676082,13.347400557676082,109.86241358939293,98.65828937308986,94.84522534157776,22.0,-1.0,11.5,IMG_00171.tif,14.82,left_ticks_800
1,2.0,25.382413580547123,25.419913701866744,26.873037120669796,26.916294165210413,28.41978719960873,28.470474568262702,1.8357619506732135,1.2147989157227417,-0.2265334081507328,3.248752292382671,22.0,11.119556902853773,11.671778349779181,13.350241499066811,13.350241499066811,109.35066562156138,100.33681087939061,94.82225064957613,22.0,-1.0,11.5,IMG_00172.tif,14.82,left_ticks_800
1,2.0,25.385779066782312,25.423146960642768,26.87897003229638,26.922022787786602,28.44632693988435,28.498918605754938,1.858636397587909,1.2171352475242583,-0.23684060198630597,3.2407248214793465,22.0,10.99954027814151,11.59200353431256,13.336301069571249,13.336301069571249,110.33016429931158,100.43132953728788,94.87599546556976,22.0,-1.0,11.5,IMG_00173.tif,14.82,left_ticks_800
1,2.0,25.388009598792753,25.425356950868476,26.88359699152154,26.926603087339068,28.453285770019818,28.50595093449049,1.8651254270706743,1.2154685565513368,-0.2358386065295372,3.238692198191011,23.0,11.078854796447786,11.580277164125334,13.255187756207079,13.499670242782855,108.59220638342241,98.75298153820282,88.78858445335754,23.0,-1.0,11.5,IMG_00174.tif,14.82,left_ticks_800
1,2.0,25.39472064631406,25.432141808733398,26.88899346125424,26.931871999666907,28.45694615482868,28.509866278429033,1.865870905961823,1.2118535637338137,-0.23812114709569782,3.233567887935123,23.0,11.076461269971986,11.649462965163735,13.27611805837978,13.38458442344725,108.62288956763275,98.83238686380753,88.82980378073154,23.0,-1.0,11.5,IMG_00175.tif,14.82,left_ticks_800
1,2.0,22.316972188214148,22.321748311134808,23.787566840532513,23.792531519045305,25.250885498563395,25.255346051665114,1.7098916253608984,1.2237061151694064,-3.8141815231686547,1.170497313504507,9.0,12.728594927768768,12.91739318972181,12.728594927768768,13.575344323134004,83.97416127924998,83.97416127924998,80.87732562383633,9.0,-1.0,11.5,IMG_00176.tif,14.82,left_ticks_800
1,2.0,22.321293229901958,22.32589816913402,23.788102953744946,23.7930260446939,25.251944868914194,25.256357008377403,1.702950555257216,1.2275082839861688,-3.821192372274378,1.1655722749001811,9.0,12.706221998478497,12.815268422420194,12.706221998478497,12.706221998478497,83.44836007148444,83.44836007148444,84.70749075164578,9.0,-1.0,11.5,IMG_00177.tif,14.82,left_ticks_800
1,2.0,22.30930586489201,22.314252522274604,23.785160096410042,23.790149393116888,25.24876789350208,25.25324238666588,1.7077503556303089,1.231239508760971,-3.82155335472475,1.1734546270701633,9.0,12.772049603031462,12.788536554307955,12.772049603031462,12.772049603031462,83.61895209671138,83.61895209671138,84.6250282104907,9.0,-1.0,11.5,IMG_00178.tif,14.82,left_ticks_800
1,2.0,22.320782940810346,22.325536410510985,23.794352380928576,23.79923049628647,25.25220922436993,25.25659753652397,1.7056785933816019,1.2253825326313779,-3.8142794009436485,1.1600844999917619,9.0,12.658921673038634,12.714300676542774,12.658921673038634,12.658921673038634,84.81511781470833,84.81511781470833,84.83404412252285,9.0,-1.0,11.5,IMG_00179.tif,14.82,left_ticks_800
1,2.0,22.31751897610148,22.322028094736375,23.788786446693244,23.793579431747563,25.24745371444742,25.251858523506613,1.7115352834544268,1.218295145315812,-3.827345486289266,1.1500535630497113,9.0,12.790781796447106,12.751267859347015,12.790781796447106,12.790781796447106,85.20052709932143,85.20052709932143,85.20052709932143,9.0,-1.0,11.5,IMG_00180.tif,14.82,left_ticks_800
1,2.0,26.985583864672574,27.012765227190215,28.46215770223567,28.484779732950717,29.94241533412429,29.960810259098817,1.7057036395135807,1.2423413923950188,-1.4929602058003404,2.2836299903502906,17.0,12.419906439888791,12.600813855582384,12.868347127489983,14.061012339198726,105.54801013365189,103.07749763379451,96.76606465572895,17.0,-1.0,11.5,IMG_00181.tif,14.82,left_ticks_800
1,2.0,26.981840798904315,27.00889550183881,28.459779250766683,28.482312194674623,29.94040617181622,29.958702754920523,1.7076912480969924,1.2421160049847213,-1.4980936119845019,2.279227165944642,16.0,12.77685196795224,12.62333516081803,12.77902251085925,12.77902251085925,103.75576626748844,101.62076363861398,101.62076363861398,16.0,-1.0,11.5,IMG_00182.tif,14.82,left_ticks_800
1,2.0,26.985625063291483,27.012692816453065,28.45984231609278,28.482330858505943,29.940928919229435,29.95919204900596,1.701262837002867,1.2452363955500254,-1.4917693394432416,2.276979391386381,16.0,12.858408758092366,12.518482964649083,12.943455784739768,12.773361731444965,104.53306546497961,101.69449333068764,101.69449333068764,16.0,-1.0,11.5,IMG_00183.tif,14.82,left_ticks_800
1,2.0,26.979823617916292,27.00693276841453,28.453744715882575,28.47631570123858,29.93751080660664,29.955975516141184,1.7046352136984488,1.2444075340282028,-1.5270979574678143,2.281390771054106,16.0,12.809514629276137,12.484288120360732,12.813215615209998,13.349248674952946,104.32092261626758,102.1734653196971,96.72121841255644,16.0,-1.0,11.5,IMG_00184.tif,14.82,left_ticks_800
1,2.0,26.968691418283928,26.996166766064817,28.451033177684568,28.473716455889917,29.943058162699057,29.961536671684676,1.7144700494538936,1.250899856165963,-1.5558537394513496,2.2871639519025324,17.0,12.891973941370566,12.441767943625173,12.891973941370566,12.789923039473024,104.7524716938643,103.01342762957535,103.01342762957535,17.0,-1.0,11.5,IMG_00185.tif,14.82,left_ticks_800
1,2.0,25.679234571632055,25.84676425902162,26.77355680300479,26.939023403510404,27.96832984680175,28.131040841740273,0.9767180434012971,1.3075585393173588,0.48213278752782646,6.3536666483614574,23.0,8.588936895406675,7.7107360963676355,7.45645461513331,7.427923875263673,153.1189204226497,189.83907866628067,194.22407112212812,23.0,-1.0,6.5,IMG_00186.tif,14.82,left_ticks_800
1,2.0,25.646068944329578,25.812801398980138,26.84383046179673,27.01028560891584,28.092862955732432,28.257756818214244,0.9809691836553888,1.4639862355787134,0.7052872509035333,6.364216466493856,21.0,8.412307871145089,7.938137691890873,7.69510509467932,7.651046813112345,155.06974549774856,192.50857802254086,197.266742659778,21.0,-1.0,6.5,IMG_00187.tif,14.82,left_ticks_800
1,2.0,25.806090638867193,25.97432827399169,26.7047587122543,26.87023183229694,27.638470878371923,27.799992277439497,0.9868014162497525,0.8388625871980565,0.3745018007368993,6.361928403099045,21.0,7.945915074049708,7.576732358976353,7.325946597499211,7.304233613069044,151.41648475462188,187.0009347424949,191.07339106963042,21.0,-1.0,6.5,IMG_00188.tif,14.82,left_ticks_800
0,,,,,,,,,,,,,,,,,,,,,,,IMG_00189.tif,14.82,left_ticks_800
0,,,,,,,,,,,,,,,,,,,,,,,IMG_00190.tif,14.82,left_ticks_800
1,3.0,26.365212906276007,26.519753861262696,27.564040561052845,27.72064982351571,28.630921048721692,28.784962254580083,0.8725618112069652,1.392646582110412,5.8128711563174225,6.0932546031173,31.0,12.47514609713744,12.489378343461976,12.293284298886107,12.029627131574188,118.02799208305717,119.52523786835864,122.06981343462374,31.0,-1.0,11.5,IMG_00191.tif,14.82,left_ticks_800
1,3.0,26.3706474108083,26.525606496912115,27.560097721537232,27.715303764659996,28.627544986839165,28.78230823800833,0.8740710886074444,1.382630652488773,5.840091246548341,6.0664552999667904,31.0,12.501061260900286,12.509824291292999,12.313383316007219,12.050007726393346,117.75036529661712,119.57729750893046,122.11779323911462,31.0,-1.0,11.5,IMG_00192.tif,14.82,left_ticks_800
1,3.0,26.371694816613523,26.526843421942086,27.558499918314553,27.713264877624127,28.6045784650564,28.758567921464422,0.8711976748716763,1.3605268246506603,5.840872339111176,6.058043956114855,32.0,12.416299127778231,12.495782407703317,12.302075381003164,11.97941414416914,118.51584025305374,119.52841666653947,122.65263828319003,32.0,-1.0,11.5,IMG_00193.tif,14.82,left_ticks_800
1,3.0,26.364259861641287,26.519177546512363,27.550297241357004,27.705080064038597,28.58832621573536,28.74047561761997,0.8692334377323689,1.3520646333752446,5.839867130218903,6.0592895633675745,32.0,12.363461335835254,12.490263681885505,12.292789860221859,11.96220163074858,119.006452782156,119.64079559500944,122.84617284280874,32.0,-1.0,11.5,IMG_00194.tif,14.82,left_ticks_800
1,3.0,26.350107462587346,26.504856659564627,27.542444276613548,27.69849350985368,28.590609747084184,28.74444296892315,0.8735793436556446,1.3660069657028786,5.824270556571864,6.084774417867017,32.0,12.32274888681971,12.477687353158196,12.27301746172509,11.969583550309324,119.34676344244932,119.81982161544022,122.75443155344605,32.0,-1.0,11.5,IMG_00195.tif,14.82,left_ticks_800
1,2.0,18.838163809368233,18.843411013950725,20.20567331535028,20.212205692900735,21.56952621272001,21.577233339272443,1.8333743839490322,0.9004479413726872,0.2915643878314996,-1.4567268051895053,21.0,15.033324689081951,15.47596737672998,15.202742037696083,15.482716319486741,69.55004573561826,66.17945099175581,64.63593608190665,21.0,1.0,14.5,IMG_00196.tif,15.225,juniper_right_8
1,2.0,21.96588755199372,21.966093759059728,23.91998183125062,23.920212967658205,26.110111163574746,26.112814843206873,1.1201670794027865,3.0265540047443587,-6.159528451506612,0.2518776533394664,17.0,16.653590150331496,16.6008101194252,16.830868971434995,16.835343397583955,105.29491707213568,105.29491707213568,96.06267298238433,17.0,1.0,16.5,IMG_00197.tif,12.18,juniper_right_10
1,2.0,18.16368289385789,18.16519526540073,19.16639529601363,19.16643638502022,20.073852762999962,20.07472936419854,0.9482828159796862,0.9612512828181242,0.9541898047361979,0.11863964611117044,24.0,12.501465044615273,12.909579884431153,12.634572106729337,12.533772322473425,83.1409706451808,82.67758934460902,82.67758934460902,24.0,-1.0,11.5,IMG_00198.tif,15.966666666666663,juniper_right_15
1,2.0,16.57134889662481,16.57137977095923,17.390295459304742,17.390304777168637,18.260983878547435,18.260997927157906,0.8769265352482469,0.8126916209504291,0.7062485474252779,0.05931195431889488,16.0,12.62811174600796,11.589966186809269,13.100019311968765,13.100019311968765,75.56568917739625,75.56568917739625,72.016802025105,16.0,-1.0,13.5,IMG_00199.tif,15.966666666666663,juniper_right_15
1,2.0,18.52309232954181,18.523566777820015,19.38674598610657,19.387116665762406,20.263762174847198,20.264070908015917,0.7339799421208042,1.0065241880751015,0.7212387079298017,0.3543081039517322,20.0,16.95042769827326,16.780644605176377,16.56046488549029,16.56046488549029,64.01645176267276,65.35237328815649,65.35237328815649,20.0,-1.0,15.5,IMG_00200.tif,15.966666666666663,juniper_right_15
1,2.0,18.918240442196176,18.91824082615768,19.77349699877611,19.773682706743347,20.67523397583197,20.676364439635424,0.9923966702069359,0.7657269432708059,0.020377543848148258,-0.24831871814954434,34.0,11.716922783449633,11.998928000621483,11.825289777707354,12.214078694853498,91.47577952638102,90.73791911263044,88.67808595947912,34.0,1.0,11.5,IMG_00201.tif,15.225,juniper_right_8
1,2.0,21.635111432374835,21.6565952756888,22.77208215111043,22.78099367563249,24.025050233741645,24.03075135832996,1.522906901546135,0.8512491810950226,-4.33966025680792,-1.6026602302844495,32.0,14.138037115083065,13.834475005642616,14.157330549010254,14.99828195243748,92.49960941379241,92.2637962806862,90.41393971104429,32.0,1.0,13.5,IMG_00202.tif,15.225,juniper_right_8
1,2.0,19.66115049661823,19.661197610568117,20.684402637521032,20.68442216755912,21.703102040588096,21.703112143826143,1.249390652084595,0.7925238811734316,-2.696450514208668,-0.07873494219505987,32.0,14.31548558582054,14.591551779833468,14.428903789480245,15.541981066486528,86.79229754634486,85.67782039472152,81.73439011620057,32.0,1.0,13.5,IMG_00203.tif,15.225,juniper_right_8
1,2.0,20.76441822421677,20.764793962462925,21.917258124042682,21.91749207426822,23.079194184017016,23.079372482022677,0.7790199793668684,1.535558540192884,-7.367545350908775,-0.26473070826430817,22.0,14.915871688809304,16.846621361166576,16.464236329242624,20.193392236051352,100.7178953035216,97.67162552962637,85.19223311698401,22.0,1.0,20.5,IMG_00204.tif,15.225,juniper_right_8
1,2.0,21.564249349175395,21.582374531544303,22.613517923593687,22.64251029866595,23.712314766125704,23.75687397902436,1.2432256224542448,0.9312738250258099,0.7557741299625111,-2.89977026416449,26.0,12.016115506712325,12.197250730763761,12.14167011848005,13.339532576913342,89.84483483963204,86.62357532210177,84.81356396204724,26.0,1.0,10.5,IMG_00205.tif,13.533333333333337,juniper_right_9
1,2.0,19.4775888652212,19.47802656809001,20.57602335996815,20.576039868408678,21.683353472338773,21.685011804355618,1.0873060174814004,1.119679218784209,-4.4511753029581325,-0.07257880071385737,19.0,14.450592011716537,14.373274233907974,14.450592011716537,14.450592011716537,108.2878842129384,106.89731288559383,106.89731288559383,19.0,1.0,13.5,IMG_00206.tif,13.533333333333337,juniper_right_9
1,2.0,15.154316513803673,15.164599697671665,16.47082235639192,16.478382467864485,17.752236669472108,17.757536755704706,1.3207407910159583,1.272196267017085,-5.907939410618909,-1.7356455773147381,21.0,15.96221244332537,16.1421692399382,15.79052666933876,15.756795745174458,63.94638002574838,63.22406585829314,63.22406585829314,21.0,1.0,15.5,IMG_00207.tif,15.225,juniper_right_8
1,2.0,20.336673039617,20.34046430767805,21.79005664630907,21.794429647624337,22.959268137011385,22.965264094294884,0.7210254723166919,1.9037743143001442,-2.7542151445647494,-1.1477886928424224,29.0,13.48946782099432,13.798664975929515,14.421235964243408,15.797391029671957,86.73671464742293,86.22965100691987,76.18154283483875,29.0,1.0,13.5,IMG_00208.tif,15.225,juniper_right_8
1,2.0,17.931271174565122,17.968673249130617,18.670467457279504,18.701011235860808,19.46578785233738,19.487605462072178,0.9084139700541566,0.6105182428874034,-1.948181551096772,-3.275107757630474,9.0,18.38411526660238,17.451017272554203,18.38411526660238,17.388217403658302,52.780132504616944,52.780132504616944,57.51182090586289,9.0,1.0,16.5,IMG_00209.tif,15.225,juniper_right_8
1,2.0,16.387020133540457,16.387091511438598,17.465652760911986,17.465744424412623,18.567064805788046,18.567185635926986,1.1249530062272137,1.0551411182611705,-1.3522232702710546,-0.1856275741706339,25.0,11.327760122951503,11.264350062980771,11.467694567569055,12.07618597482707,90.97712055312394,88.68739040208587,84.58994535764182,25.0,1.0,9.5,IMG_00210.tif,15.225,juniper_right_8
1,2.0,27.323428514525393,27.36755749360011,28.401145390422077,28.450923155667837,29.47945071747203,29.535419006675895,1.119482643824087,1.0483788692516995,-2.743999819764401,-3.3897719921147607,31.0,15.161131296216666,15.506702782060922,15.550792799155033,15.550792799155033,100.32207478133166,97.92141981403603,97.92141981403603,31.0,1.0,14.5,IMG_00211.tif,12.18,juniper_right_10
1,2.0,21.085637469636595,21.087468586830873,22.031620544120027,22.03303117321488,23.000814510213875,23.00248014443723,0.9682716918094719,0.9467398657968815,-2.7606248154418727,-0.6483495913617169,16.0,22.924529028338924,22.54579365372384,22.881737132523313,22.881737132523313,56.34581849855305,56.35398817390278,56.337648823203324,16.0,1.0,20.5,IMG_00212.tif,12.18,juniper_right_10
1,2.0,25.036341719906666,25.03705750650919,26.50528770874099,26.512272538831965,28.02025579871129,28.040548677861544,1.3722504919747731,1.631240679377577,-5.766789001766414,-1.3152297104833846,21.0,18.215768846493035,17.3208181322089,17.608599631325433,17.608599631325433,108.4783606259654,108.4783606259654,108.4783606259654,21.0,1.0,16.5,IMG_00213.tif,12.18,juniper_right_10
1,2.0,18.59030393042345,18.597252753012977,19.718498481407224,19.74442441565696,20.790747434310894,20.832771248784972,1.514246299469024,0.721272196302971,-0.25419937773152074,-2.9365008590958794,33.0,12.584591689385718,12.744635918676313,12.844166255630256,13.847649994278584,78.97683901318544,76.288913144307,74.11038376410849,33.0,1.0,12.5,IMG_00214.tif,15.225,juniper_right_8
1,2.0,23.241924920461397,23.25290172620777,24.726337643444484,24.7365463075037,26.182824024871316,26.191899704057313,1.987280347661851,0.9517176301876905,-6.633410414139151,-1.646142742849589,28.0,18.98188757885633,18.564895783946824,19.047664201804537,19.769178320345674,86.87317590299782,86.7261201909556,86.3484635385485,28.0,1.0,17.5,IMG_00215.tif,13.533333333333337,juniper_right_9
1,2.0,20.318862087450785,20.3227380348899,21.970951332834634,21.97856074265303,23.684485655672848,23.696590183545727,1.2143580504887364,2.1594940981670936,0.8116438554897861,1.5077384965306893,17.0,17.02394567387131,17.03519249399717,17.18489739001805,17.579995261189964,70.52655494729343,69.85619969045119,68.34544549398403,17.0,1.0,15.5,IMG_00216.tif,13.533333333333337,juniper_right_9
1,3.0,20.545424677381387,20.569726073121537,21.461399174818755,21.485388443424572,22.344338974137955,22.367352754224004,1.1114746620054194,0.6861520190970456,-0.8055405325291766,-2.707789788240486,30.0,12.640302675811029,13.235797066541865,12.500996313658874,12.500996313658874,85.28501438753273,87.34464135305544,87.34464135305544,30.0,1.0,12.5,IMG_00217.tif,15.225,juniper_right_8
1,2.0,19.030009298400763,19.030850628704187,20.04614072081021,20.05025610179932,21.038695678911118,21.049727003644943,1.107243197311789,0.91163317762897,-2.9536843097174867,1.1608874609352553,27.0,12.190605341607125,12.02791988416934,12.99730512007568,14.00405253148017,109.9727847579637,108.1941746828229,107.17699755110033,27.0,1.0,11.5,IMG_00218.tif,15.225,juniper_right_8
1,2.0,20.77055369408124,20.776343770200597,21.957281092672666,21.96235061273416,23.174671243462274,23.178920505861463,1.1260820419896682,1.2764946936711934,-2.3695580057543775,-1.231090549106872,18.0,21.6014060330712,21.926816972800093,21.633978524787636,21.316249613094612,58.105106381665294,58.0635914491149,58.24659248298139,18.0,1.0,20.5,IMG_00219.tif,15.225,juniper_right_8
1,2.0,21.44404425450743,21.4513057121214,22.28668076337999,22.30388866115399,23.173571035214984,23.209300969015406,1.0487953558747014,0.7091999010193075,-3.9894072951366177,-2.250811735732028,41.0,16.45791309100062,16.232517355506385,16.512136600577463,16.762950448792083,84.85319932176577,85.0130550044101,85.83001705396903,41.0,1.0,14.5,IMG_00220.tif,15.225,juniper_right_8
1,2.0,19.334006221940257,19.374341220253687,20.49671278819139,20.53761967647757,21.659633657377547,21.701381874796915,0.6691671201202941,1.657873534422937,-1.9701388995041513,-3.616870098139943,37.0,11.046171363124728,11.309300888272796,11.261030025731372,10.863278623649876,89.16062850414099,88.2482183680355,89.210978375956,37.0,1.0,10.5,IMG_00221.tif,15.225,juniper_right_8
1,2.0,19.001352339560096,19.008331737491254,19.95617139554388,19.96526974164272,20.915147240857177,20.925465988832435,0.8570296717946746,1.0601045795465063,-1.9235939770644408,-1.7298074365491054,28.0,17.46110589858148,17.445674059979623,17.463682870622705,17.458528926540254,64.61202357247497,64.60530847356395,64.60530847356395,28.0,1.0,16.5,IMG_00222.tif,15.225,juniper_right_8
1,2.0,17.17706304194991,17.189097822465737,18.21032286143878,18.220659003034303,19.223244430485728,19.231644626402066,1.088608666744992,0.9539381371913386,-4.306553063348734,-1.9299912836249296,22.0,14.770283250689488,13.253825131394224,14.779550627669039,16.80867140409711,74.99143425681703,74.50830228324325,63.9694254802751,22.0,1.0,15.5,IMG_00223.tif,15.225,juniper_right_8
1,2.0,16.31447984748937,16.319754861917612,16.89863677300524,16.902915856020936,17.493526620574794,17.496817576703926,0.6558991863735257,0.5211635284127872,-2.3437275687824073,-1.2892624500474636,20.0,16.422395832892562,16.787317477122144,16.901569475285044,15.620877111903496,59.528877693587575,58.80755948602356,62.58056017535076,20.0,1.0,15.5,IMG_00224.tif,15.225,juniper_right_8
1,2.0,21.075247744836922,21.077984037846377,21.85682328773356,21.858263726219604,22.596557442118606,22.597403454632786,0.831057528405977,0.688361888380435,2.8495598970861042,-0.6577783009297897,26.0,9.674073915700262,10.344801229449983,10.054158649507656,10.054158649507656,109.24326538509649,93.21912509335759,90.91347285571092,26.0,1.0,8.5,IMG_00225.tif,15.225,juniper_right_8
1,2.0,23.223466007687406,23.265636085968534,24.26074976881142,24.29404604583627,25.28522347787659,25.306968930613394,1.0734027258747678,0.9679301187700907,-7.999284420114038,-3.000096039460844,27.0,16.70464500832685,17.03479043216831,17.438192149486724,18.221194092632203,95.41296525062675,93.37567081982351,92.24197282000618,27.0,1.0,15.5,IMG_00226.tif,15.225,juniper_right_8
1,2.0,23.250949166649114,23.2582871917542,24.247823411096356,24.25316285101958,25.294569592551643,25.295938061163067,1.1128145646335226,0.9248363047753393,-2.967382012931134,-1.2022900666355252,19.0,21.56670265116813,21.89166483710088,21.56670265116813,21.56670265116813,65.52833583860566,65.52833583860566,63.678494005191794,19.0,1.0,19.5,IMG_00227.tif,15.225,juniper_right_8
1,2.0,18.452030466978414,18.455223528566798,20.149830965756742,20.15272639365042,21.751135307005455,21.755004717850014,2.296593060327624,1.0031881289555928,-1.8323405382395823,0.9712528423412742,33.0,10.27074864929125,10.387030274234482,10.69707885777774,10.809252998711969,88.56006809611144,83.14729622399285,82.77560580887047,33.0,-1.0,8.5,IMG_00228.tif,15.225,juniper_right_8
1,2.0,22.276055533055057,22.28498882375517,23.637525841086568,23.655490606337835,24.99802433673863,25.033240642636333,1.3509380061892795,1.3973138126918814,-1.141016621012572,2.233108951074314,24.0,9.01447941379837,9.867254366936766,9.04921141126286,12.735813853007357,119.05907815596426,105.18223992126676,87.33437243675243,23.0,-1.0,11.5,IMG_00229.tif,13.533333333333337,juniper_right_9
1,2.0,19.583624047486346,19.586799088327613,21.050997326495835,21.054946931350308,22.413383672426555,22.415283685948737,1.87487263816989,0.9536119594512344,2.144183752113276,1.109798587845059,25.0,17.71706595713954,17.893692971345477,17.71706595713954,17.608591961643185,66.89676782839108,66.89676782839108,68.02098172780244,25.0,-1.0,17.5,IMG_00230.tif,13.533333333333337,juniper_right_9
1,2.0,21.412992988274404,21.41972769717347,22.335241228478328,22.34443757730537,23.231386086866213,23.250255127944264,1.0532308659545067,0.7772965648162866,0.2639978308450149,1.6439005126319943,32.0,13.450189950634027,13.747362964088511,13.710156615085225,13.775523170728121,87.65384271717694,85.41199442785135,85.41199442785135,32.0,-1.0,12.5,IMG_00231.tif,15.225,juniper_right_8
1,2.0,16.68595374067893,16.701212630894638,17.759221150909596,17.77413745379392,18.81503175414958,18.830113240884845,0.9556950564132571,1.1732055535769534,-1.1778477137293277,2.347493165698155,22.0,13.469657896611466,12.893535309095821,13.614482079873142,14.48127385768342,63.82511644730043,61.41095755219856,61.08297147772728,22.0,-1.0,11.5,IMG_00232.tif,15.225,juniper_right_8
1,2.0,17.841000214521845,17.894466782288845,18.800956295710513,18.863089966820652,19.79768525360775,19.86817224499186,0.9966688768237628,0.9770365858792546,4.0644057248838275,4.651724682604532,14.0,17.980770772980705,18.00400985456206,18.06070200077329,18.06070200077329,56.716181373629276,56.567003767992695,56.53510562150065,14.0,-1.0,16.5,IMG_00233.tif,15.225,juniper_right_8
1,2.0,13.781389299245264,13.786451436596804,14.63517563761268,14.640064104031648,15.508036056053465,15.512428940694145,0.6915688858392507,1.0344086182580907,-1.0410463691278256,-1.4806913677145952,8.0,17.99021254736809,18.0075341482984,17.465493234881137,17.465493234881137,44.34801412765535,45.25845079138919,45.25845079138919,8.0,1.0,16.5,IMG_00234.tif,15.94285714285714,juniper_right_7
1,2.0,17.111996011561907,17.112059002618388,18.340509716891468,18.340530552948902,19.679892276029573,19.679894545546397,0.6310247030152122,1.9368108399127937,0.5346136517310132,-0.08636534196448281,18.0,19.073492300983432,19.138546471089988,19.50281655127432,19.56054787385409,52.697964759855275,50.955871534809525,50.064383346492114,18.0,1.0,17.5,IMG_00235.tif,15.94285714285714,juniper_right_7
1,2.0,21.63243178173943,21.651187359195532,23.002426031869895,23.02698327002487,24.43702905428617,24.467269298600808,1.1538418701681976,1.6622400692370756,-4.502668736571003,-2.6463511574965377,22.0,15.405872781045147,15.566397746261508,15.463306129996198,16.576802512046726,86.81477895704431,84.87308083209568,78.79335556731529,22.0,1.0,15.5,IMG_00236.tif,13.533333333333337,juniper_right_9
1,2.0,27.88038015670918,27.88628303554353,29.105692774838165,29.10949927492433,30.35664297203556,30.358788084764512,1.035115801017178,1.4373892482038095,-2.8045291897950566,-0.9265906581843786,21.0,24.28380534558417,24.025508239455913,23.66729415956209,23.61993707547117,69.3942537429892,71.43728415465841,71.43728415465841,21.0,1.0,22.5,IMG_00237.tif,12.18,juniper_right_10
1,2.0,23.263554010735174,23.26683816708741,24.0426371270125,24.046272050046735,24.82145895436997,24.825853900279828,0.7262377438199884,0.8327779893724296,-4.034544546097898,-0.9962465555080727,36.0,15.14991701761177,14.442224385038418,15.135924934919785,16.685307286968794,108.34417791305489,107.20300730588968,88.50746272440102,36.0,1.0,13.5,IMG_00238.tif,15.225,juniper_right_8
1,2.0,18.595192137566183,18.597299549923797,19.709986774548476,19.715774015220294,20.829387434483557,20.840879330034785,1.1106721395436205,1.1329076405673644,-2.8695693875882,-1.3882801375501175,23.0,12.228738318697197,12.149852025206707,12.228738318697197,12.048924425636955,102.0944486004312,96.0021249581231,104.36202817959067,23.0,1.0,10.5,IMG_00239.tif,15.225,juniper_right_8
1,2.0,20.306258359226863,20.30664427880947,21.441162522032386,21.44154576192196,22.578293179757022,22.57860573296282,1.0803822335897502,1.1915792205636027,-2.209755763099826,-0.34256704753618217,16.0,19.28983369957261,19.32419201401288,18.930523596193893,18.52262558543603,66.12574517755903,67.01791508739515,69.69931556882919,16.0,1.0,17.5,IMG_00240.tif,15.225,juniper_right_8
1,2.0,20.434044628409797,20.512216366591893,21.67911665935618,21.753097835647445,22.944236743635177,23.014919516907,1.7244590929003019,0.7782440574148057,-2.3156891881618518,-4.72673060745389,27.0,12.438619121319533,12.228542419086244,12.449032574185281,12.383689101303617,87.32288883254962,84.9295621984864,84.11742944011122,27.0,1.0,10.5,IMG_00241.tif,15.225,juniper_right_8
1,2.0,22.131767727907796,22.141805386743165,23.114319735438368,23.125678295778208,24.119373070241757,24.132082509273083,1.0518995878999644,0.93837753462996,-4.264227834987395,-1.7958489809834328,15.0,21.86933807431194,22.58726382117273,22.8685420468517,23.712091118691916,66.09657455324468,59.24300691976218,59.24300691976218,15.0,1.0,21.5,IMG_00242.tif,12.18,juniper_right_10
1,2.0,19.82501414476555,19.82679518914578,20.886049551673672,20.88834814864074,22.008608011411166,22.011318329783922,1.1847884133074646,0.999734727330674,0.7148241883825863,0.8500040184664899,20.0,20.95773561092915,20.735863674190384,20.88191547474449,22.07070904308148,55.07068815319457,55.01664997332558,52.66420253093019,20.0,-1.0,19.5,IMG_00243.tif,15.225,juniper_right_8
1,2.0,21.32736184101642,21.33008823218129,22.203211609562096,22.206232664977623,23.071339743744826,23.07497338318596,1.0008539618271755,0.7440311891774949,-1.8501780923566995,0.9451145669111236,29.0,9.430658173132969,9.6294580300114,9.610292770994022,9.610292770994022,111.59971319160836,111.59971319160836,111.59971319160836,29.0,-1.0,8.5,IMG_00244.tif,15.225,juniper_right_8
1,2.0,23.54570449814025,23.547092718706583,24.54657796870969,24.548140598803,25.59554801699584,25.596039745239782,0.9828861649565301,1.0660608615766645,-4.146504157525791,0.646485405258426,33.0,12.765248717977187,11.269937972872663,10.81835901407851,9.568427086586127,134.17266527643255,152.3385745674608,178.75005282422794,33.0,1.0,10.5,IMG_00245.tif,15.225,juniper_right_8
1,2.0,19.627743353785625,19.636875880321565,20.615452456978,20.62043099045922,21.638459534383227,21.640954972383238,1.141945945600825,0.8621331464608464,3.310496166117193,1.2590651856851427,26.0,18.97818946189642,19.40764993911185,20.296651078953232,20.439513706952084,61.25716781094219,60.43259427442147,58.98183893356713,26.0,-1.0,18.5,IMG_00246.tif,15.225,juniper_right_8
1,2.0,15.89788230523823,15.897895237306042,16.67326608644405,16.67397602136592,17.460406544318072,17.46313937713342,0.9271662398237501,0.638077900003631,1.0117794915084364,0.5287237933694048,25.0,14.185543323431489,14.005540050719864,14.43449420138515,14.43449420138515,66.37025571098714,65.68908441063653,65.68908441063653,25.0,-1.0,12.5,IMG_00247.tif,15.225,juniper_right_8
1,2.0,18.897564253844234,18.90047048874238,20.240723594133645,20.242866973649356,21.60184979419432,21.603061276813577,1.6350036104374357,1.0675871776337644,3.1116323514484554,0.8337867507438397,14.0,16.989469829958907,16.981882863801147,16.677791097535533,18.58243150274754,67.48640663738664,69.47857100392677,67.00691772204209,14.0,-1.0,15.5,IMG_00248.tif,15.225,juniper_right_8
1,2.0,16.662003853951212,16.663889232602898,17.410890163051317,17.412092675685,18.172390117880504,18.173057472276874,0.7668927826734314,0.742275457000543,5.30611552347538,0.6733788453250492,20.0,21.243723287570816,21.364971360701656,21.220924265086325,20.986007452905255,50.618018739064595,53.98297148450226,54.2734239714974,20.0,-1.0,19.5,IMG_00249.tif,15.225,juniper_right_8
1,2.0,19.388003072368384,19.4077927155384,20.638789456305453,20.66066088935005,21.94815001677543,21.967393192824012,0.9204654472518927,1.639135030033717,4.462934719455393,2.636589175642768,25.0,14.958854614171116,15.026083472836657,15.100506394486587,17.01529186899714,78.84805652132805,75.89040220936188,71.34776540447689,25.0,-1.0,14.5,IMG_00250.tif,15.225,juniper_right_8
1,2.0,13.216323025071432,13.218523773355203,14.129080543485903,14.131010177155442,15.133717888575783,15.134435472830388,0.9841667383628147,0.9317449611123683,-5.3175212830189755,-0.9468766391479347,15.0,23.17597559630073,22.70682839966654,23.16553019246342,21.968247140644024,37.681876922781626,37.681876922781626,37.681876922781626,15.0,1.0,21.5,IMG_00251.tif,15.966666666666663,juniper_right_15
1,2.0,18.81438582624707,18.831739676345908,19.934192516087148,19.959205424646093,21.062781049314008,21.099030837147744,1.4267236990608845,0.8405674617409545,-0.17152327680360138,-2.8687550622118376,11.0,13.879252670657621,15.571038311224953,14.915805445347104,18.856132517449396,69.9344547858284,66.66615441195351,56.19210541109286,11.0,1.0,12.5,IMG_00252.png,15.0,lumify_png
1,2.0,22.679762153029664,22.68100957620057,24.163739341067906,24.163741838199215,25.61449656180574,25.61614647856662,1.4775279131739363,1.457608989192107,-8.948957648262173,0.026048110799010437,14.0,17.49589806836343,18.113159982454903,18.670946350289512,19.333395172727165,132.59866905619833,129.83096690196228,101.89426335071812,14.0,1.0,17.5,IMG_00253.png,13.4,lumify_png
1,2.0,18.507320568369327,18.528778422129136,19.53043428379096,19.5410524374025,20.601229852070645,20.604534969999907,1.2721415583217581,0.8036149895490152,0.14241211627767275,-1.888895032840212,10.0,15.999928375291944,16.48659199511089,16.724288208357763,15.849113741808452,59.97217930487881,56.46883172689123,59.578831761480124,10.0,1.0,15.5,IMG_00254.png,17.2,lumify_png
1,2.0,25.57630695137983,25.576701811957847,26.72570114821225,26.72570452815093,27.925566229424202,27.92562603509431,1.2958751117553136,1.0530491113811429,1.9297238066518048,-0.0288155865456119,13.0,17.9945736469447,18.51377734456025,18.427845995952623,18.427845995952623,78.29348980852758,79.15572209753218,79.15572209753218,13.0,1.0,17.5,IMG_00255.png,17.2,lumify_png
1,2.0,20.210397148498522,20.21189443080614,21.391548086316682,21.392979080688384,22.59040398300394,22.591617161400173,1.1634163559666533,1.2163063746273854,-5.8008278284309,-0.6627097814038261,9.0,17.97681824521092,17.885457366935572,17.601304286602954,17.97681824521092,75.47937102129221,85.38539406794513,74.41202343048396,9.0,1.0,16.5,IMG_00256.png,17.2,lumify_png
1,2.0,18.956216916879576,18.96777338296837,20.192205285736414,20.201332574905475,21.409567996660268,21.418224842327604,1.03701393735936,1.4134375219998718,-3.509824916109856,-1.7224034198491252,15.0,23.698624367517965,23.529218393002687,23.698624367517965,23.9062149295128,49.50261241262112,49.50261241262112,48.884967411063265,15.0,1.0,22.5,IMG_00257.png,17.2,lumify_png
1,2.0,27.301627562342887,27.34129250357621,28.458738949283987,28.49648198512351,29.640013425044355,29.670744935351365,1.0747647866791872,1.2546876450959676,-5.76542918667781,-2.9492281278904495,10.0,30.198634198043806,29.902537534587946,30.158816144834447,30.158816144834447,56.8524979371212,57.13812721324768,57.13812721324768,10.0,1.0,28.5,IMG_00258.png,12.1,lumify_png
1,2.0,16.58163071983946,16.593848663871693,17.784229574655335,17.796487472453006,19.009857657251825,19.02071672272869,1.1775023985335629,1.2493656603234349,-2.669930221977745,-2.1266861984547925,9.0,23.165570441942748,23.568734925963952,23.165570441942748,23.463767477859506,41.51944918761455,41.51944918761455,41.4448976026397,9.0,1.0,22.5,IMG_00259.png,15.0,lumify_png
1,2.0,20.46424533304324,20.47001737162749,21.596581746958744,21.605141656859587,22.721186800406574,22.729797411432177,1.3417531602401254,0.9180268795645621,-1.25207953248828,-1.6129021016148093,17.0,19.18210728568559,18.613525044488625,19.07834320574105,19.313866363236173,62.984188562956895,63.51690423770331,61.67126252313371,17.0,1.0,17.5,IMG_00260.png,17.2,lumify_png
1,2.0,21.49205566133293,21.492060691551362,22.38360683372771,22.383657376384498,23.272454868662226,23.272924311173433,0.6386414927061916,1.1422221269158779,-2.8969573660976518,-0.12175904151630625,10.0,14.608462670997866,15.529927782307077,18.337093114351262,18.337093114351262,93.84976661504328,78.39528580282575,78.39528580282575,10.0,1.0,16.5,IMG_00261.png,15.0,lumify_png
1,2.0,19.623715209679663,19.623785036370982,20.798733617223206,20.798886073081217,21.993568608438853,21.993699263398298,1.3182092051823355,1.0517050218449804,1.523901403359459,-0.21937640523824667,19.0,17.43464963989811,17.194055659292335,17.624633468318166,17.6727520458017,64.17385857173804,62.410375555265006,62.410375555265006,19.0,1.0,16.5,IMG_00262.png,17.2,lumify_png
1,2.0,13.74581394090101,13.746100582423166,14.707267382511274,14.707379399694318,15.711327406331424,15.711330422656511,0.6050180523882227,1.360211787845123,-1.5178215082464166,0.2236209980601182,10.0,15.532287153043725,16.44646583899919,15.987303360124827,16.08483170506463,54.3014530433278,52.76569298363795,52.76569298363795,10.0,1.0,14.5,IMG_00263.png,17.2,lumify_png
1,2.0,19.62741583924949,19.66616863654788,20.781674337444052,20.81262305169994,21.913984852795842,21.937003415796905,1.1913200825591843,1.0795146966898366,-7.804800494529481,-3.124995225771404,9.0,28.44446336645808,28.679256299783255,28.31574112958174,28.21374589786484,42.13428742171238,43.411715228836414,43.516442084752995,9.0,1.0,26.5,IMG_00264.png,15.0,lumify_png
1,2.0,16.94572592615954,16.966751282406275,18.074455629677516,18.09904815180664,19.22469462678681,19.253383008522885,1.1588754896921538,1.1277562364244555,-2.715910421711114,-2.9871737613251743,10.0,23.80296152031096,23.157441467319003,22.694406662114034,22.610910298857135,42.059761551646595,43.98836644684187,44.145610915186516,10.0,1.0,22.5,IMG_00265.png,17.2,lumify_png
1,3.0,15.401968044071655,15.404854907965529,16.29262114238687,16.294699167516846,17.18422189293123,17.185730668652873,0.6979607253361512,1.0829150353511952,-5.257442677063675,-0.9150492510443287,11.0,26.088010460166032,25.766067165906986,26.088010460166032,25.08363227882279,37.31485444814299,37.329422294008744,37.725666638123705,11.0,1.0,24.5,IMG_00266.png,15.0,lumify_png
1,2.0,21.252052021820752,21.255768665664714,22.3839710267798,22.39475621856887,23.53981801595171,23.558806753106122,1.1994482342743673,1.1035898531670398,-0.13708705405667804,-1.778262326689219,16.0,19.482103097169457,19.66185059067371,19.60344698045043,18.488966189968693,62.09696130971399,61.852266781579274,65.00781649180404,16.0,1.0,18.5,IMG_00267.png,13.4,lumify_png
1,3.0,22.750044447601912,22.766911548745018,23.493337840827905,23.49340640578297,24.09058962613035,24.113058635805537,-0.38178225794946624,1.727929345009988,-2.45021458929398,-0.13842541620549176,14.0,15.495616184504428,16.205662540006355,16.943373730287448,18.016852069839132,83.87232763080902,78.60285782244593,73.53924973836422,14.0,1.0,16.5,IMG_00268.png,13.4,lumify_png
1,2.0,22.60572925202115,22.67642928710419,23.954279771118056,24.094380198041335,25.286638921737257,25.50883110479773,1.461105983414084,1.3712958342794563,-0.9560121774963899,-6.181731588652462,15.0,17.84379592872142,16.82950367240272,17.84379592872142,15.4219647527529,68.74781768369502,68.74781768369502,76.61300033028404,15.0,1.0,16.5,IMG_00269.png,15.0,lumify_png
1,2.0,19.33749881732897,19.36424822317591,20.3765595265054,20.407569767742746,21.454941526802994,21.48605480820802,0.8391776730163911,1.28262891201572,-2.6351437404268934,-3.158999572943172,14.0,21.206761733699295,21.765953097220393,21.976916141421697,21.976916141421697,52.699256494310674,51.11831401836326,51.11831401836326,14.0,1.0,22.5,IMG_00270.png,17.2,lumify_png
1,2.0,18.6766607662457,18.680439337535844,19.798234205549466,19.808075303416636,20.95796299568518,20.974998117882528,1.0505258405763909,1.2440329397702963,1.511728456519927,-1.8061601193922785,6.0,16.77977125622334,16.74301946969363,17.626328053529846,17.626328053529846,59.646209668570044,56.633786029223614,56.633786029223614,6.0,1.0,17.5,IMG_00271.png,17.2,lumify_png
1,2.0,18.67920348184949,18.688708173604315,19.82897250988587,19.83747041305675,20.97821127257561,20.98678267961734,1.1133036367149016,1.1847708692981198,-6.7550021041015285,-1.6771267193630701,13.0,18.8600050205595,17.94601904074757,17.76328081067294,16.670747208705194,65.04693283028337,67.53031211924242,72.60732413622749,13.0,1.0,18.5,IMG_00272.png,17.2,lumify_png
1,2.0,15.958057938114406,15.963097222079483,16.690444247713714,16.695011322050068,17.456687726338473,17.460207514834053,0.7828262047591532,0.7142840879954143,-4.609232110094189,-1.3402111058720174,14.0,26.548289398286087,25.500389508196083,26.491031030681285,23.591750954477618,39.34867531980487,39.96610972263668,42.588861730812724,14.0,1.0,22.5,IMG_00273.png,17.2,lumify_png
1,2.0,21.465819855077587,21.55390505747299,22.78988656734593,22.872785086835673,24.09451108773661,24.176632600030626,1.5530226674328191,1.069704875124822,1.1815820489233277,4.879583441490276,12.0,17.102487152037725,16.429264244931453,15.836960974187122,15.836960974187122,67.50214949698396,69.57722689695727,69.57722689695727,12.0,-1.0,15.5,IMG_00274.png,13.4,lumify_png
1,2.0,25.245138034293838,25.336867561299382,26.745545927663443,26.82575330635779,28.18448909519497,28.29762591863825,1.2754559412184112,1.6853024161204473,9.67005428555973,4.4317688181441515,5.0,35.58881431049704,35.73620153908478,35.58881431049704,35.58881431049704,44.767200198776145,45.76268791460187,44.767200198776145,5.0,-1.0,34.5,IMG_00275.png,10.0,lumify_png
1,2.0,21.968377785208908,21.97369748945075,23.09852832063121,23.10969542932062,24.275745110835317,24.30361123194515,1.0986261305792668,1.2312876119151368,0.5517029815325158,-1.7812643695545267,18.0,15.160141740375067,15.383578008135194,15.486563814636696,15.89487086117731,78.13831727279347,77.39405935607745,73.07399144489246,18.0,1.0,13.5,IMG_00276.png,17.2,lumify_png
1,2.0,21.728141550829747,21.72979281337357,22.69126719807037,22.69290144808076,23.690570084794484,23.69162328531893,0.9651915447060723,0.9966389272392826,-4.725746475151296,0.6876294544029427,12.0,15.104548330314273,15.782006639508662,15.212674503318937,14.99642215730961,117.88948309344559,117.97803501310277,117.97803501310277,12.0,1.0,13.5,IMG_00277.png,17.2,lumify_png
1,2.0,19.676742687458816,19.68026569720182,20.78516256038426,20.79099584823393,21.952256524515676,21.95962396046888,1.2333865837299078,1.045971679537153,1.694505391054249,1.3572718530879009,10.0,26.76896117772408,26.52538715092955,26.721432582203448,26.721432582203448,44.19477163265542,44.21116743155007,44.21116743155007,10.0,-1.0,24.5,IMG_00278.png,15.0,lumify_png
1,2.0,15.84277139365622,15.843544777150786,16.513273112596966,16.513986747541278,17.272442412476465,17.272812927997517,0.6849122757721366,0.744355875074596,4.5464095507565006,0.5326614687511506,12.0,16.3706863902283,16.124379320370103,15.460466425930946,15.589447260959531,64.49815949810282,71.50326054283794,71.50326054283794,12.0,-1.0,15.5,IMG_00279.png,20.1,lumify_png
1,2.0,15.167695971217299,15.168379944610052,16.000656786250303,16.002918797057433,16.864710432253226,16.868320495840035,0.8619865151298491,0.8379540361001375,3.301607822885457,0.9633641550128804,9.0,15.660862949803402,17.20312425961806,15.660862949803402,18.55582716023929,59.28996760219935,59.28996760219935,48.5296467719734,9.0,-1.0,15.5,IMG_00280.png,20.1,lumify_png
1,2.0,17.745374788358003,17.75176476006565,18.846271699103703,18.857655780468246,19.95889733882083,19.978101508221197,0.8626418022946727,1.3636949458608714,4.195319982028283,1.9909695789176167,9.0,23.354616335937607,23.733629326073984,23.354616335937607,23.470439731055535,46.739698642680594,46.739698642680594,46.739698642680594,9.0,-1.0,22.5,IMG_00281.png,13.4,lumify_png
1,2.0,19.309538280223926,19.311866918399666,20.35789321321121,20.36800595111928,21.507739890483478,21.53146730784876,1.092610561261221,1.126989828187871,-1.082475128598525,1.8055757785704774,19.0,16.931375047058566,16.96524080823304,16.931375047058566,16.93794076014663,70.6317493058135,70.6317493058135,70.6317493058135,19.0,1.0,15.5,IMG_00282.png,17.2,lumify_png
1,2.0,22.936860220453884,22.996998876904954,24.32017168163382,24.372743670352435,25.686255745942525,25.728021719893686,1.459222068627028,1.2718007743617041,-7.747247377620234,-3.7639228936140015,10.0,20.31108919630968,19.599010380708577,19.393657035908916,19.393657035908916,75.58433833075208,77.2605415220019,77.2605415220019,10.0,1.0,19.5,IMG_00283.png,13.4,lumify_png
1,2.0,18.681021640701253,18.682450472236763,20.224369820627828,20.22465746845979,21.878954491838194,21.879407562017406,1.656923186879543,1.540033902901098,4.716560189750839,0.3055822399541641,9.0,24.089304113897725,24.537962516780432,24.197494406581967,24.197494406581967,46.8494126554563,46.8494126554563,47.44583915153054,9.0,-1.0,22.5,IMG_00284.png,13.4,lumify_png
1,2.0,20.02149883455189,20.03535397901343,21.34131737643071,21.35797934513949,22.70842490030966,22.725135618882803,1.7173892417790246,0.9723923980903565,5.351047626186259,2.2633355465971947,14.0,20.33786506671953,19.630705137024997,20.32536214639933,18.28900614286448,62.73613478771529,63.73304938347028,65.64079250819822,14.0,-1.0,18.5,IMG_00285.png,17.2,lumify_png
1,2.0,21.664168813529198,21.68372148308815,22.807578208772327,22.834082701313,23.925112701359545,23.95790310704312,1.4483109304252215,0.8258706935297462,6.001396322999233,2.7608805029279497,8.0,22.72596161378769,22.152196693742724,23.844160707680516,23.997245614943324,61.063910154947834,58.63445655562025,58.63445655562025,8.0,-1.0,22.5,IMG_00286.png,17.2,lumify_png
1,2.0,15.23510934297329,15.235397227246658,16.29288106506563,16.293943172144306,17.380503517198612,17.381584752441164,1.0294340371908055,1.1167534880037038,7.217737701420369,0.6542007570595099,5.0,34.10022869242334,35.48108255889356,34.10022869242334,34.10022869242334,30.363928439647374,30.363928439647374,30.363928439647374,5.0,-1.0,33.5,IMG_00287.png,17.2,lumify_png
1,2.0,24.4903490834448,24.49237147692316,25.77098596373885,25.77512418955568,27.062817879735217,27.06929856703687,1.2491637787450571,1.3277633113686542,1.9916606246116357,-1.0267155759492108,7.0,21.688450159203143,21.42698856532783,21.784396681193243,21.784396681193243,62.976180408996996,61.63713607744314,61.63713607744314,7.0,1.0,20.5,IMG_00288.png,12.1,lumify_png
1,2.0,17.938959912511873,17.94096351530412,19.184655380523733,19.189091861201167,20.486317080218978,20.49433367769016,1.3702232558543952,1.183146906531648,-0.9818999541949195,1.2320776631962167,9.0,19.27350708842536,20.518900866137326,19.475342214269574,20.95807069617942,51.60681851372322,51.41630161215585,48.29896725564765,9.0,-1.0,17.5,IMG_00289.png,15.0,lumify_png
1,2.0,16.356195498526148,16.35895700184579,17.583454208331904,17.58563727685837,18.831759829660022,18.83365982440996,1.4971699578354374,0.9775328647287299,1.0958185515482122,0.9028108124741343,6.0,20.197647025219013,20.61113281651614,20.736814967863296,20.46733281319311,47.36027864494353,46.23162392805605,46.74893917389128,6.0,-1.0,19.5,IMG_00290.png,15.0,lumify_png
1,2.0,18.752805844505996,18.755452498614435,19.97143562075621,19.97362734747817,21.18878625919131,21.193845373035668,0.7307132543200137,1.7076796201012157,-5.326394150280611,0.8488018774655508,11.0,15.785490285311653,16.888986564772377,15.685895394622634,15.685895394622634,87.03966527623953,93.34237943158493,93.34237943158493,11.0,1.0,15.5,IMG_00291.png,15.0,lumify_png
1,2.0,17.600312202676072,17.611140871850473,18.577881127304284,18.586369241432305,19.568819614679228,19.575863440069252,0.9216504639903376,1.043072104228444,6.7191370712758065,1.7316594385883375,6.0,31.745878879099976,30.001173558721806,32.588969238031694,32.588969238031694,36.274940293091774,35.28961315619583,35.28961315619583,6.0,-1.0,31.5,IMG_00292.png,13.4,lumify_png
1,3.0,20.57332179986615,20.58142700680659,21.811361830123083,21.81476490261142,23.115126692003106,23.115137152692547,1.5772646689840069,0.9564454769019465,-1.5002540470406844,1.012053818266876,14.0,12.505922273701415,12.96870797616257,12.563595299247595,12.37926333121601,88.26927866884986,87.8842009490558,88.65435638864393,14.0,-1.0,10.5,IMG_00293.png,12.1,lumify_png
1,2.0,23.179361954616322,23.251553675938005,24.501992058259024,24.572363610721105,25.82123468901618,25.889383874819217,1.4103906155436527,1.2274395833375606,8.943016270501062,4.337269720367587,14.0,22.972035048652174,23.459663467284397,23.43419785395477,24.478245533211634,65.30740568621326,65.31948733460462,63.09617387472779,14.0,-1.0,21.5,IMG_00294.png,12.1,lumify_png
1,2.0,22.26106522116119,22.26166052122872,23.2352276545576,23.235715444037083,24.203359281812887,24.203636154801895,1.1691523619781266,0.7728232715950482,3.2752942124160405,0.3712586490801204,6.0,25.22348054979372,25.862209044108564,27.031298509368526,26.918948753498853,56.651102968019416,52.03624019882976,52.838480511846626,6.0,-1.0,25.5,IMG_00295.png,17.2,lumify_png
1,2.0,19.68895550174944,19.830142166273514,21.144399770855983,21.314169846159604,22.559254843610635,22.753204454949266,2.030379421259271,0.8926828674164824,-1.2573236107636483,7.236401903926036,13.0,13.069016456800682,13.475698190753958,13.069016456800682,12.95685433324337,64.71811077688066,64.71811077688066,59.17759813307716,13.0,-1.0,10.5,IMG_00296.png,12.1,lumify_png
1,2.0,20.777650463982024,20.80653346451248,22.256223183336147,22.290782836985358,23.655911506658853,23.709670380648543,1.4234119482343295,1.4797249679017352,3.1897030814023504,3.190919054225878,12.0,13.990978089578377,15.166004916043041,15.61285601103964,15.61285601103964,86.21926343098897,77.45666754238201,77.45666754238201,12.0,-1.0,14.5,IMG_00297.png,12.1,lumify_png
1,2.0,22.757100592315805,22.794193025868303,24.327682979953977,24.355970746020773,25.936308389223203,25.95139122168976,1.5374021721947178,1.619796023626743,-5.586299654852733,-2.761698581068757,13.0,23.330743228685833,23.070490339967815,23.325263064313077,21.94082256656779,59.4357605764932,62.46202160660018,62.46202160660018,13.0,1.0,21.5,IMG_00298.png,12.1,lumify_png
1,2.0,19.669808505633224,19.705833847262706,20.949743602626825,20.989168466745195,22.23243747846358,22.27552273093835,1.2078869215525174,1.3618019621231243,9.341012899924682,3.512312255420935,12.0,28.751241562232266,29.210184900828835,29.891751379745386,29.93119164696455,44.483577496635654,45.70270727131849,42.09491133983406,12.0,-1.0,28.5,IMG_00299.png,15.0,lumify_png
1,2.0,16.158887545114375,16.18120772340972,17.780902289438174,17.801717467877587,19.427910459962636,19.445881641319676,1.388560286041537,1.8761136318684206,-1.1165158434527416,2.771016259169267,9.0,15.147617563775356,15.056754244740642,14.871931532263943,16.21576461830631,80.48751412102791,82.74869530450361,76.58508305664124,9.0,1.0,12.5,IMG_00300.png,15.0,lumify_png
1,2.0,19.45573687273818,19.4579140966955,20.502238791884743,20.503812244260473,21.573865390126784,21.57472918809426,1.2335839910904343,0.8832311003083291,-2.3828064415668684,0.7098227274196729,9.0,19.866752870121644,19.375137891026775,19.866752870121644,20.039870192790005,52.13304253344799,50.983880213754745,50.983880213754745,9.0,-1.0,17.5,IMG_00301.png,12.1,lumify_png
1,2.0,20.665269094261976,20.835595602941265,21.6462251818396,21.836144786990054,22.63932683576541,22.848400464841077,1.0768776590152254,0.935927202884587,6.57057752538475,7.562228966783043,14.0,19.65109176102939,19.544645404493675,19.53527162769049,19.53527162769049,59.38713264974282,59.604589996313734,59.604589996313734,14.0,-1.0,18.5,IMG_00302.png,15.0,lumify_png
1,2.0,19.178156232164614,19.190785807846407,20.510479185059946,20.51943988094008,21.798563814846183,21.803992953387958,1.152402027789252,1.460805117752304,4.558247600018119,1.69332981060735,16.0,15.665291320626253,15.757782561705655,15.396823584024816,14.977760079487922,75.1384769312987,76.82791154964816,80.74168197099708,16.0,-1.0,14.5,IMG_00303.png,15.0,lumify_png
1,2.0,28.06397979813626,28.07624294853331,29.5334293843525,29.534978409845294,31.00511791520815,31.00590414369355,1.4355068024481068,1.4941543927121284,-0.96049249607819,-0.5868140210150096,11.0,20.534062255933975,18.920458474381142,20.534062255933975,21.58262418778449,77.93034549089056,77.93034549089056,75.67938655561369,11.0,1.0,21.5,IMG_00304.png,12.1,lumify_png
1,3.0,5.3941060486623496,5.395440518549659,6.194788703087578,6.1951405605190955,6.966552208402134,6.966568927071351,0.4522928028093618,1.1188356057123297,5.5968023970333025,0.6106571796791794,1.0,16.484761087710837,16.484761087710837,16.484761087710837,16.484761087710837,23.661375746007728,23.661375746007728,23.661375746007728,1.0,-1.0,14.5,IMG_00305.png,17.2,lumify_png
1,2.0,18.04977468674155,18.06165733297091,19.2915608633678,19.30315620897844,20.54703728798252,20.558308868708053,1.3914019905039874,1.1052495452331565,0.6432373713709091,-1.9860357364389762,8.0,20.524157979184594,20.51742485448542,19.21398764512935,19.21398764512935,47.62371899122995,49.053379484055014,49.053379484055014,8.0,1.0,19.5,IMG_00306.png,17.2,lumify_png
1,2.0,22.43477633845463,22.436042153005644,23.272792540387655,23.274210169802952,24.11622212709182,24.119594073796403,0.7271191849729272,0.9564327358178321,1.7965008578826522,0.6323881405722364,8.0,14.302014955046317,15.299497009464181,13.633744111077249,14.970285799015386,86.30270065886299,89.45097665468285,83.15442466304313,8.0,1.0,12.5,IMG_00307.png,15.3,lumify_png
1,2.0,20.649673100297306,20.65781769699047,21.527666477115222,21.533427132231207,22.396788678348475,22.40118936230469,0.7273981661517689,1.015973499162448,-6.277510695703812,-1.3253380688048546,9.0,30.10755475273328,29.948886315303817,30.10755475273328,30.94237425095733,44.41248877356099,43.30929986445687,43.30929986445687,9.0,1.0,30.5,IMG_00308.png,15.0,lumify_png
1,2.0,13.121027154419266,13.130091614882417,14.026524339187642,14.034342615412955,14.927672470876372,14.93382497310031,0.8073848260190364,0.9963485321988562,-4.343976478124698,-1.9125696579670033,9.0,27.832589143133276,26.48581775683148,27.832589143133276,27.85511217684177,29.960279563126633,29.960279563126633,29.53355121449132,9.0,1.0,25.5,IMG_00309.png,20.1,lumify_png
