ok,n_bands,mt_inner,mt_inner_vert,mt_center,mt_center_vert,mt_outer,mt_outer_vert,sup_thick,deep_thick,deep_angle,sup_angle,n_fasc,pa_med,pa_wmean,pa_wmed,pa_top5,fl_med,fl_wmed,fl_top5,n_fasc_kept,fasc_sign,pa_orient,v2_n,v2_pa_lowhalf,v2_pa_low3,v2_pa_uphalf,v2_pa_fit1,v2_pa_fit0,v2_pa_fitmid,v2_pa_slope,v2_pa_fit09,v2_fl_curve,v2_fl_chord_mid,v2_fl_chord_deep,v2_fasc_span,v2_fl_stream,v2b_pa_fit1,v2b_pa_fitmid,v2b_fl_stream,v2b_fl_chord_mid,v2_mt_raw_1090,v2_mt_raw_1684,v2_mt_raw_2575,v2_mt_raw_mid,image_id,px_per_mm,family,v2_pa_insert
1,2,15.019376336980786,15.060264201537807,16.763350915521105,16.807627702917042,18.50248645687,18.546639820131908,2.2309141700982393,1.2554614484958602,12.398746887236278,4.15975600169532,6,25.822425574670902,25.5557444048245,24.359722050763168,27.285129098578636,44.20979428234463,48.02652973855078,48.02652973855078,6.0,-1.0,24.5,6,24.288763537933278,28.64676130752602,24.343753642348503,28.01050884374955,22.894223298190482,25.452366070970015,5.116285545559069,27.498880289193643,34.7901469027034,34.67607803142507,31.732001562639702,0.4636273715664029,52.20779220779221,28.010508842360323,21.37245628714137,52.20779220779221,40.892477059763586,14.93195102613343,15.108225108225108,15.064935064935064,14.675324675324674,im_01_arch,7.7,osf,
1,3,10.817021533421862,10.939468548117038,13.731867541139072,13.792494981470213,17.311282307493922,17.320823205901156,5.2248579579484185,1.1564966998356991,7.342631494917837,5.374153202297332,9,15.119758838716194,15.940994126172095,16.440277245164054,16.440277245164054,38.50642514693469,38.50642514693469,38.50642514693469,9.0,-1.0,14.5,9,14.840157635368058,15.131382185028087,16.451900591475948,14.975034439665581,17.120567001028125,16.047800720346853,-2.1455325613625433,15.189587695801835,39.24864920185537,39.190783529141626,41.92704259527411,0.7396902986202281,37.14285714285714,14.975034439696831,16.66099196097248,37.14285714285714,37.787074155061845,11.01592275502175,10.978754447301682,10.909090909090908,11.168831168831169,im_02_arch,7.7,osf,14.840157635368058
1,2,16.989413236023733,17.02959031162974,18.501595013020875,18.54671014668638,20.00539205956831,20.054325672529355,1.9021587514047753,1.1225766094948393,9.902972424480856,3.99717706624658,11,23.120665367427534,23.37722749124366,23.450774472821024,23.120665367427534,51.6168413769027,51.38710664821193,51.38710664821193,11.0,-1.0,20.5,11,22.63747718544778,23.65532153391581,23.788514131257983,22.391945099158523,23.318242188071103,22.85509364361481,-0.9262970889125818,22.48457480804978,43.55362305324135,43.54780110679678,44.400767738669074,0.6604200781413853,56.883116883116884,22.391945098897516,20.11345087276181,56.883116883116884,49.185875056438995,16.894185748878698,17.337662337662337,17.142857142857142,16.623376623376622,im_03_arch,7.7,osf,22.96758629084127
1,2,16.940852009624578,16.94323900389626,18.03870716273967,18.04051698186947,19.172371023389616,19.17365433250355,0.7933247540218198,1.4370905745854692,6.927530331883237,0.8115856486929429,17,17.95289305500802,18.495580838614654,19.017075227602874,19.017075227602874,67.06150798966051,68.70039899755493,68.70039899755493,17.0,-1.0,16.5,17,19.408943989264145,19.507735680389146,17.141847571991576,19.966691098764265,17.586300062975283,18.776495580869774,2.3803910357889833,19.728651995185366,52.57078286534002,52.5014158886203,49.48846887299357,0.6139612024250245,82.38095238095238,19.966691098583393,15.597679896620672,82.38095238095238,62.84946384024421,16.927459348803314,16.927459348803314,16.97936607739231,16.904761904761905,im_04_arch,12.6,osf,18.34476181666929
1,2,21.173608849323877,21.176866264201543,22.507324978466013,22.509890525614896,23.820785386643255,23.82535395045479,1.0498426274499464,1.5986450588033034,8.030721372007676,0.8650576756261315,12,20.547455292687744,21.583572988274035,23.226502776680036,23.47904069523264,82.32307777182933,73.74477239549608,71.55556606617388,12.0,-1.0,21.5,12,23.246667352623177,23.246667352623177,17.508302125155723,25.620904690849436,14.98462213646528,20.302763413657356,10.636282554384154,24.55727643541102,62.26616168709016,60.841313299734644,48.82065742992649,0.8182958711778763,92.46753246753246,25.620904690680245,16.779800569417965,92.46753246753246,73.12501258209457,21.26076798565817,21.16883116883117,21.082251082251084,21.428571428571427,im_05_arch,7.7,osf,21.429394830965236
1,2,18.68694128053227,18.68752161762855,20.127587724404126,20.127765487043206,21.585860666004333,21.585873757907542,1.7724020670993499,1.1259500731796406,-1.0567800234011495,0.24080217906299306,16,12.823027950898407,12.072054610646259,11.766317881489357,11.766317881489357,77.55714584188547,83.65766664431851,83.74127873843464,16.0,-1.0,10.5,16,11.912285316499492,11.912285316499492,12.287501744299902,12.255043029066258,12.17371131248582,12.214377170776038,0.08133171658043746,12.246909857408212,88.32743573392031,88.32711139871395,88.03847701859722,0.7917720288026162,79.72972972972973,12.2550430290862,12.895557019597371,79.72972972972973,83.73433882257687,18.719609006346964,18.798931943817824,18.762694911499953,18.783783783783782,im_06_arch,7.4,osf,11.912285316499492
1,3,13.573793070520606,13.57787357097918,14.727064872685986,14.729951574671464,15.87589362638391,15.877522945894842,1.1212330112207936,1.1784163636948672,0.7910709494444732,1.1343446810771474,6,14.237517471756618,13.989737492422938,14.669873158463815,14.669873158463815,54.81224076941525,53.39086632859945,53.39086632859945,6.0,-1.0,12.5,6,14.659654210662893,10.559435170230131,12.52060219011014,12.618799118570461,16.085058010504618,14.35192856453754,-3.4662588919341566,12.965425007763876,55.03283357115913,54.76666098884824,62.140394761645716,0.3424932658517947,55.529411764705884,12.618799118763366,14.66386187903042,55.529411764705884,53.62639337391275,13.686274509803921,13.647058823529411,13.607843137254903,13.529411764705882,im_07_arch,8.5,osf,
1,2,24.219100183912154,24.232645692030424,25.45229055929948,25.467954891923256,26.699419381425606,26.717191522604537,1.4243887199805216,1.060157110593591,1.2419851239681186,2.0096424916455775,12,19.19730914452046,20.02631216801656,20.567909869640403,20.567909869640403,72.9083632041568,67.96875339173607,67.96875339173607,12.0,-1.0,18.5,12,21.271578286803077,21.271578286803077,19.066367015109762,22.72706125263813,17.34663538900833,20.03684832082323,5.380425863629798,22.18901866627515,71.1193332195699,70.69764617202486,62.69770543916482,0.725789248288327,68.98876404494382,22.727061252655183,20.31432033528623,68.98876404494382,69.7719724757441,24.28243795199032,24.160750899144247,24.259618974533094,24.382022471910112,im_08_arch,8.9,osf,18.37043651896076
1,2,14.930451715266003,15.058481117635083,16.27943127486011,16.409686057586644,17.641233275721714,17.77620791948963,1.4798765195644228,1.237850282290123,3.960984652979014,7.223905007804739,17,12.387788427674607,11.598835157434017,11.384900808687917,11.283278296915142,61.904621236531185,62.19995650660868,62.19995650660868,16.0,-1.0,10.5,17,13.709236755505117,14.379168858306315,10.147373007028364,12.688035316830138,10.987251132145023,11.83764322448758,1.700784184685115,12.517956898361627,73.14549702503356,73.02021853592836,68.19857039752887,0.735139823383547,57.659574468085104,12.688035316876253,13.436221693552783,57.659574468085104,64.46514372417519,15.109909397572324,14.877494050950766,15.115894541239154,15.212765957446807,im_09_arch,9.4,osf,14.379168858306315
1,2,20.353844113399372,20.35569352693228,21.059875398247282,21.06064119434247,21.760821808980243,21.760933283941366,0.7302719766736901,0.6749677803353971,-0.21322317288682865,0.4886070459046776,26,19.643017166697888,20.238794106307754,20.02476741866053,20.02476741866053,58.99176105483279,57.88209649671354,57.88209649671354,26.0,-1.0,18.5,26,20.33178519117368,21.969371730230222,19.856423856594887,20.762483572251593,20.04814952372384,20.405316547987717,0.7143340485277545,20.69105016739882,58.38775699962272,58.381905841988576,57.42081205352011,0.7627368502127444,57.50000000000001,20.762483572260017,20.858613423784252,57.50000000000001,57.16789494940412,20.31477781687681,20.193190391397195,20.238095238095237,20.625,im_10_arch,11.2,osf,20.33178519117368
1,2,12.338106365449793,12.4046645944165,13.90316139014179,13.975313567090806,15.461731520671886,15.534764091990468,1.5370582289974568,1.5930412685765107,8.725732839247975,5.824633388784979,11,15.491713956012376,15.120104810473205,14.363946352160298,14.363946352160298,53.773104065610774,56.65635194888248,56.65635194888248,11.0,-1.0,13.5,11,15.476737252027391,11.862699073741908,14.091905624358247,15.981366150404977,14.337872715354129,15.159619432879552,1.6434934350508474,15.817016806899892,47.07997631095916,47.03429357894332,44.67412498631799,0.5213860535175406,60.77922077922078,15.981366150105128,13.645542056873913,60.77922077922078,52.13704579610597,12.425620552121824,12.186147186147185,12.467532467532468,12.467532467532468,im_11_arch,7.7,osf,14.604370737053273
1,2,17.04883141089175,17.096243897711634,18.29353603320764,18.34203399117364,19.51092575207172,19.559518956168358,1.296879126019786,1.166395932436937,7.132034910591803,4.167459124272342,23,14.604208227584195,15.538070148842602,15.485291089676252,15.485291089676252,70.38711730249452,68.62627528444207,65.27927836030884,23.0,-1.0,13.5,23,16.233833244872073,17.678864396852106,13.79976167831245,18.013833402265654,12.063267067748324,15.038550235006989,5.950566334517329,17.41877676881392,66.43736631249952,65.56982075963987,55.01540892362426,0.7645715837038582,79.7752808988764,18.013833402212285,13.661430590922748,79.7752808988764,72.034188084999,17.015473459897645,16.894038684564983,17.148559635196534,16.85393258426966,im_12_arch,8.9,osf,19.660670863720526
1,2,17.914926276714393,17.935717485628853,19.043219267792455,19.062144724380197,20.17871473136553,20.19482211780356,1.2293812532539545,1.0297233789207518,3.793609857251549,2.5533530599410574,22,14.460516279074639,14.429034688498032,14.690083201151822,14.690083201151822,74.54153882387007,73.42993276792521,73.42993276792521,22.0,-1.0,12.5,22,14.690206449911244,14.690206449911244,14.91629688413218,14.48884626040048,14.203542924456597,14.346194592428539,0.28530333594388246,14.460315926806091,72.26963906281404,72.26727845748424,71.57077063175116,0.79439624630902,78.42696629213482,14.488846260380146,13.828854676103974,78.42696629213482,74.91512594597054,17.949654353715115,18.031735558881422,17.912042512951647,17.977528089887638,im_13_arch,8.9,osf,14.690206449911244
1,2,21.302676471326492,21.381610438255578,23.146479034282198,23.23037734902874,24.958802583229463,25.051943769384476,2.347190618002964,1.3231427131259255,6.84703900598647,4.8709863288707655,5,20.727193171790105,22.84402140656536,22.73244410221338,20.727193171790105,65.07827046412571,55.69889849002313,65.07827046412571,5.0,-1.0,20.5,5,19.423485787152714,19.423485787152714,22.70030128497484,15.75005196378204,28.972415338590114,22.361233651186076,-13.222363374808074,17.072288301262848,57.588387476557784,55.90694449405933,78.35764576548428,0.45177699544295347,63.63636363636363,15.750051963412947,21.41615429980356,63.63636363636363,58.25038376368461,21.35397405840415,21.68831168831169,21.645021645021643,21.2987012987013,im_14_arch,7.7,osf,19.423485787152714
1,2,16.26159702329082,16.262756186606115,17.348544336399552,17.34951961082308,18.460389517953864,18.461277108337008,1.0116628539265349,1.1868580678043599,4.584135763913152,0.6075182868610159,16,17.655698400490166,17.878242282570927,17.672684315344156,17.873293646901402,60.548056194776734,60.32290343820864,57.17690423070674,16.0,-1.0,15.5,16,17.744254729994736,17.57249453181916,18.740481302091183,16.776173428308628,20.099346142942814,18.43775978562572,-3.3231727146341874,17.108490699772045,51.50084479664549,51.36325327173893,56.28199056616222,0.48236018728228525,65.87301587301587,16.776173428182666,16.434967519382763,65.87301587301587,57.41723047318133,16.236808533211967,16.236808533211967,16.322751322751323,16.19047619047619,im_15_arch,12.6,osf,17.57249453181916
1,2,12.178220967877488,12.24881168769326,13.671018019360847,13.754347418561842,15.165897164281356,15.260961927202745,1.3896781681342967,1.6224720713751888,8.309970185085943,6.310100343918295,13,15.944855717068151,16.14993364166509,15.944855717068151,15.944855717068151,45.57764549287893,46.56519590132964,45.404461259086,13.0,-1.0,15.5,13,15.705393089958449,15.705393089958449,15.921705988038013,17.987491045898,13.977995162442284,15.982743104170142,4.009495883455718,17.58654145755243,44.36310772831021,44.13209246208079,39.3500893186035,0.7144596970541433,52.467532467532465,17.98749104582303,14.916444522103683,52.467532467532465,47.20744628154585,12.23513852772624,12.012987012987013,12.164502164502165,12.207792207792208,im_16_arch,7.7,osf,15.705393089958449
1,2,19.978387026083798,20.045870115674436,21.711675075931506,21.785365811137204,23.44665772645515,23.526588905622294,2.13782171716164,1.342897072786225,5.676109962166241,4.713940995874441,11,16.345738798450526,17.765290298386432,16.637660822582376,17.724615446080122,74.49955136914633,69.99281042690237,66.68800662606007,11.0,-1.0,15.5,11,16.6235716488666,17.997235016175495,19.625120132362696,14.672497846760194,21.74714637446609,18.209822110613143,-7.074648527705897,15.379962699530783,64.6799052297436,63.87005897120351,78.79886763235885,0.6777548864411778,71.94805194805194,14.672497846725607,17.58418602659378,71.94805194805194,66.0668717134569,19.90070994724616,20.043290043290042,19.913419913419915,19.61038961038961,im_17_arch,7.7,osf,15.826620487814807
1,2,21.657442154462373,21.66375347043343,22.5635629848696,22.57306335710786,23.617482617562892,23.626673179865403,0.9582398962685467,1.0046798131634234,5.749074589640542,1.6623708849357284,17,19.030883036436478,18.966424212280184,19.06001011930084,19.74853151265893,74.14682418510812,74.14682418510812,74.74827483454662,17.0,-1.0,17.5,17,18.665189412651984,17.199314564808702,19.75336834131562,17.56077108091453,20.54163104684741,19.05120106388097,-2.9808599659328805,17.858857077507817,66.37389332222871,66.24047511409627,71.66230580410158,0.7660107173155126,86.98412698412699,17.56077108084168,16.86577577279786,86.98412698412699,74.52419347864314,21.76851765727235,21.76851765727235,21.71957671957672,21.984126984126984,im_18_arch,12.6,osf,18.665189412651984
1,2,20.04071706355337,20.050215232012018,21.46107193016996,21.469184373989236,22.924873466156843,22.93073915247247,1.62304054943135,1.2574833710290991,2.6615362767617374,1.5751408141511702,17,16.329801465470695,16.33678746027693,16.843508134273037,16.843508134273037,73.90899614740455,71.6304239612977,71.6304239612977,17.0,-1.0,15.5,17,16.478462960375168,16.478462960375168,16.038724966008743,17.429174761548687,13.899994868918752,15.664584815233718,3.5291798926299345,17.076256772285692,74.52487538120108,74.21197986005113,66.89765738015389,0.6868400851826468,75.17857142857143,17.42917476153743,15.398169924708823,75.17857142857143,75.46410585326949,20.10541827597901,20.090453548708226,20.05952380952381,20.17857142857143,im_19_arch,11.2,osf,16.827726842290247
1,3,21.59461275805504,21.816204425916542,24.23724566030183,24.32246999893308,27.469464510488937,27.479698897332216,4.842740878016228,0.8207535933994435,9.785102125248441,4.797804031435168,21,18.385008465150975,18.92171164392038,18.57237194720534,19.83243523427481,72.37879267769083,71.84565122691731,63.14648191866711,21.0,-1.0,17.5,21,19.61906417063662,18.481607419689823,18.25904642203244,18.796130279366828,18.37921946672715,18.58767487304699,0.4169108126396764,18.754439198102858,67.61431746249563,67.61152686408404,66.88834038039505,0.8557188599760075,74.02597402597402,18.79613027934272,17.827114616509917,74.02597402597402,70.39631757025123,21.90344364325172,21.68831168831169,21.861471861471863,22.07792207792208,im_20_arch,7.7,osf,18.481607419689823
1,2,16.751207603197656,16.75471572323951,17.819980714267324,17.822877490361655,18.873054442732894,18.875100169812384,0.9438020453100652,1.1765824012628106,6.801510920954121,1.0330279344560276,12,16.87955403371032,16.845269049244415,16.857805027673038,16.505637426661764,80.11057542232561,75.45861045722759,84.76254038742363,12.0,-1.0,15.5,12,16.249029563840452,16.249029563840452,17.203949034299285,15.640595941679384,18.001968611711877,16.82128227669563,-2.3613726700324924,15.876733208682634,57.859884668067444,57.76594031686655,62.005185457639634,0.5572210718784341,87.53246753246754,15.640595941342022,14.135082162409383,87.53246753246754,68.45262035086243,16.7975161098653,16.96969696969697,16.7965367965368,16.883116883116884,im_21_arch,7.7,osf,15.585339084315706
1,2,20.155291576106297,20.155615685606,21.243918204510592,21.244119785709323,22.27826286150919,22.278569526693808,1.2105454688008046,0.9124083722869942,-0.02053127195368678,0.24959944459142613,26,13.325649101365741,14.150327515559388,14.225535016635916,14.787665770536876,85.7599561609556,80.83844725555139,77.24850397169766,26.0,-1.0,13.5,26,15.00740079924418,13.594976465319121,13.740736922812346,15.552599375725318,13.147435078502765,14.35001722711404,2.4051642972225524,15.312082946003063,81.51214845991403,81.32267433731054,75.17225984706577,0.7919911705041255,80.89887640449437,15.552599375726777,14.412878944947668,80.89887640449437,80.97545005976431,20.103743790404003,20.292183017802774,20.110341298300774,20.0,im_22_arch,8.9,osf,15.00740079924418
1,3,14.886852599489895,14.918228202562217,16.273472808985833,16.297432321305408,17.586685177340385,17.599101583868407,1.3054745223980337,1.3753988589081552,8.043593197174673,3.10720741515223,11,16.71121213286,16.933568559255473,16.60919244961468,16.34064022039439,60.039198620688026,67.99554939107078,68.92034146032427,11.0,-1.0,14.5,11,16.63553750588767,16.366985276667407,17.203951747275653,16.623809872077384,16.825503510952704,16.724656691515044,-0.20169363887531844,16.643979235964917,51.56695382979797,51.56633665025842,51.87025147473311,0.7325070729265829,70.9090909090909,16.62380987194102,14.54801054844764,70.9090909090909,59.07605423260409,14.967130490019832,14.761904761904763,14.805194805194805,15.064935064935064,im_23_arch,7.7,osf,16.366985276667407
1,3,14.776587181252268,14.81183412808677,16.240041689234268,16.263682278271805,17.592312803677643,17.60367075223116,1.327993554539496,1.4638430696048923,8.69086486245714,3.0896547834391153,13,17.39914235829957,16.799610370263753,17.39914235829957,17.619821383191947,57.907981013812055,56.95977240438749,56.95977240438749,13.0,-1.0,16.5,13,17.543178341770215,17.873508259674168,17.76385736666259,17.563861153195802,17.963114401250465,17.763487777223133,-0.39925324805466245,17.60378647800127,48.24929238794775,48.24728990001734,48.778077598693955,0.7504951165743647,68.57142857142857,17.563861153037077,15.322779975124437,68.57142857142857,55.702287541344475,14.896201107036207,14.632034632034632,14.502164502164502,15.064935064935064,im_24_arch,7.7,osf,18.3450477342044
1,2,20.012046890296954,20.023182280047887,21.185428958945565,21.193400623085825,22.31944391679212,22.325478039251365,1.3247175328591199,0.9775782263443594,3.1220454884613438,1.571539917384764,26,17.680750606774623,17.863777603626886,17.65475244074881,16.838593791215402,68.02837783698376,68.59027652258112,70.1742931366011,26.0,-1.0,15.5,26,17.744870119116968,17.744870119116968,17.692873787065338,16.86618312218601,19.906270076388356,18.38622659928718,-3.0400869542023483,17.17019181760624,63.56155486365039,63.41868044730764,68.94518874024227,0.7427281171954779,68.76404494382022,16.866183122165765,17.76160629276302,68.76404494382022,65.57320324299558,19.978001669844655,20.038113145805767,19.984109356242143,19.8876404494382,im_25_arch,8.9,osf,17.744870119116968
1,2,22.857389883856907,22.86404375510273,24.143392270407478,24.152747341911475,25.35888478380869,25.36953607941086,1.3219771634640443,1.1835151608440826,-0.2063290767898631,-1.5947475207858282,23,17.203132052507215,17.52483112532581,18.165322152096138,18.165322152096138,78.77476064387066,76.51660373415478,75.90861919038161,23.0,-1.0,15.5,23,17.82104763428535,16.386730703938667,18.010312414934816,16.6911217857235,18.147862320154292,17.419492052938896,-1.4567405344307935,16.836795839166577,76.41014079562454,76.3661942033425,79.59761114007551,0.718059159129104,81.79775280898876,16.691121785703793,16.909001067341332,81.79775280898876,78.60134118915681,22.9955048254992,22.93000744623734,22.885947884409724,23.258426966292134,im_26_arch,8.9,osf,14.44064588514047
1,2,16.301143399231304,16.303334375003693,17.583684345440137,17.586074964135914,18.875607698223618,18.87806829677473,1.1617858010175823,1.4129481207534602,11.418226234714721,0.9447420496756799,13,18.195309500766342,17.80562953699725,17.972983255362323,17.972983255362323,73.16680302115118,70.40804253105298,70.40804253105298,13.0,-1.0,17.5,13,18.23645112768662,18.23645112768662,18.0141248822826,20.465992764042802,16.129632531926806,18.297812647984802,4.336360232115996,20.0323567408312,51.86502878149921,51.625019392963644,46.35473181018819,0.6176124125974474,120.0,20.465992763421383,13.037798984574868,120.0,71.84592153705853,16.323435037881247,16.19047619047619,16.147186147186147,16.363636363636363,im_27_arch,7.7,osf,
1,2,17.848210401971624,17.8598014059492,18.92160917893776,18.938456269182772,20.021381468177488,20.046156451011818,1.1630809294394011,1.0232741156232164,-0.868010512580022,-2.41690730041358,18,14.641098322400367,14.947838823731052,14.72023282393522,14.72023282393522,73.14300607955398,73.07761338666238,73.07761338666238,18.0,-1.0,13.5,18,14.476367802923676,14.476367802923676,16.161892486323467,12.464475273858248,18.23034432134666,15.347409797602454,-5.765869047488413,13.041062178607088,68.25864820635132,67.45636352831224,82.71972383847456,0.728736883858565,78.57142857142857,12.464475273842293,14.774712292815096,78.57142857142857,70.0094804123212,17.66164939581741,17.83783161554834,17.976190476190478,18.125,im_28_arch,11.2,osf,14.476367802923676
1,2,19.844879462868885,19.853312518713032,20.988663907246195,20.996908536119864,22.12846087018539,22.13665697963223,0.8917801741747027,1.3915642867444968,14.025702942078722,-1.605682667210739,17,21.705963296073378,21.522161374664556,21.705963296073378,21.63216896554144,114.10129408325382,115.65104220921785,115.65104220921785,17.0,-1.0,19.5,17,21.67348319020283,23.74792573574075,21.74727752073477,23.681456021080717,19.789341158067227,21.735398589573972,3.89211486301349,23.292244534779368,53.43776188009384,53.297709646965345,49.140240948573165,0.7022039194562006,189.35064935064935,23.681456020707362,13.866865911488933,189.35064935064935,82.3529159007119,19.90220834580869,19.653679653679653,19.696969696969695,20.0,im_29_arch,7.7,osf,25.68562534934992
1,2,20.04963070724378,20.06898721301462,21.28459376938646,21.304810086996348,22.557272906933946,22.576897948847584,1.349159018277616,1.1587517175553563,1.8749095856091598,2.4962275425837412,15,18.685065447309967,18.565735127108127,19.111071731460044,18.469472485828874,60.57684217751798,59.59720413917183,61.654315375028325,15.0,-1.0,16.5,15,19.59273843574556,19.59273843574556,18.95113919011439,21.326489988926,17.115015216754873,19.220752602840438,4.211474772171127,20.905342511708888,61.14753287008192,60.90617715925203,55.132904709824565,0.6691386613363153,61.34831460674157,21.3264899889319,19.30079083288015,61.34831460674157,60.66317334968891,20.083444658863677,19.99511134595888,20.039483213137505,20.1123595505618,im_30_arch,8.9,osf,19.59273843574556
1,3,14.586968598275712,14.607309953887574,15.90017667032426,15.91588542567908,17.230455352172623,17.241192538371372,1.4532993854523204,1.180583199031476,6.961819678168267,2.545826735064708,14,15.201933530249548,15.966594564665344,16.719509127729452,16.855815226214332,67.39721313741511,60.496848223564434,58.84674194778321,14.0,-1.0,14.5,14,15.236609732265634,16.67605883685212,16.53975273836724,16.055731558423872,15.600761833914406,15.828246696169138,0.45496972450946566,16.010234585972924,53.362434728385935,53.35880115347273,52.62226420629735,0.5963754082687792,71.16883116883116,16.055731558249704,13.949253620445788,71.16883116883116,60.37381433837321,14.62998152769994,14.588744588744587,14.588744588744587,14.675324675324674,im_31_arch,7.7,osf,
1,2,14.920115599906506,14.920159685147048,15.994337661401367,15.994473161443262,17.05995792411134,17.06039524948084,0.7819497751583459,1.3582857891754485,1.9007423176417102,0.23584283232844672,13,14.073568324797122,14.04664961336954,14.175869406031921,14.175869406031921,63.876141897849486,63.43844751498796,63.43844751498796,13.0,-1.0,12.5,13,14.421975976053943,15.413568849370307,14.524277057288742,17.17082980218011,11.307063611912797,14.238946707046454,5.863766190267312,16.58445318315338,61.51807394457825,60.64618783198127,50.52785997472674,0.7135205204525983,72.6984126984127,17.170829802146656,13.184013141863225,72.6984126984127,65.40236136193657,14.945798406517074,14.761904761904763,14.78835978835979,15.0,im_32_arch,12.6,osf,16.803939938016526
1,2,12.44469552029471,12.525251187233886,13.971431725755386,14.060414513231258,15.504859891901571,15.60098584184728,1.5449849527779358,1.530749701835457,9.86824605109205,6.449423226165299,11,15.655989378588941,15.63560916372282,15.211525529801492,15.211525529801492,47.55625211661632,52.26660377799691,52.87696625232034,11.0,-1.0,14.5,11,13.475250818404902,14.400945273747624,16.363931494728376,15.922417952184825,15.199099573342298,15.560758762763562,0.7233183788425269,15.850086114300574,46.226315243587614,46.21807953123332,45.194540142747734,0.5023178360860823,61.298701298701296,15.922417952023565,13.903290895695049,61.298701298701296,51.59926183404181,12.592591700580167,12.445887445887445,12.51082251082251,12.727272727272727,im_33_arch,7.7,osf,20.699613419190143
1,2,16.99978943300603,17.028645631943046,18.606404518800446,18.649882220801775,20.221177383304127,20.274090074398835,2.059735134535226,1.185709307920562,10.876806383527642,3.9130669768007396,9,23.362631086113907,23.5547045356831,23.375541127608614,23.375541127608614,50.08297685302606,46.76560163338715,50.08297685302606,9.0,-1.0,21.5,9,23.148720453753725,22.969047264204903,24.763778865443584,24.313115266146266,22.565083084610325,23.439099175378296,1.7480321815359388,24.13831204799267,42.51060345311426,42.49138083741363,41.051802220450675,0.5905681862411704,62.857142857142854,24.313115265738343,19.7821157055603,62.857142857142854,49.940194442502595,16.93684600571095,17.18614718614719,17.056277056277057,16.753246753246753,im_34_arch,7.7,osf,
1,2,17.544984796588405,17.63310864222016,19.093990773161522,19.187577023541454,20.573103101200275,20.658752600968537,1.7156155258025725,1.310028432945803,11.682631005315846,5.661223023721826,14,19.941977779175815,19.86972271010573,20.004274557304683,20.004274557304683,59.492648997585,58.854166572100254,58.854166572100254,14.0,-1.0,18.5,14,20.04641571756511,20.253371616677953,19.454588901480037,20.43520913392309,19.833186323990788,20.134197728956938,0.6020228099323034,20.37500685292986,50.63926869460218,50.63556478413602,49.920903495582245,0.8110186513533528,71.94805194805194,20.43520913382629,17.15538999558518,71.94805194805194,59.09117802201101,17.816011822086168,17.575757575757578,17.79220779220779,18.18181818181818,im_35_arch,7.7,osf,20.009870235355976
1,2,21.43701213461738,21.708193408255827,22.57162445456422,22.842185906112448,23.68911088310821,23.954080315867838,1.3445282494984456,0.901358658113566,-7.482413372030881,-8.827370834584114,23,15.217278736555471,15.822433084918305,16.213816092535325,16.213816092535325,77.03385163555096,77.3539587361118,77.3539587361118,23.0,1.0,13.5,23,20.13969840858431,20.27651473818426,16.121676973998575,21.686434373089476,12.311703044196994,16.999068708643236,9.37473132889248,20.748961240200227,75.41565755588556,73.48822278366467,58.14121451228353,0.746560692796228,67.33474192574707,21.686434373122687,17.83685921025224,67.33474192574707,70.14100671472548,21.992727063659757,21.787187558391906,21.62275595417763,21.45832434996335,NAY_1_a1,8.108741258741258,neuage,24.875714206158193
1,3,14.665316316012525,14.665325317733094,15.78827010684479,15.788286825814788,17.097016447758715,17.097559023532124,1.1581723657353,1.2740613400637302,-9.969422684144135,0.08338250227104678,0,,,,,,,,,,19.5,0,,,,,,,,,,,,,,,,,,14.561678760541284,14.597633522912993,14.669543047656406,14.561678760541284,NAY_10_a37,9.27090909090909,neuage,
1,3,10.683893999704697,10.68478166180257,11.412055145303333,11.412525989722507,12.126094520065694,12.126127481819788,0.5395036811028213,0.9018421389143961,-6.962385519798537,-0.5204595084244789,0,,,,,,,,,,,0,,,,,,,,,,,,,,,,,,10.670984271802888,10.719613069351844,10.64112580590329,10.651732589117776,NAY_10_a39,10.793333333333331,neuage,
1,2,22.777725534816614,22.832930920154055,24.110976428807124,24.167069553277763,25.54429851961244,25.59094065596838,1.4695336432465154,1.2884760925678096,-6.847209939625113,-3.904491552934241,19,17.316051799544653,17.423276058228804,17.33871488322862,17.495967128294666,82.61877115547955,79.36996414828943,78.80807731646213,19.0,1.0,16.5,19,17.797026740901913,17.797026740901913,17.204934678095782,18.161121597157496,16.830892613487165,17.49600710532233,1.3302289836703323,18.028098698790465,75.63780434698897,75.60185397216291,72.92140845906673,0.7582720530356541,99.64555215385279,18.161121597127558,16.00937711886985,99.64555215385279,82.4123642311094,22.85599298578472,22.773777183677577,22.691561381570438,22.56823767840973,NAY_11_a41,8.108741258741258,neuage,19.784684996685286
1,2,20.885248877754357,20.885666090613544,22.110286296894845,22.111038078313232,23.36475292977389,23.366033802762242,1.2676994648459534,1.2126682473027488,-1.7247900320038307,-0.4724763646751299,13,16.357415786765017,16.349827484826967,16.357415786765017,15.215693982188412,75.8014868947483,75.8014868947483,82.96519594128745,13.0,1.0,14.5,13,17.422836845886792,15.302156570622998,16.343869609643605,16.33328201484677,16.585344341980633,16.4593131784137,-0.25206232713386484,16.358488247560153,73.70200380652939,73.70058073154249,74.25360282865095,0.6317479084947629,84.35341296192489,16.333282014774415,15.73476376165896,84.35341296192489,77.00259221606798,21.047245339427654,20.965029537320515,20.800597933106236,20.59505842783839,NAY_11_a43,8.108741258741258,neuage,17.422836845886792
1,3,11.26440336887554,11.26440947506924,12.187872273205096,12.18865007459884,13.183414874156025,13.186023469649486,0.4967256483547973,1.4248883462254465,-4.8160855544426715,0.6472864171733512,0,,,,,,,,,,,0,,,,,,,,,,,,,,,,,,11.153417834331396,11.188324356764918,11.25888614444495,11.217885859972546,NAY_12_a45,9.27090909090909,neuage,
1,2,19.574656075210346,19.642570512701965,20.904981877771313,20.992202505864885,22.26188887285814,22.367027453709703,1.444559297371846,1.279897643635895,-3.3812278071222606,-5.224788528940632,21,11.802990596915976,12.004599450859606,11.618812264059102,11.604601442252857,90.05730953606643,91.17599690988536,91.27728765805192,21.0,1.0,10.5,21,11.937777432658919,11.36165501464265,12.121955765515793,10.41360231555683,13.791265286675806,12.102433801116318,-3.377662971118976,10.751368612668728,94.04206476972914,93.43211833014243,108.37455220716184,0.7306321125435576,93.41047264169447,10.41360231557494,12.635286266236928,93.41047264169447,89.55201705104346,19.811074066810487,19.631300254951952,19.523435967836832,19.415571680721712,NAY_12_a47,9.27090909090909,neuage,11.36165501464265
1,3,13.159432695383773,13.172743054430809,13.755109742211406,13.756219273260214,14.11461045446418,14.125171612414013,-0.31262884249347955,1.2650574004766837,-12.553947232405823,-0.727714007183673,0,,,,,,,,,,1.5,0,,,,,,,,,,,,,,,,,,13.278779331858066,13.197533190395799,13.103346654907654,12.813255489315155,NAY_13_a49,9.27090909090909,neuage,
1,2,20.248579256140737,20.288357588598334,21.222814832406947,21.26445230110458,22.196777761950464,22.23996221546542,1.0602517970223377,0.8913528298447495,-8.37022262508179,-3.5861097766486028,24,17.81804444698686,17.993606328682073,17.674308001851756,17.446161435207898,74.40404469472927,80.20751561701782,86.09225564820115,24.0,1.0,16.5,24,17.414241925717135,17.414241925717135,18.707195715045117,16.8998351478199,19.222272362998584,18.061053755409244,-2.322437215178683,17.132078869337768,65.16248844712565,65.07391691450691,69.40117585148433,0.6515538727031782,96.43067268091784,16.899835147771803,15.586816002830341,96.43067268091784,75.083808031091,20.13466692815585,20.24253121527097,20.35039550238609,20.386350264757798,NAY_13_a51,9.27090909090909,neuage,17.414241925717135
1,2,21.309730829180918,21.499730424808565,22.59762252284429,22.810768447586533,23.798164604385953,24.053557242366683,1.2743402333142952,1.2794865842438223,-10.693795676344033,-7.838716248026443,16,16.36537726317428,16.614994775958568,15.836501960942456,15.836501960942456,85.75803838485427,85.813589662041,86.50044535415074,16.0,1.0,15.5,16,17.28352377558295,17.169218852514348,15.647837997476302,22.553024830787493,12.267558752702595,17.410291791745045,10.285466078084898,21.524478222979003,73.04821667494606,70.90024021934165,55.31186195005655,0.7334070142615321,78.36443032949585,22.553024830693722,15.685193914308133,78.36443032949585,78.46896948067226,21.299995898484244,21.30475056239249,21.25843588725685,20.84160381103613,NAY_14_a53,7.197142857142856,neuage,26.15880983530917
1,2,17.95591493734023,17.95790752886649,19.223482962561253,19.223577713993627,20.492746455566454,20.49363490939469,1.326289872925326,1.209437507602871,-6.537960082564202,-0.17989272137746998,7,19.759483520770118,19.379188095187338,19.797844542152063,19.797844542152063,70.84714445049318,66.76543803627295,66.76543803627295,7.0,1.0,18.5,7,20.23464773749646,20.23464773749646,14.404952030204981,23.21102107283336,12.243363077948151,17.727192075390754,10.967657994885208,22.11425527334484,60.824749407618405,58.85927985293509,45.473043185886645,0.6739822062890671,79.4759825327511,23.21102107253573,14.94558868711302,79.4759825327511,69.49074610442128,17.92377927749107,18.016408627762342,17.97009395262671,18.201667328304886,NAY_14_a55,7.197142857142856,neuage,21.6966021997911
1,2,25.03156573672449,25.054049679315128,26.449779392674937,26.470883633830258,27.933430552312387,27.952754505885775,1.4314017127811491,1.4673031137894954,-2.6058018237356406,-2.2880585802795363,11,19.986420739905412,20.89059796306809,21.519239478898015,21.519239478898015,73.60814078332093,68.58766108784522,68.58766108784522,11.0,1.0,18.5,11,21.470395863440757,21.58779293809556,20.064073833571484,23.781132066858973,16.34581981427151,20.06347594056524,7.435312252587461,23.037600841600227,73.79900283004348,72.96181270110978,62.07247500534329,0.4640360240937997,68.81462636367557,23.78113206684934,19.998769592619617,68.81462636367557,73.18816956567085,25.07581964267748,25.03471174162391,25.03471174162391,24.911388038463198,NAY_15_a57,8.108741258741258,neuage,22.163239889455213
1,2,25.129883040529393,25.138773871971583,26.31118507883689,26.320504463371766,27.474259472217337,27.482795596481452,1.1417838491138002,1.20223787539607,-6.741451250000286,-1.5247440839577724,12,21.79683726870978,21.605301816602918,21.7379838229717,21.7379838229717,76.12713760663598,78.2827911037254,80.49678737856082,12.0,1.0,19.5,12,21.81790392107945,19.22539795918786,21.700197029603288,17.94471091318868,28.15023926438621,23.047475088787444,-10.205528351197533,18.96526374830843,65.09963498402485,64.04701844992738,81.382922992107,0.61764491583535,98.90560993488855,17.944710913054973,20.457580762617575,98.90560993488855,71.73966956695642,25.116927543731045,25.116927543731045,25.116927543731045,25.158035444784616,NAY_15_a59,8.108741258741258,neuage,19.22539795918786
1,2,20.64555105497252,20.856016668363235,21.792636975101427,22.02245151418565,22.94717997279528,23.206142793699772,1.1161825461167627,1.233943579219776,-13.706015270537943,-8.284607659684307,15,18.134894835370062,18.66121086887481,18.09172866128455,18.134894835370062,81.03309610899367,89.45148028166766,89.45148028166766,15.0,1.0,18.5,15,17.93483262146694,19.178798051882126,20.245312149035016,17.93829363942789,18.98447788442282,18.461385761925353,-1.04618424499493,18.042912063927382,64.68653287898624,64.66948382117084,66.49054465429225,0.7334259743294348,95.56775838399687,17.93829363924593,15.691255627681237,95.56775838399687,75.71945198692636,21.17735503693535,20.925671700333403,20.745897888474868,20.386350264757798,NAY_16_a61,9.27090909090909,neuage,19.380501639891577
1,2,17.471478110500115,17.48699796218897,18.59668049745578,18.610060382903534,19.721643830199017,19.733405789594002,1.1347249795671426,1.1116828478378882,-9.450679779533774,-2.172781026367768,18,19.387573569937487,18.764383497389485,19.413279377534337,19.903830033571666,69.88564673540765,70.68112342924341,69.18747749141178,18.0,1.0,18.5,18,19.3927651375499,19.88331579358723,18.086020134077728,19.632276257127693,18.393020729678387,19.01264849340304,1.2392555274493067,19.508350704382764,53.40996618813921,53.39135964268598,51.76961834507927,0.595485147329091,77.87801529711709,19.63227625680945,15.504617538811246,77.87801529711709,65.06781527941634,17.2582859384193,17.438059750277834,17.581878799764663,17.689743086879783,NAY_16_a63,9.27090909090909,neuage,17.110372717410172
1,2,26.249824493901365,26.4139154468267,27.839390614326867,27.988094079011642,29.424939468400567,29.551549765351474,1.6903084430638275,1.4473258754609435,-11.7264605616855,-5.908863892759278,13,18.293790924948212,19.37007286811074,18.641150461360326,18.293790924948212,95.63533710282366,92.32954667657525,87.55351870702998,13.0,1.0,16.5,13,21.946270001537613,22.13194314094531,18.455584566232915,19.79058411012804,19.329689439126927,19.560136774627484,0.4608946710011143,19.74449464302793,77.89756699607216,77.89402497799253,77.02273854795502,0.8027442349434544,106.9868995633188,19.790584109861406,16.81091981767947,106.9868995633188,90.17056724804988,26.723567553261883,26.399364827312432,26.399364827312432,26.121476776498614,NAY_17_a65,7.197142857142856,neuage,22.13194314094531
1,3,4.541721345337107,4.547788444040139,5.422522682732987,5.427881842522713,6.5006757679146645,6.5014436299404785,0.8715031462910572,1.0821520396092825,-10.386337658289436,-2.5462821776759745,0,,,,,,,,,,8.5,0,,,,,,,,,,,,,,,,,,4.518016677531386,4.5680626568378875,4.633953834935999,4.479034298351949,NAY_18_a69,8.108741258741258,neuage,
1,3,15.456381425131859,15.46050552714407,16.770532956816275,16.77753594818201,18.050036214497474,18.06089321576367,1.460741361198138,1.1396463274214612,-3.8668440846368406,-1.6555047994334733,20,11.570585172015512,11.707519737228397,11.48307792979432,11.371271399944732,87.44363079109498,86.55199598087856,86.55199598087856,20.0,1.0,9.5,20,11.383341349777766,11.271534819928178,11.34617621981829,12.355521920610242,10.796028726659449,11.575775323634845,1.5594931939507923,12.199572601215163,77.08692061822218,76.97082218097218,72.18180907749297,0.7052215412607604,101.86537881074555,12.355521920573072,10.353935297623895,101.86537881074555,85.9366704219627,15.538786598249322,15.415462895088613,15.415462895088613,15.292139191927905,NAY_18_a71,8.108741258741258,neuage,12.630524180855332
1,2,22.13895817915916,22.382915560755002,23.14479312602685,23.380705116529082,24.156569198175887,24.387405783479704,1.0008696609409418,1.0036205617837595,-7.463369564744223,-8.146098988811568,30,17.48323684341692,17.663157802167184,18.200510183081718,18.455217273955583,72.84504226798191,70.63604563457824,69.46878078132482,30.0,1.0,16.5,30,18.726954701993833,18.726954701993833,17.130525382348225,19.791240043282368,15.223082963980373,17.50716150363137,4.5681570793019945,19.334424335352168,74.11539298067923,73.6987168620286,65.47786594040194,0.8311959795319802,67.30731515983527,19.791240043293026,18.072842639541197,67.30731515983527,71.46540424340188,22.29195267045826,22.399816957573382,22.471726482316797,22.54363600706021,NAY_19_a73,9.27090909090909,neuage,18.726954701993833
1,2,21.653783086214816,21.754883024477262,22.707980046077765,22.81072407707282,23.762184741135208,23.867055528704036,1.0057953588561246,1.106377145370651,-9.459855744050058,-5.440133308588848,20,20.534154302010975,20.19832040541374,21.22783581333954,21.22783581333954,67.78537944843369,67.82213471090567,66.17024231063286,20.0,1.0,18.5,20,21.620117920512627,21.620117920512627,21.072803728400373,22.332629491283374,20.389517047400666,21.361073269342018,1.943112443882706,22.138318246895103,59.230951764222816,59.190928496682446,56.73924637843784,0.5978063736452965,72.91625808982154,22.332629491182963,19.21109661474976,72.91625808982154,65.52189345174025,21.824540759626075,21.824540759626075,21.788585997254366,22.11217885859973,NAY_19_a75,9.27090909090909,neuage,21.620117920512627
1,2,26.060556291563405,26.108319722264024,27.227200336658353,27.286638496925075,28.372029849604658,28.442611666736237,1.2523336621640018,1.0819582823082112,-2.174021782708891,-3.782458374172926,21,18.834299279105522,19.02690445115041,19.512951178868832,19.82936184989657,78.74028681904466,74.96493635500644,73.50160057398024,21.0,1.0,17.5,21,20.41754545213135,20.85186053875512,19.353662073872755,20.82452644807553,17.449913836269147,19.13722014217234,3.3746126118063833,20.487065186894892,79.74116087693855,79.53751171086074,73.3456979617914,0.8126598647168337,73.99422189642534,20.82452644809109,19.704874642504908,73.99422189642534,77.33339868041581,26.02130136690958,26.06240926796315,26.10351716901672,26.144625070070287,NAY_2_a5,8.108741258741258,neuage,21.111805681544496
1,2,26.2225554398126,26.23149687437333,27.37446257637124,27.384491149774778,28.52442617345028,28.535707205820263,1.0496593418952458,1.2545509895516875,-7.22465429275407,-1.5506655048909395,27,19.37996910616971,19.390412092968266,19.37996910616971,19.37996910616971,98.69115500943883,97.83552178183231,93.94878750902897,27.0,1.0,17.5,27,19.067058843768734,18.869178256432576,19.884139631965922,18.834932213584928,21.84572406316194,20.340328138373433,-3.0107918495770125,19.136011398542628,75.36441485289032,75.22918077317605,80.9971324998452,0.7460731028187897,126.03682463024451,18.8349322135306,17.30049265183348,126.03682463024451,87.93149888915842,26.10351716901672,26.144625070070287,26.226840872177426,26.391272476391705,NAY_2_a7,8.108741258741258,neuage,18.869178256432576
1,2,26.490590205205475,26.497627360295795,27.920196934755882,27.923743278141302,29.461262358718205,29.462074978917492,1.6794217834726013,1.2850258351490942,-1.4752634476476942,-0.9131577323878793,19,14.886138264378019,14.916786234545269,15.662369850942355,18.15338416159551,101.50838625510029,97.23869602924465,84.41259888379297,19.0,1.0,12.5,19,17.365251100123515,16.534168042546412,15.288246270935133,19.28646554335417,11.511244463063491,15.39885500320883,7.775221080290676,18.5089434353251,101.93140305187283,99.75003430713414,80.1937529841218,0.7461971786090247,109.8058442831928,19.286465543342118,15.120425211022614,109.8058442831928,101.54282145471466,26.678433679806503,26.570569392691382,26.390795580832844,26.211021768974312,NAY_20_a77,9.27090909090909,neuage,17.365251100123515
1,2,29.21584584451623,29.223162553526574,30.41853314464078,30.4209233165523,31.58048042374412,31.58061968093959,1.3156694755446918,1.0417876518683233,-4.149423519699618,-0.7182387750250728,30,15.627232634609555,15.624508707356783,15.985922708786859,15.985922708786859,119.68105723502599,117.79351125058832,116.81264087853698,30.0,1.0,14.5,30,16.179584590835532,16.70609559033238,16.905367428191795,16.602394470643365,16.28103171232153,16.44171309148245,0.3213627583218364,16.57025819481118,103.11613372132287,103.11289035475845,102.1426268086318,0.8865437680198045,130.51578740929597,16.602394470589555,14.797364197716545,130.51578740929597,114.27135757089924,29.123357521082568,29.195267045825986,29.339086095312812,29.554814669543052,NAY_20_a79,9.27090909090909,neuage,18.37489682510912
1,2,20.247550587505874,20.26588723876869,21.366598751498266,21.387461921848374,22.508574124686746,22.53417164047906,1.314425986265876,0.953858415444494,-5.944508366345571,-2.5309494312401895,17,16.272405429416864,16.319767025789698,16.06156305610199,16.6936013069259,80.74349159997809,83.73387385234551,85.96806761857778,17.0,1.0,14.5,17,16.658110677181412,16.72310973339961,15.82016460469842,16.846792756129332,15.617340902251366,16.232066829190348,1.2294518538779649,16.723847570741533,72.34221271737889,72.30801943288097,69.74192316818868,0.7335982223453077,83.1201759303178,16.84679275603962,14.496316264727987,83.1201759303178,80.74598141948569,20.3073031204634,20.26619521940983,20.18397941730269,20.10176361519555,NAY_21_a81,8.108741258741258,neuage,16.72310973339961
1,3,19.552492150881342,19.555358291095683,20.52209642787181,20.523530863373594,21.510045656760216,21.51066568972949,1.0272494687799698,0.9280579298538395,-5.319153359224937,-0.6774147255214753,13,17.28782106301739,16.667243296880393,17.021434108052517,16.74833617586586,84.285380103382,83.68592301389872,83.68592301389872,13.0,1.0,14.5,13,17.487839789901045,16.943781882438145,16.011354870037877,16.3789962817688,17.666511257179476,17.022753769474136,-1.287514975410678,16.507747779309867,66.72262069338335,66.69121241661387,69.23637588259002,0.5110940910070401,95.94584105903154,16.37899628153909,14.755942665910053,95.94584105903154,76.65401376145839,19.649576703606286,19.567360901499146,19.52625300044558,19.485145099392007,NAY_21_a83,8.108741258741258,neuage,17.77842235263458
1,2,23.852941191336942,24.21508285249066,25.051092841972945,25.452527285491943,26.22938045332807,26.65822183748134,1.3108578194751193,1.1322811655155605,-11.986327722378999,-10.189478379750238,23,19.247904393550897,19.55953576147642,19.47445090460687,19.47445090460687,76.76822776657764,76.76822776657764,76.76822776657764,23.0,1.0,18.5,23,21.04841161793138,21.04841161793138,16.39735384884159,22.07786498821885,15.527801660131757,18.802833324175303,6.550063328087092,21.422858655410142,74.53773127988502,73.78972005322719,63.27609126986644,0.7612266016319981,76.6743648960739,22.07786498818914,17.888797942088658,76.6743648960739,77.42717745246965,24.32640492686682,24.275083397485243,24.018475750577366,23.556581986143186,NAY_22_a85,6.495,neuage,21.04841161793138
1,2,19.08092529097211,19.209364400806592,20.38851431652943,20.50474513403164,21.691185188990538,21.78349663490307,1.3180488663050152,1.256083367791461,-8.485921878418122,-6.103464901509977,20,15.152837151711836,14.999303756122961,15.150878458411654,13.953413473938241,77.48056155999195,80.40819186033337,80.40819186033337,20.0,1.0,13.5,20,15.24154603366648,16.665282687632555,15.237628647066117,16.29151765813541,13.578992984710803,14.935255321423108,2.7125246734246105,16.02026519079295,74.08084051642037,73.87874572230312,67.87488338483799,0.8092107615923897,82.83294842186297,16.291517658102855,13.963602754302855,82.83294842186297,78.90652341326219,19.194251988709265,19.142930459327687,19.194251988709265,19.399538106235564,NAY_22_a87,6.495,neuage,16.676143045368832
1,3,22.264211801365175,22.31603503084298,22.968575534321417,22.99482548678918,23.652937994502928,23.662450793706657,0.3724498521956288,0.9739659106680508,-7.37892414946126,-2.737966656990975,18,13.376455683731322,13.455154943449381,13.33037554321416,13.605943293225778,116.67366599661472,116.99921246725584,116.34811952597357,18.0,1.0,12.5,18,13.316928555131426,12.953254750107703,14.016870029067917,12.269377576177238,16.611662839367472,14.440520207772355,-4.3422852631902344,12.703606102496261,89.72955317652375,89.05541005762213,104.5050525577179,0.5119508616268099,167.18964502843698,12.269377576081697,12.710526178237412,167.18964502843698,100.93459382458327,22.493574906155686,22.460074754179182,22.24560924891156,22.11217885859973,NAY_23_a89,9.27090909090909,neuage,12.924365294206552
1,2,17.975132831705636,18.030406416076982,18.84362057022389,18.90399993643808,19.68344449800106,19.75063669519482,0.9158962728973221,0.8043340062205165,-7.08923933236887,-4.580582548307579,18,14.579534770222011,14.721926720644783,14.845879743258678,14.845879743258678,80.66319304143714,77.60280740915924,77.60280740915924,18.0,1.0,13.5,18,13.690411524017435,13.120687537128447,16.09872099606764,11.563529005462447,17.349938493737856,14.45673374960015,-5.7864094882754085,12.142169954289988,72.84188848065293,71.86756640708857,89.5049459290863,0.7354127955742158,104.19690135320653,11.56352900539669,13.257009011267591,104.19690135320653,78.23869315817564,18.049290710596853,18.049290710596853,17.977381185853435,18.121200235340265,NAY_23_a91,9.27090909090909,neuage,17.35487417243729
1,2,27.32624800782353,27.574538051041777,28.372609281636546,28.604662394665016,29.24546373366663,29.503781124970118,1.0109953315297107,0.9182477423986255,-8.65794384186859,-7.303095041307994,21,18.941060545330913,17.96174787064774,18.556800855344335,18.959275800682917,86.79907744967159,88.27256163082777,86.24068731902689,21.0,1.0,15.5,21,18.907416839239716,19.282884165878755,17.186248113199298,18.681862400712674,17.324223076909504,18.00304273881109,1.3576393238031714,18.54609846833236,88.3566044277237,88.31532519821211,85.21473115653446,0.7773770408867275,91.25318689939205,18.68186240070026,17.53822392415508,91.25318689939205,90.5794672687978,27.39752892724064,27.54134797672747,27.721121788586,27.93685036281624,NAY_24_a93,9.27090909090909,neuage,19.282884165878755
1,2,22.26108535819811,22.261431932406513,23.308410449910422,23.309719215228057,24.436913483582654,24.437778439759537,1.0754446621052351,1.1009018452477914,-2.675242466760163,-0.6071584310562018,17,10.208691681649498,9.090740468995499,9.880692248518727,7.6731745968925225,157.0312700816727,157.5309856442216,188.65022307348056,17.0,1.0,7.5,17,10.78037583428872,10.78037583428872,8.244858749531744,13.564329657638428,2.7675008785396207,8.165915268089025,10.796828779098808,12.48464677972855,187.85878669092287,156.65048059801572,94.87054835941147,0.5328170854900771,148.20553049617575,13.564329657560208,6.702308263282286,148.20553049617575,190.64782071474696,21.883102432289494,22.040269333856315,22.32790743282997,22.54363600706021,NAY_24_a95,9.27090909090909,neuage,11.809674413891855
1,2,18.497208846791544,18.53741886656509,19.844736925887055,19.871278966626072,21.132441380074724,21.150004190966307,1.5991070184648046,1.0134783059364119,-10.383946543492051,-2.9616942909351662,21,19.67668846608484,19.52339258198519,19.60601686691828,19.60601686691828,72.08355250427368,75.01064226049003,77.02351191583726,21.0,1.0,18.5,21,19.22172043569077,19.15104883652421,18.54026564247755,18.253816138272764,20.1549717622227,19.20439395024773,-1.9011556239499365,18.443931700667758,55.99769869451828,55.95269719982285,58.75938093921559,0.6552880933705636,89.68499073502164,18.253816138195738,16.12715142071566,89.68499073502164,66.25997612894513,18.40642371834466,18.49907350216183,18.560840024706614,18.34465719579988,NAY_25_a97,10.793333333333331,neuage,19.15104883652421
1,2,15.224187850440204,15.224196990750906,16.261462016706787,16.261642582201617,17.312235154021344,17.31302900807033,0.9981135555787869,1.0907184617406356,-7.3389798759527425,0.2700058710312309,12,16.16001676357375,15.278561685739888,16.153880533759292,16.153880533759292,78.63369492966733,80.5841438386901,80.93022827610167,12.0,1.0,13.5,12,16.19463515729356,15.51185725435144,16.23371283680646,12.883380242527522,18.079025715564267,15.481202979045895,-5.195645473036744,13.402944789831198,57.45353591215079,56.915824277746,68.13597514044409,0.5526713383379078,123.59481161210627,12.883380241997628,11.82272787049111,123.59481161210627,74.14963573518939,15.225447807288454,15.225447807288454,15.287214329833233,15.379864113650404,NAY_25_a99,10.793333333333331,neuage,15.51185725435144
1,2,26.466942604676312,26.497199938206855,27.786321199666375,27.82978318811866,29.084830323125065,29.140403166090316,1.3298256977015557,1.3133775301819026,-3.541135193966273,-3.2025362264665964,22,16.26518242677028,17.022508253576657,17.1143776658611,18.553483071356794,97.01822665206402,93.07928821248196,85.06618772118598,22.0,1.0,14.5,22,17.177990904711777,19.03509313660436,17.871746581317524,19.509673373556303,14.523802618081097,17.0167379958187,4.985870755475208,19.011086298008784,91.05002127473566,90.40327850092314,79.21948675731097,0.7158214130731528,89.74308687978036,19.509673373538018,16.583555628594024,89.74308687978036,92.69580113225696,26.426750343204553,26.390795580832844,26.462705105576262,26.103157481859192,NAY_26_a101,9.27090909090909,neuage,19.03509313660436
1,2,24.19905823274368,24.201995966069305,25.42817406349816,25.431341520470053,26.66008624859549,26.663739897903888,1.3725766019120362,1.0891673299225486,-5.406108438983845,-0.9043006954965802,13,20.60692351079851,20.405296397964566,20.98261092698155,20.711950990130873,80.6677041119697,77.72386950438856,80.6677041119697,13.0,1.0,18.5,13,21.117285374036783,22.491714966646697,20.165159059626234,23.20717791541661,18.04304389944723,20.62511090743192,5.164134015969381,22.690764513819673,68.95308566189492,68.59825574604781,61.320722196919945,0.5006438580732528,89.52735830555012,23.20717791516845,18.30108702042653,89.52735830555012,76.9524126526811,24.233509838530434,24.19755507615873,24.19755507615873,24.26946460090214,NAY_26_a103,9.27090909090909,neuage,21.117285374036783
1,2,27.737662577353365,27.739425526573157,28.711657230066724,28.71301325941477,29.80413490785576,29.804837467410252,1.185801494974935,0.8796104458621644,-1.839298621960801,-0.5568452227750043,22,16.980838425956918,17.566056529318864,18.086029527222763,18.13768344301684,97.78222965917959,92.83707849835646,91.29225801285958,22.0,1.0,15.5,22,18.01250182131497,20.337530620071647,18.341320820564192,18.45728402854802,17.173649179895314,17.81546660422167,1.283634848652707,18.32892054368275,90.67957111355399,90.64088658325237,87.59318616928672,0.6301017618921673,96.91167387276099,18.45728402850538,17.116982675910442,96.91167387276099,94.22210058783115,27.764051883878945,27.671402100061773,27.455219271155038,27.053736874613964,NAY_27_a105,10.793333333333331,neuage,
1,2,22.384221811674887,22.3842538061742,23.51552380883792,23.51552384900266,24.650824787843757,24.65102521355016,1.0502011293435354,1.2165702780324208,-8.974516950883483,0.0033487503398907455,22,20.95180948646282,19.474351366013313,20.00544344801301,20.00544344801301,90.58368583318476,87.57176851206958,87.57176851206958,22.0,1.0,18.5,22,17.633157792411936,16.81157056241318,21.057787249451195,17.134323665802064,22.572806928162386,19.853565296982225,-5.438483262360321,17.678171992038095,66.1221284379198,65.71391325421212,75.75225533470692,0.7751991827214286,135.82458307597284,17.134323665718274,15.52734550776394,135.82458307597284,83.36844687862416,22.390364422483017,22.4521309450278,22.4521309450278,22.791846819024094,NAY_27_a107,10.793333333333331,neuage,16.7766705444441
1,3,19.3388679751931,19.338875176254422,20.545013821455953,20.545091853021642,21.78447348321856,21.784866385557084,1.2185451559433491,1.2274460533593163,-0.9486667093675183,0.15791336373266449,16,13.815575560555317,14.20978052694161,13.99689426897993,13.99689426897993,84.79714391339391,83.09534426627428,83.09534426627428,16.0,1.0,12.5,16,13.967574402227967,15.203610790591256,13.32986436421075,17.734765370190722,8.734707814653236,13.234736592421978,9.000057555537486,16.834759614636972,87.94404618344777,84.46795238752625,63.484840619666386,0.43208664959672993,79.17381742917512,17.734765370087068,12.799785552281996,79.17381742917512,87.28789789667961,19.52625300044558,19.40292929728487,19.27960559412416,19.238497693070588,NAY_28_a111,8.108741258741258,neuage,13.604936985378743
1,2,24.710974228730908,24.737945554383696,26.057858749585588,26.082502875238433,27.447600857344106,27.46977415966797,1.5931780328449157,1.1386505724393647,0.3136111701233367,-2.4908863159853727,13,12.886694482452498,13.19182752069018,13.148261549421818,13.567724586596995,95.7080701614762,97.23636222280855,98.58331840935318,13.0,1.0,11.5,13,13.384642721227408,13.323315320404419,14.090239266600776,13.234883073690431,14.295618159688802,13.765250616689617,-1.0607350859983704,13.340956582290268,103.98333876722579,103.9322828983154,108.01835638204584,0.7099142011510693,91.50618774524601,13.234883073748186,14.998676616806135,91.50618774524601,95.55803624117858,24.78806433530249,24.74695643424892,24.705848533195354,24.664740632141783,NAY_29_a113,8.108741258741258,neuage,11.975965760727064
1,2,21.85048958647029,21.86613342528115,23.578635503593873,23.602804966134748,25.27463978261146,25.295693961013423,2.0247486427940666,1.4048118929382074,-6.263978541588616,-2.593142511289952,10,21.948687159963555,21.462900062137617,22.415514493399883,22.415514493399883,63.34025295535754,64.88566607274626,64.88566607274626,10.0,1.0,21.5,10,19.911241590745448,19.649501084649984,24.457888271208333,18.267843321447387,27.266392412953582,22.767117867200486,-8.998549091506193,19.167698230598006,57.08768915210515,56.353930640102725,69.57263952779141,0.7020351212837148,77.94058039756803,18.267843321358338,20.763177923736155,77.94058039756803,61.517158268174974,22.157158667874032,21.787187558391906,21.787187558391906,21.45832434996335,NAY_29_a115,8.108741258741258,neuage,19.649501084649984
1,2,19.717281749067375,19.72780836806157,20.815717224630912,20.82967636386085,21.93020058674165,21.948685628408935,0.9240002663996221,1.296876993947742,2.52297990098676,-2.0977317204155996,13,13.725159703423031,13.791497446695551,13.892115765168484,13.725159703423031,71.74916064847434,64.46784471840964,64.46784471840964,13.0,1.0,11.5,13,15.981756798623309,16.800509093549323,11.228685892847977,18.399497601689667,7.275805547639606,12.837651574664637,11.12369205405006,17.28712839628466,95.02541356185172,88.78740753497995,62.500202350363125,0.558345194358862,66.89314391599754,18.399497601793428,14.96726759761409,66.89314391599754,76.38449685132271,19.641754169240276,19.703520691785055,19.765287214329838,19.91970352069179,NAY_3_a9,10.793333333333331,neuage,16.800509093549323
1,2,20.54119926904476,20.545425933680022,21.545155646144906,21.550923117067114,22.52666251953645,22.532926259446786,1.04466490590604,0.9428354198607267,-1.502786602539485,-1.325583483604324,17,16.050913157025093,16.33099372089799,16.55394410954827,16.858351533425378,73.89002327687524,71.47639744240199,71.32571698634685,17.0,1.0,14.5,17,17.2736399303937,16.752671042120028,16.466201553993415,16.88413724650811,16.690603495618838,16.787370371063474,0.1935337508892716,16.86478387141918,71.11063488823932,71.10985719445478,70.714074804529,0.7869805314380982,80.97591105620755,16.884137246497296,16.409440264301743,80.97591105620755,72.70102321235973,20.506485484867206,20.537368746139595,20.537368746139595,20.660901791229158,NAY_3_a11,10.793333333333331,neuage,16.391122015410048
1,3,32.194152792191275,32.19479328989444,32.96137867928162,32.961948764143266,33.680293276596714,33.68034480417142,0.5069805045974427,0.9785710096795366,-8.874499160281072,-0.33697801717640646,29,14.292384879259572,14.05389933138284,14.292384879259572,14.494479920469985,213.52393440173208,221.51130174371966,223.43063427931855,29.0,1.0,12.5,29,14.043512960450727,14.345203090655588,14.724398302245845,16.67868295760468,8.155457284415402,12.417070121010038,8.523225673189275,15.82636039028575,155.505990636189,149.23328644155237,111.80703203782417,0.5264480411598778,279.4317479925881,16.678682957414484,8.134118163343997,279.4317479925881,226.79279867279791,32.200051187039655,32.25538898913178,32.15455719746577,31.871525633106863,NAY_30_a117,10.793333333333331,neuage,14.043512960450727
1,2,18.806608411343753,18.818766702255225,19.69363840868185,19.704755180448736,20.603793246397764,20.614674733245792,0.9496107409573856,0.8462972900331841,-4.204214220749453,-1.924694801335845,24,17.21813950310718,16.82506749383375,17.169453876468083,15.313465183750509,66.06424934041435,66.48506581463947,79.96407295174588,24.0,1.0,15.5,24,15.391466155629587,15.391466155629587,18.243679684052807,14.758642382234363,19.04188555959937,16.900263970916868,-4.283243177365005,15.186966699970863,64.98035844124477,64.6354566924248,73.75903949012312,0.7971759994780354,83.19950586781965,14.7586423822145,15.789000997140066,83.19950586781965,69.05646055332333,18.838789376158125,18.807906114885736,18.807906114885736,18.807906114885736,NAY_30_a119,10.793333333333331,neuage,15.391466155629587
1,2,22.631424796482236,22.703651717269555,24.028605702984898,24.084696572706303,25.312774883425536,25.36533969067957,1.4497248248414993,1.2119631485685152,-0.844201464527526,-3.9110867537573455,14,12.746298959844111,13.673482947017987,14.21177469590421,14.21177469590421,89.0408860578928,82.9289669780244,82.9289669780244,14.0,1.0,11.5,14,15.150936494480902,15.150936494480902,12.605144955515897,17.817720575981454,8.557787135859757,13.187753855920604,9.259933440121696,16.891727231969284,103.79448778552819,99.41026790796246,74.11925810369662,0.7014960480094723,70.75897234751913,17.817720576087353,15.129044983186358,70.75897234751913,86.89756462647972,23.047002680264107,22.831274106033867,22.867228868405572,23.082957442635813,NAY_31_a121,9.27090909090909,neuage,16.18768355551984
1,2,21.8503394848678,21.850386748746587,23.244007595304506,23.244041472729712,24.619004159556614,24.61904319442379,1.2030278132157635,1.5656286324614352,-3.458461737930583,-0.0978221175550825,15,16.44487875210453,16.66159990613444,16.463544532372822,17.035304192678183,89.98251389160133,88.83831402703743,80.2178200363311,15.0,1.0,15.5,15,16.29123580333345,15.772134931827651,18.076574391805167,14.718083445837454,20.086199899423846,17.40214167263065,-5.368116453586392,15.254895091196094,73.6064624799299,73.02692186113265,85.96534992413038,0.5797529319212733,99.23514414591098,14.71808344576516,15.809318085491531,99.23514414591098,80.16772672716748,22.004314571484606,21.824540759626075,21.896450284369486,21.896450284369486,NAY_31_a123,9.27090909090909,neuage,15.772134931827651
1,2,23.03750070093554,23.060192997585474,24.297519869049573,24.323124352652155,25.513930215802166,25.541698120753527,1.2623294211103822,1.2191757020576683,-3.0856027865040536,-2.629202677945946,13,18.58480618193036,18.38107997062409,18.972397152642486,20.25046617757414,74.17904501993853,72.32805762835201,68.19830830589825,13.0,1.0,16.5,13,19.91778837671862,19.91778837671862,18.639719351786965,21.466734308360035,14.64753131373113,18.057132811045584,6.819202994628905,20.784814008897143,75.20610455572861,74.31666517946728,62.94545423759022,0.6367408992124752,70.2285361334157,21.46673430835187,17.951686302115878,70.2285361334157,74.73868954750826,22.977146386658436,23.008029647930826,22.977146386658436,22.791846819024094,NAY_32_a125,10.793333333333331,neuage,19.91778837671862
1,2,23.086759920918585,23.09337970404316,24.2888885271999,24.296565703774327,25.547089319134827,25.55407399742671,1.2625998951057706,1.1980943982777843,-3.709064711064661,-1.4403810061692564,17,19.212515006311577,19.49815382083974,19.288170497028716,21.09183649377877,75.81227994428423,74.31789555316735,69.30843581519869,17.0,1.0,17.5,17,20.9163687889515,19.539921513721595,17.62791514778479,21.74877967013498,16.02407350984768,18.88642658999133,5.724706160287301,21.176309054106248,71.81934010365535,71.27486451947148,62.26410306948572,0.6483244887764813,75.23162445954294,21.748779670050197,17.746694416918462,75.23162445954294,75.69057383501548,23.13156269302039,23.162445954292778,23.13156269302039,23.069796170475605,NAY_32_a127,10.793333333333331,neuage,22.243616619190277
1,2,15.623650363592402,15.624956561944025,16.697275293253394,16.697778680617233,17.785591213601887,17.785617433963665,1.1011474199238238,1.059513452095821,-9.25405069776573,-0.4448980742220464,10,14.674583922357527,15.285989862989501,16.192837789197085,14.330766143951365,108.14534246171604,108.14534246171604,109.40410011835651,10.0,1.0,14.5,10,15.917908586434407,13.871036269544106,14.055836941188687,13.369661975237193,18.180891016814822,15.775276496026008,-4.811229041577629,13.850784879394956,57.71183116392785,57.266581212678,67.32946613617615,0.3890175639794033,113.95110172049503,13.36966197400642,11.656145463369747,113.95110172049503,77.05877473316538,15.456570796142183,15.538786598249322,15.703218202463601,15.90875770773145,NAY_33_a129,8.108741258741258,neuage,13.871036269544106
1,2,14.916799672654902,14.91789409935124,16.20730997204605,16.207943709931897,17.420226750767043,17.42052269376603,1.2282008827285307,1.2744277116862603,-7.478365572711175,-0.50667551877981,12,14.139035610318501,13.882071962783293,14.30732847785211,14.30732847785211,100.04456364324751,106.0704661384551,106.0704661384551,12.0,1.0,13.5,12,14.241070370252942,14.241070370252942,12.848028866371948,14.990736322578869,12.475363488776507,13.733049905677687,2.515372833802361,14.739199039198631,62.85657439734154,62.681874731306124,57.52887783998699,0.7298703074352917,102.85196843603123,14.990736322420508,10.374012468393914,102.85196843603123,82.63639615756657,14.88106018139221,14.839952280338638,15.086599686660056,15.538786598249322,NAY_33_a131,8.108741258741258,neuage,14.241070370252942
1,2,23.65997084429731,23.782868298556355,25.231400717417387,25.349601357794274,26.794000727227054,26.910685843470677,1.4823964989116367,1.645421046002686,-6.032862140464044,-5.535168874292767,17,15.587938424983491,15.772018615507779,15.587938424983491,15.587938424983491,85.99153448725625,85.99153448725625,85.99153448725625,17.0,1.0,14.5,17,17.130800072912194,14.756497398349069,16.25520160696206,14.542086130100476,18.123836616759,16.33296137342974,-3.5817504866585237,14.900261178766328,84.40115208390088,84.06582215785183,94.1526537060865,0.753395992791534,96.68976135488838,14.54208613007657,15.896527082586125,96.68976135488838,86.31183611363586,23.96715422119579,23.76186810366949,23.607903515524765,23.40261739799846,NAY_34_a133,6.495,neuage,12.117514485671762
1,2,32.94767694679786,32.95955951971279,33.54600107202357,33.548531864515745,34.000003401384156,34.0575477795083,-0.2869180914651624,1.3849063512606694,-11.367244220658916,-0.703771813967997,17,18.728740848390544,17.869582125171473,19.224251609924636,19.291360075388894,234.0665978788649,235.2209463901814,217.78669840140054,17.0,1.0,17.5,17,19.446842966450703,19.446842966450703,13.001682745424375,21.29799524975153,12.269701848166639,16.783848548959085,9.028293401584893,20.395165909593043,116.53960701529358,113.70798129928687,90.39881855219063,0.48975231023131044,294.9961508852964,19.20841195357656,9.208411953576562,390.7621247113164,205.1823565296408,32.71064388578699,32.83703912047697,33.16182813432957,33.0344036612442,NAY_34_a135,6.495,neuage,19.446842966450703
1,2,20.543889651890606,20.549609432682356,21.904893737213715,21.90945228962114,23.268023207234453,23.272246519522444,1.6540262955712681,1.0686107912688194,-2.6516724821239968,-1.1688071944522251,21,12.56531990581803,13.174973543112598,12.795274434302286,13.991677870878135,99.87950804237437,98.284466529434,91.63425704830468,21.0,1.0,12.5,21,13.210236859218384,13.934251742852496,12.737848306276646,13.655313045516774,12.254885756590602,12.955099401053689,1.400427288926173,13.515270316624157,91.69702282300503,91.60829486536178,86.99338128451829,0.6073974790880561,104.33185287395973,13.65531304549031,12.333912282606539,104.33185287395973,96.14510800814449,20.59505842783839,20.471734724677678,20.51284262573125,20.59505842783839,NAY_35_a137,8.108741258741258,neuage,13.934251742852496
1,2,22.02871955045687,22.033639049792058,23.43272070227699,23.436217851417084,24.885633096118106,24.887808058687042,1.3122985184448142,1.5418704904501668,-5.363787136487283,-0.9898202728956212,21,14.986166852697636,14.909572413033725,15.259868736976415,14.500903453637534,106.30527341079052,106.79709775309647,108.49650203078144,21.0,1.0,13.5,21,15.657113892783997,15.657113892783997,14.992628438319713,16.763897209244078,12.607527581682445,14.685712395463263,4.156369627561634,16.348260246487918,87.34942688849846,86.76868268430681,76.26608124797262,0.6763511248893672,117.6508128153163,16.763897209127002,12.605974982111103,117.6508128153163,100.79182473458764,22.033834964713325,22.116050766820464,22.198266568927604,22.444913975249023,NAY_35_a139,8.108741258741258,neuage,15.657113892783997
1,2,17.59983670809775,17.626782005276908,18.508930172186794,18.53863142085781,19.415882463652764,19.448346604585776,0.9000735105911448,0.9214910887177218,-4.791950379676929,-3.2437259046058897,20,14.06427469960785,14.302932047652162,14.38032141726822,14.550334328583745,76.36268686536303,75.65391032127923,75.08132365539373,20.0,1.0,12.5,20,14.72201429985148,14.743425515235685,14.242776356965805,14.88262800705483,13.84736702202357,14.364997514539201,1.0352609850312602,14.779101908551706,70.899216498692,70.86879453524273,68.4567445511059,0.841058630872382,88.38789376158124,14.882628007041099,13.467411292281614,88.38789376158124,75.49591792025238,17.6343421865349,17.6343421865349,17.51080914144534,17.232859789993828,NAY_37_a141,10.793333333333331,neuage,15.065973176792227
1,4,32.60832963676898,32.60851488058463,33.757999637472814,33.75801278284986,35.003905502574675,35.00456332142904,1.2141822481652746,1.1818661926791407,-5.1233541840156755,-0.050563337378451756,21,17.53987556961411,17.64029139206304,17.97881286122933,19.1281522762157,127.95207839944321,121.61618248754147,115.05124380455561,21.0,1.0,16.5,21,17.30576956703456,,19.829078854012806,12.049074284389514,23.909812391154365,17.97944333777194,-11.86073810676485,13.235148095065998,109.5511394100473,105.51250044446437,156.0203270911235,0.4173973066668524,240.51883878937622,12.049074284070937,14.97073919211002,240.51883878937622,126.07784891414487,32.82890673255096,32.67449042618902,32.55095738109945,32.24212476837555,NAY_37_a143,10.793333333333331,neuage,
1,4,9.467491437235331,9.468304171785231,10.348416685686264,10.348420674657586,11.29625977387141,11.296980508639312,0.747400505848027,1.081275831006054,-6.050442384071539,-0.05030730628631177,0,,,,,,,,,,,0,,,,,,,,,,,,,,,,,,9.595647006246937,9.474591173840004,9.457630615607673,9.418026921858273,NAY_38_a145,9.27090909090909,neuage,
1,2,19.504826190391093,19.505697728919007,20.417306656767465,20.417514573598616,21.312438466917346,21.312439781422665,0.8844920912477967,0.9222499612558704,-5.341379280169948,-0.2585719349741168,19,16.23160209762912,16.36976513961282,16.23160209762912,16.23160209762912,83.25545669765886,83.25545669765886,81.06408188293715,19.0,1.0,15.5,19,15.263619983566116,15.129786886573783,19.073152703625453,13.174891012899296,20.7465724907042,16.96073175180175,-7.571681477804903,13.932059160679787,67.90950504681278,66.78064515546482,85.47139013944002,0.7200836562394276,117.35634438125125,13.174891012839623,14.618643602413014,117.35634438125125,77.18785586943004,19.45152644309342,19.487481205465127,19.45152644309342,19.415571680721712,NAY_38_a147,9.27090909090909,neuage,15.129786886573783
1,2,19.376565510507923,19.404762587025562,20.496134028079744,20.518408513322008,21.574605114986163,21.58899935771333,1.2005716822330432,0.9836650884547271,-5.650631546181836,-2.669985659697035,24,13.47992459289891,13.63186998630079,13.46079293382337,13.46079293382337,96.5025395467023,96.034969584943,96.034969584943,24.0,1.0,12.5,24,13.305674803961665,13.63237455346976,15.353743430010866,12.08541727075875,15.752832034785419,13.919124652772085,-3.6674147640266677,12.452158747161418,80.90205918785111,80.43573901782275,92.41538715755794,0.8280111679628338,139.35578457160108,12.08541727072223,12.662848948701587,139.35578457160108,88.26541842925909,19.27960559412416,19.320713495177728,19.444037198338435,19.485145099392007,NAY_39_a149,8.108741258741258,neuage,13.305674803961665
1,3,11.74259826132531,11.745465375136519,12.382768043235675,12.382954072416624,13.042164484148518,13.04236750570115,0.36046286520388315,0.9364392653607498,1.956766483669003,0.3140628589767015,0,,,,,,,,,,14.5,0,,,,,,,,,,,,,,,,,,11.861992816366174,11.797264881156718,11.851318334847225,11.962399206588763,NAY_39_a151,8.108741258741258,neuage,
1,3,18.704571531293166,18.70489466272089,19.71532034586143,19.715358184678255,20.75478859753178,20.75479096105616,0.8893575558513702,1.1605387424838989,-14.5291791281167,-0.11225459775127494,0,,,,,,,,,,0.5,0,,,,,,,,,,,,,,,,,,18.912205007517816,18.8402954827744,18.55265738380075,18.229064522455385,NAY_4_a13,9.27090909090909,neuage,
1,3,13.01902724705885,13.019673974441096,13.749976872190219,13.749978771886886,14.540712183054719,14.54077298967112,0.6150993952261051,0.9059996200039206,-5.882916183260679,-0.030118181881155226,0,,,,,,,,,,2.5,0,,,,,,,,,,,,,,,,,,13.050026667141418,13.032736256948736,13.063619518221127,12.970969734403955,NAY_4_a15,10.793333333333331,neuage,
1,3,17.325818428327917,17.326251071785144,18.490787445234517,18.49090119630629,19.72950251924625,19.732032827678246,1.0415605705389563,1.364221185354145,-9.646517639402756,0.2009724664830989,0,,,,,,,,,,1.5,0,,,,,,,,,,,,,,,,,,17.30642634355282,17.30642634355282,17.30642634355282,17.14199473933854,NAY_40_a153,8.108741258741258,neuage,
1,3,11.191269973788222,11.192258586525323,11.504037110098903,11.50601829943965,11.74963480495481,11.767619082421225,-0.4373322134459446,1.0126927093418467,0.9967908595097836,-1.0632718674400483,0,,,,,,,,,,7.5,0,,,,,,,,,,,,,,,,,,11.149646009674525,11.217654999118263,11.200716107096515,11.235305108280349,NAY_40_a155,8.108741258741258,neuage,
1,3,9.400631636381181,9.401640216349795,9.954214712416302,9.954589383221624,10.553237198572766,10.558229852986312,-0.01765859402211103,1.1742482306586284,-5.510271662738615,0.49710970747799865,0,,,,,,,,,,7.5,0,,,,,,,,,,,,,,,,,,9.48245388221661,9.436641288351064,9.38675705832375,9.408466929138497,NAY_5_a17,10.793333333333331,neuage,
1,3,22.19066967854911,22.392915908939585,22.70291609348407,22.83418947920599,23.129127476410105,23.197072482317378,-0.24206298590801126,1.0462195592857992,-9.036572573940392,-6.146692050575025,15,18.73194029160919,17.844241352253395,18.81891195836073,18.838153438248412,72.41087836922419,72.41087836922419,71.77958084798954,15.0,1.0,16.5,15,18.775610972132938,16.41808928610297,18.6886393053814,17.129513401986664,19.22013375505146,18.17482357851906,-2.0906203530647973,17.33857543729314,71.10747493794399,71.03016470302441,75.22273244280719,0.622265982439426,74.30512662137123,17.129513401941743,17.53137347462077,74.30512662137123,73.55076518513626,22.34168634060232,22.26554329415627,22.506946051708844,22.43166045504893,NAY_5_a19,10.793333333333331,neuage,12.618131952530206
1,2,19.28072519816624,19.43800857209404,20.61474622670712,20.781134357391196,21.995457988766134,22.162996813414843,1.234754257977088,1.4902339833437135,-5.964352512984935,-7.2552832895553045,18,14.04758133028514,14.894774776623379,15.221044285303321,16.56906218682957,75.53992222780987,68.3315645751925,65.87685353174233,18.0,1.0,13.5,18,16.87817019467451,15.530152293148262,14.042664482822744,17.713429600545503,13.267883034962718,15.490656317754112,4.445546565582786,17.268874943987228,72.7668163721435,72.26989200684365,63.43969971853153,0.6033601046959705,67.8280367383899,17.713429600564563,16.000763760906047,67.8280367383899,70.0232884360377,19.485145099392007,19.485145099392007,19.444037198338435,19.608468802552718,NAY_6_a21,8.108741258741258,neuage,15.530152293148262
1,2,18.43833277063071,18.459954512490246,19.382162562616635,19.40141957145721,20.43105622667691,20.455212976303688,1.2138120477676506,0.7814464160457911,-4.849132681214965,-2.553002379741371,17,15.740310632113534,16.021776833324857,15.740310632113534,15.697164716185966,77.26140875127767,75.54979682166079,75.54979682166079,17.0,1.0,15.5,17,17.35974351728001,15.989656737935121,15.288545153091036,17.34541193453124,13.754060529719892,15.549736232125566,3.5913514048113475,16.986276794050106,69.01183721753944,68.70723467919845,61.7803722509454,0.6086401015375994,81.6402914923893,17.3454119344662,14.49076064130584,81.6402914923893,73.6087851096777,18.29301596883849,18.457447573052765,18.580771276213476,18.868526583588462,NAY_6_a23,8.108741258741258,neuage,17.35974351728001
1,3,12.75701136273966,12.760067265306104,13.219548907841926,13.219606437097395,13.627483110735332,13.630402260904171,-0.1538607918037541,1.0241957874018195,-11.379572548245315,-0.16903354574018495,0,,,,,,,,,,20.5,0,,,,,,,,,,,,,,,,,,12.976024600943534,12.810168639359162,12.602061654803787,12.195871691047541,NAY_7_a25,9.27090909090909,neuage,
1,3,18.998241232541602,19.02317937598934,19.97952671647838,19.995238355643583,21.011975319052077,21.020418461809268,1.0227664110831678,0.9744726747367621,-2.992152922937597,-2.2715041141487826,24,13.458853815665606,13.630571689988596,13.482000661885309,13.221774108121423,82.22119646981771,81.97656582868913,83.88068477172448,24.0,1.0,11.5,24,13.024643498265647,13.299859988811619,13.437044364830115,12.615471864887821,13.723771188934066,13.169621526910944,-1.108299324046244,12.726301797292447,83.43957954229221,83.39067486182893,86.99036664089954,0.7236897726920637,92.97901549323397,12.615471864889516,13.231667707187643,92.97901549323397,83.00656532545854,19.12793358174806,19.09197881937635,18.98411453226123,18.98411453226123,NAY_7_a27,9.27090909090909,neuage,13.299859988811619
1,3,17.374468391472988,17.3909662629707,18.41633369951886,18.429911902461743,19.449924962937228,19.463117348278576,1.0786126938896978,0.9935383914181787,-3.664479511941828,-2.19949923748966,16,16.04523663091615,16.248952603690224,16.222244469152542,16.222244469152542,65.2292998766265,65.2040399636824,65.2040399636824,16.0,1.0,13.5,16,16.285137260335148,16.285137260335148,15.136877825162031,16.879032759341566,15.604960818944477,16.24199678914302,1.2740719403970888,16.751625565301858,62.11816534892669,62.086672866667456,59.80783496034279,0.532018554033295,68.07468414471131,16.879032759282598,15.626251700434125,68.07468414471131,64.4685769170622,17.388642145659954,17.388642145659954,17.388642145659954,17.388642145659954,NAY_8_a29,8.108741258741258,neuage,17.68679461869249
1,2,23.538321307698137,23.658243162636275,24.524308004416564,24.641000786786588,25.510182573673873,25.624501648879345,0.9889497359608987,0.9773087502821725,-2.651264251280745,-5.578301668858227,17,17.097580137079234,17.016361452846233,16.947236535224647,16.511079978299676,76.5307594785717,76.71676408783672,76.71676408783672,17.0,1.0,14.5,17,18.34800081191986,18.34800081191986,16.68460828264338,17.026260357632726,17.386108091063093,17.20618422434791,-0.3598477334303669,17.062245130975764,79.75546478660168,79.75259619751539,80.570026869056,0.7719733863452656,69.55456858263982,17.02626035767122,18.679474654059742,69.55456858263982,73.66109568741483,23.760366808963248,23.71925890790968,23.63704310580254,23.678151006856112,NAY_9_a33,8.108741258741258,neuage,18.34800081191986
1,2,26.159475517979672,26.194963005040922,27.427778460776437,27.45364766206869,28.718844384603518,28.736982341485557,1.202906916015723,1.3391124204289098,-6.661155603457345,-2.4875007528114828,20,23.630555240605446,23.48809935411997,24.15827360873294,22.125573987153587,72.0639630394314,71.72624492672428,71.72624492672428,20.0,1.0,21.5,20,24.80034557268624,20.052188536545827,22.02114653015323,24.821509797019125,22.005957128211747,23.413733462615436,2.8155526688073786,24.539954530138388,65.77027743840578,65.69290187268813,62.183641165518985,0.6011331518618155,75.96740114699669,24.82150979687102,21.626739398976532,75.96740114699669,70.82797638332147,26.10351716901672,26.144625070070287,26.18573297112386,26.144625070070287,NAY_9_a35,8.108741258741258,neuage,20.052188536545827
1,2,16.105953434516124,16.110572964399367,16.87193334347811,16.8752779914003,17.656502987883144,17.6593157462901,0.5445663522075336,1.004176429683202,-5.837214122758869,-1.1407606701280217,18,11.537789176662386,12.008693480479824,11.511568898318643,14.052624411222695,104.88513495993571,108.79344875566575,84.96202953514549,18.0,1.0,11.5,18,11.47622564621338,11.423785089525893,10.24841208688997,11.886511535978054,11.966067469922319,11.926289502950187,-0.07955593394426433,11.894467129372481,77.8092721151566,77.80898527761795,78.06560631669919,0.7950412809415726,143.79246448424956,11.88651153590287,9.737633257434585,143.79246448424956,95.06785864103679,16.275478690549726,16.121062384187773,15.966646077825823,15.84311303273626,NAO_1_a1,10.793333333333331,neuage,11.423785089525893
1,2,18.520148805686674,18.531323774462347,20.006521039045268,20.007546919221802,21.60076683090521,21.601132639906094,1.4819788228159227,1.5878300426278216,-0.17098272439950868,-0.5802175793672005,17,12.569394014940684,12.350832018137217,12.569394014940684,12.569394014940684,75.74863980761847,75.74863980761847,75.74863980761847,17.0,1.0,10.5,17,13.126210412582651,13.00274088722179,13.727823535900455,13.876840163172602,12.055507425837613,12.966173794505107,1.8213327373349895,13.694706889439104,82.70254744611447,82.56734937066929,77.24503365916027,0.566365522861425,76.89932056825202,13.876840163195318,13.597219977419359,76.89932056825202,78.80268036639053,18.52995676343422,18.46819024088944,18.437306979617052,18.715256331068563,NAO_10_a37,10.793333333333331,neuage,13.477919154152659
1,2,14.880843962666924,14.882044909915523,15.698869438389728,15.699440569381576,16.687735513773646,16.687915820920804,1.1687346496387037,0.6371362613665761,-2.1553530677473223,-0.4887251875750805,12,10.79960581530888,10.972745064782139,9.245187280758955,10.470378528801774,86.32270116362139,103.15828400157677,88.13449086137301,12.0,1.0,8.5,12,9.255697755280806,9.255697755280806,11.139343576337836,9.018384193089897,14.542310699166586,11.780347446128243,-5.5239265060766884,9.570776843697566,74.24403034998588,72.87068521796353,94.9101743279378,0.41378101699867326,94.87337862878321,9.018384192979134,11.06136524917084,94.87337862878321,77.5423843475286,14.776865992743453,14.938942656381201,15.040148239654112,15.657813465101917,NAO_10_a39,10.793333333333331,neuage,14.226608941525257
1,5,23.783450072892915,23.783772362589136,24.360619335115874,24.360821047556513,25.149582049662378,25.149688505139782,0.4778331317905738,0.8880830107600773,-9.586606268981454,0.23316228955658716,16,13.711054529988886,14.115997713738173,13.753966920641972,13.656683816665577,194.03844444550555,194.03844444550555,200.32734903002492,16.0,1.0,13.5,16,13.578668768722594,12.629249692190143,,11.559211276549318,16.312443565282436,13.935827420915878,-4.753232288733118,12.03453450542263,99.36403995594922,98.40117158345618,118.2672151444354,0.324433012982664,403.95305744286605,11.559211275882308,9.379312273065034,403.95305744286605,145.41623833546518,23.86993083349079,23.83374191304865,23.765222733378735,23.989899273950005,NAO_11_a41,10.793333333333331,neuage,17.64955323952006
1,4,23.750624976867712,23.750707390923026,24.473048742299937,24.4732423204175,25.205296447269877,25.205684224369303,0.3289757551633377,1.1260010782829448,-7.537051115877912,0.22788738895995866,20,16.331321688328927,16.229190151056816,15.994084035118902,15.994084035118902,127.37172335188768,130.77154007506837,152.4981563791891,20.0,1.0,14.5,20,15.862664681413605,14.552963471522759,21.42268765553871,13.490570990893348,19.676917394236007,16.583744192564676,-6.186346403342659,14.109205631227614,84.01917232802516,83.0475090457208,101.60572567636068,0.4840530086824704,187.70846201358867,13.490570990494891,12.805459045352826,187.70846201358867,106.94358335443911,23.78442423554134,23.756225796846874,23.821409366309013,23.934643323902332,NAO_11_a43,10.793333333333331,neuage,14.552963471522759
1,4,15.860581375601924,15.860860402777034,16.80516489618242,16.805466530668863,17.74784064495815,17.74824487239093,1.0147703767779312,0.8726140928359665,-10.474705033600884,-0.34328394311992644,0,,,,,,,,,,7.5,0,,,,,,,,,,,,,,,,,,15.870315118434114,15.923553484622245,15.820095443551024,15.856050205922733,NAO_12_a45,9.27090909090909,neuage,
1,4,14.808198882273986,14.808295893419803,15.668005707424884,15.668016725785174,16.531860645632083,16.532246828995003,0.8068908555597566,0.917060080015443,-6.8105755421736225,0.06794994776021258,0,,,,,,,,,,5.5,0,,,,,,,,,,,,,,,,,,14.993135909001767,14.84931685951494,14.669543047656406,14.561678760541284,NAO_12_a47,9.27090909090909,neuage,
1,2,19.897789201108434,20.121177368317866,20.90562949602166,21.11579195553931,21.96127883767629,22.16438560594429,1.1968421036528254,0.8463661339736,-10.77622834465422,-8.090444428673589,23,16.891324566034,17.162608921811188,17.464676880976583,17.595143007597983,72.91846076648164,69.31350648857875,68.02382982952386,23.0,1.0,15.5,23,16.8871727657924,16.8871727657924,17.304914287270464,17.515628231234068,16.923737402148745,17.219682816691407,0.5918908290853212,17.456439148325536,67.0399048040505,67.03339124740464,65.93540505101004,0.6977320373505715,77.01510100019613,17.515628231207483,16.24949360702475,77.01510100019613,70.91799322887191,20.13466692815585,20.314440740014387,20.35039550238609,20.925671700333403,NAO_13_a49,9.27090909090909,neuage,16.8871727657924
1,2,16.119011319583688,16.15470413039289,17.168154462532414,17.20194873577321,18.259745783822275,18.290455236517055,1.37330897934552,0.7624421267786431,-11.048582349989479,-3.5920426677513633,11,16.4462602685756,16.20046513324539,16.563070798047903,17.075910120518614,71.58252292190488,72.5458998500445,72.5458998500445,11.0,1.0,16.5,11,17.521497950180645,16.988212906060824,16.475373583590113,17.156887762052623,15.919891933773291,16.538389847912956,1.23699582827933,17.033188179224688,56.30648983691417,56.28054991628375,54.30942801917286,0.7178990860273537,95.99921553245736,17.15688776191077,12.962655692825688,95.99921553245736,71.42021912409358,16.363441719305598,16.1615023055202,16.018683182418975,16.07177878015297,NAO_13_a51,9.27090909090909,neuage,16.988212906060824
1,2,15.412924244256102,15.414725979202574,16.11089936904115,16.113380034723875,16.794024981043815,16.797124436110085,0.5244250591321334,0.8579733977753758,-4.39686195591309,-1.0053886923186652,20,12.766064198815343,12.566307978105812,12.956416745881768,12.956416745881768,85.33306751215895,87.4154744458124,87.4154744458124,20.0,1.0,11.5,20,13.4105853419305,13.4105853419305,13.605451601640908,13.199202112524604,12.785982845401191,12.992592478962898,0.41321926712341356,13.157880185812264,68.48331648432902,68.47758476293909,67.4242783566493,0.6473173598525623,93.196405648267,13.199202112459627,11.00509263482628,93.196405648267,80.64840937268333,15.63543003851091,15.58408215661104,15.481386392811295,15.096277278562258,NAO_14_a55,12.983333333333334,neuage,13.4105853419305
1,2,8.674650499463816,8.674994872034492,9.62395174032137,9.62397267988248,10.611658892320918,10.611833762646041,1.1853255004276464,0.7515133901839025,-12.763426152269412,-0.11952102407042903,0,,,,,,,,,,2.5,0,,,,,,,,,,,,,,,,,,8.701052493953064,8.593188206837944,8.665097731581357,8.737007256324771,NAO_15_a59,9.27090909090909,neuage,
1,2,15.17446900966505,15.174546908791326,16.56054947910875,16.560550438939718,18.04364355938328,18.043652733849857,1.7695990989684909,1.099506726090038,-7.623778963728035,0.019507320819646012,0,,,,,,,,,,5.5,0,,,,,,,,,,,,,,,,,,15.352683532718837,15.208864483232007,15.029090671373474,14.993135909001767,NAO_16_a61,9.27090909090909,neuage,
1,3,11.762222355974902,11.762491472400317,13.177654262840298,13.177910145924542,14.676082699319196,14.676121816326532,1.8025915658359395,1.1110387780902777,-3.105787317484356,-0.35705560125448904,0,,,,,,,,,,0.5,0,,,,,,,,,,,,,,,,,,12.008890632150097,11.829116820291562,11.649343008433029,11.541478721317906,NAO_16_a63,9.27090909090909,neuage,
1,3,15.074976661138688,15.07499089094607,16.07134001478676,16.07142887104507,17.095493548064397,17.095787754513957,1.2351124722195033,0.7856843913483813,-14.69035501868384,0.19052615179263283,0,,,,,,,,,,3.5,0,,,,,,,,,,,,,,,,,,15.06504543374518,15.136954958488596,15.1729097208603,15.53245734457737,NAO_17_a65,9.27090909090909,neuage,
1,5,8.34048629243055,8.340497772001394,9.414011000741308,9.414271601524142,10.492593773081412,10.493825433262296,1.222367107552277,0.9309605537086262,0.510122299516775,0.42631746842078777,0,,,,,,,,,,2.5,0,,,,,,,,,,,,,,,,,,8.305550107864288,8.233640583120874,8.269595345492581,8.089821533634048,NAO_17_a67,9.27090909090909,neuage,
1,3,13.124091263095234,13.12412878795709,14.015386540645968,14.015388086221268,14.880125641916171,14.88031482877675,0.8076977990850857,0.9484882417345758,-7.41897099864322,0.026907921637238406,0,,,,,,,,,,14.5,0,,,,,,,,,,,,,,,,,,13.387893761581225,13.218035824583078,13.125386040765907,13.619518221124153,NAO_18_a69,10.793333333333331,neuage,
1,3,9.074114143587119,9.074119466777741,10.16571641441543,10.1657171950243,11.28237404255992,11.282381228835028,0.6241293520459236,1.5841324100113623,-3.7065160934200225,0.022453567944441363,0,,,,,,,,,,10.5,0,,,,,,,,,,,,,,,,,,9.20321185917233,9.048795552810379,8.987029030265598,8.801729462631256,NAO_18_a71,10.793333333333331,neuage,
1,2,19.729209354070502,19.736483477767536,21.21437399713872,21.214476291732147,22.53249767935579,22.53577627837554,1.5955994959022857,1.2036933047057141,-2.3111280312217723,0.17792951194699036,24,14.054519849701137,13.15024084633809,13.086288270234945,12.697387625590409,97.66942469440276,103.73323120098249,105.4511555131951,24.0,1.0,11.5,24,13.114500422518546,12.586814726061334,14.53940967547885,11.958018504311843,15.694121516231524,13.826070010271684,-3.7361030119196816,12.331628805503811,83.08756349254313,82.58363785767213,95.25064161854262,0.6762015729375639,171.03150092649787,11.9580185042577,11.684134393233075,171.03150092649787,97.45124881410419,19.765287214329838,19.91970352069179,20.228536133415695,20.75355157504633,NAO_19_a73,10.793333333333331,neuage,11.125028986164608
1,2,18.504204912473618,18.556186943069203,19.79692883957842,19.851991009614895,21.10338366102313,21.159899168118724,1.2645146112918086,1.339197613757709,-6.342760857545271,-4.268376195459424,17,15.442674984466606,15.64560405949976,16.041255712386317,15.442674984466606,70.06560896048603,70.06560896048603,73.24480000296664,17.0,1.0,14.5,17,18.304585011755847,19.28646267097207,15.319211210958343,20.558931396552534,13.068275762293844,16.81360357942319,7.490655634258691,19.809865833126665,64.93817239206376,63.862924102628334,52.60386393097887,0.7917288621314291,73.99490096097276,20.55893139651013,15.673698315982307,73.99490096097276,68.37812365791324,18.588612146172455,18.51670262142904,18.40883833431392,18.121200235340265,NAO_2_a5,9.27090909090909,neuage,19.28646267097207
1,3,23.739074114422774,23.739160849573423,24.811222972087663,24.81134489074478,25.87234903444097,25.87250511602257,0.9438969006478425,1.1894473658013007,-7.6373586992547,0.17961712490572207,13,16.424145512849833,15.990405082910685,15.609809233708916,14.028971089592773,140.07923067888834,142.56091367204158,156.56643353408455,13.0,1.0,14.5,13,15.620676647377337,16.9554493348885,14.039838503261194,15.271513034328546,17.291637663824424,16.281575349076483,-2.0201246294958795,15.473525497278132,84.60083257869091,84.49346724645532,89.93550839690302,0.41444781313670226,163.30653069229263,15.271513034020014,12.380020989357545,163.30653069229263,110.48975661836135,23.658233640583124,23.69418840295483,23.766097927698247,23.83800745244166,NAO_2_a7,9.27090909090909,neuage,16.9554493348885
1,3,20.795634432755325,20.80121473173888,22.04281465104457,22.054006784985017,23.325675048218145,23.343119724514253,1.5167152029686455,1.0251897898067288,-2.309916923812759,-1.8254447633786166,21,14.575915030666096,14.15104055600314,15.061479348172952,15.253867417292014,83.62473200562206,83.06238839648744,82.30630086333653,21.0,1.0,13.5,21,15.776326913637064,15.650566650909042,13.932889116635295,15.996284338714425,12.846004686462726,14.421144512588576,3.150279652251699,15.681256373489255,83.80271301659793,83.47139957455967,75.43618569835877,0.7430396503170712,85.97899938233479,15.996284338698494,13.731429332089117,85.97899938233479,87.5773529476164,20.630018529956768,20.722668313773937,20.8462013588635,21.03150092649784,NAO_20_a77,10.793333333333331,neuage,15.650566650909042
1,3,16.727548041262608,16.727872418673783,17.804926652877413,17.80589749523273,18.81938268766888,18.82269661504046,0.991515101683327,1.1033090946833515,-12.977757228446611,-0.5983179423963947,16,13.562546263682847,14.182840866374177,13.518678648213239,13.041911490554185,186.6756283159604,178.02920924786534,209.85734589161896,16.0,1.0,13.5,16,13.081592591820225,11.26175743150668,16.328552502731924,7.786803882287648,21.835174959964306,14.810989421125978,-14.048371077676657,9.191640990055314,70.59938503230725,64.99234267242193,122.62447984666608,0.33692601574461356,196.41754169240275,7.786803881675831,8.480677829019433,196.41754169240275,112.65619134570251,16.64607782581841,16.6769610870908,16.83137739345275,17.325509573810997,NAO_20_a79,10.793333333333331,neuage,
1,2,18.032915946409812,18.033088105309737,19.370383765017767,19.373329383606332,20.853600035496072,20.865081993861494,1.9094324083885599,0.9225614801631962,-10.378718197742078,-0.9991466988395813,0,,,,,,,,,,8.5,0,,,,,,,,,,,,,,,,,,18.01098212130349,17.941426423481733,18.08524547296856,17.905471661110024,NAO_21_a81,9.27090909090909,neuage,
1,2,12.68938357785631,12.689448267768833,14.165111968363773,14.165489214555734,15.737506915562916,15.741882139815544,1.4258027143039633,1.626631157742744,-5.5956464469928635,0.4181530197702834,0,,,,,,,,,,4.5,0,,,,,,,,,,,,,,,,,,12.65607635484082,12.727985879584233,12.76394064195594,12.835850166699355,NAO_21_a83,9.27090909090909,neuage,
1,3,28.129644754507122,28.12974696525425,28.732321435733258,28.734649105843584,29.352719225509517,29.360853256801075,0.5611180811165236,0.669988210430301,-6.4061737403579375,0.729286757831145,7,10.300490571599369,10.803722446445704,10.98918831476081,10.98918831476081,235.465093329867,187.1106744901833,235.465093329867,7.0,1.0,10.5,7,10.961904225624835,10.961904225624835,,13.218858833161732,-0.4090451312714602,6.404906850945136,13.627903964433193,11.856068436718413,310.00200551452946,251.79060454406425,122.83245705302885,0.32338177136055024,352.4397776405189,13.057609810020974,3.057609810020974,361.70475602223604,526.5887091508865,28.12397957298895,28.171182493190223,28.236445680489407,28.16553428042002,NAO_22_a85,10.793333333333331,neuage,10.961904225624835
1,3,16.012655105075535,16.025066372968748,16.67047101436904,16.677954801093975,17.09764098737088,17.098600971150958,0.5168213377569542,0.5567132604252553,-9.18005494578182,-1.7164975043502946,8,13.369597804178781,13.046254422230582,12.541672596355511,12.541672596355511,110.67481152714907,112.61681195839516,122.13410821394628,8.0,1.0,12.5,8,13.620544237566406,13.999828995848645,12.679863292749104,14.027215521246116,12.174072235910705,13.10064387857841,1.8531432853354108,13.841901192712575,70.45670602134857,70.3399214670414,65.77780165569236,0.42886170284049807,136.75108091414455,14.027215520426253,9.569091868125671,136.75108091414455,95.90777945718408,16.041496317441663,16.014369353187103,16.090173639022023,16.15808224570362,NAO_22_a87,10.793333333333331,neuage,
1,3,10.815843007383682,10.816127605400725,11.524834092417358,11.52866968681123,12.258307424797167,12.27079826143247,0.15421785048423023,1.3004528055475129,-4.922377088093942,1.4780067290283994,1,22.454663396139523,22.454663396139523,22.454663396139523,22.454663396139523,37.76598449892112,37.76598449892112,37.76598449892112,1.0,1.0,19.5,1,,,,,,,,,,,,,,,,,,10.727380599554323,10.765657201149333,10.805950168286872,10.84002470660902,NAO_23_a89,10.793333333333331,neuage,
1,2,17.736680941853944,17.757890800558094,18.91376684215291,18.924071825258928,20.094799768642257,20.098912327822788,1.373497436457171,0.967524090807522,-6.367921201197454,-1.8909223196638205,16,18.399860407308182,18.452496035075377,18.33180218541966,18.33180218541966,64.66614484726678,64.83239392416422,65.32877177279903,16.0,1.0,16.5,16,18.46578584781963,18.601902291596673,18.233429865022714,18.90906489001418,18.92454593044697,18.916805410230573,-0.015481040432792713,18.91061299405746,54.59496790222548,54.594964904358555,54.61649579078589,0.8226922941688681,70.96973440395307,18.90906488994942,17.066162583139388,70.96973440395307,60.30960226583881,17.57257566399012,17.69610870907968,17.788758492896854,17.69610870907968,NAO_23_a91,10.793333333333331,neuage,18.601902291596673
1,3,9.029295841741318,9.029631190314566,9.544293526555542,9.54590471833406,9.925139388707446,9.939939523719667,-0.22680376163655,1.1371120950416518,-4.771835624134183,1.0527101489290294,0,,,,,,,,,,1.5,0,,,,,,,,,,,,,,,,,,9.02532611199474,9.016542413584563,9.067129683607302,9.103198265837547,NAO_24_a93,10.793333333333331,neuage,
1,3,7.108415711165457,7.108417060463806,7.94292777583164,7.94302564396025,8.702505729951664,8.703286241490218,0.46879822519771486,1.1260709558286979,-5.191399231056542,0.28442366992693363,0,,,,,,,,,,,0,,,,,,,,,,,,,,,,,,7.083646330238673,7.047071274612865,6.974364229971321,6.682707456386171,NAO_24_a95,9.27090909090909,neuage,
1,2,21.89635263894498,21.94746089810175,23.00433667671963,23.063752409948446,24.13891976910955,24.20914222618387,1.011750317797653,1.249931010284472,2.6068671070161296,-4.113548813372144,6,15.698706125936951,15.593665504881628,14.946167843892738,16.451244407981164,62.27064549578291,62.255563791495575,62.255563791495575,6.0,1.0,13.5,6,14.99090098080606,14.99090098080606,16.7200738793492,14.338498846616098,18.813253404144774,16.575876125380436,-4.474754557528676,14.785974302368967,77.39299446056576,76.92641494265122,88.61673544309406,0.6407313270698274,61.698372229849,14.33849884689921,19.81238696067002,61.698372229849,64.74849505889779,22.004314571484606,22.004314571484606,21.9683598091129,22.11217885859973,NAO_25_a97,9.27090909090909,neuage,14.99090098080606
1,2,23.164278569863257,23.17847326447536,24.563834629615986,24.577837970009874,26.022398269117417,26.031315823202995,1.5266337854329748,1.3262087732946584,-3.522583015324797,-1.9342038214655288,16,16.60946715385836,16.90760087720461,16.596431995299582,16.736197619755814,85.45781597127669,84.77904384433737,83.41475493325972,16.0,1.0,15.5,16,16.54052932376152,18.39539901697171,16.51445900664396,17.017054215239757,16.670840575854076,16.843947395546916,0.34621363938568217,16.98243285130119,79.9027754285209,79.8999979068211,79.11088846885349,0.7021125888375932,86.2914296920965,17.01705421521267,16.126294821028864,86.2914296920965,83.35495886993682,22.90318363077728,23.118912205007522,23.298686016866057,23.73014316532654,NAO_25_a99,9.27090909090909,neuage,14.631302323644235
1,2,20.597254129931695,20.60630244857548,22.074946955264387,22.081650432496758,23.54512779714603,23.549900808853806,1.6134309643784148,1.330167395899913,-4.686460076592341,-1.4118316768163461,15,19.703814372559236,19.385818777566495,19.674865132260038,19.284570531140616,65.94491139270015,66.40988913454261,66.40988913454261,15.0,1.0,17.5,15,20.60575572463557,20.60575572463557,21.039804800464935,20.89112376708144,19.96951741414266,20.43032059061205,0.921606352938779,20.798963131787563,58.92190070623138,58.912096220651875,57.66886133677645,0.6254541094023851,71.71093267449044,20.891123766989484,18.47064475862064,71.71093267449044,64.90881004454702,20.722668313773937,20.660901791229158,20.59913526868438,20.290302655960474,NAO_26_a101,10.793333333333331,neuage,20.21546112351615
1,2,18.28371870476083,18.287564232135605,19.3081765746028,19.31075818201729,20.423522202714715,20.42528644661381,1.144427984740976,0.9932942297372304,-4.077727143851328,-0.9368884949135539,27,12.717098894304002,12.47740913692296,12.737827668103478,12.737827668103478,98.04472470415182,98.84912413646877,98.84912413646877,27.0,1.0,11.5,27,12.47020126273128,12.47020126273128,12.759232729278295,11.100284279796597,13.51502528619216,12.307654782994378,-2.414741006395562,11.341758380436154,85.98493192076297,85.71013083252285,94.89612296502752,0.513525958063116,118.03582458307599,11.100284279731895,10.974909120866988,118.03582458307599,95.96667813400089,18.219910781169414,18.560840024706614,18.34465719579988,17.881408276714023,NAO_26_a103,10.793333333333331,neuage,
1,2,16.039982033417004,16.074151846889905,16.79592781150358,16.836348918376277,17.498080882074497,17.54395755236299,0.8093946127583107,0.6604110927147774,-7.292507812725061,-3.9710440019890028,19,15.196377023032,15.734713058542424,16.743155662627174,16.99750259538962,69.56128905917991,63.537196544234945,61.383139175290616,19.0,1.0,14.5,19,15.719519160960317,14.901383177643169,17.22301666106165,13.568562368729236,20.273120825253937,16.920841596991586,-6.7045584565247,14.239018214381707,55.68907862693513,54.96194930167141,68.18452378391727,0.6903912074321958,80.25673940949935,13.568562368648031,15.030110246874473,80.25673940949935,61.68548015901113,16.144603372338185,16.11176896544623,16.067337702563993,16.25160462130937,NAO_27_a107,12.983333333333334,neuage,14.646001995774895
1,3,15.555719515310352,15.55573900609772,16.786448688839933,16.787930090514816,18.0226892761052,18.025002239917338,1.3389489391769742,1.130314294642648,-10.760173231013823,0.7611647428037392,0,,,,,,,,,,0.5,0,,,,,,,,,,,,,,,,,,15.564806105701285,15.542504808117178,15.543336284721368,15.53245734457737,NAO_28_a109,9.27090909090909,neuage,
1,4,12.382003485162116,12.382183462415156,13.209396600486615,13.209411548615403,13.989609931519611,13.989630677597782,1.0556245804979276,0.5518226346846968,-3.659770224736041,-0.0861964443129474,0,,,,,,,,,,1.5,0,,,,,,,,,,,,,,,,,,12.416029227088725,12.397146449854256,12.229771463866587,12.5077208153181,NAO_28_a111,10.793333333333331,neuage,
1,2,19.1654505648642,19.338050826122764,20.547793851420646,20.719228044914725,21.950974958057543,22.1239888683685,1.3626511881259276,1.4232868541198058,-6.055726702959405,-7.375636017240537,22,12.438944937667785,11.864206903995377,12.251232880343963,8.328597864086362,83.06433088129496,84.08413447504084,119.1763315802638,22.0,1.0,12.5,22,9.987939529671223,8.620875145438902,13.809052388066192,11.534295955135043,12.558954945419387,12.046625450277215,-1.0246589902843442,11.636761854163478,92.03368453717879,91.97850293834027,96.0049267135452,0.6640978703882008,98.15650127475978,11.53429595516699,12.773531357569599,98.15650127475978,86.82400636953417,19.631300254951952,19.55939073020854,19.05602405700464,18.87625024514611,NAO_29_a113,9.27090909090909,neuage,16.531219967739816
1,2,19.922966787852914,19.927580898746577,21.73126033821003,21.73423067375085,23.604125340234,23.606538682462254,1.6076082186847704,2.0713495650309057,-1.3376524199409259,-0.9472687193414902,17,14.954967116029934,14.777358199863881,15.468600681212365,15.989658467373886,78.80791530481594,76.23385172173558,74.82317345351865,17.0,1.0,12.5,17,13.982005597102471,13.731371283934351,15.023574798016995,13.187234373351854,15.084353103242389,14.13579373829712,-1.8971187298905348,13.376946246340907,81.71028602050244,81.5885556498146,87.34178944829641,0.5478479576216466,89.9588154540106,13.187234373367543,14.56650887665713,89.9588154540106,79.22599355617746,19.918938353925608,19.918938353925608,20.098712165784143,20.386350264757798,NAO_29_a115,9.27090909090909,neuage,13.982005597102471
1,4,14.951201784034609,14.951368793776965,15.687971172316939,15.688106937516938,16.456909418570955,16.457329765656656,0.9706058201965797,0.5353551516831141,-5.889472619423107,0.23836742489997467,23,11.008404501035074,11.246164708624114,9.921367496604034,9.921367496604034,113.11766484235035,127.21244440532888,178.3039099356764,23.0,1.0,10.5,23,9.326421501309113,15.718293364684484,8.97617831146843,15.776431049344993,5.690180945273936,10.733305997309465,10.086250104071057,14.767806038937888,87.0095989310108,80.20393837568247,54.938799601937504,0.726601050726549,115.99486521181001,15.77643104926744,7.950636511904302,115.99486521181001,107.98883912830415,14.868003274544087,14.886150484335092,14.928089952286298,14.711168164313221,NAO_3_a11,12.983333333333334,neuage,15.162692249750961
1,2,19.31727384834211,19.367164273016012,20.130958061577843,20.194099177684535,20.990377056248303,21.070094154523126,0.8582235413532644,0.8447063401538453,-1.392928459512159,-4.532050488338926,25,10.427334905097382,10.50659519336291,10.448832881363899,10.500717865444528,96.50811923823265,96.50811923823265,95.08858404504868,25.0,1.0,9.5,25,10.546599697913194,10.4592949370209,9.916310197235163,10.021478495813591,9.873477559743623,9.947478027778606,0.14800093606996728,10.006678402206594,112.00217758894557,112.00011915730381,111.18144713521217,0.7542318042424334,94.50277949351454,10.021478495919855,11.47877274685475,94.50277949351454,97.22123632525093,19.487337862878324,19.456454601605934,19.33292155651637,19.271155033971592,NAO_30_a117,10.793333333333331,neuage,13.183328578817168
1,2,20.41138007976423,20.418763855958726,21.76020131813347,21.76534354046964,23.191366662483333,23.19537360976374,1.3792248503849676,1.397384903420049,-6.068529502725953,-1.24548597969704,16,15.300657899157045,15.121933724202064,15.604615483313154,16.588614238230434,93.41074615602767,93.94156371787767,92.7546832330068,16.0,1.0,14.5,16,16.475053807845626,14.90122979030187,15.919947698116829,17.32889401737917,14.759680870616787,16.044287443997977,2.5692131467623813,17.07197270270293,73.83328226701364,73.67703895644733,68.36477958892054,0.532387283403706,103.76775787523164,17.328894017222467,13.345254953712871,103.76775787523164,88.2203837478903,20.475602223594816,20.506485484867206,20.382952439777643,20.382952439777643,NAO_30_a119,10.793333333333331,neuage,
1,3,16.497951944072994,16.500168104138606,17.23288077970251,17.23573174708307,17.94043204707496,17.944260611572194,0.844468091274919,0.599624416158671,-9.041166934286807,1.0421371500676566,16,12.054837137209233,13.813562879640362,12.675526072529408,15.469658689651567,123.89699749631818,123.89699749631818,123.21411525406185,16.0,1.0,13.5,16,15.392680564734206,17.060949344789776,11.799271492284078,15.49031175425143,11.615978134691197,13.553144944471313,3.874333619560232,15.102878392295406,70.71692724905537,70.23648077645326,61.62948733521909,0.39333176415972565,149.7220506485485,15.490311753701604,8.601514563968072,149.7220506485485,110.05321566407642,16.553428042001237,16.553428042001237,16.64607782581841,16.6769610870908,NAO_31_a123,10.793333333333331,neuage,
1,2,23.923608026173568,23.92371835577142,25.41508492865743,25.41532542898365,27.116248566604362,27.117422896208275,1.9266204336520554,1.2670841067848004,-15.76815534109368,-0.24925734808241898,0,,,,,,,,,,3.5,0,,,,,,,,,,,,,,,,,,23.898372369988095,23.85205769485246,23.85205769485246,23.898372369988095,NAO_32_a125,7.197142857142856,neuage,
1,2,15.713256888019695,15.713553774459129,17.212902834056237,17.213160371459157,18.8211916541708,18.82122937853797,1.0211880128355002,2.0864875912433396,-2.851827509321045,-0.31342094818665633,0,,,,,,,,,,9.5,0,,,,,,,,,,,,,,,,,,15.700674870980551,15.793304221251823,15.700674870980551,15.422786820166737,NAO_32_a127,7.197142857142856,neuage,
1,3,37.057945461501085,37.06134761842228,38.095633132248004,38.09935649493925,39.138519360683766,39.142137189047084,1.0497649962071012,1.0310245744176971,-11.815183744161532,-0.801032281297533,12,11.825150043163617,11.947147531973783,11.90006299038484,11.750237095942396,,,,12.0,1.0,11.5,12,11.853401584369266,11.853401584369266,,11.040112479148089,31.04011247914809,21.04011247914809,-20.0,13.040112479148089,111.41359167174136,102.61081633182536,192.37712523405898,0.2651048038946624,,7.347504761644634,13.697722422783443,581.3479366995817,155.57246002304748,36.83267934399839,36.91489514610553,37.079326750319815,37.12043465137338,NAO_33_a129,8.108741258741258,neuage,13.615613150741694
1,4,12.820556777257007,12.820779040425709,14.292894255863569,14.292901990889632,15.765376184342125,15.76549008936154,1.6899401855493537,1.2547708633864785,-6.161829619902658,-0.05960851913229308,0,,,,,,,,,,,0,,,,,,,,,,,,,,,,,,12.907880930820866,12.948988831874436,12.41458611817803,12.579017722392308,NAO_33_a131,8.108741258741258,neuage,
1,2,22.641321807722555,22.7217329741615,23.912883700454906,24.009629223779218,25.19633740135299,25.308351318919858,1.187944305501974,1.3986740392563821,-3.193722554990797,-5.145247627007849,22,12.09002850065734,11.227929154013879,10.852503713317617,10.24249667883825,101.49712631737395,115.52335901126511,121.62565331914547,22.0,1.0,10.5,22,9.812411398031031,10.71055989024191,11.410184589156358,10.894894013221755,10.492729781649318,10.693811897435538,0.40216423157243675,10.854677590064512,122.20394260892715,122.18960302764927,119.9609037062247,0.7389413047610661,100.74524416552266,10.894894013253026,11.784041565349954,100.74524416552266,111.02333150378766,22.615545531803622,22.723409818918743,22.759364581290452,22.867228868405572,NAO_34_a133,9.27090909090909,neuage,10.71055989024191
1,2,21.81189054372646,21.811900884153648,23.09433866819279,23.095104143405162,24.35633717305208,24.35936491168198,1.2320027754073746,1.3154612521209548,-8.223268809414765,0.46649225023233737,23,19.007632683805042,18.66741845470474,19.007632683805042,18.867313544558158,95.61919377667232,95.61919377667232,90.67881312189061,23.0,1.0,17.5,23,18.76723523030043,18.626916091053545,18.57160742964811,18.748235901387762,18.56111648202963,18.654676191708695,0.18711941935813325,18.72952395945195,68.0287209292833,68.02815947546497,67.70079031214921,0.7443444349718269,118.43498725240245,18.748235901283387,14.635345271697677,118.43498725240245,86.12044252299798,22.004314571484606,22.004314571484606,21.75263123488266,21.357128848793884,NAO_34_a135,9.27090909090909,neuage,18.626916091053545
1,2,21.461299875767153,21.46493133451598,22.08895525647081,22.092876568884545,22.64709003352287,22.649951466425875,0.692245340770033,0.49277479113986083,-2.5859252246258606,-1.0795273335721263,2,13.849500727900505,13.326412718832488,12.234673112977845,13.849500727900505,98.98955800287175,110.87566502516226,98.98955800287175,2.0,1.0,11.5,2,12.12860178709363,12.12860178709363,,,,,,,,,,0.06563166278988075,,,,,,21.3629583221187,21.354730757573932,21.454401169724164,21.58739962940087,NAO_35_a137,10.793333333333331,neuage,
1,3,15.561441434592176,15.568460120263682,16.296766074543932,16.304988934368083,17.050158172914546,17.059705934340528,0.6989482019456028,0.792297612131244,-5.993596031214285,-1.8197304946230517,10,15.148383886223499,15.30355025645124,15.391623892929601,15.803683702955993,74.78132556928061,74.50888433523878,73.86861878740228,10.0,1.0,12.5,10,14.766340475881776,15.664880299320373,15.713198767399547,13.809243070735313,16.739184768276452,15.274213919505883,-2.929941697541138,14.102237240489428,59.14790971188071,58.96795425643717,65.08210029379116,0.6203856600672699,88.94379246448426,13.8092430704828,13.207076198371574,88.94379246448426,67.99307989643663,15.640097871312575,15.594191529861725,15.615600180699667,15.75046324891909,NAO_35_a139,10.793333333333331,neuage,14.336023591865512
1,3,12.033714765261326,12.033726551335628,13.531783621260237,13.531898593631427,15.123602088645864,15.124545932069726,1.7370273768548068,1.3537920038792934,4.35789895356982,-0.23618663276896315,0,,,,,,,,,,12.5,0,,,,,,,,,,,,,,,,,,11.829116820291562,12.008890632150097,12.152709681636924,12.404393018238872,NAO_36_a141,9.27090909090909,neuage,
1,2,18.517551294136954,18.60806776551216,19.77237380290122,19.876294630555478,21.027108401395182,21.14422604106236,1.1002711157821865,1.4358871597680132,-5.446595628003062,-5.8615249624193995,5,14.990279949855932,12.412729992718788,14.990279949855932,14.990279949855932,70.38540746832031,70.98159408204388,70.38540746832031,5.0,1.0,11.5,5,,,15.09901258906973,18.523146200626673,13.328321749377185,15.925733975001929,5.194824451249487,18.003663755501723,68.09302424042222,67.49167007424808,58.293459624929596,0.35602853330970907,63.37245213094504,18.5231462006875,15.974882369063854,63.37245213094504,67.28940878847183,18.869672637430515,18.622606547251394,18.52995676343422,18.437306979617052,NAO_37_a145,10.793333333333331,neuage,
1,2,18.25432145454688,18.257447484377867,19.53694423195663,19.55714893127893,20.686717643121835,20.715446260988873,1.803268413931573,0.6547303626794302,-9.195587242076105,-2.60464447071625,13,18.332744671767955,17.706198780104984,17.97919263939184,16.916326719298894,85.47735704485795,85.47735704485795,90.20578713498195,13.0,1.0,16.5,13,17.00990412433788,17.00990412433788,19.790957002394293,17.27380771437113,18.51217565144928,17.892991682910207,-1.238367937078147,17.397644508078947,59.207150525220754,59.18384934295368,61.23714507700115,0.6610543083241346,110.994441012971,17.27380771412187,13.800285829719002,110.994441012971,76.22951372472397,18.825123531239957,18.004941321803585,18.097591105620758,18.52995676343422,NAO_37_a147,10.793333333333331,neuage,16.966430662903747
1,2,19.644200263486713,19.72088148227524,20.676252396130554,20.769859740195912,21.649889941147475,21.759819296602114,1.0523792182929699,0.9865585960339065,-5.656422997446032,-5.441755870357861,25,12.99407801792725,12.860751721300836,13.040557569591584,13.118620809358845,86.07835774350211,86.07835774350211,85.23869694545628,25.0,1.0,11.5,25,14.648154221337649,15.221623398743134,11.858841605770237,15.426932462613347,10.986630667301858,13.206781564957602,4.4403017953114885,14.982902283082197,86.73786376191362,85.92056242220235,73.79417980937889,0.8409750212823477,95.1363012355364,15.426932462606676,12.756386545156273,95.1363012355364,88.90121877701927,19.523435967836832,19.631300254951952,19.739164542067076,19.739164542067076,NAO_38_a149,9.27090909090909,neuage,15.221623398743134
1,2,18.765547619986087,18.768042106264687,19.90894133283628,19.9101645327181,21.055359554145852,21.05553959822176,1.1961068475169945,1.091390644440081,-7.35923734286115,-0.6351132078655919,15,16.333758336891094,16.72028869924985,16.333758336891094,15.899058710602816,87.14097807115547,87.14097807115547,91.16375842883626,15.0,1.0,15.5,15,16.029448497574663,15.721192390772273,21.32617295965602,13.752947382861228,21.017507260436293,17.38522732164876,-7.264559877575065,14.479403370618734,63.566361164217234,62.642848945164744,78.73172504666924,0.5658901108614152,111.9631300254952,13.75294738254108,14.107496175063286,111.9631300254952,76.79169745448965,18.87625024514611,18.804340720402696,18.696476433287575,18.66052167091587,NAO_38_a151,9.27090909090909,neuage,15.873349976353012
1,2,19.607394586868768,19.61432439539702,20.578273535123433,20.584547954780515,21.645025791384924,21.650888243406857,0.9438117158779319,1.092752132131907,-5.873258194175946,-1.4147013781431883,22,18.036913179118073,18.10098235032007,18.33717273568965,18.33717273568965,78.24450454489744,74.03129896037335,73.28661327987639,22.0,1.0,15.5,22,17.986952795878295,17.19074627242594,18.210184328747857,16.171069806382246,20.0030536117092,18.087061709045724,-3.8319838053269515,16.554268186914943,63.284778240634154,63.050823818961156,70.28522726250772,0.6332976545296237,91.35268684373072,16.171069806301077,15.975469696408911,91.35268684373072,71.12295557421292,19.765287214329838,19.641754169240276,19.518221124150713,19.17850525015442,NAO_39_a153,10.793333333333331,neuage,16.357151611887787
1,2,19.7086919613067,19.713645868722388,21.353810121141574,21.357207801872242,22.977975207003848,22.978658504345184,2.041244230926743,1.2237684046960542,-8.313012129196206,-1.0220271547668927,22,19.410816793664083,18.928465613706134,19.37075049349872,19.036856141936596,76.10745692447651,75.97315530187983,74.77443258842982,22.0,1.0,17.5,22,18.65560672284596,18.65560672284596,18.989501074408082,15.976747509905138,21.981838237967068,18.979292873936103,-6.00509072806193,16.577256582711332,60.922664970671505,60.41920389253307,71.39007974502347,0.7134826608899416,115.81222977146389,15.976747509810329,15.655666079900394,115.81222977146389,72.81646663433327,19.518221124150713,19.549104385423103,19.641754169240276,19.549104385423103,NAO_39_a155,10.793333333333331,neuage,18.65560672284596
1,2,20.112238928803976,20.221438428535432,21.091989210518687,21.20820088758803,22.06734071146371,22.203395219443593,1.015239235524309,0.9667175553838486,-7.642680465249852,-6.000799438881138,19,13.694192689969498,13.642563302398232,13.720340744019722,13.800618814411791,90.78389444905062,90.78389444905062,90.2394561293458,19.0,1.0,12.5,19,13.040696884096036,13.040696884096036,14.186926946242096,11.450538070545432,15.998843673872917,13.724690872209175,-4.548305603327485,11.905368630878181,85.41173885104448,84.63053641507089,101.14334267402543,0.7275124689562485,104.41262992743677,11.450538070484614,12.881334947466835,104.41262992743677,90.06836122087266,20.24253121527097,20.206576452899267,20.24253121527097,20.278485977642678,NAO_4_a13,9.27090909090909,neuage,11.601822783892487
1,2,15.089268329670542,15.08987807571898,15.680020254759588,15.681061690805178,16.29679680214117,16.298416963467268,0.7418947998986036,0.4666440878496841,-3.9627029815820722,0.6603415195050911,17,12.493195687475037,11.490136729112688,12.71640317675326,12.746950444002522,87.17713239240518,87.07668754720697,86.34933153300855,17.0,1.0,9.5,17,10.594852643869643,,12.905029751736691,9.211086273957317,13.799738651596504,11.505412462776912,-4.588652377639186,9.669951511721237,76.63684491703377,75.61537866800205,94.22174857500045,0.4668436586705352,155.2759948652118,9.211086273664426,9.172210034241353,155.2759948652118,94.6176666414107,15.053407493320517,15.020281241350066,15.164801680685551,15.32734274711168,NAO_4_a15,12.983333333333334,neuage,
1,2,14.632329527215834,14.665232219369102,15.35876767814402,15.396649247267089,16.02194423072451,16.069687635787897,0.5561963317023176,0.8482590847164748,-6.698018578503731,-4.020014192611035,23,14.828566189626486,15.23261309593053,14.828566189626486,14.828566189626486,62.09999733887749,66.88920223332252,66.88920223332252,23.0,1.0,13.5,23,14.677446796936948,14.677446796936948,16.594292110043455,14.005666000756065,16.48973666308934,15.247701331922702,-2.4840706623332744,14.254073066989392,55.65612129669754,55.53406221821115,60.34696384334041,0.6926725273280641,63.743051266213726,14.00566600072552,13.893627963933785,63.743051266213726,60.82390942180043,14.512467608211875,14.58292394441312,14.700432365657816,14.268066707844351,NAO_40_a157,10.793333333333331,neuage,14.677446796936948
1,2,14.888661941173792,14.889237839373704,15.651704465680107,15.652169117890978,16.42575942671221,16.426220157481563,0.589505356350996,0.9474769617568647,-0.029028706669483793,0.44148448182241123,20,12.296116467911176,12.342380312646197,12.50073824892192,12.65329898267953,71.21876354510931,69.902419439873,69.902419439873,20.0,1.0,10.5,20,12.435401718557387,12.435401718557387,12.735733839538142,11.871796184052327,14.591269735178942,13.231532959615635,-2.719473551126615,12.143743539164989,65.27906127810078,65.05032341380023,72.37492855752127,0.568844462112091,73.78690629011552,11.871796184040761,12.923833019758629,73.78690629011552,66.57178707251919,14.993581514762514,14.96790757381258,14.942233632862644,15.096277278562258,NAO_40_a159,12.983333333333334,neuage,12.435401718557387
1,4,23.746783129174617,23.74685747171418,24.844275669046674,24.844870888819152,26.18746009114103,26.18862060585996,1.4338471654361673,1.0079159687096102,-2.047749611796206,0.39660556153660287,20,10.42693827646805,9.853937508815978,10.681633449835232,9.044941811626899,147.14855995218286,147.14855995218286,182.13207631652364,20.0,1.0,8.5,20,11.143580486439646,9.807094885924897,7.594335401895194,10.651101691029277,9.605809885720552,10.128455788374914,1.0452918053087257,10.546572510498406,135.1194325051558,134.99988496407752,128.4464454003285,0.48236733338468396,164.60090213767407,10.651101690936866,8.945291652435884,164.60090213767407,152.68051578841767,23.796456921198224,23.750755374604,23.765931944954588,23.622278878211418,NAO_41_a161,9.27090909090909,neuage,9.506888848231313
1,3,18.948791048347932,18.948791048347932,19.606625834377134,19.607963003264793,20.2760961486947,20.28138322112101,0.31587795661036,1.016714216162715,-7.60925428385221,-0.6691399977050876,14,15.372366089542567,15.393913987890016,17.191861189985843,17.923517116032514,109.6400743970304,99.21046376529287,99.19192119863919,14.0,1.0,14.5,14,14.694796462961193,14.694796462961193,18.055098771862305,13.783159707009062,19.058968740890407,16.421064223949735,-5.2758090338813455,14.310740610397197,67.45378061684744,66.87643106307597,79.35249322329899,0.45769019259045784,133.96744459697982,13.783159706674013,12.55064625429588,133.96744459697982,87.00117152132341,18.76838595803099,18.912205007517816,18.98411453226123,19.30770739360659,NAO_41_a163,9.27090909090909,neuage,18.556848025403895
1,2,20.445352730877264,20.53737420969065,21.576706168654585,21.682959412108353,22.756501903722807,22.878205746372764,0.7825070883724373,1.5583244483096763,-2.4282069844324177,-5.674491601223748,27,12.567131411826495,12.524761484472393,12.431580939186148,11.987341130133018,81.42204298094057,84.35668616508738,86.28709441205189,27.0,1.0,11.5,27,12.968394796459535,12.764902136169269,12.36690227793855,13.234604256929726,12.066732131683294,12.65066819430651,1.167872125246433,13.117817044405083,93.60998576893023,93.54391269891015,89.48545572588363,0.7665911755439833,78.9566581682683,13.234604256997699,14.05063112320705,78.9566581682683,84.38405267899986,20.70994312610316,20.60207883898804,20.49421455187292,20.278485977642678,NAO_42_a165,9.27090909090909,neuage,14.280182828490041
1,3,19.014433561098674,19.0218296923231,20.39031490647296,20.400284961300063,21.7884574856456,21.800391430722875,1.52051044900129,1.2580512893984859,4.622472660273022,-1.791372799698167,14,8.584305314245498,8.783331345473874,8.988253314128059,8.988253314128059,90.2056153098863,88.72119922739166,81.50317756244372,14.0,1.0,7.5,14,9.488034924152885,9.488034924152885,9.556759226988476,9.506544860499652,8.99763109071562,9.252087975607637,0.5089137697840327,9.45565348352125,118.31178227813305,118.28203720585113,115.14399184441766,0.7208631359287134,83.48695822710336,9.506544860630495,12.112343518652118,83.48695822710336,90.63186574552877,18.8402954827744,19.02006929463294,19.12793358174806,19.415571680721712,NAO_42_a167,9.27090909090909,neuage,8.359148158035396
1,3,20.05551518291864,20.0652991409184,20.80277862747267,20.81535889616275,21.4204949732036,21.42756925476342,0.5230400031933841,0.8392301106516387,-8.159367181747584,-1.992106316297539,19,15.081811641001025,15.395760182263203,15.294599180532714,15.294599180532714,101.18200755042707,98.18214405674098,98.18214405674098,19.0,1.0,13.5,19,15.240541591097525,14.945995037390304,16.811586650622758,13.39676993772692,19.516492297311814,16.456631117519365,-6.119722359584895,14.008742173685409,71.36832136231172,70.54800507194204,86.25855754153426,0.5451029110453204,139.159975293391,13.396769937586006,13.134645959733637,139.159975293391,87.94882243851868,20.20689902673217,20.385139166544196,20.03578549519674,19.827053736874618,NAO_43_a169,10.793333333333331,neuage,15.012983079135694
1,2,17.15829156521076,17.165064800537202,18.19905847420579,18.200570775396404,19.283401606499993,19.28346624720448,1.3362854065852428,0.7821160400820374,-8.298152986728986,-0.738613566973056,31,15.20016761013153,15.22373824616753,15.399399984333343,15.399399984333343,93.02531949357008,85.18928497183887,84.88423842892954,31.0,1.0,13.5,31,15.252204568057067,13.79576779238863,15.93480074126768,13.8658860891153,17.162480698600827,15.514183393858064,-3.2965946094855285,14.195545550063851,64.17064009188803,63.931016904017426,71.35434359506887,0.7260648387688199,139.159975293391,13.865886089042572,12.13625783337465,139.159975293391,81.33700615108283,17.089905848246886,17.12079660813312,17.201976528721435,17.140210006176655,NAO_43_a171,10.793333333333331,neuage,16.412514746729983
1,2,16.788885741150537,16.793020519442784,17.875329827213633,17.87741659718962,19.06661623376558,19.067639650572644,1.3059729940824603,0.9686461370473988,-8.081815924982681,-0.8754407620884505,16,18.283965945658622,18.088329650026804,19.180923368283572,19.180923368283572,72.76495918059035,67.37408671418854,67.37408671418854,16.0,1.0,16.5,16,19.367804223395268,17.248661344777986,17.776868432903598,15.471214224919844,23.160832012405532,19.316023118662688,-7.689617787485688,16.240176003668413,51.26537558903989,50.59236172494551,62.73511676398095,0.46464938977799314,90.42618900555901,15.471214224460878,15.817412844613772,90.42618900555901,61.39594549109938,17.016676961087093,16.83137739345275,16.64607782581841,16.306361951822115,NAO_44_a175,10.793333333333331,neuage,17.248661344777986
1,2,17.054700642878725,17.133700902715763,18.139263695985854,18.21433663062722,19.14723340640488,19.21885995006669,1.1791326772831612,0.9060263700677639,-8.952740941691697,-5.203815942797074,13,13.474035845327478,12.992476892787092,12.41060239092755,11.364553117421337,93.97779923188202,101.20597609458667,112.00393584309032,13.0,1.0,12.5,13,11.313309114722642,13.422791842628783,14.844419524940491,9.43118860996821,15.61163280739175,12.52141070867998,-6.180444197423539,10.049233029710564,80.04669530031349,78.40471764862889,103.73600403483108,0.6760546838804885,125.81840642371837,9.431188609857218,10.822756570924938,125.81840642371837,90.52755745934874,17.047560222359486,17.263743051266218,17.35639283508339,17.232859789993828,NAO_45_a177,10.793333333333331,neuage,13.422791842628783
1,3,17.525625489806853,17.55900943676761,18.309458444071844,18.342836280035588,19.087344536409738,19.120891505881964,0.8121238908410661,0.7497581782732872,-3.0785138820349993,-3.456999774716167,17,13.695318687232088,13.456789938411895,13.679448587763801,13.679448587763801,72.4465446930289,72.4465446930289,72.4465446930289,17.0,1.0,12.5,17,14.154952708539497,14.154952708539497,12.539021327950934,15.282698549231961,12.00771164627098,13.645205097751472,3.2749869029609813,14.955199858935863,74.65548765721611,74.29857954379558,66.49813310742114,0.5707874881623652,71.89623224212478,15.28269854923659,13.7565646343241,71.89623224212478,73.70859362100812,17.387276096355777,17.51080914144534,17.51080914144534,17.140210006176655,NAO_45_a179,10.793333333333331,neuage,14.154952708539497
1,3,8.737561856270453,8.737567317343272,9.451013237684249,9.45107168000015,10.086063521591567,10.086821174298427,0.17094021331501805,1.1783136436401382,-6.783949240563722,0.20149349698500854,0,,,,,,,,,,5.5,0,,,,,,,,,,,,,,,,,,8.638429316123917,8.729939647998105,8.759372697706699,8.824318147024508,NAO_46_a181,10.793333333333331,neuage,
1,4,18.45769681475382,18.45836799792648,19.099197974418754,19.099357077767394,19.707029018222,19.707042225373684,0.38962447779081383,0.8590497496563896,-7.701070206419214,0.2338666085641915,20,14.265496935080947,14.601748138723567,15.067008852383253,15.17746316669772,138.19163557090678,138.97758708972535,138.97758708972535,20.0,1.0,13.5,20,14.978588505518019,14.978588505518019,17.572430622967943,13.457814225518831,16.481437157891353,14.969625691705092,-3.0236229323725223,13.760176518756083,71.56257591421827,71.32099820004912,79.15936601063945,0.5239969316851039,170.06418485237484,13.457814225317916,10.918995494862425,170.06418485237484,97.2580141700765,18.395462578892314,18.45879434381255,18.51091142490372,18.562259306803593,NAO_46_a183,12.983333333333334,neuage,14.978588505518019
1,3,33.362401854979396,33.363105868247416,34.877792388099024,34.878558188207656,36.28905512900104,36.29992494221288,1.46174046052302,1.4750786134424445,-12.723024168674662,0.37967926032757965,13,18.375208731246488,17.724092401751992,17.527725299116895,17.527725299116895,226.23836712790165,234.4061187597823,254.65627487053035,13.0,1.0,16.5,13,17.84189670050131,18.6893801326309,19.521209217490537,17.587359481411056,19.756918484503508,18.672138982957282,-2.169559003092451,17.8043153817203,103.6122483429316,103.4974038810031,109.66038678838984,0.42141718677534523,391.6760812384115,17.58735948055947,12.339649430855584,391.6760812384115,155.04883263303344,33.42072355655211,33.37961565549855,33.25629195233784,33.05075244706999,NAO_47_a185,8.108741258741258,neuage,18.6893801326309
1,4,7.739129443549522,7.739462070676477,8.578631791420074,8.57863342546018,9.505842020089368,9.505854517170912,0.7992484871366164,0.9671439593578186,-3.3874544520634022,0.03536388244096896,0,,,,,,,,,,11.5,0,,,,,,,,,,,,,,,,,,7.769393299124661,7.646069595963953,7.646069595963953,7.522745892803243,NAO_47_a187,8.108741258741258,neuage,
1,3,9.62442836674022,9.624430518396347,10.391991884281268,10.391995340061529,11.10031162071451,11.100461796142831,0.6665672246776719,0.8094640530688096,-3.56310646976991,-0.046726282543984365,0,,,,,,,,,,7.5,0,,,,,,,,,,,,,,,,,,9.68874579097257,9.743740602732563,9.77969536510427,9.492057266130615,NAO_48_a189,9.27090909090909,neuage,
1,3,25.138291686269202,25.13941816244105,25.826438668510107,25.826461405999297,26.534491183315165,26.535062971163118,0.5866852467198491,0.8089595620022225,-5.763392366770123,0.07602850697492249,21,13.098654972472247,13.129874573825893,13.068378065355887,13.342921436282012,177.37035317395106,177.37035317395106,177.37035317395106,21.0,1.0,11.5,21,12.90617283852913,13.631137475755736,14.46626381536521,12.493386042814956,14.112726746408795,13.303056394611875,-1.6193407035938385,12.65532011317434,109.27395050559632,109.139904514999,116.08944877990764,0.492202286278705,235.51575046324896,12.493386042563497,10.147285122472283,235.51575046324896,142.54394450421694,25.22684278843378,25.155135609550367,25.23162445954293,25.386040765904884,NAO_48_a191,10.793333333333331,neuage,13.631137475755736
1,2,20.00069240074591,20.00249933226197,21.47762584553153,21.478642584169016,23.118493118233825,23.118493118254886,2.077911364146544,1.038082421846364,-13.515397708559128,-0.5574945057893199,0,,,,,,,,,,5.5,0,,,,,,,,,,,,,,,,,,20.3073031204634,20.019547813088415,20.019547813088415,20.10176361519555,NAO_49_a193,8.108741258741258,neuage,
1,3,12.688220140864438,12.68832926485107,14.00491532096655,14.005552819519565,15.413765101488972,15.41615556665869,1.6788988249348185,1.048927476872802,-7.315524799194994,0.5466744181747387,0,,,,,,,,,,13.5,0,,,,,,,,,,,,,,,,,,12.53790982133874,12.702341425553017,12.743449326606587,12.702341425553017,NAO_49_a195,8.108741258741258,neuage,
1,3,13.574302558366705,13.57430538136006,14.774953709708402,14.774957642616641,16.02739632615973,16.027574381285742,1.4132499862844725,1.040019013641207,-4.0201758100341465,0.04180530773302846,0,,,,,,,,,,4.5,0,,,,,,,,,,,,,,,,,,13.619518221124153,13.619518221124153,13.681284743668932,13.712168004941324,NAO_5_a17,10.793333333333331,neuage,
1,3,15.784554804795949,15.78637354155179,17.084544290995687,17.086559307304668,18.368468930770653,18.370580891583856,1.4332348009360736,1.150972549095991,-0.6055923331378981,-0.8799416448299973,17,10.664277501166708,11.684354086247057,13.287291530785069,9.378564006247842,83.25871375474802,67.34610046999224,94.21808679640486,17.0,1.0,8.5,17,14.522657450831332,14.522657450831332,11.916206191708568,12.166537484914087,11.641911926461644,11.904224705687865,0.5246255584524431,12.114074929068842,76.53366509766389,76.52134862602907,74.89561010486932,0.7505594735514918,100.0617665225448,12.166537484914029,11.901492609095051,100.0617665225448,76.5386613387867,15.935762816553432,15.84311303273626,15.657813465101917,15.565163681284746,NAO_50_a197,10.793333333333331,neuage,14.522657450831332
1,3,19.18923633239336,19.190599091247723,20.4917691062857,20.49484313517444,21.75236577262558,21.758101525851703,1.3686504897396636,1.1988519448643147,-1.2868575775549502,0.9923725246900601,21,12.279678898943558,12.366913744055626,11.988422873387378,11.988422873387378,97.92363233476141,106.93514834529483,106.93514834529483,21.0,1.0,10.5,21,12.489312251933683,12.489312251933683,13.897615496359663,10.98779449040109,15.996819320584867,13.49230690549298,-5.009024830183777,11.488696973419469,83.20535976835968,82.24813356550926,100.68058343827654,0.632218740783884,118.22112415071034,10.987794490347799,12.25702405093852,118.22112415071034,90.3906522978535,19.2402717726992,19.2402717726992,19.33292155651637,19.641754169240276,NAO_50_a199,10.793333333333331,neuage,11.233185200875397
1,3,24.3878458472339,24.387961568151344,25.17139037072076,25.171390634326663,25.937809060367485,25.938096216777655,0.8886531429023592,0.6614815057239577,1.098297442133756,0.008292043895904206,15,10.146599783803651,9.195090322708415,10.146599783803651,10.146599783803651,129.81077261184228,129.81077261184228,129.81077261184228,15.0,1.0,8.5,15,10.010108453936596,10.724452298160827,10.607229769273204,8.35220914346407,10.504903178904874,9.42855616118447,-2.1526940354408044,8.56747854700815,149.51596550869286,148.86626541145264,167.88715314307737,0.5062611318640746,139.34527486102536,8.352209143516639,10.134202838360302,139.34527486102536,138.59796679884732,24.231150389064293,24.428659666460785,24.459542927733175,24.922791846819027,NAO_51_a201,10.793333333333331,neuage,7.818254222894467
1,3,17.555850461579684,17.559840120851504,18.369186528734247,18.373468204396822,19.206500496138858,19.211797501929517,0.6191706440626193,1.0327867370153903,-0.9977371399833418,-1.2369649006973238,21,11.945272344374047,11.885123913093496,11.795309993416112,12.349566627834832,83.29905468702978,84.35825731769552,80.73704953353281,21.0,1.0,10.5,21,11.989582141722053,11.989582141722053,12.3053356433673,11.49028741979945,12.890416887099015,12.190352153449233,-1.4001294672995646,11.630300366529406,83.23142203639661,83.14040734884986,88.13145386165908,0.7214995982672097,95.61457689932058,11.490287419800012,12.205041269565546,95.61457689932058,83.04186085217448,17.57257566399012,17.47992588017295,17.6343421865349,17.881408276714023,NAO_51_a203,10.793333333333331,neuage,12.732078081116526
1,2,19.01461289441949,19.023798255634638,20.28510177816586,20.293905103222748,21.548559835975205,21.55654876497565,0.9983628684935332,1.5343876408474786,-3.5226469698896294,-1.6876947033569454,15,12.301394144159389,12.555090133700443,12.85135936539632,12.933460421430652,95.64474219842559,95.4432459645806,94.2154079324115,15.0,1.0,10.5,15,13.211284797415829,13.565269462783391,13.025032656702479,13.448099574181953,11.459271315096597,12.453685444639275,1.9888282590853554,13.249216748273417,88.2980937952741,88.11132913461051,81.70311075969077,0.7030389506287922,115.92428097106637,13.448099574110703,11.443725666464909,115.92428097106637,95.76978085941514,18.82741868253489,18.991850286749173,19.156281890963452,19.238497693070588,NAO_52_a205,8.108741258741258,neuage,13.129183741381496
1,3,12.030778825566548,12.03097492050691,13.142403757363914,13.142462536040684,14.247942421498642,14.24794249279256,0.969675019101345,1.2472925531843055,-7.957532146433839,0.1713599476258065,11,11.761582503681666,11.210274278586127,11.761582503681666,11.761582503681666,100.8262461742453,101.74936584693792,147.2087753295348,11.0,1.0,11.5,11,9.623274329069602,11.844028773362766,13.001804959110245,9.485512822013085,14.09242897016513,11.788970896089108,-4.606916148152045,9.946204436828289,59.51422156669107,58.753233519785184,72.83897522173486,0.6116799140692918,162.54064076581435,9.515744107200224,7.997971456652552,158.10098745202882,86.27211763733648,11.962399206588763,11.962399206588763,12.126830810803042,11.962399206588763,NAO_52_a207,8.108741258741258,neuage,11.844028773362766
1,3,24.457127542174817,24.68842333599859,25.32605005531501,25.58018021270593,26.074794689385318,26.355236860620924,0.6882619300159413,0.9785515946063945,-7.359361803180898,-8.083028996102652,10,19.795661758371836,20.24759703372714,20.309134394338827,20.309134394338827,70.58767239486725,68.8762266463104,68.8762266463104,10.0,1.0,18.5,10,19.71556740652497,19.736786615660776,21.747019426877728,18.219234497021198,22.940155325090046,20.579694911055622,-4.72092082806885,18.69132657982808,69.87899681159902,69.57733478283919,78.2242876263729,0.6641013403810112,78.74092959403805,18.219234497021183,20.57959534226837,78.74092959403805,69.57765681130392,24.7683697920319,24.69638032520059,24.623131742611108,24.524278835370488,NAO_53_a209,9.27090909090909,neuage,19.71556740652497
1,3,24.09040911164534,24.1062954813296,25.16156283273141,25.175879218729946,26.307838435958384,26.321770201546872,1.5216144014443636,0.6938603187729063,-5.137322786809873,-1.9323357516259032,13,18.759765327541288,18.55298889860966,18.952714253452058,18.952714253452058,78.32673396433623,76.60585868961876,74.79268244555153,13.0,1.0,16.5,13,19.815937854827325,18.617522685756057,19.74680621721322,18.260133971909198,20.614526774807338,19.437330373358268,-2.3543928028981402,18.495573252199012,72.34708622596968,72.26005196027306,76.74415578711798,0.6514734298108664,92.97901549323397,18.260133971552754,17.477165528118412,92.97901549323397,80.06768610713762,24.16810222796286,24.058501238457335,24.06626388717869,24.215324023793272,NAO_53_a211,9.27090909090909,neuage,15.185527797284578
1,3,10.440109897247828,10.440771635916013,11.62164740215944,11.621718613778455,12.87893402538766,12.879980542986369,1.2510800685793642,1.1881288384909943,-6.126914110036987,-0.20057560175567382,0,,,,,,,,,,11.5,0,,,,,,,,,,,,,,,,,,10.570700137281822,10.426881087794994,10.498790612538407,10.35497156305158,NAO_54_a213,9.27090909090909,neuage,
1,3,7.09002375228138,7.090176924506659,8.011120915806641,8.01112094565924,8.98513585500237,8.985512749368011,1.0225004439122347,0.8728353809491166,-3.284243501336553,0.004946318259484989,0,,,,,,,,,,1.5,0,,,,,,,,,,,,,,,,,,7.011178662482841,7.1190429495979615,7.154997711969668,7.226907236713082,NAO_54_a215,9.27090909090909,neuage,
1,2,19.92498101809033,19.94902771568343,21.068726110540105,21.098468852767567,22.21301680512303,22.252004678995107,1.1458722154676497,1.1571047478440262,-2.320792655691151,-3.0426619023158863,12,15.183227121473948,16.014470531962413,15.626163583602278,15.626163583602278,76.30533635636144,74.7025673589158,74.7025673589158,12.0,1.0,14.5,12,17.50513978115947,17.5773782016347,14.059544880952558,17.456111998959102,13.867167745718676,15.66163987233889,3.5889442532404265,17.09721757363506,74.15131031479935,73.82918840349217,66.44090343015901,0.6822169083339766,74.42635810943324,17.456111998974126,16.013692425420665,74.42635810943324,72.24719379031231,20.026802641040728,19.918938353925608,19.811074066810487,19.523435967836832,NAO_55_a217,9.27090909090909,neuage,17.5773782016347
1,2,20.38718098551451,20.392558552224866,21.463850001476924,21.469589414204414,22.56533538694728,22.57160590019675,0.9841651572710798,1.194882190700802,-9.264308038370432,-1.3248574869302099,24,21.545158399106484,21.447323538892665,21.548578277240154,21.885161248733453,70.99613945040018,71.5446127365032,71.5446127365032,24.0,1.0,19.5,24,21.090998906418918,20.86721207606189,21.92738117966948,19.661816556155568,22.938937813339876,21.300377184747724,-3.2771212571843082,19.989528681874,56.00540969798171,55.897025349922465,60.34755286393124,0.7668336945114923,97.07785840360856,19.661816556060117,17.305034918696514,97.07785840360856,68.26158074276978,20.35039550238609,20.458259789501213,20.386350264757798,20.386350264757798,NAO_55_a219,9.27090909090909,neuage,21.090998906418918
1,3,6.112446896839021,6.114235741571103,6.577318938092093,6.577457660445097,6.765998734232428,6.768769936940752,0.08639968115091821,0.5681345142187308,-2.2983924943906913,-0.3721196349912562,0,,,,,,,,,,4.5,0,,,,,,,,,,,,,,,,,,5.91686981957495,6.071740170898152,6.297420536239573,6.57115862315574,NAO_56_a221,12.983333333333334,neuage,
1,3,16.57944733675352,16.57950046445968,17.549681889716428,17.55107843283684,18.540659196194852,18.545676142624476,1.22379193441747,0.7423837437473219,-2.47494988095953,0.72279606808985,20,7.609001676953014,7.59397357203562,7.783228989524218,7.783228989524218,158.135700126495,146.65186552438692,152.99812610287208,20.0,1.0,5.5,20,7.7594443178029735,7.941425794035041,4.799129707995917,7.80139943081547,6.985864550591529,7.3936319907035,0.8155348802239415,7.719845942793077,128.94203719341883,128.81139545536558,122.1170706101972,0.4801761782672413,187.77920410783054,7.8013994307613315,6.095525250310455,187.77920410783054,156.10418104159982,16.662387676508345,16.73940949935815,16.5596919127086,16.86777920410783,NAO_56_a223,12.983333333333334,neuage,9.106904634974882
1,2,25.604185644979808,25.604415713973058,26.88823857612538,26.889496866993113,28.22686041813976,28.229280222581007,1.3879475855829586,1.2369169230249923,-6.691211297416582,-0.5542918692075406,18,14.655492889778344,14.3186745846682,13.817158108940134,13.817158108940134,164.0442089660587,160.62530859088912,159.86103672920373,18.0,1.0,13.5,18,13.490917571073737,13.303562082832059,16.373155338439773,13.431976749339018,15.555511995160836,14.493744372249928,-2.123535245821818,13.6443302739212,102.31698892761659,102.13536843082234,110.04250140113643,0.5125537800118125,220.13588634959856,13.431976749226557,11.432703973486612,220.13588634959856,128.9590624396048,25.509573810994443,25.54045707226684,25.602223594811615,25.756639901173568,NAO_57_a225,10.793333333333331,neuage,13.303562082832059
1,3,20.889095738020202,20.889224889210126,22.01543982581624,22.01549392721578,23.177108974102357,23.177112738463503,1.4371992693875875,0.850688579865792,-8.097310424590555,-0.1270216507283192,21,14.337731521954339,13.612382152900734,14.337731521954339,14.337731521954339,159.64281873299814,160.49987355038064,158.51010953237608,21.0,1.0,12.5,21,14.124747483413728,12.712236806537305,21.389066631156112,11.149829217822914,18.228302954102833,14.689066085962875,-7.0784737362799195,11.857676591450906,83.80702232517076,82.17441843234293,107.75544751517496,0.4788271201816659,220.3211859172329,11.149829217578553,10.847641490890863,220.3211859172329,110.71977584887942,20.969734403953062,20.90796788140828,21.00061766522545,21.216800494132183,NAO_57_a227,10.793333333333331,neuage,11.898516756658353
1,3,12.628845844996798,12.62886598652187,13.687830313406737,13.68792969598263,14.81595148416924,14.816226764847302,0.8920087012973041,1.2953520770281306,-6.511411137876256,-0.2183353891576241,0,,,,,,,,,,10.5,0,,,,,,,,,,,,,,,,,,12.835850166699355,12.835850166699355,12.584166830097407,12.512257305353993,NAO_58_a229,9.27090909090909,neuage,
1,3,16.37048548948057,16.371978707670078,17.19309859432069,17.19543600053418,17.915387310533646,17.919237769169012,0.8283547881660491,0.7189042733328888,-8.66685923073225,0.9447198724153273,19,16.203801678417477,16.3457650531258,16.203801678417477,17.43799166505937,87.27441755576405,92.16906904000946,77.3462610282256,19.0,1.0,16.5,19,14.387345283848845,14.387345283848845,17.011338125003647,14.41007491320533,16.701023786221754,15.55554934971354,-2.290948873016424,14.639169800506972,61.02992632021741,60.92063179771035,65.64825827661656,0.6867687996249211,155.28103767757878,14.410074912990273,11.048525785715302,155.28103767757878,85.24949375578007,16.661917290584757,16.503028514576826,16.429894996911678,16.58431130327363,NAO_58_a231,10.793333333333331,neuage,
1,2,22.32451154720368,22.35107568698742,23.509752664553808,23.528519876642317,24.659533326327352,24.670794895340272,1.209450559522128,1.110268648830719,-5.2814456115300645,-2.288595707797324,26,14.905603344142875,15.101420873815233,15.136259774327584,15.85739143438363,95.39887198806338,93.64092211416842,88.36007353423305,26.0,1.0,13.5,26,15.554687154710592,16.76453637827268,15.724356260124239,16.465378796784904,14.019530275958203,15.242454536371554,2.4458485208267007,16.220793944702233,84.96339420475734,84.78263558553881,78.64108084154036,0.6015923179676604,121.88664444008631,16.465378796748908,13.789366588964231,121.88664444008631,93.51544331548322,22.57959076943192,22.471726482316797,22.255997908086556,21.896450284369486,NAO_59_a235,9.27090909090909,neuage,16.76453637827268
1,2,20.164654610989498,20.170781283420713,21.13835115866377,21.145651722104965,22.08987910310351,22.10143864300546,0.8540560966286669,1.0766012629560766,-2.0773838142934604,-1.5056283314168695,17,11.835412204666227,12.192437478503965,11.99696394154185,12.65414149461705,100.42757635099389,98.29984151701365,95.25456679228486,17.0,1.0,10.5,17,12.740865452034228,13.920960933085212,11.922136162083405,15.593821157337104,9.431918157265978,12.51286965730154,6.161903000071125,14.977630857329991,94.99332327245976,93.0539134797097,74.99911626120304,0.7460296758195237,90.98208770846203,15.593821157310385,12.136921277854709,90.98208770846203,95.89104826632415,20.1976528721433,20.105003088326132,20.135886349598522,20.01235330450896,NAO_6_a21,10.793333333333331,neuage,17.450617926721577
1,2,20.076757924527417,20.080610067204546,21.233034521352096,21.235703047230583,22.415069093557552,22.416695943603244,1.2524691165791615,1.0836167598195336,-6.78659019485129,-0.9083318983035055,24,18.35883446405377,18.083265268640503,18.44985730468875,19.275422186351165,79.10041532727575,77.98658713485716,74.07434680352698,24.0,1.0,16.5,24,17.959173051378855,17.696521866134646,20.486625573155578,16.41833884691047,21.1979622439533,18.808150545431886,-4.77962339704283,16.896301186614753,62.44976851081058,62.11757324813378,70.85382814906066,0.6911367294240649,104.50895614576902,16.41833884679201,15.73218524254499,104.50895614576902,73.86088474801103,20.258180146295693,20.093264891546973,20.135886349598522,20.01235330450896,NAO_6_a23,10.793333333333331,neuage,16.471297189121373
1,3,17.123206143101196,17.12321852117214,18.3394476124915,18.339463625193087,19.579480613958374,19.579485288831815,1.6022707005045638,0.8539960671551152,-13.41767559631551,-0.07571408043519899,0,,,,,,,,,,24.5,0,,,,,,,,,,,,,,,,,,17.330195463162713,17.186376413675887,17.042557364189058,16.934693077073938,NAO_60_a237,9.27090909090909,neuage,
1,3,12.034036974033517,12.034264314239596,13.174128446536288,13.174183244147232,14.348325111825249,14.348334863903931,1.6588303473780333,0.6552402022863029,-3.1284467170710744,0.16525581226230976,1,14.188774065565212,14.188774065565212,14.188774065565212,14.188774065565212,41.85919703832301,41.85919703832301,41.85919703832301,1.0,-1.0,12.5,1,,,,,,,,,,,,,,,,,,12.116754919265217,12.08080015689351,11.97293586977839,11.757207295548149,NAO_60_a239,9.27090909090909,neuage,
1,3,17.575761542343717,17.62123886673394,18.535675802899185,18.573798398104415,19.438501576721524,19.47594064056222,0.7739628288948939,1.0807389449333846,-5.059042558123716,-3.671578394486403,14,13.747407096667743,13.892914165662983,13.446046138552816,14.04876805478267,78.260934963647,79.79337273113883,76.72849719615517,14.0,1.0,11.5,14,12.759418365701691,12.759418365701691,17.510361126473157,11.504287785796024,18.97604030532354,15.240164045559782,-7.471752519527516,12.251463037748776,68.19039626853531,66.81569205571962,88.06375055060109,0.7675434839091682,84.12600370599137,11.504287785774338,14.719782989440466,84.12600370599137,69.12280798081835,17.61423711048015,17.689822560008142,17.752309559917386,18.066707844348368,NAO_61_a241,10.793333333333331,neuage,12.759418365701691
1,2,23.3487179866239,23.397315237671584,24.642446826687046,24.695526375257607,25.876792289911787,25.93687849009017,1.1562575036998184,1.3833057487187637,-7.590316026677735,-3.7572484625798235,20,20.12173850920331,19.667605972874536,19.540462967417,19.075717572648614,73.8752608591499,75.1224388200716,77.6198487436573,20.0,1.0,17.5,20,20.3856326075001,20.3856326075001,18.82497009043601,21.63364349999527,17.902377787672403,19.768010643833836,3.731265712322867,21.260516928762982,69.06083270999297,68.85891894316852,63.170105656691625,0.7092655550359728,80.25102961364975,21.633643499913404,17.944966016634947,80.25102961364975,75.58811597284274,23.298686016866057,23.370595541609468,23.514414591096298,23.406550303981177,NAO_62_a245,9.27090909090909,neuage,20.177947809685264
1,2,17.705613261779256,17.708902816957288,18.795336070037298,18.797166605251405,19.87819827492267,19.878928404584258,1.0443551650384677,1.1256704225884997,-11.30839802529207,-0.7996206539672799,14,19.776392096452525,19.666460255123532,20.182526657388564,20.182526657388564,81.50446052757027,85.16825973135704,89.2574531691635,14.0,1.0,17.5,14,20.079089963226977,20.908555599854424,21.318256021827466,18.912694125057737,20.33505999681729,19.623877060937513,-1.4223658717595526,19.05493071223369,52.44817214819729,52.425601727552525,54.32077365788123,0.48408842280142245,103.98117277897629,18.912694124605753,14.573584590716486,103.98117277897629,69.97300592322743,17.605457251507563,17.797607373994904,17.689743086879783,18.013335948225144,NAO_62_a247,9.27090909090909,neuage,20.908555599854424
1,2,20.001935746407305,20.001951127355515,20.867921590888653,20.86792814961975,21.7926337900178,21.79279103595103,0.7810614035684061,1.0097785050271058,-2.9670906456842348,0.045426354730038,16,15.233840013335197,14.597272821644845,15.019349608016142,14.712256392755506,88.52323446907315,89.0890685649102,89.0890685649102,16.0,1.0,12.5,16,15.401522148036776,15.588998406132475,13.838960382331948,16.43624052635635,13.395656370770425,14.915948448563388,3.040584155585926,16.132182110797757,77.95181193416065,77.68375181194165,70.6699565512245,0.6091960988335593,91.53798641136505,16.43624052625879,13.439674991734753,91.53798641136505,86.0330889027631,20.413835701050036,20.16676961087091,19.98147004323657,19.91970352069179,NAO_63_a249,10.793333333333331,neuage,16.669977402516253
1,2,19.981453266581866,19.98327083040463,21.53615975594068,21.537393974120167,23.05465360877773,23.054915134151212,1.6084832516990646,1.4631610520475153,-3.8436828717936393,-0.6133933982925102,12,14.662838355271077,14.003929385200658,14.376460678859672,14.376460678859672,94.05420403305942,95.3097233089317,95.3097233089317,12.0,1.0,12.5,12,15.167120901736013,15.167120901736013,11.863765389426845,17.27481810509442,10.134919265010689,13.704868685052553,7.139898840083728,16.560828221086044,86.24255804351974,84.27077117260458,67.23400986429996,0.6004173156294856,101.17670131398314,17.274818105001884,12.060461785651945,101.17670131398314,95.55436886679936,19.954893116297317,20.026802641040728,19.882983591553902,19.954893116297317,NAO_64_a255,9.27090909090909,neuage,
1,2,18.010487063115704,18.010508674257856,19.215437820773815,19.21551221964339,20.412588126726988,20.412639360511477,1.322265190358427,1.079865495895199,0.2159379895723732,-0.15943914469252482,17,9.893951385773619,9.85518319275104,9.93946909848836,10.113675778037901,101.41447483227668,101.19670893018717,99.48158804619233,17.0,1.0,7.5,17,10.229929161095896,10.471622573360747,12.274453149156102,9.02568988612736,12.296258364640954,10.660974125384158,-3.270568478513593,9.35274673397872,98.12642217726425,97.35533212419519,114.80610580945317,0.7137251460211324,108.02964793082151,9.025689886126674,10.634349339370955,108.02964793082151,97.59626080437468,17.974058060531195,17.943174799258806,18.035824583075975,18.34465719579988,NAO_65_a257,10.793333333333331,neuage,10.471622573360747
1,2,17.94424380558062,17.944592194667848,18.73976787714138,18.740173944120585,19.56002602713504,19.560265692491587,0.8963729728727831,0.7193005249509578,-4.658287012480566,-0.37718155182338714,20,13.428730536765826,13.07793237733807,13.432522187635158,13.424938885896495,98.2120419883795,96.29413922331278,96.29413922331278,20.0,1.0,11.5,20,13.482076416892966,12.887505172765543,13.58553958775451,12.73223840208791,14.221438582719566,13.476838492403738,-1.489200180631655,12.881158420151076,77.00052555588896,76.92271981117086,81.34036046749938,0.6560841819053821,136.3804817788759,12.732238401977188,11.297640849847925,136.3804817788759,91.50835462992119,17.819641754169243,17.819641754169243,18.035824583075975,17.974058060531195,NAO_65_a259,10.793333333333331,neuage,
1,3,19.46935393760075,19.469775017673193,21.140567668847815,21.140794853204675,22.916200553794184,22.917556710848203,1.9011199786199884,1.546661714555019,-11.087875488669004,-0.2656235491254142,0,,,,,,,,,,1.5,0,,,,,,,,,,,,,,,,,,19.656145753143445,19.70746728252502,19.604824223761867,19.861431870669744,NAO_66_a261,6.495,neuage,
1,3,14.02679253805783,14.026948484291205,15.595016864633402,15.595087192191311,17.16264099485072,17.16363310761029,1.3684976973789986,1.768186925940086,-5.062080952817665,0.17207059416201642,0,,,,,,,,,,1.5,0,,,,,,,,,,,,,,,,,,14.062099050551705,14.01077752117013,14.113420579933283,14.164742109314858,NAO_66_a263,6.495,neuage,
1,2,17.50056868819702,17.500625517087176,18.72368761167675,18.723717179266572,19.995481160361813,19.995552750217072,1.6398395404433037,0.8550876926865935,-7.81464855626061,-0.10182387337550841,1,4.998477472402811,4.998477472402811,4.998477472402811,4.998477472402811,75.59513580548925,75.59513580548925,75.59513580548925,1.0,-1.0,4.5,1,,,,,,,,,,,,,,,,,,17.383770549003863,17.671101442042,17.555650471122046,17.511965848820665,NAO_67_a265,8.108741258741258,neuage,
1,3,12.817755439427069,12.817760970625114,13.895583959853555,13.89559547738024,14.986857466346885,14.986857749443017,1.4206844172299113,0.7484123615879941,-3.5930381474537274,0.07376981469379128,0,,,,,,,,,,12.5,0,,,,,,,,,,,,,,,,,,12.796892211718818,12.825665128713727,12.825665128713727,12.948988831874436,NAO_67_a267,8.108741258741258,neuage,
1,2,17.63053806211735,17.631399662193903,18.73201715878586,18.732186007812974,19.843171068603223,19.845891178928433,1.0832623710769878,1.1312291456575436,-4.69577865433128,-0.2432724937074242,17,14.56207123639436,13.62064857009618,13.337791483619128,13.069392204274521,93.0765935388286,114.71148813908256,114.71148813908256,17.0,1.0,12.5,17,13.31714052949971,13.647508554493413,16.31269134339186,12.213262728177604,16.238646602957967,14.225954665567786,-4.025383874780364,12.615801115655639,72.17390270117636,71.69395205444017,83.28268525447531,0.688233358527016,132.48919085855468,12.213262728099577,11.47097446637591,132.48919085855468,88.59258305549568,17.850525015441633,17.757875231624464,17.51080914144534,17.325509573810997,NAO_68_a269,10.793333333333331,neuage,13.647508554493413
1,2,18.33394226008725,18.347336510710164,19.142820162000785,19.161377828824147,19.916828069076637,19.94715826085005,0.49962120930444015,1.1002005408354483,-2.065828469898262,2.521860195059232,20,16.164625656862313,16.452797018332998,16.337264386787695,16.66869032707976,83.09456634705481,82.79565368731575,78.10988562206224,20.0,1.0,14.5,20,16.374528085608972,16.77454094395236,14.97796462764768,18.02364446895313,13.975353097048961,15.999498783001044,4.048291371904167,17.61881533176271,66.91985492059433,66.56532818041661,59.29790329349397,0.543616128081798,99.87646695491046,18.023644468873123,13.853223362639227,99.87646695491046,76.6274595976889,18.097591105620758,18.2828906732551,18.49907350216183,18.90055589870291,NAO_68_a271,10.793333333333331,neuage,16.071455537949277
1,3,11.796807050218385,11.797123752763708,12.69256816552159,12.69527976437931,13.559157178040044,13.56826779989881,0.25921582214025274,1.5119282249948514,-9.003328028158748,1.1842324134043687,0,,,,,,,,,,,0,,,,,,,,,,,,,,,,,,11.923496350136023,11.930873284266674,11.760584102004692,11.97293586977839,NAO_69_a273,9.27090909090909,neuage,
1,2,18.001537305810476,18.02747303985207,19.03621692679972,19.05850456703893,20.106543790247482,20.124935214719063,1.160962725777542,0.9364994490894534,-7.421381731847955,-2.771198253712075,24,15.067688518030195,14.480268080111841,15.146183253602715,15.146183253602715,82.9831383678002,81.15564376781983,74.63498133132292,24.0,1.0,12.5,24,13.733296174637758,13.733296174637758,15.367839243716617,12.438007561919349,17.206863605013375,14.822435583466362,-4.7688560430940266,12.914893166228751,70.76911891516967,70.16023047438132,83.33378151347394,0.7877800114075126,117.35634438125125,12.438007561864833,12.537802389800213,117.35634438125125,82.68098016767087,17.833562136366613,18.013335948225144,18.049290710596853,18.336928809570505,NAO_69_a275,9.27090909090909,neuage,13.733296174637758
1,2,19.089547153754584,19.173770109954038,19.89975980724673,19.981429204201913,20.68542135579847,20.765626662437388,0.7752668889841328,0.8165896634992194,-4.518761765451674,-5.182055552026638,21,12.347550141495645,12.377335142388102,13.49967768120925,13.49967768120925,85.90772203440412,78.33952942219166,78.33952942219166,21.0,1.0,11.5,21,12.182567025117322,13.334694564830926,13.99668123475152,10.950002407289794,13.76024718650321,12.355124796896503,-2.810244779213416,11.231026885211136,89.67241385286344,89.28691254131044,100.57654077153386,0.6517843941672765,86.2914296920965,10.950002407305204,12.86437284456862,86.2914296920965,85.80852104472618,19.19984310649147,19.163888344119762,19.30770739360659,19.631300254951952,NAO_7_a25,9.27090909090909,neuage,14.41008509102656
1,2,20.498419506278395,20.512379044944236,21.474335165449457,21.48702787915607,22.42540477989842,22.43491632254125,1.0204204850815684,0.9021167925154387,-11.92725279524552,-1.9694641498585674,22,21.35626509862226,19.967093817889907,21.12030322758514,20.550629853134154,91.12728461114716,91.05220738577857,91.05220738577857,22.0,1.0,19.5,22,22.157910272755657,20.27976754809427,16.68073341622329,21.281656142212668,18.158040343113758,19.71984824266321,3.1236157990989093,20.969294562302775,60.477621868781505,60.35317789412147,56.1076971252803,0.777399910443402,110.02157285742304,21.281656142089403,14.948615995176306,110.02157285742304,78.9464664603698,20.24253121527097,20.566124076616333,20.458259789501213,20.49421455187292,NAO_7_a27,9.27090909090909,neuage,20.849440922545256
1,3,16.427121604268518,16.437446952868378,17.549642793650612,17.57406259585896,18.679482042992053,18.722774635483695,1.271727525658312,1.0136001569570026,1.4966844312898269,-3.0208065798025885,18,9.833525416098482,9.834796869182508,9.93817179430826,11.215135145377872,80.87668705567344,75.8544463775599,68.37396000257839,18.0,1.0,7.5,18,10.351016932406736,9.45567962398897,10.644100378973377,10.194607275259859,10.35357699901047,10.274092137135163,-0.15896972375061086,10.210504247634919,92.15889445441556,92.15706321955054,92.86790178293374,0.6272283998500179,84.12600370599137,10.194607275315732,11.831478166188628,84.12600370599137,80.16670845294925,16.61519456454602,16.491661519456457,16.368128474366895,16.121062384187773,NAO_70_a277,10.793333333333331,neuage,9.45567962398897
1,2,18.695441749722107,18.695844115415227,19.791899663885065,19.791969649335517,20.83369550114866,20.834286992703188,1.241232250014571,0.8972106272733905,-4.648747786543141,0.15236918030139163,32,14.61993987149755,14.820232989117521,15.48825645816791,16.04379561495952,87.31438475895158,85.27209014593244,75.35911244848978,32.0,1.0,13.5,32,14.107795719505503,13.968565021151903,15.578320923692246,12.271979244936684,17.241031534265282,14.756505389600983,-4.969052289328599,12.768884473869544,74.02903742343317,73.33076457669145,87.87572103465094,0.6776546561815382,119.38382541720154,12.271979244895837,12.643479611858197,119.38382541720154,85.33390786089147,18.6392811296534,18.664955070603337,18.664955070603337,18.793324775353014,NAO_70_a279,12.983333333333334,neuage,14.107795719505503
1,2,23.19611239665271,23.228865503748338,24.53301087097455,24.562811310519358,25.88563869290669,25.909700769550735,1.352785886133898,1.328049379668502,-2.071336445256917,-2.8226293125612014,19,12.180561792316496,12.561827644034931,11.536039384535485,11.536039384535485,106.7093405557022,110.41154864923664,110.41154864923664,19.0,1.0,11.5,19,13.01386451483657,17.22922322368788,11.722827465951042,15.757552616017918,10.629432072304308,13.193492344161113,5.128120543713611,15.244740561646559,102.96016137464005,101.660099007992,85.44080611168347,0.7390799335383967,89.28636108835325,15.757552616028864,13.528740027710644,89.28636108835325,99.18618659143267,23.143748293159703,23.184856194213275,23.225964095266846,23.184856194213275,NAO_71_a281,8.108741258741258,neuage,17.921989996300283
1,2,16.54867285843808,16.549176932533022,17.562644759667705,17.563362211839806,18.620680116764053,18.62163335170395,0.9766157369624531,1.0958406822084732,-9.623402016392253,-0.5178831215464442,0,,,,,,,,,,18.5,0,,,,,,,,,,,,,,,,,,16.525376223534995,16.60759202564213,16.60759202564213,16.525376223534995,NAO_72_a285,8.108741258741258,neuage,
1,3,10.030759137749186,10.04347962772975,10.579991943132935,10.583142374455685,11.059352071473272,11.059405513080595,-0.317837745632631,1.3337636309834746,-3.157132002380978,1.398060911420351,0,,,,,,,,,,0.5,0,,,,,,,,,,,,,,,,,,10.069702268025628,10.139182095710293,10.074983628796547,9.884421460791986,NAO_72_a287,8.108741258741258,neuage,
1,4,28.676590544526935,28.677001814092815,30.045422902281526,30.04546062930672,31.504513003781494,31.504525571365296,1.6912699093714239,1.136253847901057,-8.604486563662165,-0.09079763223677657,14,8.855637848358853,9.406879176656412,8.753777264713818,8.753777264713818,167.7273242068552,172.51179513064326,,14.0,1.0,9.5,14,8.79309874216321,8.79309874216321,,8.421248319779211,10.387432466751644,9.404340393265429,-1.9661841469724322,8.617866734476454,175.60549987402626,174.96599746243814,195.21739210403206,0.3139243680299978,,8.421248319243944,5.2358643535016425,,313.28993033689625,28.835719422108912,28.691900372622086,28.584036085506966,28.368307511276726,NAO_73_a289,9.27090909090909,neuage,8.79309874216321
1,5,27.872616871972923,27.87377170948532,29.139820313442563,29.140213947602003,30.469490150745216,30.469490150745216,1.5689366785108834,1.026781762749011,-3.265535870390991,-0.2978092211223219,20,11.85020274230314,12.074136164964443,11.837365888110241,13.197799006170385,158.45949542264327,162.51487148899955,144.0187855833354,20.0,1.0,11.5,20,11.927541912882077,13.28797503094222,13.376963359337651,13.945304594711189,9.10163114217494,11.523467868443063,4.843673452536248,13.460937249457563,141.54808806732217,139.44995318673529,115.59474998781978,0.46780564053166596,171.71994508727204,13.945304594599005,10.106390374657359,171.71994508727204,158.7552347565067,28.080669412303067,27.93685036281624,27.82898607570112,27.50539321435576,NAO_73_a291,9.27090909090909,neuage,15.83506046995683
1,3,26.790949963798433,26.7933249135548,27.95602194216824,27.95716493816625,29.186887581568964,29.18698370178964,1.5942891898378466,0.7993695983969877,-9.828595280395158,-0.518101560610413,20,13.576181843414034,13.672641417935486,13.616021997161198,14.094918554244401,212.03775374083312,212.03775374083312,216.35313742514006,20.0,1.0,13.5,20,13.508103895553347,13.508103895553347,14.989900398737063,12.246763456572072,16.345730870084623,14.296247163328347,-4.0989674135125505,12.656660197923326,108.78542370360434,108.04264054141949,125.77436079944228,0.45135317691614263,432.3200627574035,12.246763456083606,9.777507117629455,432.3200627574035,157.10253991940826,26.93011701640845,26.894162254036743,26.642478917434794,26.211021768974312,NAO_73_a293,9.27090909090909,neuage,14.725214840090985
1,2,22.17397568898397,22.178738747627364,23.021717581985623,23.023876500815373,23.819759184025685,23.82206386932543,0.7218113118569591,0.9215138098411075,-6.891111975972334,-0.7846391206846087,24,17.194830287285455,17.361443125568467,17.065312788738368,17.369204036444614,90.89340005005552,90.9191978565859,87.01033711389405,24.0,1.0,15.5,24,19.776124920342284,19.776124920342284,17.215140698330202,18.34769390922054,16.64227406321661,17.494983986218575,1.7054198460039256,18.177151924620144,73.64352657190607,73.58597319830794,70.2757405966115,0.6918692301733633,113.2180358245831,18.34769390914113,14.56824534960882,113.2180358245831,87.9470505654657,22.112415071031503,22.143298332303896,22.174181593576286,22.235948116121065,NAO_74_a295,10.793333333333331,neuage,19.776124920342284
1,3,15.738659438059969,15.741863361383253,16.633946589890172,16.63906063689576,17.546551218728517,17.55243579287274,1.1220373058529756,0.6885351256365146,-7.109933466352446,1.4205833161366066,17,14.614514867107772,14.115127983580395,14.860831158632152,14.860831158632152,100.13446588313109,101.5281171762064,99.6387945889818,17.0,1.0,15.5,17,14.261871080375727,10.4778728808121,17.42144026207555,10.61947477060441,19.053292157400058,14.836383464002235,-8.433817386795647,11.462856509283975,63.12146173624205,61.39949657495961,85.31294566734253,0.6024543846415781,150.46324891908588,10.619474770424292,10.796973517554138,150.46324891908588,83.92666218606175,15.812229771463869,15.75046324891909,15.75046324891909,15.75046324891909,NAO_74_a297,10.793333333333331,neuage,18.589243329876638
1,2,9.95106824093933,9.951567122616822,10.739067047276285,10.739476124905634,11.593746461916313,11.593909325196531,0.7434060133447817,0.8989361892349282,-4.938985264208968,-0.5000924818606439,0,,,,,,,,,,0.5,0,,,,,,,,,,,,,,,,,,9.697344039530577,9.728227300802967,9.913526868437309,9.913526868437309,NAO_75_a299,10.793333333333331,neuage,
1,2,19.370036570985427,19.370730014836568,20.97384806137111,20.976168473395013,22.646110230128016,22.651060092939435,1.8461473423454853,1.4341827357573862,-9.605542061393525,-0.8522384148307709,0,,,,,,,,,,3.5,0,,,,,,,,,,,,,,,,,,19.690684604659854,19.40292929728487,19.156281890963452,18.868526583588462,NAO_76_a303,8.108741258741258,neuage,
1,3,15.9126309389431,15.91268615540196,17.256196807767516,17.256232178949453,18.620439042312597,18.620447684164215,1.7746387248647972,0.933122803897456,-0.11451259776954889,-0.11600841756341307,0,,,,,,,,,,6.5,0,,,,,,,,,,,,,,,,,,16.114297212999297,15.90875770773145,15.78543400457074,15.538786598249322,NAO_76_a305,8.108741258741258,neuage,
1,2,20.431156457881695,20.432151402733396,21.663949478158735,21.665841824899985,22.872937185907183,22.876657159378674,1.04444263566776,1.4000631209775163,-5.7361623513957,-0.7572745569225353,18,19.667649796959523,19.411889334583567,19.271328708178856,19.794531704706884,73.1718457575002,70.4371369281909,67.9777505911311,18.0,1.0,17.5,18,20.814167718816122,21.584643678880525,20.010513948742556,22.541832446858756,17.85751253272024,20.1996724897895,4.684319914138518,22.073400455444904,59.32005857413615,59.05814964731056,53.19404559247948,0.6964602904620235,80.42001235330453,22.541832446768822,17.188524656006543,80.42001235330453,69.00576045007307,20.506485484867206,20.413835701050036,20.413835701050036,20.382952439777643,NAO_77_a307,10.793333333333331,neuage,20.814167718816122
1,2,18.555979305717695,18.558421246709855,19.728607276580007,19.73031926708753,20.926722743959402,20.927420599905773,1.3119339977082944,1.057065355487623,-2.0720971747525696,-0.7547869631211148,16,17.407036760145886,17.44322203154844,17.032408539847296,17.032408539847296,63.988513868152346,64.59306138170226,64.59306138170226,16.0,1.0,15.5,16,17.221089716670832,19.219503742066877,17.97034615726801,16.642382224702615,19.42525778325787,18.033820003980242,-2.7828755585552543,16.92066978055814,60.041785495548496,59.9241882483883,64.77448652463119,0.48728283974075065,67.26374305126623,16.642382224650667,17.36817019859889,67.26374305126623,62.14595922020654,18.52821105133525,18.715256331068563,18.591723285979,18.159357628165537,NAO_77_a309,10.793333333333331,neuage,19.219503742066877
1,3,17.233626886835047,17.23380024477088,18.49412783269335,18.494372759622262,19.81011331755679,19.811044707067552,1.713215315275065,0.8640291470216098,-7.594751456920597,0.29487406355039003,0,,,,,,,,,,15.5,0,,,,,,,,,,,,,,,,,,17.224210541445675,17.183102640392107,17.183102640392107,16.89534733301712,NAO_78_a311,8.108741258741258,neuage,
1,3,18.269405732739337,18.27082773714633,19.04242866268678,19.04445417894266,19.8354973143878,19.83811837778737,0.6330144766917682,0.934276163949272,-4.72577314286195,0.8356512765315748,7,12.477732673319053,12.763460853773049,12.078452414327671,12.078452414327671,138.54953522656797,152.95462545513686,152.95462545513686,7.0,1.0,12.5,7,11.902132507945396,11.902132507945396,,,,,,,,,,0.12384314039506261,,,,,,17.988759871504463,18.186775388938532,18.49907350216183,18.159357628165537,NAO_79_a315,10.793333333333331,neuage,12.756322370749388
1,2,22.744706548971926,22.74482028806353,23.678447495171607,23.678829776750405,24.604563321856,24.607672118433413,0.9356617303257967,0.9271901000440849,-9.891680111113754,-0.3255740502103766,10,13.599163158154553,13.218288144422928,12.890599349997444,12.890599349997444,139.31533563376462,181.63814476022452,167.83257280603567,10.0,1.0,12.5,10,,,13.029602876616309,13.77537376167308,13.205044839490558,13.490209300581819,0.5703289221825222,13.718340869454828,97.15483966205569,97.14047977356182,95.16727318650535,0.23919837847685693,377.0988446726572,19.01879623266344,9.360104214457849,201.33504492939664,139.33225849512016,22.69576379974326,22.618741976893453,22.69576379974326,22.56739409499358,NAO_79_a317,12.983333333333334,neuage,
1,2,18.203510384805718,18.206591087440536,19.210930195685762,19.213469286814775,20.109729344201106,20.112917193884886,1.0540076653436208,0.8523184411007287,0.6729617641318382,0.9314909974134093,17,12.640277950445949,12.5656640640297,12.532198997572095,12.532198997572095,84.30497690596162,85.05068738132837,85.05068738132837,17.0,1.0,11.5,17,12.899280093010503,12.699488951839811,13.511142103914239,12.101223006187247,14.405195818331222,13.253209412259235,-2.3039728121439755,12.331620287401645,79.61017013283575,79.41076893064978,86.84105209589282,0.48890862414907726,86.72019765287216,12.101223006127979,12.879133104595514,86.72019765287216,81.67657907062568,18.2828906732551,18.221124150710317,18.159357628165537,18.066707844348368,NAO_8_a29,10.793333333333331,neuage,12.699488951839811
1,2,15.811746541584133,15.816254991603214,16.758982024445782,16.761454695435155,17.757326131873146,17.757791233982257,1.1798342338640675,0.7617020085149746,-4.023846803555095,-0.984170362216132,19,13.657292050843864,13.711776517625625,14.881128883671607,15.05599393890816,78.67939996476024,70.33208027521071,70.33208027521071,19.0,1.0,12.5,19,15.201349249323613,15.716597558948365,12.732270253943653,16.80992154023324,12.118045656995477,14.463983598614359,4.6918758832377625,16.340733951909463,63.8095044780478,63.25106190366916,54.62806891876137,0.5275860063838725,72.8227300802965,16.809921540082982,13.102045709527994,72.8227300802965,69.6924326496725,15.626930203829527,15.78134651019148,15.90487955528104,16.121062384187773,NAO_8_a31,10.793333333333331,neuage,
1,2,17.67311008776724,17.67575898168758,19.03516584258708,19.037585326281285,20.442797985184416,20.445292113462195,1.259778255273272,1.5097548765013424,0.49958593506211896,-0.9134770658667406,16,13.02326043381747,13.01238983629756,13.842155887775476,12.912615100883613,71.62773071734352,67.85814182717618,73.0241707680563,16.0,1.0,12.5,16,14.868843574927126,14.144484838082974,13.41889927624581,15.500946554458167,12.291890208328931,13.896418381393548,3.209056346129236,15.180040919845244,73.91827941118629,73.59134319075986,66.1326646918668,0.5164043532721356,69.48733786287833,15.500946554479796,14.13689283900041,69.48733786287833,72.36438569687853,17.788758492896854,17.757875231624464,17.57257566399012,17.325509573810997,NAO_80_a319,10.793333333333331,neuage,14.868843574927126
1,5,14.581023010865206,14.58200476248768,15.563838448284919,15.564513355319725,16.439142681895316,16.439590497986252,1.0878803060410238,0.7697054294575473,-7.990401684983693,-0.5335724577644729,25,16.357134745952123,15.889749454477373,16.262357985493423,15.929925896947282,79.8486114058102,80.15104200119298,81.14172457446844,25.0,1.0,13.5,25,16.804141069179565,16.140813993797707,17.497218997818777,16.17444801419479,18.222674533778726,17.19856127398676,-2.0482265195839355,16.379270666153182,49.2031794208527,49.14573906178266,52.16637235444954,0.5359440465619135,95.98517603458927,16.174448013882838,13.098684420415358,95.98517603458927,64.12072323144439,14.74957636719345,14.61669346652592,14.50704387382907,14.638665843113035,NAO_80_a321,10.793333333333331,neuage,16.140813993797707
1,2,19.934277000999252,19.942730474230906,21.124857291491065,21.130640420956613,22.297543824846127,22.301113733162047,1.4704107668884048,0.8879724920427371,-3.5296291520160454,-1.340518041280784,19,14.229030894554882,14.394088893084241,14.486699956476826,14.229030894554882,87.50559112613428,83.64401630260664,87.50559112613428,19.0,1.0,12.5,19,15.017856923725446,13.928960394049653,14.426290604426498,14.495769321998429,15.015168011872317,14.755468666935373,-0.5193986898738884,14.547709190985818,78.2299917995596,78.22199033312724,79.59254169222739,0.6762187445532002,94.70484408707591,14.495769321957347,13.855016648829668,94.70484408707591,83.1963758678841,19.90927049426132,20.026802641040728,19.990847878669022,19.954893116297317,NAO_82_a329,9.27090909090909,neuage,15.017856923725446
1,2,18.042311736009353,18.04717714546805,18.555952184752588,18.560028859379486,19.110341260950808,19.113177721209663,0.5949598208892217,0.4710407548523928,-0.2502170708118307,-1.2009067377641132,13,10.888809406083936,10.468154266494768,10.888809406083936,10.961323403421147,87.46522261824688,87.46522261824688,87.43764888909566,13.0,1.0,8.5,13,11.533172432301996,11.533172432301996,,10.697169873731573,14.031383683074806,12.36427677840319,-3.3342138093432325,11.030591254665897,84.7799768226904,84.26695633005278,97.20914700300537,0.42814254505032323,89.0372272143774,10.69716987374545,12.582217683333742,89.0372272143774,82.83027229519766,18.092131234083876,18.154940217511836,18.305519897304233,18.485237483953785,NAO_83_a331,12.983333333333334,neuage,11.533172432301996
1,3,18.47471201643423,18.476142307199225,19.268875763179775,19.26907025367326,20.013188510490302,20.013686787240623,0.75163399146813,0.7859104885732731,-8.074048421151637,0.2574286057860991,14,13.567134243072246,13.172345054219745,13.348745580291705,13.785522905852787,121.23890720408896,121.23890720408896,112.50063789627941,14.0,1.0,13.5,14,12.58053895755313,14.39664465053201,16.867017010334052,9.395986939931658,20.048540569103572,14.722263754517616,-10.652553629171914,10.46124230284885,75.91276731767798,72.5067619964632,112.86764628460836,0.5876199560417266,559.4865211810013,9.395986939564702,9.804824959836727,559.4865211810013,108.20452870056141,18.228498074454425,18.33119383825417,18.6392811296534,19.024390243902438,NAO_83_a333,12.983333333333334,neuage,14.39664465053201
1,2,19.275692406137303,19.276010101890723,20.458988013328895,20.459853183682476,21.629000618246767,21.630412740096435,1.5317664473740433,0.8226361908316663,0.10770311546036195,0.5269127636078568,24,8.59360425608341,8.946037109034508,9.587707653276567,9.996616957707317,129.61240929036688,117.79278298231054,112.6967676131469,24.0,1.0,6.5,24,9.68749840402782,10.096407708458571,8.621810816037623,9.689398943538826,7.99634910739736,8.842874025468094,1.693049836141467,9.52009395992468,125.77617300314074,125.39204418993869,114.52837362018083,0.6017518942588931,155.4663372452131,9.689398943534881,8.682353136890098,155.4663372452131,127.69204740432082,19.30203829524398,19.30203829524398,19.33292155651637,19.549104385423103,NAO_84_a337,10.793333333333331,neuage,10.096407708458571
1,3,22.03901294739084,22.08094503970843,23.201180717993303,23.24473373584272,24.34448477286508,24.387838179191352,1.1872129750606453,1.1196801644222745,-6.916298022998786,-3.5079411808306626,20,14.710016357833496,14.951375689417825,15.312990516326408,15.312990516326408,97.21202924472081,96.49974450107919,97.92431398836244,20.0,1.0,13.5,20,16.572149845045544,17.34163224225253,15.026957390473513,17.767509120681552,13.11145735184987,15.43948323626571,4.656051768831681,17.301903943798383,83.19833850671208,82.57053805159184,72.03532626237785,0.7203492636927478,102.90252990782508,17.767509120595292,13.543977412272634,102.90252990782508,93.86314501582319,22.43577171994509,22.22004314571485,22.07622409622802,21.788585997254366,NAO_85_a339,9.27090909090909,neuage,17.34163224225253
1,2,20.979887961025337,20.986223208401196,21.914266047597952,21.917695832305093,22.924577638311636,22.9250263656044,1.186739711827804,0.7520634453753962,-1.5415788285326832,-1.0136295799865462,20,13.298804216385676,12.911809611721232,13.199175998299324,12.631103482177394,91.88709640886896,92.57564295719642,95.81138019885671,20.0,1.0,11.5,20,12.45739056279615,13.423487038972041,13.790895531722327,12.461238681155205,14.066194284084517,13.263716482619861,-1.6049556029293128,12.621734241448136,91.5499422578381,91.43896492673765,97.2251466190586,0.7975386050524156,96.43067268091784,12.461238681153738,13.184335813797821,96.43067268091784,91.97966402636638,21.06949074982023,21.033535987448523,21.033535987448523,21.249264561678764,NAO_85_a341,9.27090909090909,neuage,13.423487038972041
1,2,20.9338831306217,20.95437384578301,21.954972359271512,21.98340139159548,23.004372571029357,23.042224373613575,1.2190654988335643,0.8687850289970005,-3.234070078101585,-2.9141911688242224,14,13.590794696826919,13.657115694252647,13.718827980099206,13.623756900986933,90.18974156438293,88.59676484975654,88.67192530604449,14.0,1.0,11.5,14,14.968678732673311,14.968678732673311,14.073577539751767,15.128974577565991,13.383079030026032,14.256026803796011,1.7458955475399591,14.954385022811994,85.07615462360263,84.97065284247603,80.17261560626073,0.5528946709187902,88.44871543439892,15.128974577533656,13.72863924659503,88.44871543439892,88.16845860385374,21.105445512191935,20.997581225076814,20.81780741321828,20.70994312610316,NAO_9_a33,9.27090909090909,neuage,
1,2,17.986068712652376,17.995605005975293,19.175352145224657,19.17931344136292,20.310206069212626,20.310710732663885,1.1091108267228222,1.2059948999657657,-8.533169372767231,-1.1645207525693448,25,15.833523472694935,15.911388951222074,15.712858443923068,15.413541165047633,95.61007914410358,98.66118534286566,99.44279361732775,25.0,1.0,15.5,25,15.319487085046063,15.079760772263484,16.430561023471796,13.91089156034166,18.749499347352092,16.330195453846876,-4.8386077870104325,14.394752339042704,64.22238872978501,63.755300964450676,74.56447694462358,0.7652630521814304,110.25324274243363,13.910891560256914,13.163182521719165,110.25324274243363,78.71871895428221,18.010728124527986,17.974058060531195,18.066707844348368,18.437306979617052,NAO_9_a35,10.793333333333331,neuage,14.910366906743178
1,2,15.635610574491375,15.692771349324644,17.29303241673962,17.3551431093368,18.922313610964935,18.98341065947481,2.0570588275743007,1.2335804825758667,-11.576996878228062,-4.848822910980267,9,23.842198176058986,24.46958516856203,26.15059633704223,26.15059633704223,42.997922092476664,43.63877435662408,49.700764592658864,9.0,1.0,23.5,9,25.978678285261424,25.978678285261424,23.017376398926558,28.712510745728032,19.33138339547563,24.021947070601833,9.381127350252404,27.774398010702793,38.6433030391624,38.15979707419698,32.33525080320211,0.708501235684571,52.645161290322584,28.712510745394436,20.765308118806743,52.645161290322584,43.81537136022438,15.56989247311828,15.698924731182796,15.741935483870968,15.870967741935484,gm_000,7.75,gm,25.978678285261424
1,2,15.710229174642562,15.767595432878874,17.367079982575202,17.430835861668214,18.99543034707984,19.059985478339776,2.031567051981651,1.2608229934792479,-11.519103566054703,-4.901975161468327,11,23.477887818380623,24.23718914729785,24.62746055356311,24.894246707756167,50.398282091813954,50.398282091813954,50.168991007906236,11.0,1.0,22.5,11,24.67620718862827,25.729597539488367,21.748915843867707,27.188196450627643,18.83654697155091,23.012371711089276,8.351649479076734,26.353031502719972,40.36816414269769,39.93167814420686,34.16499098902814,0.7391331815122402,55.483870967741936,27.18819645034155,19.806310873478587,55.483870967741936,46.07016496603416,15.612903225806452,15.698924731182796,15.78494623655914,15.870967741935484,gm_002,7.75,gm,26.023153355639835
1,2,15.856880895422664,15.91176165919153,17.550238050913116,17.613761693443422,19.20721830903981,19.27305589664651,2.0636698506887674,1.2976243867662123,-11.540275354594309,-4.867543908971822,11,22.258682294069217,23.179542294025065,23.59105420595546,23.60179567592408,49.40895639688842,51.885992345914886,51.885992345914886,11.0,1.0,22.5,11,23.40950590226197,24.719743020890377,20.955470737652234,25.99125025571487,19.719182457176956,22.855216356445915,6.272067798537915,25.36404347586108,40.814391148723814,40.562975348264764,35.950698487948515,0.7703271025598063,57.03225806451613,25.99125025556743,19.561259315628085,57.03225806451613,47.05534974495336,15.870967741935484,15.870967741935484,15.956989247311828,16.258064516129032,gm_004,7.75,gm,24.719743020890377
1,2,15.972827841473295,16.03251547306921,17.65786199033372,17.725517107132553,19.289392358246463,19.357275017520315,2.010129603131347,1.314629941319755,-11.706628639135491,-5.007566547916647,13,23.038635443839723,23.482565456951548,23.530082400224586,23.530082400224586,50.676826145491,52.60945668347192,52.87959351060293,13.0,1.0,21.5,13,24.45194836900467,24.664408488409208,21.669144361195748,25.37784705006156,20.19732648522466,22.78758676764311,5.1805205648368995,24.85979499357787,41.145135344656,40.97145839834669,37.026178050833515,0.6436300085499026,59.87096774193548,25.37784704984336,19.540463977319416,59.87096774193548,47.44454486021738,15.913978494623656,16.043010752688172,16.043010752688172,16.258064516129032,gm_006,7.75,gm,25.11926283799704
1,2,15.997785173550115,16.05494559020331,17.65159482685222,17.72108805588488,19.244150678754313,19.31857197265856,2.023763549934259,1.2398628325209886,-11.939096020979187,-5.075814128805413,16,23.31357953485238,23.56452933071865,23.866968595561502,24.42573515437573,49.362843427801394,50.091474647002094,50.51365794647954,16.0,1.0,21.5,16,23.557431419491905,24.073768581135454,22.75142173638332,24.437806316776392,22.79832526409331,23.61806579043485,1.6394810526830819,24.273858211508085,39.678120396356846,39.66258267481548,38.40979967589063,0.715442408868377,56.25806451612903,24.43780631661516,20.242632175090666,56.25806451612903,45.92630248302192,15.956989247311828,16.043010752688172,16.129032258064516,16.387096774193548,gm_008,7.75,gm,24.77484742607092
1,2,16.155512862714442,16.21999063041035,17.757756249331546,17.831546947985867,19.33130414128851,19.410353684163912,1.9197240044351185,1.270639049318441,-12.051672397225827,-5.214273550226042,15,24.189884120470794,23.796915469073774,24.32194726723739,24.32194726723739,45.90425964898647,48.506404019823286,48.506404019823286,15.0,1.0,21.5,15,24.510893972283043,24.781020967321467,22.410393125433416,25.469239932921887,21.73895880716023,23.60409937004106,3.730281125761656,25.096211820345722,40.148297041399964,40.066694155192856,37.30767819107899,0.7494008744205048,57.54838709677419,25.469239932743314,20.249563698263223,57.54838709677419,46.35316273315852,16.086021505376344,16.21505376344086,16.258064516129032,16.516129032258064,gm_010,7.75,gm,24.781020967321467
1,2,16.31382265325292,16.379095395402974,17.947350968805967,18.02081292593869,19.56173813602592,19.63798111993843,1.9705876681166894,1.288298056418766,-11.925964745855687,-5.1752261472998065,14,22.659351555321408,23.070530693687438,22.775427195500555,22.775427195500555,52.66587204457245,53.307856458236444,49.267605451873955,14.0,1.0,21.5,14,23.684911626252017,24.24169089819759,21.162296990609008,24.847732909242133,20.286244127683332,22.566988518462733,4.561488781558799,24.391584031086254,42.36457188345001,42.22324916839147,38.56120641633987,0.7916628724605954,62.70967741935484,24.847732909095427,19.292210866846126,62.70967741935484,49.04484799222437,16.301075268817204,16.301075268817204,16.344086021505376,16.387096774193548,gm_012,7.75,gm,24.24169089819759
1,2,16.364526995971485,16.42620206281646,18.010274820995406,18.08083267354736,19.63857419115736,19.71468152627428,2.005930225719664,1.2825492377381575,-11.745161848319963,-5.063402201074529,19,22.766945417706893,22.92731700184351,22.766945417706893,22.766945417706893,50.04618392965942,52.10893571208796,53.08902727152024,19.0,1.0,20.5,19,23.511662729821808,23.511662729821808,22.026508095842416,24.623955495960004,21.18949010574905,22.906722800854528,3.4344653902109537,24.28050895693891,41.83722860122603,41.7605908461637,39.0114824192644,0.716930046432599,59.61290322580645,24.623955495827452,19.58322344686256,59.61290322580645,48.495636795713644,16.258064516129032,16.387096774193548,16.43010752688172,16.64516129032258,gm_014,7.75,gm,23.96995179383876
1,2,16.355118921851904,16.413833324712616,18.003642236862085,18.07488606642267,19.614541248082396,19.695380673095226,2.004798516547756,1.2767488318348503,-11.876129764119883,-5.088809908541115,17,22.238576425820668,22.24430832555557,22.551953757181906,22.551953757181906,51.77808609113228,54.764024870659064,54.764024870659064,17.0,1.0,20.5,17,23.026527434700284,23.58834375913065,21.79049066016279,24.618174155500263,20.154247138919825,22.386210647210042,4.463927016580438,24.171781453842218,42.78939547080126,42.65043890737722,38.99311077690169,0.7672312922463549,61.67741935483871,24.618174155298554,18.9682273233917,61.67741935483871,49.972739824984124,16.301075268817204,16.43010752688172,16.473118279569892,16.774193548387096,gm_016,7.75,gm,23.58834375913065
1,2,16.42546869893814,16.481205668940806,18.110129928818818,18.182212327360116,19.731361533378994,19.81500100475035,2.0618507459368156,1.2719445898727282,-11.973543180326555,-5.103551068484371,18,22.15972786068943,22.40109594746371,22.398985680558326,22.398985680558326,53.94406049693019,51.85064322691208,51.85064322691208,18.0,1.0,20.5,18,22.170321288779206,22.949541281906278,21.900553161229652,22.270041995012672,22.06948481994317,22.16976340747792,0.2005571750695013,22.249986277505723,43.22651171810175,43.22622346438249,43.04141835066631,0.7456310268010824,63.225806451612904,22.270041994898737,18.65404024031379,63.225806451612904,50.996873789715195,16.516129032258064,16.559139784946236,16.559139784946236,16.903225806451612,gm_018,7.75,gm,22.170321288779206
1,2,16.67429018386619,16.742169534036403,18.27890927826599,18.358544487174115,19.85907988077202,19.945554930060183,1.9334911207500738,1.2698942752737041,-11.974071422781213,-5.338609847564045,16,22.411927814195906,22.391625366991818,22.521415375945168,22.523190407890155,51.74409668213886,52.59888294274346,46.139993599029545,16.0,1.0,20.5,16,22.209878761616352,23.23052551413221,22.430628917059863,22.741417276080107,21.904299334361735,22.322858305220922,0.8371179417183731,22.65770548190827,43.59701192208863,43.592017263082994,42.83112515916646,0.6459461821818496,62.45161290322581,22.741417275942123,18.962684054837936,62.45161290322581,50.95316913602654,16.602150537634408,16.731182795698924,16.731182795698924,16.903225806451612,gm_020,7.75,gm,23.23052551413221
1,2,16.71763261625635,16.786798352087935,18.326682044336813,18.40734176710518,19.880958606835748,19.966419849753965,1.9053274408600847,1.2742940568059409,-11.603651260294859,-5.365734377181273,14,21.343646161346044,21.64233741369673,21.513671759415956,21.965247920388947,53.45534449504725,53.37285338705987,53.37285338705987,14.0,1.0,19.5,14,21.426893164477235,21.878469325450226,21.08684196833741,21.991585682621146,20.99721869312537,21.494402187873256,0.9943669894957757,21.892148983671568,45.33531750213892,45.32739984946755,44.35177276759355,0.6424721474170764,66.3225806451613,21.991585682503036,18.337433495249105,66.3225806451613,52.79007503564446,16.64516129032258,16.731182795698924,16.731182795698924,16.903225806451612,gm_022,7.75,gm,21.878469325450226
1,2,16.71711567734345,16.789377307319306,18.32606464863603,18.410403079176913,19.871652442489673,19.959074175063517,1.8919319854378902,1.2777648823063208,-11.74291962402107,-5.486364671759137,16,21.148989474321695,21.52803464273716,21.571859734275392,21.571859734275392,54.0075826656882,53.19124094168562,50.510653933548625,16.0,1.0,20.5,16,21.444891470339456,21.444891470339456,21.08907757568494,22.48589828859382,20.546030981491267,21.515964635042543,1.9398673071025512,22.291911557883562,45.30864663353827,45.278580268388986,43.42039718853988,0.7311332456490406,64.25806451612904,22.48589828846433,18.36687734158125,64.25806451612904,52.701903377589844,16.688172043010756,16.731182795698924,16.86021505376344,17.032258064516128,gm_024,7.75,gm,22.691708630177175
1,2,16.719785886440455,16.789203325153586,18.324952138361205,18.407812336413286,19.89130884062699,19.979384522498073,1.9399605324131346,1.2502206649313523,-11.664104932833732,-5.438417803213186,19,21.051990401938326,21.205455283456043,21.203110799660692,21.12436806516726,54.16062554799892,53.815144142364495,53.815144142364495,19.0,1.0,19.5,19,21.23943408400831,22.48560093816795,20.570963016189978,21.972729479670534,20.61716285621636,21.294946167943447,1.3555666234541714,21.837172817325115,45.74790889341674,45.73277313352487,44.38875008639844,0.7884532619015504,66.58064516129032,21.97272947956601,18.09841190490752,66.58064516129032,53.46442370840189,16.688172043010756,16.731182795698924,16.86021505376344,17.032258064516128,gm_026,7.75,gm,21.23943408400831
1,2,16.758888647123083,16.831860847341485,18.363609587511537,18.448567280939507,19.921830207827053,20.011733423065245,1.8750507909759875,1.3048217847477737,-11.615922519209898,-5.500782456295721,17,21.055734739925413,21.35937630791601,21.065381610964664,21.224013133089045,56.15161950443999,54.19871435060076,54.19871435060076,17.0,1.0,19.5,17,21.012049620662395,20.910504717852945,21.180328013826028,21.26199614583066,21.53889806075064,21.40044710329065,-0.27690191491997984,21.289686337322657,45.62865251663584,45.6280290941221,45.9112446321267,0.7310496651158489,63.483870967741936,21.261996145737598,18.28289051671925,63.483870967741936,53.07129818578682,16.731182795698924,16.81720430107527,16.903225806451612,17.161290322580644,gm_028,7.75,gm,21.012049620662395
1,2,16.734088028673817,16.806596087406167,18.34055879812649,18.42665867134316,19.886090487098517,19.975965303005015,1.882004943621633,1.287364271977214,-11.389134597695396,-5.540957788127112,14,20.87311810572311,21.055900027780048,20.929739211270004,20.929739211270004,53.13196557041728,53.89983691171139,53.89983691171139,14.0,1.0,19.5,14,20.934535400778657,20.714902117093686,20.821293189684866,21.069459614378893,21.22169783297959,21.145578723679243,-0.1522382186006971,21.08468343623896,46.09462567999123,46.094430601124714,46.25334353953121,0.7200054468189083,64.25806451612904,21.06945961424914,18.110669127069364,64.25806451612904,53.49161728829773,16.731182795698924,16.86021505376344,16.903225806451612,17.161290322580644,gm_030,7.75,gm,20.934535400778657
1,2,16.8011380902453,16.873947880521364,18.37874995509291,18.461298790197848,19.91999082696911,20.004922423968893,1.8103318704556275,1.3206426729918999,-11.178455964031643,-5.420307674840394,19,20.617342746880354,20.88311708673547,20.837998362199727,20.837998362199727,56.73686983061317,55.617472680068595,50.8898932955962,19.0,1.0,19.5,19,20.40207693953724,20.265455436665405,20.670723035142174,20.614505069562618,20.85365760935149,20.734081339457052,-0.23915253978887327,20.638420323541503,47.179348405180875,47.17883550628395,47.44048581574762,0.7564108067042666,65.29032258064517,20.614505069471488,17.890750971346183,65.29032258064517,54.3704985394756,16.731182795698924,16.81720430107527,16.989247311827956,17.29032258064516,gm_032,7.75,gm,21.212901955563126
1,2,16.92042284519628,16.993691322844168,18.506245232100365,18.590384387166843,20.035596628100276,20.12095770158363,1.8174415984413725,1.309824780298088,-11.275543811348937,-5.45326313815649,19,20.78627545054684,20.7686773747597,20.82716306599022,20.82716306599022,56.7646080676509,56.7646080676509,55.74195766397294,19.0,1.0,19.5,19,20.768809976097913,20.4226865759087,20.72792236065453,20.62696359486395,21.158302373494315,20.89263298417913,-0.5313387786303686,20.680097472726985,47.15937171504594,47.15687995051805,47.737269012021166,0.7408773344064015,66.06451612903226,20.626963594769038,17.945243771708277,66.06451612903226,54.58147504368793,16.81720430107527,16.989247311827956,17.118279569892472,17.419354838709676,gm_034,7.75,gm,20.768809976097913
1,2,17.04984120238278,17.13022498119717,18.582454254963455,18.670364106167135,20.066158839615365,20.152868871341195,1.741584101465168,1.2810597886788588,-11.051186037697963,-5.562250751674311,19,20.486958518355408,20.149048004501438,20.50296276281597,20.529894746843382,56.83805160005019,56.83805160005019,56.83805160005019,19.0,1.0,18.5,19,20.516531061535943,20.516531061535943,20.47359483304797,20.024227416857784,20.710881679413255,20.36755454813552,-0.68665426255547,20.092892843113333,48.70853370890056,48.704006444359585,49.503907252657,0.7367990529387214,67.35483870967742,20.02422741676062,17.625032175178518,67.35483870967742,55.98338465869444,17.032258064516128,17.118279569892472,17.247311827956988,17.548387096774192,gm_036,7.75,gm,20.567734487578093
1,2,17.10787255005989,17.185658381836117,18.65613733259855,18.741427350712446,20.181287428707236,20.267779239591235,1.7951768967623967,1.2869439609927196,-11.163431893322391,-5.468273665588515,18,20.027001062939846,19.839792902781028,20.145284234115934,20.528867308121477,59.25841168289593,56.658361272118036,51.35791620699934,18.0,1.0,17.5,18,20.200827016211917,20.915919004750407,20.045045632131945,20.35488886451925,20.140330644407513,20.247609754463383,0.21455822011173814,20.333433042508076,49.13413085957519,49.13367960026572,48.88562478819876,0.7705263175965986,69.16129032258064,20.35488886440946,17.36483110692625,69.16129032258064,56.97368415007374,17.075268817204304,17.161290322580644,17.29032258064516,17.548387096774192,gm_038,7.75,gm,20.200827016211917
1,2,17.216896888214094,17.301148041948988,18.733626754885016,18.823033862518074,20.203740897361474,20.290207186531486,1.6963621714034705,1.292696973179027,-11.40610872949452,-5.586642679935521,20,20.261134815840805,20.22945725475821,20.286819807740983,20.68025160353187,57.687563194305184,56.5815000910515,51.39756423957764,20.0,1.0,18.5,20,20.68847841590261,20.90871868005317,20.28821839314216,20.575081746902317,20.362782609321116,20.468932178111714,0.2122991375812008,20.553851833144197,48.92622669001226,48.92579639516809,48.684242386202776,0.7400377153457667,68.90322580645162,20.575081746810227,17.585713402608075,68.90322580645162,56.62859819717501,17.161290322580644,17.333333333333336,17.419354838709676,17.677419354838708,gm_040,7.75,gm,20.68847841590261
1,2,17.194802733816775,17.279427997125925,18.70626481781263,18.796220418809224,20.190513573272437,20.278399283862996,1.7449587750785158,1.2540125116585537,-11.575909088185286,-5.607765283015275,18,20.63113871713108,20.527677466923002,20.803803279286655,20.803803279286655,56.45577202111952,56.81273281920103,51.032942517095485,18.0,1.0,18.5,18,20.787398059157482,20.252496856175213,20.686083142726346,20.498115343589014,20.79262227566072,20.645368809624866,-0.29450693207170475,20.527566036796184,48.45585677515285,48.45505090086762,48.78800062825018,0.7456201363339235,68.64516129032258,20.498115343492103,17.702035800571576,68.64516129032258,56.18636615828194,17.20430107526882,17.333333333333336,17.376344086021504,17.548387096774192,gm_042,7.75,gm,20.787398059157482
1,2,17.355510323372794,17.450766463075983,18.816947548863673,18.914809110949637,20.229260112050913,20.31949354073749,1.6171304967315383,1.2515965809299683,-11.636161997975893,-5.8308268494062245,19,20.342964284343253,20.461392203171975,20.52005586373994,20.633522300201463,56.83054985316927,56.83054985316927,54.85989155829185,19.0,1.0,18.5,19,20.64578551885421,20.11225880724109,20.44110840274547,20.424660825728576,20.380280833041056,20.402470829384814,0.04437999268752006,20.420222826459824,49.47210930168118,49.47209016179595,49.420634636394425,0.7463325276931474,68.64516129032258,20.424660825629132,17.61850355312026,68.64516129032258,56.98003861521511,17.419354838709676,17.50537634408602,17.591397849462368,17.806451612903224,gm_044,7.75,gm,20.64578551885421
1,2,17.354915420679344,17.445119623902325,18.84133080908465,18.935364111327587,20.28624563942499,20.37676575101922,1.6835697278781123,1.2480763992387802,-11.654775410684366,-5.712438450882145,19,20.223436250623706,20.412147666887904,20.24008646460271,20.588040766052245,55.85173857207172,57.22278578869418,54.35090179439245,19.0,1.0,19.5,19,20.518444719272168,20.023834110413276,20.170490417822606,20.24009871955369,20.402866666687554,20.321482693120622,-0.1627679471338653,20.256375514267077,49.653864463050766,49.65360395672951,49.84483250453626,0.6013148551797013,70.19354838709677,20.24009871946611,17.44344199700615,70.19354838709677,57.525429077373786,17.333333333333336,17.46236559139785,17.50537634408602,17.677419354838708,gm_046,7.75,gm,20.518444719272168
1,2,17.409742207635084,17.503491751689435,18.90063962242041,18.997190964651782,20.344785955876556,20.43664287064062,1.6926143937560512,1.240536725195131,-11.515495876101989,-5.779046696357163,22,20.022550751476956,20.079050961858854,20.11653271037028,20.18429719678437,56.80895740559165,56.915423734719404,55.33526022066226,22.0,1.0,18.5,22,20.079864001310852,20.079864001310852,20.030608311593284,20.085842258197296,20.033749409716428,20.059795833956862,0.05209284848086917,20.08063297334921,50.44257826769576,50.44255043531706,50.3798353821749,0.6669658554118576,70.70967741935483,20.085842258116422,17.28674256326431,70.70967741935483,58.22513152160231,17.376344086021504,17.548387096774192,17.548387096774192,17.806451612903224,gm_048,7.75,gm,20.147628487724944
1,2,17.52226254139028,17.62584700454167,19.009629083355325,19.109983801585958,20.436873566454622,20.523849532521464,1.6101026585258607,1.2878998694539328,-11.868810166539319,-5.874441827670631,23,20.404465749489702,20.40195911350966,20.413493073043867,20.767594959157407,56.20168492195877,57.516957017463014,55.1711573152303,23.0,1.0,19.5,23,20.212385729021776,20.107837183100003,20.269062018826446,20.27053885105962,20.1376778253268,20.204108338193212,0.13286102573281952,20.257252748486337,50.41535735392975,50.41517902892722,50.256876317892676,0.732327418059618,70.70967741935483,20.270538850989638,17.477626194444042,70.70967741935483,57.97445706675983,17.419354838709676,17.677419354838708,17.591397849462368,17.677419354838708,gm_050,7.75,gm,20.38319633009587
1,2,17.59402682322719,17.69452251336158,19.05944300179239,19.158254384718404,20.48420358364844,20.571646070400416,1.5975911815105008,1.2795323755283372,-12.010543702880284,-5.821702242827606,21,20.366793303788768,20.34836660064183,20.409289611889022,20.713104881744044,59.80527813799227,57.981738701908746,57.981738701908746,21.0,1.0,19.5,21,20.232651015884386,20.232651015884386,20.377286032670582,20.339045742077097,20.297242856102724,20.318144299089912,0.041802885974373816,20.33486545347966,50.327881408513115,50.327863986743175,50.278332071071105,0.7638792656099201,71.48387096774194,20.339045742008018,17.40280206078166,71.48387096774194,58.42932118341312,17.50537634408602,17.720430107526884,17.677419354838708,17.806451612903224,gm_052,7.75,gm,20.232651015884386
1,2,17.633198585518514,17.732828610754936,19.084554713805996,19.1832470349108,20.495540308880344,20.584141567983767,1.5936609270818154,1.257652030147011,-12.11232500238523,-5.814396193439661,23,20.568778492753978,20.48537681616649,20.590865880697947,20.798612220347962,58.74906948990876,58.3931208019017,51.66766535325546,23.0,1.0,19.5,23,20.545930122206784,20.2385835888372,20.523842734262814,20.976340974919637,20.316118905383455,20.646229940151546,0.6602220695361807,20.910318767966018,49.66714512980361,49.662993996325795,48.91584685614199,0.764402421074403,71.2258064516129,20.976340974840127,17.6507418472009,71.2258064516129,57.75134786551977,17.548387096774192,17.806451612903224,17.763440860215052,17.93548387096774,gm_054,7.75,gm,20.593496647406397
1,2,17.6200379536605,17.720857392455326,19.085805761651237,19.18460663473616,20.508630553583217,20.596498783596687,1.6052877343194492,1.2703536568219118,-11.934585931155322,-5.817389373648191,18,20.33150766182655,20.33518188287132,20.400089273147046,20.766638774730524,58.64472946887557,58.30267506172353,54.479725715356025,18.0,1.0,19.5,18,20.356636222773687,20.356636222773687,20.367596044446685,20.619802445573686,20.311525358273723,20.465663901923705,0.30827708729996384,20.588974736843692,50.05882743164845,50.05789881584594,49.699817950212385,0.7445845764598956,70.96774193548387,20.619802445479046,17.577435960736377,70.96774193548387,57.956500989311195,17.591397849462368,17.763440860215052,17.763440860215052,17.93548387096774,gm_056,7.75,gm,20.14247916295841
1,2,17.627152473263692,17.728781379429684,19.09240761942283,19.191822804128634,20.506324160493254,20.593927242765723,1.5874642725098853,1.2776815908261527,-11.81560203016651,-5.834364139055688,18,20.23101700359784,20.332955800841685,20.299485893620812,20.716158311669176,59.300431492838854,58.43125990054613,54.7044119671898,18.0,1.0,19.5,18,20.247837469231172,20.247837469231172,20.264583905923104,20.50016934219246,20.259562933874445,20.379866138033453,0.2406064083180158,20.47610870136066,50.28987799583412,50.28930482396045,50.00677862272528,0.7389240454140615,70.45161290322581,20.5001693421135,17.566801789565737,70.45161290322581,58.0247297315055,17.591397849462368,17.763440860215052,17.763440860215052,17.93548387096774,gm_058,7.75,gm,20.04290481152296
1,2,17.59519668241082,17.696818749424875,19.068031002816348,19.167581248487245,20.48552994454668,20.573219332091874,1.60258853336457,1.273812049302434,-11.863519392178674,-5.84202332464694,16,20.274996219198357,20.460453592327752,20.35629462006159,20.960622976876323,58.651058660788834,58.31103085641772,54.788045304695345,16.0,1.0,19.5,16,20.009772149246857,19.936087609942604,20.17881515187193,20.39344201253761,20.21720671012854,20.305324361333074,0.1762353024090683,20.3758184822967,50.38042391141161,50.380113541535145,50.17163888257375,0.7392657320643765,69.6774193548387,20.3934420124548,17.53388621995226,69.6774193548387,58.0312011439243,17.591397849462368,17.763440860215052,17.720430107526884,17.93548387096774,gm_060,7.75,gm,20.009772149246857
1,2,17.56292921332493,17.66670924192475,19.03287992564768,19.133478643769628,20.459507417048684,20.547862156163742,1.5987905863680583,1.2823623278709284,-11.533158779368955,-5.877969835264463,17,19.882237544744328,20.172987784873676,20.03217673830892,20.642402203728835,58.13875593182303,58.62790647773706,54.95522185101962,17.0,1.0,18.5,17,20.217912485977394,20.217912485977394,20.006683101873364,20.251386634142417,20.105346245670333,20.178366439906373,0.14604038847208345,20.236782595295207,50.60520568397899,50.60498885168383,50.430144459589435,0.7410041890506691,69.41935483870968,20.251386634069036,17.531235354551438,69.41935483870968,57.949501698569044,17.46236559139785,17.677419354838708,17.634408602150536,17.677419354838708,gm_062,7.75,gm,20.663070125037905
1,2,17.541153569321747,17.64465624202911,19.01320380702574,19.11346767025746,20.443854762248346,20.532026309493833,1.6004673293148082,1.2869027381499127,-11.510150712329596,-5.8712440886713155,17,19.87683767957941,20.159506614818163,20.058826640125716,20.57539813308091,58.552584709673305,58.552584709673305,54.9759620160676,17.0,1.0,18.5,17,20.256376920317905,20.256376920317905,19.995423112873567,20.048790331560074,20.22061528463556,20.134702808097817,-0.17182495307548695,20.065972826867622,50.65165578143547,50.65135401797838,50.85941482133962,0.7676207843489603,69.16129032258064,20.04879033147802,17.515812604862052,69.16129032258064,57.93166663645791,17.46236559139785,17.677419354838708,17.591397849462368,17.677419354838708,gm_064,7.75,gm,20.59301272879543
1,2,17.538763845338547,17.64392443421934,19.005530866486605,19.106327304476718,20.435915035755453,20.523769494755317,1.5842754917260664,1.2955695688099094,-11.401132283478178,-5.887931240866121,16,19.795273441394187,20.062973986212505,19.799114552346623,20.53458348436058,57.93742156995854,58.315847516351404,55.06100511247483,16.0,1.0,18.5,16,19.737846877943582,20.520568078163933,19.954859645227486,20.23336027109699,19.79949698539728,20.016428628247137,0.4338632856997128,20.189973942527022,50.94151883657279,50.939560428126896,50.415942724422806,0.7739568656149992,69.41935483870968,20.233360271004628,17.471993301380433,69.41935483870968,58.07389014388017,17.50537634408602,17.677419354838708,17.677419354838708,17.806451612903224,gm_066,7.75,gm,19.737846877943582
1,2,17.54473571601752,17.65090914361569,19.00946813365348,19.110136114195928,20.44528386342679,20.53290512577776,1.580022670328705,1.3019733118333618,-11.699933434105109,-5.883587952066056,14,20.31237473844493,20.44962747244996,20.21556510755721,20.871023003475813,57.02475040049944,57.599046343884964,54.55986939327308,14.0,1.0,19.5,14,20.02888433950622,20.826735290448795,19.975431620957664,20.686264852360058,19.78355038632998,20.23490761934502,0.9027144660300767,20.59599340575705,50.42708251342473,50.41887278939862,49.36544177690557,0.594864709613256,68.12903225806451,20.68626485227699,17.622045391523685,68.12903225806451,57.60245020254414,17.548387096774192,17.634408602150536,17.677419354838708,17.806451612903224,gm_068,7.75,gm,20.59151105494348
1,2,17.57280894273488,17.676530558076315,19.02042064047234,19.11873372283852,20.455751146711556,20.54127499843532,1.570487505899677,1.294256934459329,-11.660320145371829,-5.812995727188178,17,20.40637080758566,20.56953910338332,20.468449154622846,20.468449154622846,55.89899967332397,56.65645877959226,56.65645877959226,17.0,1.0,19.5,17,20.457408466884573,21.179253594665113,20.243354979235875,21.018717437448853,19.93727081992552,20.477994128687186,1.0814466175233333,20.91057277569652,49.925368924821484,49.91398355022815,48.68582728233115,0.7365137620514718,68.12903225806451,21.018717437364273,17.75831680685731,68.12903225806451,57.252924599470404,17.591397849462368,17.677419354838708,17.763440860215052,17.806451612903224,gm_070,7.75,gm,20.457408466884573
1,2,17.534048105215998,17.633995854039902,19.012970670474573,19.10868067622801,20.45711189337756,20.541477387666415,1.6138713694963485,1.293610164130161,-11.852607100843043,-5.736967480855194,16,20.882611083219984,20.835729764357577,20.6884702397318,20.6884702397318,57.68934686218804,56.40261732784861,56.40261732784861,16.0,1.0,19.5,16,21.03575462310195,21.03575462310195,20.52520468267403,21.19965058400369,20.373379117964667,20.78651485098418,0.8262714660390238,21.117023437399787,49.08940580614314,49.083067565065285,48.169329657556155,0.716022378678896,67.35483870967742,21.199650583921827,17.93228543827065,67.35483870967742,56.574692126253076,17.548387096774192,17.634408602150536,17.720430107526884,17.806451612903224,gm_072,7.75,gm,20.64747293612558
1,2,17.506362543039547,17.604031743700798,18.99338617324202,19.08671354347215,20.44706466711642,20.528691094762763,1.646406830483947,1.2782525205780197,-11.902111242450337,-5.668311228384432,17,20.744695781698596,20.920008136141284,20.976158420519567,20.976158420519567,56.97790009777979,55.661646556605255,55.661646556605255,17.0,1.0,19.5,17,20.905927925079766,21.77446266272034,20.520380637663322,21.125868505778403,20.688374393201013,20.907121449489708,0.43749411257738874,21.082119094520664,48.73428158845416,48.73253835938357,48.250662005739436,0.7008645355374847,67.35483870967742,21.12586850569722,18.01030804296947,67.35483870967742,56.24539576618398,17.548387096774192,17.677419354838708,17.591397849462368,17.806451612903224,gm_074,7.75,gm,20.905927925079766
1,2,17.483784019837273,17.57608578193256,19.003878403378355,19.09404949883666,20.48786982069336,20.56884688144043,1.6863590808167928,1.3064020186910739,-12.020373252593963,-5.570489259415548,17,20.701300964637795,20.974416330615608,21.006771960020302,21.195088224429725,58.76799701952222,55.361749020088844,49.578638802214144,17.0,1.0,19.5,17,21.172583345921936,20.377717500124277,20.646319633683476,21.691511695495727,20.52597720075768,21.108744448126703,1.1655344947380468,21.57495824602192,48.22321804002096,48.21121050659638,46.975970511696175,0.7067114622355674,68.12903225806451,21.691511695412196,18.047066210612606,68.12903225806451,56.04535276833268,17.548387096774192,17.634408602150536,17.548387096774192,17.677419354838708,gm_076,7.75,gm,21.172583345921936
1,2,17.44802537051634,17.53892427424419,18.97401464531742,19.06321067452304,20.45553650000384,20.535823737269336,1.684415347185487,1.3124841158396605,-12.064293022304911,-5.544748470048573,19,21.270700202982226,21.557654308996327,21.51602115307614,21.51602115307614,53.45370444741707,54.42866640142461,54.42866640142461,19.0,1.0,19.5,19,21.52541154870744,21.175583456434453,21.394652814478263,21.90119051315409,21.294875551422045,21.59803303228807,0.6063149617320475,21.840559016980887,47.07039570869908,47.067369464944235,46.44724927504941,0.7162877617332726,66.3225806451613,21.90119051306874,18.47911029236333,66.3225806451613,54.66056622814038,17.50537634408602,17.634408602150536,17.46236559139785,17.677419354838708,gm_078,7.75,gm,21.52541154870744
1,2,17.30736429860095,17.387339899389172,18.90159673741951,18.985676380575562,20.444446480093703,20.52441511786912,1.7891448510089862,1.3479303674709666,-12.017427402917345,-5.394242038771538,22,21.47337612038872,21.613750417190634,21.681054053566214,21.681054053566214,54.21210503950282,54.00768271186229,54.00768271186229,22.0,1.0,19.5,22,21.689869771439817,22.603388060834163,21.087879375628916,22.386712330964897,20.946370776532095,21.666541553748495,1.440341554432801,22.24267817552162,46.56130944831642,46.544520855829575,45.12054677999242,0.7859256054317197,67.35483870967742,22.386712330880137,18.402177481284347,67.35483870967742,54.43534989999686,17.29032258064516,17.419354838709676,17.333333333333336,17.548387096774192,gm_080,7.75,gm,21.689869771439817
1,2,17.257392732760717,17.33300333061807,18.861369285714673,18.942561875984467,20.418547989220873,20.49742166640671,1.8388178053056083,1.3256005304830345,-12.210533761189858,-5.306787751136816,21,21.726491373809807,21.86433840830795,22.1310232680178,22.24867010678517,54.682208133116724,52.797336759586386,52.797336759586386,21.0,1.0,20.5,21,22.222962602865408,20.61278891033794,21.42115400700692,22.390438537059893,21.559163706791114,21.974801121925505,0.8312748302687802,22.307311054033015,45.78418386458158,45.77884270050478,44.97155083840996,0.7883302276900582,66.58064516129032,22.390438536972745,18.559213496018558,66.58064516129032,53.82098174634629,17.161290322580644,17.29032258064516,17.29032258064516,17.419354838709676,gm_082,7.75,gm,22.222962602865408
1,2,17.148597949593547,17.22043846231958,18.780009657515034,18.857875601361688,20.398479398013833,20.47696101864824,1.8896867075077337,1.3668358488209247,-12.390400871748662,-5.208522843772871,21,22.21212714971395,22.20613566560136,22.565081242161853,22.585347915333784,56.278918433725,52.12221873846164,51.11551301623815,21.0,1.0,20.5,21,22.52713881749301,22.18116447268835,21.56603992095762,23.711289883655045,21.033315987568802,22.372302935611923,2.6779738960862445,23.44349249404642,44.764388689451046,44.71209583566507,42.32100652459894,0.7814193999711799,67.09677419354838,23.711289883546776,18.823915904901064,67.09677419354838,52.74414966844373,17.075268817204304,17.161290322580644,17.20430107526882,17.29032258064516,gm_084,7.75,gm,22.52713881749301
1,2,17.085700308973983,17.153881627670344,18.716691151439065,18.791892386302525,20.313664935107376,20.390423762013807,1.9026463450037392,1.3338957893397223,-12.579173191785715,-5.127548701103106,18,22.822424572870446,22.735880487271146,22.935973496222715,22.935973496222715,53.04239385357401,51.654735020688705,51.604890289047525,18.0,1.0,20.5,18,23.20644648259244,21.081665222082734,22.061979577828794,24.369020137467356,21.500971217502094,22.934995677484725,2.86804891996526,24.082215245470827,43.55667028820911,43.501196575740444,41.0841948740178,0.7793870291833576,64.51612903225806,24.369020137333685,19.242466779300365,64.51612903225806,51.43674961403972,16.989247311827956,17.032258064516128,17.161290322580644,17.161290322580644,gm_086,7.75,gm,23.20644648259244
1,2,17.0212444594997,17.0884851856823,18.646766378935997,18.720920191932233,20.24623252223485,20.323202277807678,1.9191675735628182,1.3155495185625599,-12.609274515790663,-5.101339603217739,18,22.380918534418186,22.646387969239065,22.463796976004602,23.245260669574378,52.47265429552452,51.43287878140314,50.801947666693266,18.0,1.0,21.5,18,23.207598167503676,24.206917878329506,22.401068773004425,23.556260577938122,22.414174382786875,22.985217480362497,1.1420861951512467,23.442051958422997,43.25150664618687,43.24281866453579,42.252149646802515,0.7862788915726732,64.25806451612904,23.556260577820716,19.24163983229767,64.25806451612904,51.23925635599789,16.989247311827956,17.075268817204304,17.161290322580644,17.29032258064516,gm_088,7.75,gm,24.206917878329506
1,2,16.901280104206524,16.966559449086873,18.51241396462572,18.58446314123095,20.102915173845027,20.17894744974281,1.9288929122655332,1.283495088390403,-12.593818845692782,-5.046816787062143,18,22.92591478706059,23.21049566750378,23.622142416996837,23.622142416996837,52.83470050740641,49.60124624676452,49.60124624676452,18.0,1.0,21.5,18,23.68051956307181,24.525654656391055,22.452662557815074,25.13692051261522,21.804485475638113,23.470702994126665,3.3324350369771043,24.803677008917507,42.1655838630103,42.09641085616362,39.46995942195911,0.803250296596422,62.193548387096776,25.13692051249778,19.68354432234812,62.193548387096776,49.777095334659954,16.903225806451612,16.989247311827956,17.032258064516128,17.161290322580644,gm_090,7.75,gm,24.525654656391055
1,2,16.8260146633847,16.889772106145298,18.459263393582848,18.53078007285862,20.07167243160205,20.146991244849083,1.925442415363605,1.3317767233401798,-12.580192815097337,-5.03540286890368,18,22.801268928941596,23.37636796146626,23.896396170674308,23.896396170674308,53.867863781994465,50.56515022941649,48.06171469044859,18.0,1.0,21.5,18,24.010120359136323,24.010120359136323,22.59414989228017,24.480035917529825,22.551509653638558,23.515772785584193,1.9285262638912681,24.2871832911407,41.85659954099129,41.83371408632941,40.28155328965037,0.8302867330260209,62.193548387096776,24.480035917408195,19.712688524963184,62.193548387096776,49.485709182533434,16.774193548387096,16.903225806451612,16.946236559139788,17.161290322580644,gm_092,7.75,gm,23.902355259479577
1,2,16.719313358186064,16.781718754463082,18.323908096320025,18.394147100090365,19.897952290801168,19.972403627204148,1.9203880116777992,1.2702968610632674,-12.761758148874913,-5.008702871418953,13,23.865482273271198,23.6499916488945,24.143499406308393,24.143499406308393,51.520397035677206,51.520397035677206,48.61405452742764,13.0,1.0,21.5,13,24.08639340528245,20.34158795654156,23.808376272245255,23.769401114028256,23.424281362117934,23.596841238073097,0.34511975191032174,23.734889138837225,41.42757445913583,41.42685448806767,41.14337309833863,0.7704282710176817,60.12903225806452,23.76940111387081,19.715870322981175,60.12903225806452,49.156105394857434,16.602150537634408,16.731182795698924,16.774193548387096,16.903225806451612,gm_094,7.75,gm,25.188915934279407
1,2,16.67265481451932,16.73709584998883,18.279052918836488,18.34941252618879,19.85591163322535,19.926966200241772,1.872134801420322,1.317735548832622,-12.847985413095577,-5.019114717020755,16,24.429303576034158,24.7001559669281,24.62835666537859,25.673822208656702,47.67994011209679,48.62358993305612,48.62358993305612,16.0,1.0,22.5,16,25.411143581150412,25.411143581150412,23.783648944447094,25.845741557903427,23.23175105447993,24.53874630619168,2.6139905034234983,25.58434250756108,39.85148494858556,39.81479057862733,37.929652229793376,0.7902813149433047,60.38709677419355,25.845741557765294,20.66468335481387,60.38709677419355,46.856069057774626,16.602150537634408,16.731182795698924,16.774193548387096,17.032258064516128,gm_096,7.75,gm,25.603386992830536
1,2,16.585566335610142,16.64570237276034,18.185338982587744,18.250711423745276,19.756722721013567,19.821862898917928,1.878067065391374,1.2980934607662125,-12.924653448628572,-4.850927696646107,14,24.61157176179634,24.63514918211321,25.031885500478467,26.089655130803777,49.10726045220162,51.281547819762494,53.41459188955404,14.0,1.0,23.5,14,24.946502074012358,26.00427170433767,23.297548704235197,25.604003060865676,23.282285103283584,24.443144082074628,2.321717957582091,25.371831265107467,39.77700811530834,39.74788695730633,38.05930350870328,0.7097485891042885,60.903225806451616,25.60400306070903,20.459383013813984,60.903225806451616,47.05363055324472,16.516129032258064,16.64516129032258,16.64516129032258,16.903225806451612,gm_098,7.75,gm,26.00427170433767
1,2,16.541524337147607,16.603736327053856,18.144400508345512,18.20878353169172,19.717311330024955,19.77713355506066,1.8709644456831527,1.3024327823236528,-12.9526452219542,-4.819598891620353,15,24.878446070682116,25.295755445148515,25.510751312134175,26.27477678502339,47.49804285009977,50.093380696313886,53.06273443948884,15.0,1.0,23.5,15,25.45925035633951,26.31373028783284,24.507237234160215,26.097343254395195,24.507678644426814,25.302510949411005,1.589664609968382,25.93837679339836,38.38970527939595,38.37743652134311,37.286910542871595,0.7340205225846625,56.25806451612903,26.097343254244826,21.33265719332747,56.25806451612903,45.088570119570925,16.559139784946236,16.64516129032258,16.64516129032258,16.903225806451612,gm_100,7.75,gm,26.31373028783284
1,2,16.30588492728279,16.3570634497533,17.992705892527162,18.050880461304825,19.613313390820736,19.668212263335732,1.986142560786683,1.3250062527957487,-12.845774686796533,-4.601206534573908,13,24.52031386295448,25.32161215409649,25.7757389948992,25.7757389948992,51.31638631834015,51.31638631834015,45.4967487451739,13.0,1.0,24.5,13,25.600934252787596,26.579780134368974,25.3322760159964,26.42204523458902,24.451060942312697,25.436553088450857,1.9709842922763234,26.224946805361387,37.6728540438616,37.65454300078564,36.34559185084335,0.7625621742399532,55.483870967741936,26.422045234410326,21.367862554781066,55.483870967741936,44.388236770828605,16.387096774193548,16.43010752688172,16.387096774193548,16.64516129032258,gm_102,7.75,gm,26.579780134368974
1,2,16.095015648256464,16.14056007594155,17.777414872716424,17.83281657494298,19.42473819782596,19.479296489258967,2.064529576387877,1.274206836929539,-12.714424192441587,-4.517536952092472,12,25.383465335345846,25.668331464831507,26.158750644282208,26.003271159051877,44.11479074858441,44.87203159387361,43.247967027653125,12.0,1.0,24.5,12,26.494690380063474,27.358963313083166,24.55480505597336,27.6801259783969,24.164123800576345,25.922124889486625,3.5160021778205577,27.328525760614845,36.58018881545253,36.52572101491419,34.37241580658949,0.758749144660154,53.16129032258065,27.6801259782129,21.821963801881623,53.16129032258065,42.95444542296341,16.043010752688172,16.0,16.21505376344086,16.129032258064516,gm_104,7.75,gm,27.358963313083166
1,2,15.991730549769978,16.038051389367038,17.690939010759134,17.745258304697064,19.33418890001808,19.388855484926353,2.072715398146508,1.278088697412809,-12.866040171645908,-4.484193773283877,11,25.805083995815068,25.706564155321182,25.805083995815068,25.805083995815068,45.29604237439638,45.29604237439638,45.29604237439638,11.0,1.0,24.5,11,26.60983136489122,27.62999111195913,23.508596958278474,28.98721268307036,21.345832491958387,25.166522587514375,7.641380191111976,28.223074663959167,37.57954311075482,37.29721369766377,32.728412143372395,0.7919901823264636,55.483870967741936,28.987212682851315,20.992581710268396,55.483870967741936,44.27296509110637,16.043010752688172,15.956989247311828,16.043010752688172,16.0,gm_106,7.75,gm,27.62999111195913
1,2,15.842485910196892,15.8878685239978,17.504401065328175,17.557007946786317,19.12777008982433,19.179490467755365,2.054686682512798,1.2369352612447626,-12.954950965612532,-4.436517073251406,10,26.016313785555297,26.110293346839498,26.082046028696624,26.082046028696624,46.81254535006073,45.098398769834,45.098398769834,10.0,1.0,24.5,10,27.991816760928685,28.093413250963863,25.78623495939803,30.763714570571658,20.48982815903983,25.626771364805744,10.273886411531826,29.736325929418477,36.809010875366525,36.32504621588819,30.71530227180958,0.7953164735727714,54.70967741935484,30.76371457027841,21.397292368625862,54.70967741935484,43.06312472895692,15.870967741935484,15.870967741935484,15.870967741935484,15.870967741935484,gm_108,7.75,gm,28.093413250963863
1,2,15.782496565597631,15.826163390904119,17.452979616581125,17.505272276791448,19.07194665586176,19.123756225309787,2.054420089497977,1.2431727449076913,-13.096297720323735,-4.429775680085935,9,26.583408941802077,26.429686759235004,26.677014816549757,28.218333392120172,45.79467526665897,45.79467526665897,40.85369367800766,9.0,1.0,25.5,9,28.031044561698877,28.187632145331747,26.489725986128462,31.0063922067841,21.571648281156257,26.289020243970178,9.43474392562784,30.062917814221315,35.70771202395397,35.332893665611145,30.37835978311491,0.7888945981669119,52.903225806451616,31.006392206429343,21.963123010004814,52.903225806451616,41.84093227690407,15.870967741935484,15.827956989247312,15.827956989247312,15.741935483870968,gm_110,7.75,gm,28.187632145331747
1,2,15.722586823938334,15.766188773172322,17.404001552097757,17.455264292443044,19.04517502512166,19.094254044678443,2.0713108039349324,1.2567544675711855,-13.118232471548886,-4.392195563060412,9,27.579727029226632,27.065355029506897,27.579727029226632,27.43780136511296,43.3987173321349,46.095154749806035,47.477167998028264,9.0,1.0,26.5,9,28.3433584129522,28.85188253603647,27.389025408721295,29.620416604125765,23.337537089228896,26.47897684667733,6.2828795148968695,28.99212865263608,35.12371950956579,34.96344869924828,31.540879413955462,0.6459439268367367,51.87096774193548,29.62041660368702,22.146279700921255,51.87096774193548,41.353496889107745,15.741935483870968,15.78494623655914,15.78494623655914,15.741935483870968,gm_112,7.75,gm,28.85188253603647
1,2,15.597852444791274,15.63333156471737,17.28162572179287,17.330877419632735,18.93051265846381,18.97968114132768,2.103826469418048,1.242523107192265,-13.063659516258985,-4.320568168380912,11,27.875524598730493,27.08013347689481,27.917835012903197,27.468307556584307,44.850470470296464,46.61185778586916,46.61185778586916,11.0,1.0,25.5,11,27.747660915414684,28.477162143451096,28.361757822648144,29.465487405545463,25.469103496457727,27.467295451001593,3.996383909087736,29.06584901463669,33.58969890336851,33.5323408308353,31.442481564477323,0.6462097767286904,50.064516129032256,29.46548740512197,22.950966716171884,50.064516129032256,39.6635476681915,15.612903225806452,15.655913978494622,15.741935483870968,15.612903225806452,gm_114,7.75,gm,28.477162143451096
1,2,15.592527701756373,15.627854066322373,17.257349350910637,17.306839441169025,18.895164298276942,18.944322724765623,2.0847923158123103,1.2316763426309458,-13.110869849618812,-4.334025042240115,9,27.821378812648618,27.456319578468865,27.821378812648618,27.821378812648618,44.878577946167674,44.878577946167674,46.11041645672941,9.0,1.0,25.5,9,27.627125868402118,28.767349965267158,28.572379405666567,29.768516900797152,25.976355076659015,27.872435988728085,3.7921618241381387,29.38930071838334,33.12031360568863,33.070915205531335,31.139770997788077,0.6580080467611069,48.774193548387096,29.76851690036525,23.340717428616106,48.774193548387096,39.02291521277727,15.655913978494622,15.655913978494622,15.698924731182796,15.612903225806452,gm_116,7.75,gm,28.767349965267158
1,2,15.546144676347819,15.5792920554466,17.217764556959466,17.266633731084283,18.885396322053435,18.93472167763011,2.0899079886221714,1.2655216335613413,-13.073784021289416,-4.311752021969919,11,27.031688705787474,26.94391637812972,27.244956936716903,28.372640115668986,46.171889516606996,47.035724734188186,47.58081637790228,11.0,1.0,25.5,11,27.032798865514962,28.71821549487808,26.17532961074039,28.393978422364725,24.980975611771953,26.68747701706834,3.413002810592771,28.052678141305446,34.37028270135492,34.324871519630484,32.4186848037614,0.6544095591319974,51.87096774193548,28.393978422011273,22.125776384406777,51.87096774193548,40.93051997028952,15.612903225806452,15.612903225806452,15.655913978494622,15.612903225806452,gm_118,7.75,gm,28.71821549487808
1,2,15.479584321171966,15.517253628384388,17.206037613718927,17.2553243335953,18.894453436950624,18.942904926793823,2.129453614432322,1.2961976839771123,-13.159365693965942,-4.33156117829534,10,28.075446262676053,27.506589502362452,28.193240224404263,27.957652300947842,44.27012803299646,46.609371181416165,50.95685800867306,10.0,1.0,26.5,10,27.803611790862362,29.360310756567202,28.039199714318784,29.86180490641286,24.338196852052736,27.100000879232798,5.523608054360124,29.309444100976847,33.80250923375662,33.688974438559434,30.82253727008157,0.6638135072720791,50.58064516129032,29.86180490598181,22.593896226673554,50.58064516129032,39.94524265662596,15.483870967741936,15.526881720430106,15.56989247311828,15.35483870967742,gm_120,7.75,gm,29.360310756567202
1,2,15.420760054644115,15.46325620801223,17.14228865744426,17.19167891874772,18.831776503955947,18.88017206341053,2.135646988499194,1.2812688668991017,-13.153458985480489,-4.344133624424633,11,27.616448663263782,27.300839855133166,27.616448663263782,27.616448663263782,42.34903197458648,42.52583141481735,45.06462386918508,11.0,1.0,25.5,11,27.71851231822771,28.72282016347006,27.42188381065563,29.939746570376457,25.172036508376415,27.555891539376436,4.76771006200004,29.462975564176453,33.12972475912418,33.049691499933324,30.634293899012324,0.6575457104618128,48.25806451612903,29.939746569912167,23.20082093096716,48.25806451612903,38.80959968821849,15.526881720430106,15.483870967741936,15.526881720430106,15.35483870967742,gm_122,7.75,gm,28.72282016347006
1,2,15.369107895386326,15.409602752085073,17.093034873662614,17.14193190661687,18.791035205578726,18.840455616123286,2.1505864829728414,1.2802663810653727,-13.058149554005647,-4.328648187237836,8,26.78236246135677,26.83971491616408,28.060588712489107,28.068258363527576,43.96019116607418,46.51548292171789,46.51548292171789,8.0,1.0,26.5,8,25.27325158292618,29.393342857692772,27.837373736229324,27.920372182212173,25.094071466350506,26.507221824281338,2.8263007158616653,27.637742110626004,34.17958424033506,34.148191822448474,32.5486280303815,0.653206770509538,50.58064516129032,27.920372181673294,22.170926563740434,50.58064516129032,40.3865250410805,15.39784946236559,15.39784946236559,15.440860215053764,15.225806451612904,gm_124,7.75,gm,29.393342857692772
1,2,15.361857406385486,15.399903189027231,17.08356951552698,17.13171347149451,18.79036894740312,18.839327971923947,2.152985855251659,1.2864389276450585,-12.908287250723346,-4.296451103410305,11,28.18680634217455,27.40536208704451,28.18680634217455,28.74863331599491,44.92391848745127,45.69975784446571,46.77860453204151,11.0,1.0,25.5,11,28.552054577743263,29.109211069145488,27.990227603922904,28.746704029531188,25.342610313768837,27.044657171650012,3.404093715762349,28.406294657954952,33.55155276885851,33.50864831210101,31.679474954844743,0.6898007980737146,49.54838709677419,28.746704029157875,22.702950788759452,49.54838709677419,39.47592597547017,15.440860215053764,15.35483870967742,15.440860215053764,15.225806451612904,gm_126,7.75,gm,29.109211069145488
1,2,15.346298816977201,15.387208586574328,17.077237901043393,17.126341697533764,18.805032790039228,18.855270132568684,2.1665765679823608,1.3014849780119946,-12.92946209577692,-4.339769704519523,11,27.9985076230588,27.381221342559847,27.9985076230588,28.790944463233984,39.90903709197648,43.11104750391143,46.59491554168223,11.0,1.0,25.5,11,28.583987921925512,29.76714675759905,27.24074463761744,29.100474722250823,25.043998352282415,27.07223653726662,4.056476369968406,28.69482708525398,33.50326130504722,33.44252356121198,31.295105440119517,0.6723574391003241,49.03225806451613,29.100474721905996,22.800460297547815,49.03225806451613,39.27545944683787,15.440860215053764,15.35483870967742,15.483870967741936,15.35483870967742,gm_128,7.75,gm,28.583987921925512
1,2,15.38900710931404,15.427215236306795,17.118638856034476,17.167630912885645,18.841765642534266,18.89221010427054,2.15637988961365,1.3086149783500933,-13.051602376100721,-4.329608399029296,8,28.11420295350493,27.563902360061057,27.77873284146787,28.449673065541987,44.171446986808064,46.515797651654864,47.727955670790664,8.0,1.0,25.5,8,28.265866744356487,29.300257101198298,27.59492652028237,29.523533151747262,24.856269904969892,27.189901528358575,4.667263246777369,29.056806827069526,33.47503949625471,33.395378307250404,30.966540608240678,0.6652131114038393,49.806451612903224,29.523533151290152,22.77265760220067,49.806451612903224,39.42310559882695,15.483870967741936,15.39784946236559,15.483870967741936,15.35483870967742,gm_130,7.75,gm,29.300257101198298
1,2,15.446268618244725,15.483423499469486,17.12460164557046,17.175533508441383,18.794749185361674,18.847365924605608,2.096234523355025,1.2677079017810973,-12.966858627221164,-4.413515657016357,10,26.707549841111927,26.961171330739834,27.71085447963233,28.319212030618672,47.1498040899797,47.44184287044916,48.07665401975082,10.0,1.0,25.5,10,28.046210193432216,28.79819858591,25.431243365405066,28.942374267368656,24.02603744549393,26.484205856431295,4.916336821874726,28.450740585181183,34.449601425953745,34.35353667813694,31.657484203059077,0.651029542728824,51.354838709677416,28.94237426699813,22.122316085725906,51.354838709677416,40.681368230303484,15.483870967741936,15.440860215053764,15.483870967741936,15.483870967741936,gm_132,7.75,gm,28.79819858591
1,2,15.405177956960388,15.446696720129435,17.106243076637174,17.157467967689264,18.778657252513288,18.83047897705862,2.131838184266729,1.2519440726624533,-12.816914016383482,-4.42853074677208,11,27.10020492693772,27.125381241445,27.10020492693772,27.10020492693772,40.69296339991341,46.66985011280395,46.66985011280395,11.0,1.0,25.5,11,28.148208488717444,29.145858489987063,26.975552616745574,28.71563432203282,24.960259373023987,26.837946847528404,3.7553749490088304,28.340096827131934,33.896785422635794,33.84317667059989,31.80086097674164,0.637273445298134,49.806451612903224,28.715634321656175,22.592735212868554,49.806451612903224,39.77094251505943,15.483870967741936,15.440860215053764,15.483870967741936,15.483870967741936,gm_134,7.75,gm,29.145858489987063
1,2,15.44359025953843,15.481856226859978,17.14240594912902,17.19265730049873,18.843781751040776,18.896334092615884,2.158863137152431,1.2556147286034733,-12.749765558738542,-4.381732264010411,11,27.399562723850607,27.13219156414303,27.86961703222707,27.86961703222707,41.49465419223098,47.14223735719051,47.14223735719051,11.0,1.0,25.5,11,27.71520545432918,29.135669701729114,27.24515114595272,28.960274200368566,24.572188100437312,26.766231150402938,4.388086099931252,28.52146559037544,34.09019750595939,34.01614041910432,31.637997619507978,0.6455882907691758,50.58064516129032,28.960274200035087,22.483168685072954,50.58064516129032,40.05945312018646,15.483870967741936,15.483870967741936,15.483870967741936,15.483870967741936,gm_136,7.75,gm,29.135669701729114
1,2,15.413390938400108,15.452089758702186,17.109364665331753,17.159332592666388,18.80538365220733,18.858403157035884,2.1543809570555443,1.251932441278151,-12.47163149391532,-4.373594823471842,9,28.042638463152855,27.082358490745527,28.042638463152855,28.2113808102888,46.41078458914008,47.8503259060983,47.8503259060983,9.0,1.0,25.5,9,28.185085120189058,28.185085120189058,27.587321036541226,29.317381004396665,24.02582471223257,26.671602858314618,5.291556292164096,28.788225375180257,34.17891541512278,34.070057382527686,31.23318945927176,0.648176798168367,50.32258064516129,29.317381003993134,22.50476831194839,50.32258064516129,39.955126045171546,15.483870967741936,15.483870967741936,15.56989247311828,15.612903225806452,gm_138,7.75,gm,28.185085120189058
1,2,15.394138008083985,15.43950154270191,17.11735655255957,17.169052253905324,18.848743925577534,18.902958789164504,2.194835671956314,1.2686215745062837,-12.47040408555596,-4.447343927540473,8,27.785379734933855,27.369264196989885,27.829693677589773,28.098527273519352,46.474145794462046,46.58608098611962,46.58608098611962,8.0,1.0,25.5,8,28.432592039684494,28.432592039684494,27.65200742487039,29.838402267108652,24.349792722122487,27.094097494615568,5.488609544986164,29.289541312610034,33.65210772533045,33.54045970660628,30.702324960884965,0.6428153716011948,48.25806451612903,29.838402266688718,23.144337836420256,48.25806451612903,38.8656823102915,15.483870967741936,15.526881720430106,15.56989247311828,15.612903225806452,gm_140,7.75,gm,28.432592039684494
1,2,15.42690045987729,15.471510222178948,17.151649559216356,17.204828937589312,18.849805402941833,18.904528656666017,2.2023319802855053,1.2306864542015636,-12.260573929015292,-4.506050015233435,11,27.779097737125454,27.386612131894537,27.932897637204803,27.932897637204803,44.891074047938794,45.6849757371761,46.604777378897275,11.0,1.0,25.5,11,27.81242006241098,28.520776085438797,27.526386056298065,30.28164257972484,23.150694589269822,26.71616858449733,7.130947990455016,29.568547780679335,34.256037248531165,34.05813848027202,30.364947731341417,0.7654599518217857,49.03225806451613,30.281642579337408,22.822129180305115,49.03225806451613,39.47583183481417,15.483870967741936,15.483870967741936,15.483870967741936,15.483870967741936,gm_142,7.75,gm,28.520776085438797
1,2,15.421237952064875,15.466459631127801,17.167148766947637,17.22059818573953,18.889340540701227,18.9441823162683,2.2136195502549167,1.2641031348855805,-12.088140279884385,-4.5154121955516775,11,25.393306403711875,26.243949124787854,27.245294691250336,27.273853381243327,40.9396362044008,46.81952399203831,46.81952399203831,11.0,1.0,24.5,11,27.03980572637778,27.88492357945816,27.06836441637077,29.5251662093929,20.993685254001914,25.259425731697405,8.531480955390986,28.672018113853802,36.21783345749641,35.88069065314407,31.0688703268796,0.6520324444652948,51.61290322580645,29.525166209044755,21.509347378119323,51.61290322580645,41.758608349797605,15.440860215053764,15.39784946236559,15.483870967741936,15.483870967741936,gm_144,7.75,gm,27.88492357945816
1,2,15.411172278294373,15.454413152413014,17.14145431587019,17.196285580867478,18.837260970081534,18.894411091928337,2.206191397411469,1.2338065421038527,-11.684845087115834,-4.576673212103481,9,26.067370424926708,25.737653193684576,26.067370424926708,26.463663154284745,46.53385563458256,48.57777423845358,48.57777423845358,9.0,1.0,23.5,9,26.35392014338828,26.412655240518177,25.95762741403024,28.411250885724723,21.47320810111966,24.94222949342219,6.938042784605062,27.717446607264215,36.527165738066095,36.296974994585476,32.17042158098812,0.7249435833766332,53.67741935483871,28.411250885326595,21.298210209000477,53.67741935483871,42.141121868373624,15.39784946236559,15.440860215053764,15.526881720430106,15.483870967741936,gm_146,7.75,gm,26.412655240518177
1,2,15.491772649310198,15.539271255201495,17.187599034823627,17.244286083940796,18.848967047467482,18.906196073970136,2.122053796873243,1.2448710218953958,-11.465580789860946,-4.647035483007869,11,25.30159451571913,25.437889764669,25.89256909804928,26.496144599223157,42.8747782839731,45.4657744024128,48.158576936460605,11.0,1.0,24.5,11,26.40675324571407,26.826821930860945,20.026331951809027,30.188455079471602,17.577838846674904,23.88314696307325,12.610616232796698,28.927393456191933,38.91218696625292,38.01375001717091,30.607251904041274,0.6373447002982027,54.96774193548387,30.188455079095483,20.435544408469866,54.96774193548387,44.080126316832875,15.440860215053764,15.483870967741936,15.612903225806452,15.612903225806452,gm_148,7.75,gm,26.826821930860945
1,2,15.623269416998008,15.665443963978671,17.204395254097644,17.262596611044135,18.807863355643253,18.864848261660836,2.028320041369702,1.1710842563124593,-11.603173020318401,-4.706230775453593,5,26.47724884869578,26.20055739539395,26.47724884869578,26.47724884869578,46.829232606881696,46.829232606881696,46.829232606881696,5.0,1.0,24.5,5,26.305080748947944,27.061102756202587,19.567353717401033,30.262689290558455,18.355237474449904,24.30896338250418,11.907451816108553,29.0719441089476,38.46232728233434,37.70088776780672,30.795438766933657,0.643230000456361,54.45161290322581,30.262689290095885,20.696072135716733,54.45161290322581,43.91443506449382,15.612903225806452,15.526881720430106,15.655913978494622,15.612903225806452,gm_150,7.75,gm,27.061102756202587
1,2,15.619741375314758,15.665014083184703,17.252115795766635,17.311664097412898,18.88929654033561,18.946880886354943,2.0457047171492766,1.236162086020964,-11.551167704734155,-4.753653037674508,9,25.200873135909035,25.842575252263508,26.6491009627631,26.786926496243893,43.05337718092111,47.701145611723376,47.701145611723376,9.0,1.0,24.5,9,26.578199984572933,26.578199984572933,23.587276397672923,28.84413283335692,20.50272853785971,24.673430685608317,8.34140429549721,28.0099924038072,37.52465586907604,37.174237170758325,32.16689339642949,0.6502361654670542,51.87096774193548,28.844132833046654,21.180748017631938,51.87096774193548,42.949743353695666,15.526881720430106,15.612903225806452,15.612903225806452,15.612903225806452,gm_152,7.75,gm,26.578199984572933
1,2,15.633183273291326,15.688920759256845,17.334733009486637,17.394702114575004,19.00875327630779,19.06622636045316,2.0840356078198794,1.2932699933764382,-11.2784039294875,-4.759022589343152,9,23.363715408798527,24.782420662454687,25.981335329434756,25.981335329434756,46.263035028524264,48.169825738758945,50.59781742037329,9.0,1.0,23.5,9,25.844753489132216,26.173974521592726,22.956475565334756,29.456849454679837,16.712813904670337,23.084831679675087,12.7440355500095,28.18244589967889,40.65485207690645,39.62511412281165,31.59366866958952,0.6405714203671542,55.225806451612904,29.45684945415487,19.929456259964823,55.225806451612904,45.58065022565997,15.612903225806452,15.655913978494622,15.655913978494622,15.741935483870968,gm_154,7.75,gm,26.173974521592726
1,2,15.578218381009355,15.631326809682767,17.280180505877787,17.337530328063277,18.953153971813578,19.010510766094647,2.125596916639677,1.2535870397722015,-11.364819248946032,-4.661544545594175,6,26.261919243746078,25.606255448282656,26.4181820125753,26.105656474916856,48.49323736956992,49.986036859786054,49.986036859786054,6.0,1.0,23.5,6,26.316418915270162,26.316418915270162,,31.19962020394319,13.668762726020569,22.43419146498188,17.530857477922623,29.44653445615093,42.78748741842555,40.56223410118695,29.881862253314516,0.17071852194508708,58.58064516129032,27.13008278175223,17.13008278175223,63.74193548387097,52.55425753999592,15.39784946236559,15.56989247311828,15.698924731182796,15.741935483870968,gm_156,7.75,gm,26.316418915270162
1,2,15.627625222192341,15.684361532486522,17.298198468452522,17.358334619167398,18.94760295376956,19.0067329454863,2.072020501080861,1.2503509119189136,-11.222764767397509,-4.770642528588901,9,25.34340236500995,24.683548561279487,25.557436381364766,25.890655060561727,47.601257273086254,49.12796881228957,49.12796881228957,9.0,1.0,22.5,9,25.726126198014555,25.726126198014555,20.748085123424573,28.333255112082895,17.92360753514762,23.128431323615256,10.409647576935273,27.292290354389365,40.216961174990644,39.544934796407986,32.72865710991392,0.7001883708386787,54.45161290322581,28.333255111647144,20.03676362686303,54.45161290322581,45.335521505669966,15.440860215053764,15.56989247311828,15.698924731182796,15.741935483870968,gm_158,7.75,gm,25.96714811977759
1,2,15.66267645832586,15.720147624600664,17.342979783716775,17.4050401772793,19.000469099084018,19.063085442038677,2.073269487204356,1.2696683302336582,-11.014943244486716,-4.8399013282823296,10,23.726529556311505,24.037318403894417,25.25987229167859,25.25987229167859,46.9466533779,50.54689359776703,50.54689359776703,10.0,1.0,22.5,10,25.340598179198338,25.340598179198338,21.661760731980706,28.322275371713246,17.17508592465903,22.748680648186138,11.147189447054219,27.207556427007827,41.086684328754394,40.27005069993315,32.82254281175628,0.6492685433413681,54.96774193548387,28.322275371375376,19.777633514903158,54.96774193548387,46.02059011346094,15.526881720430106,15.655913978494622,15.827956989247312,15.870967741935484,gm_160,7.75,gm,25.340598179198338
1,2,15.700908534810855,15.757845032509517,17.38688977293591,17.44956291642331,19.05914937253813,19.12282788614915,2.0631612269615354,1.301821626678096,-10.954105287564378,-4.857537538450226,9,23.250913592174584,23.480393460968973,23.850484302619776,23.701287284329993,50.70143597225688,50.70143597225688,41.64613282043032,9.0,1.0,22.5,9,25.16184401555543,25.16184401555543,21.116869658582033,27.690420121248323,16.955603534181584,22.323011827714954,10.734816587066739,26.616938462541647,41.9036014553317,41.10130067216774,33.59503976254213,0.7312249884271776,56.0,27.690420120935258,19.37804258802209,56.0,47.050724885472356,15.612903225806452,15.655913978494622,15.78494623655914,15.870967741935484,gm_162,7.75,gm,25.16184401555543
1,2,15.840531928632284,15.899534278429194,17.46930319586667,17.534632813095005,19.092066193901548,19.159213927129272,1.9947473550463244,1.2649322936537561,-11.42318582021784,-4.947425698607208,12,22.79454111709839,22.851780627601336,23.539978370804533,24.44089293698397,52.276108187523846,52.046517321028254,52.046517321028254,12.0,1.0,21.5,12,24.174625968062685,25.0945930687011,22.365772694207777,25.545059723625037,18.78334482014503,22.16420227188503,6.761714903480008,24.868888233277037,42.050481753197225,41.729516531430754,36.507912257467716,0.6467957554627471,58.32258064516129,25.54505972336559,19.054534736211835,58.32258064516129,48.22210059808544,15.698924731182796,15.78494623655914,15.956989247311828,16.129032258064516,gm_164,7.75,gm,25.0945930687011
1,2,15.932913449796404,15.989986507372114,17.571777297998487,17.638683179060905,19.143065048721255,19.210897552049147,1.9956477076549983,1.225263337022032,-11.51243399375148,-4.991994189288731,8,23.196898378133284,23.768662266037992,24.00904521888947,23.829612593201233,47.627109541151604,53.48932271563562,53.48932271563562,8.0,1.0,21.5,8,24.85995721902046,24.85995721902046,22.295974802494214,25.781623306636405,21.17751411171485,23.479568709175627,4.604109194921554,25.32121238714425,39.86033107367797,39.73544850251437,36.39902897269383,0.6219787675611486,55.483870967741936,25.781623306295927,20.247745134057332,55.483870967741936,45.74512179389257,15.956989247311828,15.956989247311828,16.129032258064516,16.387096774193548,gm_166,7.75,gm,24.85995721902046
