ok,n_bands,mt_inner,mt_inner_vert,mt_center,mt_center_vert,mt_outer,mt_outer_vert,sup_thick,deep_thick,deep_angle,sup_angle,n_fasc,pa_med,pa_wmean,pa_wmed,pa_top5,fl_med,fl_wmed,fl_top5,n_fasc_kept,fasc_sign,pa_orient,v2_n,v2_pa_lowhalf,v2_pa_low3,v2_pa_uphalf,v2_pa_insert,v2_pa_fit1,v2_pa_fit0,v2_pa_fitmid,v2_pa_slope,v2_pa_fit09,v2_fl_curve,v2_fl_chord_mid,v2_fl_chord_deep,v2_fasc_span,v2_mt_raw_1090,v2_mt_raw_1684,v2_mt_raw_2575,v2_mt_raw_mid,image_id,px_per_mm,family
1,2,15.019376336980786,15.060264201537807,16.763350915521105,16.807627702917042,18.50248645687,18.546639820131908,2.2309141700982393,1.2554614484958602,12.398746887236278,4.15975600169532,8,28.109318175505365,27.853004008970963,28.093728343615822,28.093728343615822,42.18416844128734,43.35897155936454,43.35897155936454,8.0,-1.0,26.5,8,28.108939598980243,29.687226858933542,26.98291120040281,31.10613468424458,30.398970109922892,25.111182560862332,27.755076335392612,5.287787549060559,29.870191355016836,32.09451368874944,32.000509508837844,29.45034224144356,0.5182466350683029,14.93195102613343,15.108225108225108,15.064935064935064,14.675324675324674,im_01_arch,7.7,osf
1,3,10.817021533421862,10.939468548117038,13.731867541139072,13.792494981470213,17.311282307493922,17.320823205901156,5.2248579579484185,1.1564966998356991,7.342631494917837,5.374153202297332,10,14.955276894911535,15.675579688090615,16.443705385498788,16.443705385498788,38.36156324312576,38.498704921895175,38.498704921895175,10.0,-1.0,14.5,10,14.77660172775066,15.125897510489438,16.45532873181068,14.77660172775066,14.629223274085696,16.973505819093887,15.801364546589792,-2.3442825450081917,14.863651528586514,39.858468289753496,39.78605887953523,42.895729171980044,0.7784396386574954,11.01592275502175,10.978754447301682,10.909090909090908,11.168831168831169,im_02_arch,7.7,osf
1,2,16.989413236023733,17.02959031162974,18.501595013020875,18.54671014668638,20.00539205956831,20.054325672529355,1.9021587514047753,1.1225766094948393,9.902972424480856,3.99717706624658,12,22.750491831063755,23.40630430326242,24.315616830633502,24.315616830633502,55.29252324809112,49.50227690710503,49.50227690710503,12.0,-1.0,21.5,12,23.03271913166364,21.88676433716452,23.832428648653746,21.88676433716452,22.412796993607117,23.95988634737313,23.186341670490123,-1.5470893537660102,22.56750592898372,42.974838178222534,42.95927581966323,44.361585067310344,0.6294237503782094,16.894185748878698,17.337662337662337,17.142857142857142,16.623376623376622,im_03_arch,7.7,osf
1,2,16.940852009624578,16.94323900389626,18.03870716273967,18.04051698186947,19.172371023389616,19.17365433250355,0.7933247540218198,1.4370905745854692,6.927530331883237,0.8115856486929429,17,18.25969916686921,18.477010432485123,18.71611749927328,18.71611749927328,67.89573267844236,70.63312241185648,70.63312241185648,17.0,-1.0,16.5,17,19.107986260934553,19.107986260934553,16.87272647978162,19.107986260934553,19.534315806027436,17.795937149282807,18.66512647765512,1.7383786567446293,19.360477940352972,52.841034410252924,52.803415671971855,50.53965983987273,0.5057209816363082,16.927459348803314,16.927459348803314,16.97936607739231,16.904761904761905,im_04_arch,12.6,osf
1,2,21.173608849323877,21.176866264201543,22.507324978466013,22.509890525614896,23.820785386643255,23.82535395045479,1.0498426274499464,1.5986450588033034,8.030721372007676,0.8650576756261315,11,21.65973306356625,21.482873547646857,23.064087607763156,23.064087607763156,82.0049128800355,72.21598141337202,72.21598141337202,11.0,-1.0,22.5,11,23.084252183706298,23.084252183706298,15.362685455962577,23.774410676743315,26.414849071712887,14.250393284048553,20.332621177880718,12.164455787664334,25.198403492946454,62.636349635935076,60.755743952374765,47.45408963740953,0.812275628636369,21.26076798565817,21.16883116883117,21.082251082251084,21.428571428571427,im_05_arch,7.7,osf
1,2,18.68694128053227,18.68752161762855,20.127587724404126,20.127765487043206,21.585860666004333,21.585873757907542,1.7724020670993499,1.1259500731796406,-1.0567800234011495,0.24080217906299306,24,12.503335508299159,12.035845168781849,12.257227291591477,11.926038613620847,80.2431678710267,83.96692096305073,85.16405305884568,24.0,-1.0,9.5,24,12.403194726601669,13.158326456849068,12.570264185604003,14.2440519673942,12.243175888826492,12.115087780228256,12.179131834527373,0.12808810859823602,12.230367077966669,88.57965549790049,88.57884405018814,88.12250681934098,0.8085010206369746,18.719609006346964,18.798931943817824,18.762694911499953,18.783783783783782,im_06_arch,7.4,osf
1,3,13.573793070520606,13.57787357097918,14.727064872685986,14.729951574671464,15.87589362638391,15.877522945894842,1.1212330112207936,1.1784163636948672,0.7910709494444732,1.1343446810771474,11,14.549721140239654,14.169580195112909,15.420392936948389,15.420392936948389,54.15576976877761,51.04831171282032,51.04831171282032,11.0,-1.0,11.5,11,15.410173989147467,14.828200815138587,13.529870919070959,,13.451240257030083,15.046379543707875,14.248809900368979,-1.5951392866777914,13.610754185697862,55.21191654264766,55.15471380203221,58.35927217791186,0.6479768052507406,13.686274509803921,13.647058823529411,13.607843137254903,13.529411764705882,im_07_arch,8.5,osf
1,2,24.219100183912154,24.232645692030424,25.45229055929948,25.467954891923256,26.699419381425606,26.717191522604537,1.4243887199805216,1.060157110593591,1.2419851239681186,2.0096424916455775,14,21.41004080181783,21.047973364049554,21.24356007082619,21.24356007082619,65.1573572983049,66.02915128263778,66.02915128263778,14.0,-1.0,18.5,14,22.514301260173568,22.514301260173568,19.597865276613817,22.514301260173568,24.114907668784777,17.325357008569757,20.720132338677267,6.789550660215021,23.435952602763276,69.07441266025147,68.46381812137706,59.28692925933067,0.6678720905157868,24.28243795199032,24.160750899144247,24.259618974533094,24.382022471910112,im_08_arch,8.9,osf
1,2,14.930451715266003,15.058481117635083,16.27943127486011,16.409686057586644,17.641233275721714,17.77620791948963,1.4798765195644228,1.237850282290123,3.960984652979014,7.223905007804739,14,11.784867107718313,12.519009147063327,13.43482143457041,14.128869501502322,64.6760662234599,60.95513645420061,57.95704900656331,14.0,-1.0,11.5,14,14.447430210346113,14.447430210346113,11.241515832577875,14.447430210346113,13.954145264213475,11.545271186234572,12.749708225224024,2.408874077978903,13.713257856415584,68.07571139672818,67.87410385099629,62.11734195931484,0.7721025694618214,15.109909397572324,14.877494050950766,15.115894541239154,15.212765957446807,im_09_arch,9.4,osf
1,2,20.353844113399372,20.35569352693228,21.059875398247282,21.06064119434247,21.760821808980243,21.760933283941366,0.7302719766736901,0.6749677803353971,-0.21322317288682865,0.4886070459046776,30,20.27137311625596,21.001385512818302,20.11149647022259,20.11149647022259,57.45338842224906,57.63567427693366,57.62098461577577,30.0,-1.0,18.5,30,22.48992434648852,22.48992434648852,20.19047737005681,22.48992434648852,22.459321390795317,19.655793792821232,21.057557591808276,2.803527597974086,22.178968630997907,56.734212293518894,56.65198949551814,53.28250725662612,0.7323319795131824,20.31477781687681,20.193190391397195,20.238095238095237,20.625,im_10_arch,11.2,osf
1,2,12.338106365449793,12.4046645944165,13.90316139014179,13.975313567090806,15.461731520671886,15.534764091990468,1.5370582289974568,1.5930412685765107,8.725732839247975,5.824633388784979,12,15.03815981235799,15.034866505555652,14.400258865420682,14.221962890153321,53.83320269204288,58.79979682810668,58.79979682810668,12.0,-1.0,13.5,12,14.852986081360342,19.17591053309542,13.666708307323916,14.462387275046297,18.431329422127366,11.94262302301046,15.186976222568914,6.488706399116906,17.782458782215677,47.67862004587021,46.951557384312004,38.903042715146455,0.5358685826720649,12.425620552121824,12.186147186147185,12.467532467532468,12.467532467532468,im_11_arch,7.7,osf
1,2,17.04883141089175,17.096243897711634,18.29353603320764,18.34203399117364,19.51092575207172,19.559518956168358,1.296879126019786,1.166395932436937,7.132034910591803,4.167459124272342,28,14.609567686917657,14.89039706476771,14.652424629017531,15.180322954020397,71.69632428102851,71.32346463211698,70.56561893345956,28.0,-1.0,13.5,28,15.18733123420003,16.619468833073995,13.391011520638017,19.245942696329223,16.019791208443856,13.128181839371575,14.573986523907713,2.8916093690722793,15.730630271536626,67.83354703323454,67.61248825809945,61.64933419566318,0.7924968669077649,17.015473459897645,16.894038684564983,17.148559635196534,16.85393258426966,im_12_arch,8.9,osf
1,2,17.914926276714393,17.935717485628853,19.043219267792455,19.062144724380197,20.17871473136553,20.19482211780356,1.2293812532539545,1.0297233789207518,3.793609857251549,2.5533530599410574,21,14.517833409944046,14.358654519473028,14.616204513316376,14.623597668669959,74.93690083899047,73.65359540013155,71.68462149417095,21.0,-1.0,12.5,21,14.517956658703469,14.309033991041929,14.923028645824559,14.623720917429381,13.129404834915269,16.80315306013704,14.966278947526154,-3.6737482252217695,13.496779657437447,69.68522608029934,69.3373289826822,78.83033825831758,0.8524401325877459,17.949654353715115,18.031735558881422,17.912042512951647,17.977528089887638,im_13_arch,8.9,osf
1,2,21.302676471326492,21.381610438255578,23.146479034282198,23.23037734902874,24.958802583229463,25.051943769384476,2.347190618002964,1.3231427131259255,6.84703900598647,4.8709863288707655,6,22.534126012050635,23.041836368861958,23.163996659022786,22.280596738119243,58.09746068924643,54.6487307452108,58.679305394527084,6.0,-1.0,20.5,6,22.248453920880706,22.248453920880706,24.766051179771694,22.248453920880706,19.783418497625988,26.402013877387503,23.092716187506745,-6.618595379761516,20.44527803560214,54.595303128289686,54.22847704748749,62.84095686018111,0.40784215405807533,21.35397405840415,21.68831168831169,21.645021645021643,21.2987012987013,im_14_arch,7.7,osf
1,2,16.26159702329082,16.262756186606115,17.348544336399552,17.34951961082308,18.460389517953864,18.461277108337008,1.0116628539265349,1.1868580678043599,4.584135763913152,0.6075182868610159,19,17.66163093657093,17.821482644202675,17.494994394298857,17.691620254081613,61.53698934940835,61.53698934940835,57.84101523610461,19.0,-1.0,15.5,19,17.600536638657417,17.600000288966612,18.097723765510352,17.600000288966612,19.20846556788738,15.589445916624703,17.398955742256042,3.6190196512626773,18.846563602761112,54.52092120829732,54.32644197207015,49.37560011256944,0.7004168677670188,16.236808533211967,16.236808533211967,16.322751322751323,16.19047619047619,im_15_arch,12.6,osf
1,2,12.178220967877488,12.24881168769326,13.671018019360847,13.754347418561842,15.165897164281356,15.260961927202745,1.3896781681342967,1.6224720713751888,8.309970185085943,6.310100343918295,13,15.47900981902066,15.605209518811986,15.47900981902066,15.47900981902066,50.37986886337401,48.8840597804703,46.58199525544688,13.0,-1.0,13.5,13,16.247547470760537,15.280586389321854,15.455860089990523,15.280586389321854,18.30899917118989,12.759294285860795,15.534146728525343,5.549704885329095,17.75402868265698,45.860637292914035,45.37379615156379,38.68216282470783,0.6941592726080497,12.23513852772624,12.012987012987013,12.164502164502165,12.207792207792208,im_16_arch,7.7,osf
1,2,19.978387026083798,20.045870115674436,21.711675075931506,21.785365811137204,23.44665772645515,23.526588905622294,2.13782171716164,1.342897072786225,5.676109962166241,4.713940995874441,14,15.499346696798511,15.823804288683588,15.52072079150949,15.477972602087533,79.04662323038914,78.46755238652736,79.62569407425092,14.0,-1.0,14.5,14,15.755805452503608,15.755805452503608,16.40033803047845,15.755805452503608,14.65049936934083,17.852314833928684,16.251407101634758,-3.201815464587854,14.970680915799615,71.54991624090358,71.3205857308988,78.91459237249084,0.7830881040590488,19.90070994724616,20.043290043290042,19.913419913419915,19.61038961038961,im_17_arch,7.7,osf
1,2,21.657442154462373,21.66375347043343,22.5635629848696,22.57306335710786,23.617482617562892,23.626673179865403,0.9582398962685467,1.0046798131634234,5.749074589640542,1.6623708849357284,24,19.035997220148673,18.659657555336707,19.13326471216908,19.13326471216908,76.01832812557657,75.41850166804772,76.61815458310541,24.0,-1.0,17.5,24,18.163215680119976,17.344705390892187,19.41498249214905,18.163215680119976,17.569024455639966,20.010622270581454,18.78982336311071,-2.441597814941487,17.813184237134116,67.22114392269835,67.12795516416729,71.62970216261768,0.7749506199457393,21.76851765727235,21.76851765727235,21.71957671957672,21.984126984126984,im_18_arch,12.6,osf
1,2,20.04071706355337,20.050215232012018,21.46107193016996,21.469184373989236,22.924873466156843,22.93073915247247,1.62304054943135,1.2574833710290991,2.6615362767617374,1.5751408141511702,21,16.621051447660875,16.68106234518065,16.81389644194803,15.93995722635293,73.3238838957184,71.91511721340218,76.48005566255668,21.0,-1.0,14.5,21,16.465166225764477,16.630305090052445,16.448851268050163,16.630305090052445,17.745360487515654,13.626701713814047,15.68603110066485,4.118658773701608,17.333494610145493,74.5386411343759,74.11305814533631,65.74302514432448,0.7099472297380642,20.10541827597901,20.090453548708226,20.05952380952381,20.17857142857143,im_19_arch,11.2,osf
1,3,21.59461275805504,21.816204425916542,24.23724566030183,24.32246999893308,27.469464510488937,27.479698897332216,4.842740878016228,0.8207535933994435,9.785102125248441,4.797804031435168,22,17.65814979733976,18.246126075654793,18.34972413977661,19.371288654924314,74.03549217331357,72.17365469030742,68.24022903208856,22.0,-1.0,16.5,22,18.739016877745314,17.59870463359283,17.650695644531794,17.59870463359283,17.996079793360554,18.326340542846992,18.161210168103775,-0.3302607494864377,18.0291058683092,69.14565127861486,69.14377400191329,69.7569406799843,0.856859248896721,21.90344364325172,21.68831168831169,21.861471861471863,22.07792207792208,im_20_arch,7.7,osf
1,2,16.751207603197656,16.75471572323951,17.819980714267324,17.822877490361655,18.873054442732894,18.875100169812384,0.9438020453100652,1.1765824012628106,6.801510920954121,1.0330279344560276,12,16.664158003804815,16.47197001272162,16.768921314663743,15.458959029240873,86.63239741720152,79.27918800003418,88.01273225353877,12.0,-1.0,14.5,12,16.302786830124575,15.185740904595548,16.928972848740244,15.185740904595548,15.070298933390104,17.649964986656776,16.36013196002344,-2.5796660532666724,15.32826553871677,59.46978785561543,59.34783185680651,64.29414204267093,0.5530697369801096,16.7975161098653,16.96969696969697,16.7965367965368,16.883116883116884,im_21_arch,7.7,osf
1,2,20.155291576106297,20.155615685606,21.243918204510592,21.244119785709323,22.27826286150919,22.278569526693808,1.2105454688008046,0.9124083722869942,-0.02053127195368678,0.24959944459142613,24,13.655146164498532,14.315655588017693,14.266439457000246,14.266439457000246,83.81535885689303,80.61730933853349,80.61730933853349,24.0,-1.0,13.5,24,15.326181201883372,14.27024583965698,13.907096999566647,14.592968800552939,15.228829877463744,13.61869506781187,14.423762472637808,1.6101348096518737,15.067816396498557,80.99906686885,80.91564435256029,76.73142257782332,0.7846303708585928,20.103743790404003,20.292183017802774,20.110341298300774,20.0,im_22_arch,8.9,osf
1,3,14.886852599489895,14.918228202562217,16.273472808985833,16.297432321305408,17.586685177340385,17.599101583868407,1.3054745223980337,1.3753988589081552,8.043593197174673,3.10720741515223,16,16.113934726066304,15.644249745896895,15.968882424227616,15.968882424227616,65.88849712041925,65.88849712041925,63.40523037624226,16.0,-1.0,13.5,16,15.78788871134438,15.78788871134438,16.223224707581835,15.78788871134438,16.125115928331713,15.572294548120725,15.84870523822622,0.5528213802109888,16.069833790310614,54.34263832225594,54.337189283766214,53.42985529780752,0.7685941889357638,14.967130490019832,14.761904761904763,14.805194805194805,15.064935064935064,im_23_arch,7.7,osf
1,3,14.776587181252268,14.81183412808677,16.240041689234268,16.263682278271805,17.592312803677643,17.60367075223116,1.327993554539496,1.4638430696048923,8.69086486245714,3.0896547834391153,12,17.244806904778272,17.273821128842723,17.455817648978893,17.455817648978893,58.36215828046606,57.50944699516841,56.665069413220856,12.0,-1.0,15.5,12,17.599853632449538,18.68445787971237,17.890302064976197,18.68445787971237,17.835754077786092,17.54868485782709,17.69221946780659,0.2870692199590008,17.80704715579019,48.43643468639005,48.43538692039825,48.05812044436587,0.7343629321151898,14.896201107036207,14.632034632034632,14.502164502164502,15.064935064935064,im_24_arch,7.7,osf
1,2,20.012046890296954,20.023182280047887,21.185428958945565,21.193400623085825,22.31944391679212,22.325478039251365,1.3247175328591199,0.9775782263443594,3.1220454884613438,1.571539917384764,26,18.941549176348147,18.345481962065726,18.530748270808772,17.013200034032906,63.764449698671214,65.0887846599835,69.27661341339928,26.0,-1.0,16.5,26,18.5688696171253,18.222889532705835,18.653975800359206,18.222889532705835,18.29259477048352,19.215623845045275,18.7541093077644,-0.9230290745617549,18.384897677939698,62.23046704771221,62.21810207531507,63.73210321849443,0.7612300949576121,19.978001669844655,20.038113145805767,19.984109356242143,19.8876404494382,im_25_arch,8.9,osf
1,2,22.857389883856907,22.86404375510273,24.143392270407478,24.152747341911475,25.35888478380869,25.36953607941086,1.3219771634640443,1.1835151608440826,-0.2063290767898631,-1.5947475207858282,20,17.356518985805437,18.016553590441717,17.396121586950727,19.983280334016968,80.22368773914052,78.6544441554038,70.14687284997245,20.0,-1.0,15.5,20,17.161906647498824,16.702236396648004,17.9722313968324,16.702236396648004,17.34227167773676,18.598175695974355,17.970223686855558,-1.2559040182375936,17.467862079560522,74.12930821821317,74.09956335667907,76.69571427721974,0.6373468190863776,22.9955048254992,22.93000744623734,22.885947884409724,23.258426966292134,im_26_arch,8.9,osf
1,2,16.301143399231304,16.303334375003693,17.583684345440137,17.586074964135914,18.875607698223618,18.87806829677473,1.1617858010175823,1.4129481207534602,11.418226234714721,0.9447420496756799,15,17.931862903381557,17.74270855745151,17.78225606223998,16.75168643486242,83.99039989600156,76.26185842309238,70.53502954065613,15.0,-1.0,16.5,15,16.97325747597546,19.798168729391136,17.82339768916026,,19.769923042645374,15.891871544893474,17.830897293769425,3.8780514977518994,19.382117892870184,53.138347121975634,52.93120394196004,47.91806230859914,0.6100658937781178,16.323435037881247,16.19047619047619,16.147186147186147,16.363636363636363,im_27_arch,7.7,osf
1,2,17.848210401971624,17.8598014059492,18.92160917893776,18.938456269182772,20.021381468177488,20.046156451011818,1.1630809294394011,1.0232741156232164,-0.868010512580022,-2.41690730041358,17,15.218295967631718,15.112017539280675,15.218295967631718,14.897679130304084,69.8879228846274,69.8879228846274,72.2765217987748,17.0,-1.0,12.5,17,14.824180788546045,14.824180788546045,15.954768178117092,14.846734632309023,12.856527505386271,17.93943775646534,15.397982630925805,-5.082910251079068,13.364818530494176,67.85444600635971,67.24014458613996,80.23779626574746,0.885408208865873,17.66164939581741,17.83783161554834,17.976190476190478,18.125,im_28_arch,11.2,osf
1,2,19.844879462868885,19.853312518713032,20.988663907246195,20.996908536119864,22.12846087018539,22.13665697963223,0.8917801741747027,1.3915642867444968,14.025702942078722,-1.605682667210739,15,21.705881765369867,21.25303170319883,21.652920003980938,21.652920003980938,116.17053527166499,115.07977072042493,115.07977072042493,15.0,-1.0,19.5,15,21.69423422864233,21.74719599003126,21.44559358988829,21.74719599003126,22.892623245564383,20.39698333581619,21.644803290690287,2.4956399097481916,22.643059254589563,53.56814969646249,53.51000843877528,50.73772561791427,0.7012241910017483,19.90220834580869,19.653679653679653,19.696969696969695,20.0,im_29_arch,7.7,osf
1,2,20.04963070724378,20.06898721301462,21.28459376938646,21.304810086996348,22.557272906933946,22.576897948847584,1.349159018277616,1.1587517175553563,1.8749095856091598,2.4962275425837412,15,19.061217366347705,18.78949729718941,19.147190735075014,19.147190735075014,59.49344927867692,59.49344927867692,59.49344927867692,15.0,-1.0,17.5,15,19.62885743936053,19.54288407063322,18.45097974479043,19.62885743936053,24.384273658229063,14.3915418042403,19.387907731234684,9.992731853988765,23.38500047283019,61.770563802739396,60.4010057906791,48.56637007338649,0.7653543053354066,20.083444658863677,19.99511134595888,20.039483213137505,20.1123595505618,im_30_arch,8.9,osf
1,3,14.586968598275712,14.607309953887574,15.90017667032426,15.91588542567908,17.230455352172623,17.241192538371372,1.4532993854523204,1.180583199031476,6.961819678168267,2.545826735064708,13,14.987300203690296,15.823942613058477,16.300392024536137,16.556613333954374,65.86895863449531,62.2855985304259,60.09405642535314,13.0,-1.0,14.5,13,15.381602155726682,16.376856944592163,16.120635635173926,,14.903824683343627,16.135631345094335,15.519728014218982,-1.2318066617507077,15.0270053495187,54.42095708045517,54.39267922512142,56.5863545377066,0.597190879782673,14.62998152769994,14.588744588744587,14.588744588744587,14.675324675324674,im_31_arch,7.7,osf
1,2,14.920115599906506,14.920159685147048,15.994337661401367,15.994473161443262,17.05995792411134,17.06039524948084,0.7819497751583459,1.3582857891754485,1.9007423176417102,0.23584283232844672,18,13.978218545190444,13.441535282392682,14.237539495526505,14.798198932478527,66.43980292013833,64.07065965299321,61.359371143681884,18.0,-1.0,11.5,18,15.146606583735348,15.270297396832575,14.576745745833477,16.583751644097816,16.351514886828852,10.61694192119507,13.484228404011962,5.734572965633784,15.778057590265474,64.95590282468889,63.972323567017874,52.98526693077214,0.7411840324057011,14.945798406517074,14.761904761904763,14.78835978835979,15.0,im_32_arch,12.6,osf
1,2,12.44469552029471,12.525251187233886,13.971431725755386,14.060414513231258,15.504859891901571,15.60098584184728,1.5449849527779358,1.530749701835457,9.86824605109205,6.449423226165299,16,13.74483016818175,13.805632103203546,14.109609739616985,14.795674287220493,61.3886958930273,64.87685280277017,54.5142956973659,16.0,-1.0,12.5,16,13.385582631023908,14.057977980873545,14.744042528477053,14.057977980873545,13.708012151434108,13.943360098583767,13.825686125008938,-0.2353479471496583,13.731546946149075,51.88444465447244,51.883202089140674,52.31994383245715,0.688021568542814,12.592591700580167,12.445887445887445,12.51082251082251,12.727272727272727,im_33_arch,7.7,osf
1,2,16.99978943300603,17.028645631943046,18.606404518800446,18.649882220801775,20.221177383304127,20.274090074398835,2.059735134535226,1.185709307920562,10.876806383527642,3.9130669768007396,14,23.578908422827354,23.330807338747597,23.596877802407107,23.596877802407107,53.15306118258021,50.52743544868511,50.52743544868511,14.0,-1.0,22.5,14,23.755483365688633,22.14273863089045,23.37005712855222,23.755483365688633,23.31254455709881,22.902211704407645,23.107378130753226,0.4103328526911659,23.271511271829695,43.068324589194724,43.067220073972,42.70907400226498,0.7398156035666231,16.93684600571095,17.18614718614719,17.056277056277057,16.753246753246753,im_34_arch,7.7,osf
1,2,17.544984796588405,17.63310864222016,19.093990773161522,19.187577023541454,20.573103101200275,20.658752600968537,1.7156155258025725,1.310028432945803,11.682631005315846,5.661223023721826,13,19.95878949513053,19.89695943194792,19.95878949513053,19.95878949513053,59.02348287118017,59.02348287118017,59.02348287118017,13.0,-1.0,18.5,13,20.43049014447095,20.53090818678379,19.610088729922808,20.53090818678379,20.58218803252782,19.37446139832565,19.978324715426737,1.2077266342021724,20.461415369107605,51.02956256667142,51.014298673057034,49.579718628824516,0.8086917322333865,17.816011822086168,17.575757575757578,17.79220779220779,18.18181818181818,im_35_arch,7.7,osf
1,2,21.43701213461738,21.708193408255827,22.57162445456422,22.842185906112448,23.68911088310821,23.954080315867838,1.3445282494984456,0.901358658113566,-7.482413372030881,-8.827370834584114,25,15.991640463881538,15.865908434180772,16.172102077622156,15.957229265086028,76.21106930330423,76.21106930330423,77.4865602775871,25.0,1.0,13.5,25,18.171096295117735,18.171096295117735,15.865090146549278,16.079962959085407,19.602416611565012,13.52289526821812,16.562655939891567,6.079521343346894,18.994464477230323,76.22142778839346,75.36819000208469,64.03961730379588,0.8838565203877916,21.992727063659757,21.787187558391906,21.62275595417763,21.45832434996335,NAY_1_a1,8.108741258741258,neuage
1,3,14.665316316012525,14.665325317733094,15.78827010684479,15.788286825814788,17.097016447758715,17.097559023532124,1.1581723657353,1.2740613400637302,-9.969422684144135,0.08338250227104678,0,,,,,,,,,,11.5,0,,,,,,,,,,,,,,14.561678760541284,14.597633522912993,14.669543047656406,14.561678760541284,NAY_10_a37,9.27090909090909,neuage
1,3,10.683893999704697,10.68478166180257,11.412055145303333,11.412525989722507,12.126094520065694,12.126127481819788,0.5395036811028213,0.9018421389143961,-6.962385519798537,-0.5204595084244789,0,,,,,,,,,,,0,,,,,,,,,,,,,,10.670984271802888,10.719613069351844,10.64112580590329,10.651732589117776,NAY_10_a39,10.793333333333331,neuage
1,2,22.777725534816614,22.832930920154055,24.110976428807124,24.167069553277763,25.54429851961244,25.59094065596838,1.4695336432465154,1.2884760925678096,-6.847209939625113,-3.904491552934241,23,17.408228129443216,17.33925943668582,17.437787505661305,17.4902718936182,81.171987964276,78.86606382343136,84.18259038832092,23.0,1.0,16.5,23,19.37491128799934,18.35186704549281,17.452039825250267,19.37491128799934,18.930658954869898,16.82641462788229,17.878536791376096,2.1042443269876094,18.72023452217114,74.11985934742764,74.03544565102494,70.05929771728673,0.7717235379548208,22.85599298578472,22.773777183677577,22.691561381570438,22.56823767840973,NAY_11_a41,8.108741258741258,neuage
1,2,20.885248877754357,20.885666090613544,22.110286296894845,22.111038078313232,23.36475292977389,23.366033802762242,1.2676994648459534,1.2126682473027488,-1.7247900320038307,-0.4724763646751299,16,16.816742860645164,17.058084418007994,17.04098502511755,17.398300450191755,74.93464995958892,74.24303692509658,74.24303692509658,16.0,1.0,14.5,16,17.48476303862634,16.479916629913873,16.176191174274663,18.184947819740103,17.44810631348206,16.207239932168772,16.827673122825416,1.2408663813132879,17.32401967535073,72.16470802117543,72.13240958174424,69.64307191388664,0.6188120585178547,21.047245339427654,20.965029537320515,20.800597933106236,20.59505842783839,NAY_11_a43,8.108741258741258,neuage
1,3,11.26440336887554,11.26440947506924,12.187872273205096,12.18865007459884,13.183414874156025,13.186023469649486,0.4967256483547973,1.4248883462254465,-4.8160855544426715,0.6472864171733512,0,,,,,,,,,,,0,,,,,,,,,,,,,,11.153417834331396,11.188324356764918,11.25888614444495,11.217885859972546,NAY_12_a45,9.27090909090909,neuage
1,2,19.574656075210346,19.642570512701965,20.904981877771313,20.992202505864885,22.26188887285814,22.367027453709703,1.444559297371846,1.279897643635895,-3.3812278071222606,-5.224788528940632,28,11.800374126439038,12.198018727435283,11.724699836864119,11.724699836864119,89.31110190813209,92.32193975258745,92.32193975258745,28.0,1.0,10.5,28,11.934632245658719,11.218439619870566,12.043665005463936,11.218439619870566,9.563614077957347,15.000753613407419,12.282183845682383,-5.437139535450072,10.107328031502353,93.62534164530254,92.08528868971983,117.90469515453317,0.8372990745322735,19.811074066810487,19.631300254951952,19.523435967836832,19.415571680721712,NAY_12_a47,9.27090909090909,neuage
1,3,13.159432695383773,13.172743054430809,13.755109742211406,13.756219273260214,14.11461045446418,14.125171612414013,-0.31262884249347955,1.2650574004766837,-12.553947232405823,-0.727714007183673,0,,,,,,,,,,10.5,0,,,,,,,,,,,,,,13.278779331858066,13.197533190395799,13.103346654907654,12.813255489315155,NAY_13_a49,9.27090909090909,neuage
1,2,20.248579256140737,20.288357588598334,21.222814832406947,21.26445230110458,22.196777761950464,22.23996221546542,1.0602517970223377,0.8913528298447495,-8.37022262508179,-3.5861097766486028,30,17.4841624571564,17.849904004675384,17.69045124342145,17.314781322272836,76.19457278585546,78.03908579494684,85.8021407223957,30.0,1.0,16.5,30,17.461174165494896,17.461174165494896,19.280469611956704,17.461174165494896,16.493106731812066,19.74221210397812,18.11765941789509,-3.2491053721660537,16.818017269028672,65.04953593466738,64.87739444150967,71.06334602231308,0.7510076054830428,20.13466692815585,20.24253121527097,20.35039550238609,20.386350264757798,NAY_13_a51,9.27090909090909,neuage
1,2,21.309730829180918,21.499730424808565,22.59762252284429,22.810768447586533,23.798164604385953,24.053557242366683,1.2743402333142952,1.2794865842438223,-10.693795676344033,-7.838716248026443,18,15.991027585607341,16.445363725833072,15.652901252225291,14.957392372096706,80.6444861278634,88.39246361621399,88.56157119378673,18.0,1.0,13.5,18,17.867071775928167,22.039997556268474,15.336650163164336,25.5266314136216,22.94997884411611,11.896696320625322,17.423337582370717,11.053282523490788,21.84465059176703,73.34556411443042,70.8487981091721,54.40556174053361,0.7073325984927142,21.299995898484244,21.30475056239249,21.25843588725685,20.84160381103613,NAY_14_a53,7.197142857142856,neuage
1,2,17.95591493734023,17.95790752886649,19.223482962561253,19.223577713993627,20.492746455566454,20.49363490939469,1.326289872925326,1.209437507602871,-6.537960082564202,-0.17989272137746998,10,18.918776062460395,18.802980050055442,19.55407775618704,19.55407775618704,72.69394564754342,68.46654552398213,65.9692030319845,10.0,1.0,17.5,10,19.432862566867925,20.764235153862955,14.134520863601239,19.140302846770197,21.924983282336044,13.266065029458224,17.595524155897134,8.65891825287782,21.05909145704826,60.51038314187741,59.28563605382209,47.99717540502673,0.7758746808986142,17.92377927749107,18.016408627762342,17.97009395262671,18.201667328304886,NAY_14_a55,7.197142857142856,neuage
1,2,25.03156573672449,25.054049679315128,26.449779392674937,26.470883633830258,27.933430552312387,27.952754505885775,1.4314017127811491,1.4673031137894954,-2.6058018237356406,-2.2880585802795363,16,20.8566638858931,21.341881434057097,22.338855328335256,22.338855328335256,70.66157862907953,66.28137264477505,66.28137264477505,16.0,1.0,18.5,16,22.290011712877998,22.290011712877998,20.266280814933765,22.290011712877998,24.308249272202588,17.472701727324978,20.89047549976378,6.835547544877609,23.624694517714826,70.81908639374758,70.19508090641786,60.805588174262674,0.47155083558530086,25.07581964267748,25.03471174162391,25.03471174162391,24.911388038463198,NAY_15_a57,8.108741258741258,neuage
1,2,25.129883040529393,25.138773871971583,26.31118507883689,26.320504463371766,27.474259472217337,27.482795596481452,1.1417838491138002,1.20223787539607,-6.741451250000286,-1.5247440839577724,16,21.496629829353367,21.478789932265293,21.764138447056098,21.625020665110526,82.71479341707689,76.35826297241869,78.98516402422865,16.0,1.0,20.5,16,21.726351653687686,20.216250373134443,21.587233871742114,20.216250373134443,18.19422890102568,27.508776010459737,22.85150245574271,-9.314547109434056,19.125683611969087,65.46182365855535,64.56646780587523,80.30382824700312,0.661674396428632,25.116927543731045,25.116927543731045,25.116927543731045,25.158035444784616,NAY_15_a59,8.108741258741258,neuage
1,2,20.64555105497252,20.856016668363235,21.792636975101427,22.02245151418565,22.94717997279528,23.206142793699772,1.1161825461167627,1.233943579219776,-13.706015270537943,-8.284607659684307,20,18.831313259966876,18.615616066684517,18.412724733179118,17.834385374202157,74.87125254670818,76.79840154573212,91.33942037951441,20.0,1.0,17.5,20,17.753606311729186,16.489039450263874,19.22261996481498,19.045097330713332,17.318755473800408,19.496870307282776,18.407812890541592,-2.178114833482367,17.536566957148647,64.92581264171241,64.85114467712457,68.7922721165367,0.7484022484526939,21.17735503693535,20.925671700333403,20.745897888474868,20.386350264757798,NAY_16_a61,9.27090909090909,neuage
1,2,17.471478110500115,17.48699796218897,18.59668049745578,18.610060382903534,19.721643830199017,19.733405789594002,1.1347249795671426,1.1116828478378882,-9.450679779533774,-2.172781026367768,23,19.912796782963255,19.463421833024057,19.908558981572867,20.73988483784629,65.3058967765297,69.16766385666364,71.51391335362072,23.0,1.0,18.5,23,19.730278357013958,20.719370597861854,19.89228254297882,19.730278357013958,20.59097233331416,18.690328501628542,19.64065041747135,1.900643831685616,20.400907950145598,51.78815239114274,51.74841627318716,49.4568081623122,0.8059942059236861,17.2582859384193,17.438059750277834,17.581878799764663,17.689743086879783,NAY_16_a63,9.27090909090909,neuage
1,2,26.249824493901365,26.4139154468267,27.839390614326867,27.988094079011642,29.424939468400567,29.551549765351474,1.6903084430638275,1.4473258754609435,-11.7264605616855,-5.908863892759278,13,17.204579143195986,19.15880743904299,19.153359200850275,19.570327897348307,103.48320785974646,100.91818379857017,100.0064197274644,13.0,1.0,16.5,13,19.73212153863298,19.73212153863298,17.336350249502885,19.73212153863298,19.626253936455527,19.0420658261327,19.334159881294113,0.5841881103228262,19.567835125423244,78.7749101571023,78.7690176605584,77.64190738073441,0.8253592021420838,26.723567553261883,26.399364827312432,26.399364827312432,26.121476776498614,NAY_17_a65,7.197142857142856,neuage
1,3,4.541721345337107,4.547788444040139,5.422522682732987,5.427881842522713,6.5006757679146645,6.5014436299404785,0.8715031462910572,1.0821520396092825,-10.386337658289436,-2.5462821776759745,0,,,,,,,,,,11.5,0,,,,,,,,,,,,,,4.518016677531386,4.5680626568378875,4.633953834935999,4.479034298351949,NAY_18_a69,8.108741258741258,neuage
1,3,15.456381425131859,15.46050552714407,16.770532956816275,16.77753594818201,18.050036214497474,18.06089321576367,1.460741361198138,1.1396463274214612,-3.8668440846368406,-1.6555047994334733,28,11.69991071755166,11.696822749061349,11.666591966986147,11.479796293144773,86.01063441953934,87.38275278526567,88.77235592344059,28.0,1.0,9.5,28,11.65212149535978,11.380059713128219,11.541545198167682,11.380059713128219,12.507066790737062,10.835051478020231,11.671059134378647,1.6720153127168296,12.339865259465379,76.48129493091447,76.35103329304434,71.32088553259308,0.768380959322652,15.538786598249322,15.415462895088613,15.415462895088613,15.292139191927905,NAY_18_a71,8.108741258741258,neuage
1,2,22.13895817915916,22.382915560755002,23.14479312602685,23.380705116529082,24.156569198175887,24.387405783479704,1.0008696609409418,1.0036205617837595,-7.463369564744223,-8.146098988811568,31,18.081243511109875,17.904418989669452,18.479078990938575,17.379203900595172,69.94495703632911,68.2449672968328,72.32800193288595,31.0,1.0,16.5,31,18.67094192940411,18.67094192940411,17.251510514594628,18.67094192940411,20.74285254039846,14.416126155909996,17.57948934815423,6.326726384488465,20.110179901949614,74.20191155829663,73.40501245200124,62.597460549452705,0.7766727466903581,22.29195267045826,22.399816957573382,22.471726482316797,22.54363600706021,NAY_19_a73,9.27090909090909,neuage
1,2,21.653783086214816,21.754883024477262,22.707980046077765,22.81072407707282,23.762184741135208,23.867055528704036,1.0057953588561246,1.106377145370651,-9.459855744050058,-5.440133308588848,27,20.035471990498337,19.901067225659983,20.570056743496963,20.570056743496963,68.0566967936036,68.24807173622024,68.24807173622024,27.0,1.0,18.5,27,21.568309765751792,21.568309765751792,20.40146968468474,21.568309765751792,19.784849391360606,20.616529165179358,20.200689278269984,-0.8316797738187517,19.868017368742482,62.44525449351348,62.43659555123667,63.694659822630676,0.7051618366960155,21.824540759626075,21.824540759626075,21.788585997254366,22.11217885859973,NAY_19_a75,9.27090909090909,neuage
1,2,26.060556291563405,26.108319722264024,27.227200336658353,27.286638496925075,28.372029849604658,28.442611666736237,1.2523336621640018,1.0819582823082112,-2.174021782708891,-3.782458374172926,21,19.146742034561896,19.372229730448872,19.88565170979726,20.29153974622872,76.21495793697154,74.24622192347958,72.56214658523245,21.0,1.0,17.5,21,20.52882979720752,20.52882979720752,20.04258908162862,20.916511868628987,21.641603462457937,17.593125938316412,19.617364700387174,4.048477524141523,21.236755710043784,77.9372921754731,77.6646935227618,70.70213059663675,0.8275787762818001,26.02130136690958,26.06240926796315,26.10351716901672,26.144625070070287,NAY_2_a5,8.108741258741258,neuage
1,2,26.2225554398126,26.23149687437333,27.37446257637124,27.384491149774778,28.52442617345028,28.535707205820263,1.0496593418952458,1.2545509895516875,-7.22465429275407,-1.5506655048909395,32,18.934338579229433,19.02185842041029,18.976932425309684,19.256196330499932,105.13257426982466,96.67561048584142,88.8614394710664,32.0,1.0,17.5,32,18.9071716792717,18.779822174382304,19.607248967180112,18.779822174382304,18.35591487880789,21.584589066130746,19.97025197246932,-3.2286741873228544,18.678782297540177,76.72920137791026,76.56478560908852,83.03517024269568,0.7460677512371551,26.10351716901672,26.144625070070287,26.226840872177426,26.391272476391705,NAY_2_a7,8.108741258741258,neuage
1,2,26.490590205205475,26.497627360295795,27.920196934755882,27.923743278141302,29.461262358718205,29.462074978917492,1.6794217834726013,1.2850258351490942,-1.4752634476476942,-0.9131577323878793,21,15.742786341750502,15.112544958349407,15.871208989093844,15.871208989093844,97.38537756570922,95.11689391057031,95.04086835076933,21.0,1.0,12.5,21,17.652006021478854,15.885783685732918,16.27331699565096,21.675786867377752,19.74656441195171,11.58429280322887,15.66542860759029,8.162271608722842,18.93033725107943,100.38342689123343,98.09405507667151,78.3972292206207,0.7506285863537602,26.678433679806503,26.570569392691382,26.390795580832844,26.211021768974312,NAY_20_a77,9.27090909090909,neuage
1,2,29.21584584451623,29.223162553526574,30.41853314464078,30.4209233165523,31.58048042374412,31.58061968093959,1.3156694755446918,1.0417876518683233,-4.149423519699618,-0.7182387750250728,30,15.48370268213695,15.730515857624425,15.867023115818029,16.62111407643289,119.6796461723042,119.37198306638444,111.30048133236548,30.0,1.0,13.5,30,15.873752553324891,16.398397012785694,17.38640704522706,17.30227895487252,16.141812633088374,16.33357738488462,16.2376950089865,-0.1917647517962447,16.160989108268,104.37412007218693,104.37292116382272,104.97625990141698,0.8834013662434328,29.123357521082568,29.195267045825986,29.339086095312812,29.554814669543052,NAY_20_a79,9.27090909090909,neuage
1,2,20.247550587505874,20.26588723876869,21.366598751498266,21.387461921848374,22.508574124686746,22.53417164047906,1.314425986265876,0.953858415444494,-5.944508366345571,-2.5309494312401895,24,16.619258559303788,16.388892078225602,16.11473954423755,16.09740226111552,82.3569351898653,82.58069971997627,83.98353328964642,24.0,1.0,14.5,24,16.454092136513253,16.73373646550698,15.713121253703292,16.454092136513253,16.79757774664746,15.684121246345798,16.24084949649663,1.1134565003016623,16.686232096617296,72.29796478182837,72.26996903111178,69.94034531236368,0.7506944336876105,20.3073031204634,20.26619521940983,20.18397941730269,20.10176361519555,NAY_21_a81,8.108741258741258,neuage
1,3,19.552492150881342,19.555358291095683,20.52209642787181,20.523530863373594,21.510045656760216,21.51066568972949,1.0272494687799698,0.9280579298538395,-5.319153359224937,-0.6774147255214753,18,16.332911262778907,16.246648360036982,16.55826156570984,14.694172824818764,87.61195416406306,86.16871293626447,93.7647468334198,18.0,1.0,14.5,18,16.77591753690001,15.759205951533403,16.753707272282128,14.88961853139105,14.649262047095458,19.987097774720517,17.318179910907986,-5.33783572762506,15.183045619857964,66.10723053771653,65.58752233140052,77.19988250380985,0.6862017369198259,19.649576703606286,19.567360901499146,19.52625300044558,19.485145099392007,NAY_21_a83,8.108741258741258,neuage
1,2,23.852941191336942,24.21508285249066,25.051092841972945,25.452527285491943,26.22938045332807,26.65822183748134,1.3108578194751193,1.1322811655155605,-11.986327722378999,-10.189478379750238,19,18.778002412542264,18.608894874434103,19.214048740412352,19.271045403363985,77.64002032568808,77.64002032568808,77.64002032568808,19.0,1.0,18.5,19,20.51759133383328,21.053852083581404,16.693295006354475,21.053852083581404,22.38236072426547,14.142831724593456,18.262596224429466,8.239528999672014,21.55840782429827,77.20315851931845,75.89479983168964,62.458616935420075,0.7167767180888177,24.32640492686682,24.275083397485243,24.018475750577366,23.556581986143186,NAY_22_a85,6.495,neuage
1,2,19.08092529097211,19.209364400806592,20.38851431652943,20.50474513403164,21.691185188990538,21.78349663490307,1.3180488663050152,1.256083367791461,-8.485921878418122,-6.103464901509977,19,14.32122506297614,14.630594566811736,14.32122506297614,14.737776027990236,83.26306238588185,83.26306238588185,83.26306238588185,19.0,1.0,13.5,19,14.8245262166447,16.223395895647116,14.407975251630603,16.89764472225204,15.727296141095023,13.320103804444837,14.523699972769931,2.4071923366501857,15.486576907430004,76.09820374445313,75.92527777674766,70.24511959380666,0.8128636471860063,19.194251988709265,19.142930459327687,19.194251988709265,19.399538106235564,NAY_22_a87,6.495,neuage
1,3,22.264211801365175,22.31603503084298,22.968575534321417,22.99482548678918,23.652937994502928,23.662450793706657,0.3724498521956288,0.9739659106680508,-7.37892414946126,-2.737966656990975,20,13.046017139632937,13.196994521987692,13.44851665275715,13.44851665275715,122.31281215413732,116.65612106635942,116.65612106635942,20.0,1.0,11.5,20,13.435069664674415,12.933661794958084,12.06903057609071,13.435069664674415,12.387700791818377,15.800507697072497,14.094104244445436,-3.412806905254121,12.728981482343789,91.64402794318508,91.1983141059736,103.52223506321968,0.6380123800198245,22.493574906155686,22.460074754179182,22.24560924891156,22.11217885859973,NAY_23_a89,9.27090909090909,neuage
1,2,17.975132831705636,18.030406416076982,18.84362057022389,18.90399993643808,19.68344449800106,19.75063669519482,0.9158962728973221,0.8043340062205165,-7.08923933236887,-4.580582548307579,21,14.454556786799571,14.702348591989361,14.535938255256298,14.724092830539234,80.19967959856267,79.79377468282631,78.28494482705034,21.0,1.0,12.5,21,13.62084310978068,13.381075635640087,14.521805394712004,11.548327175678963,11.627813064981343,17.005681999146265,14.316747532063804,-5.377868934164923,12.165599958397834,73.41932348876097,72.55537128214021,89.01687599340335,0.7479582387456033,18.049290710596853,18.049290710596853,17.977381185853435,18.121200235340265,NAY_23_a91,9.27090909090909,neuage
1,2,27.32624800782353,27.574538051041777,28.372609281636546,28.604662394665016,29.24546373366663,29.503781124970118,1.0109953315297107,0.9182477423986255,-8.65794384186859,-7.303095041307994,23,17.6981130810116,18.254409465210447,18.426334909677905,18.73639675064348,90.73870457124708,88.89673384593557,88.41006724793891,23.0,1.0,16.5,23,18.812855004054853,18.812855004054853,17.537549517222487,18.812855004054853,19.532638332252088,16.809682194405013,18.17116026332855,2.7229561378470732,19.260342718467378,87.68734091900681,87.5254428152673,81.63871640717126,0.7865256315538449,27.39752892724064,27.54134797672747,27.721121788586,27.93685036281624,NAY_24_a93,9.27090909090909,neuage
1,2,22.26108535819811,22.261431932406513,23.308410449910422,23.309719215228057,24.436913483582654,24.437778439759537,1.0754446621052351,1.1009018452477914,-2.675242466760163,-0.6071584310562018,17,10.231678844098525,9.067431398090442,9.75434780201283,7.545684558908192,144.39136335948896,160.12652100907454,192.61600348073054,17.0,1.0,7.5,17,10.743057974883897,10.743057974883897,8.117368711547414,11.699633508917856,12.204004046952752,6.218327264466785,9.211165655709769,5.985676782485967,11.605436368704154,144.21473980763597,139.00265944205714,105.25721857314363,0.5157820695785676,21.883102432289494,22.040269333856315,22.32790743282997,22.54363600706021,NAY_24_a95,9.27090909090909,neuage
1,2,18.497208846791544,18.53741886656509,19.844736925887055,19.871278966626072,21.132441380074724,21.150004190966307,1.5991070184648046,1.0134783059364119,-10.383946543492051,-2.9616942909351662,25,19.74737102817386,19.45718720455961,19.575660130139966,19.08536366725093,74.27253672458065,75.69573309262536,79.71636564060569,25.0,1.0,17.5,25,19.120692099745895,19.120692099745895,18.63039563685686,18.400916291573765,18.123238421506564,20.060875976488454,19.09205719899751,-1.9376375549818892,18.317002177004753,56.31711407325734,56.269536183023725,59.16837416656163,0.7212098211651167,18.40642371834466,18.49907350216183,18.560840024706614,18.34465719579988,NAY_25_a97,10.793333333333331,neuage
1,2,15.224187850440204,15.224196990750906,16.261462016706787,16.261642582201617,17.312235154021344,17.31302900807033,0.9981135555787869,1.0907184617406356,-7.3389798759527425,0.2700058710312309,21,15.943284306436311,14.831855112607313,16.069572070029267,14.439246503055585,83.91994975442681,83.91994975442681,89.37180385069789,21.0,1.0,14.5,21,16.128759094574775,14.953621447200845,15.98403892997058,14.953621447200845,13.707341395330825,17.395484812490995,15.55141310391091,-3.688143417160169,14.076155737046843,56.93016329411051,56.665164458636156,64.11178994544613,0.6354537713383313,15.225447807288454,15.225447807288454,15.287214329833233,15.379864113650404,NAY_25_a99,10.793333333333331,neuage
1,2,26.466942604676312,26.497199938206855,27.786321199666375,27.82978318811866,29.084830323125065,29.140403166090316,1.3298256977015557,1.3133775301819026,-3.541135193966273,-3.2025362264665964,26,17.26837553255099,17.346221060740685,17.289348305604648,17.247402759497334,92.22781366932415,91.21367274536975,92.36826916224624,26.0,1.0,15.5,26,17.31101599834801,19.080283076408477,18.459212766544056,19.219911683860573,19.087692324660186,15.445451040608015,17.2665716826341,3.642241284052172,18.72346819625497,89.46249988687478,89.13419886188598,80.90339225054032,0.6308706674863378,26.426750343204553,26.390795580832844,26.462705105576262,26.103157481859192,NAY_26_a101,9.27090909090909,neuage
1,2,24.19905823274368,24.201995966069305,25.42817406349816,25.431341520470053,26.66008624859549,26.663739897903888,1.3725766019120362,1.0891673299225486,-5.406108438983845,-0.9043006954965802,16,20.78300104781769,20.818159029137156,20.868110237076593,21.01247068284522,79.65731255211952,78.2140222727905,79.45646480897834,16.0,1.0,18.5,16,21.002784684131825,22.054257133375273,20.455141052315724,21.002784684131825,21.958327410895357,19.59974262023802,20.779035015566688,2.358584790657339,21.722468931829624,68.18417383887419,68.11233190457168,64.62098631779,0.6179937077111909,24.233509838530434,24.19755507615873,24.19755507615873,24.26946460090214,NAY_26_a103,9.27090909090909,neuage
1,2,27.737662577353365,27.739425526573157,28.711657230066724,28.71301325941477,29.80413490785576,29.804837467410252,1.185801494974935,0.8796104458621644,-1.839298621960801,-0.5568452227750043,27,17.446589254202678,17.62198410150338,17.879335573514794,17.882699284974336,95.37680511466893,92.60179735167613,92.60179735167613,27.0,1.0,15.5,27,18.85945474196359,17.718001855908767,17.573985142117834,,17.612258277482187,17.95613786562086,17.784198071551526,-0.3438795881386729,17.646646236296053,90.79787747158835,90.79508853032159,91.65297044410164,0.6841597398159679,27.764051883878945,27.671402100061773,27.455219271155038,27.053736874613964,NAY_27_a105,10.793333333333331,neuage
1,2,22.384221811674887,22.3842538061742,23.51552380883792,23.51552384900266,24.650824787843757,24.65102521355016,1.0502011293435354,1.2165702780324208,-8.974516950883483,0.0033487503398907455,25,19.501490930698935,19.108312071420894,19.560637652924243,19.560637652924243,103.2725059811326,93.75764747324092,90.62159750467802,25.0,1.0,18.5,25,18.150283413410477,16.83938672728766,21.0201390400197,16.825052369758993,15.358263462672882,24.99023750240264,20.17425048253776,-9.631974039729757,16.321460866645857,65.96159079386936,64.71184571517256,84.26381325416433,0.7945682347492024,22.390364422483017,22.4521309450278,22.4521309450278,22.791846819024094,NAY_27_a107,10.793333333333331,neuage
1,3,19.3388679751931,19.338875176254422,20.545013821455953,20.545091853021642,21.78447348321856,21.784866385557084,1.2185451559433491,1.2274460533593163,-0.9486667093675183,0.15791336373266449,13,14.375215912484265,14.374703090944852,14.122287248844941,13.5760790765909,81.1583365198054,82.62935650532008,85.74095964848112,13.0,1.0,12.5,13,14.09296738209298,15.539965595307393,13.148362589519309,16.115843053824875,19.083676002924115,5.74851693328025,12.416096468102182,13.335159069643865,17.75016009595973,100.42156821099901,89.94098370807839,59.14746338793001,0.43945531157369344,19.52625300044558,19.40292929728487,19.27960559412416,19.238497693070588,NAY_28_a111,8.108741258741258,neuage
1,2,24.710974228730908,24.737945554383696,26.057858749585588,26.082502875238433,27.447600857344106,27.46977415966797,1.5931780328449157,1.1386505724393647,0.3136111701233367,-2.4908863159853727,13,12.800884738445546,12.840237266091593,12.800884738445546,12.947208422453485,95.64860950071588,95.20884623048158,94.92819608372905,13.0,1.0,10.5,13,13.323399418449327,12.186993659850401,14.524590073230002,12.158489053802867,12.85454259618911,14.007112127167897,13.430827361678505,-1.1525695309787856,12.96979954928699,106.53571078205928,106.47080322065923,111.15819783699727,0.6154621535765072,24.78806433530249,24.74695643424892,24.705848533195354,24.664740632141783,NAY_29_a113,8.108741258741258,neuage
1,2,21.85048958647029,21.86613342528115,23.578635503593873,23.602804966134748,25.27463978261146,25.295693961013423,2.0247486427940666,1.4048118929382074,-6.263978541588616,-2.593142511289952,14,22.622197797929502,21.57268296631879,22.521061587872595,22.739051676090952,61.886907074411425,62.18911596578177,62.18911596578177,14.0,1.0,21.5,14,19.704657146488813,19.704657146488813,24.83786918065644,19.704657146488813,18.29804862720561,27.563363875698457,22.930706251452033,-9.265315248492845,19.224580152054898,56.73561472630809,55.973368331705856,69.46171484285111,0.7113861407329727,22.157158667874032,21.787187558391906,21.787187558391906,21.45832434996335,NAY_29_a115,8.108741258741258,neuage
1,2,19.717281749067375,19.72780836806157,20.815717224630912,20.82967636386085,21.93020058674165,21.948685628408935,0.9240002663996221,1.296876993947742,2.52297990098676,-2.0977317204155996,17,12.988207422239839,13.363890725118196,13.375454964308062,12.250387586150538,75.11218034735376,69.404340094011,78.13673567968006,17.0,1.0,11.5,17,16.521295135502612,16.86780731702231,11.525928704382864,16.86780731702231,19.77388801168907,5.802959314967317,12.788423663328192,13.970928696721753,18.376795142016896,99.950018777851,89.12345947326449,58.31238169132666,0.8213083832733278,19.641754169240276,19.703520691785055,19.765287214329838,19.91970352069179,NAY_3_a9,10.793333333333331,neuage
1,2,20.54119926904476,20.545425933680022,21.545155646144906,21.550923117067114,22.52666251953645,22.532926259446786,1.04466490590604,0.9428354198607267,-1.502786602539485,-1.325583483604324,21,16.320217280521547,16.37862559145459,16.320217280521547,16.320217280521547,72.97725707082503,73.77659693351896,73.77659693351896,21.0,1.0,14.5,21,17.25762156574777,16.73550567748987,16.069217297932937,16.73550567748987,16.911733844931902,16.89290923188127,16.902321538406586,0.018824613050634313,16.90985138362684,70.6402208195133,70.64021361087788,70.60204594188829,0.7956186273757074,20.506485484867206,20.537368746139595,20.537368746139595,20.660901791229158,NAY_3_a11,10.793333333333331,neuage
1,3,32.194152792191275,32.19479328989444,32.96137867928162,32.961948764143266,33.680293276596714,33.68034480417142,0.5069805045974427,0.9785710096795366,-8.874499160281072,-0.33697801717640646,32,14.447684831800046,14.247842108557384,14.578500658169446,15.943467574978087,207.05100673190861,211.6938781490461,213.7828848772587,32.0,1.0,12.5,32,14.631318869565462,14.631318869565462,15.058027299192105,14.631318869565462,15.735768104844205,10.176312072198652,12.956040088521428,5.559456032645552,15.179822501579649,145.36781943405398,143.12485880519088,118.32197075599167,0.5094965058038698,32.200051187039655,32.25538898913178,32.15455719746577,31.871525633106863,NAY_30_a117,10.793333333333331,neuage
1,2,18.806608411343753,18.818766702255225,19.69363840868185,19.704755180448736,20.603793246397764,20.614674733245792,0.9496107409573856,0.8462972900331841,-4.204214220749453,-1.924694801335845,26,17.180388797323275,16.721917619243307,16.40173216048902,16.01212442768309,67.23920616154732,69.41957750847443,75.2714328842908,26.0,1.0,14.5,26,15.532500898990236,15.532500898990236,18.234854573439748,16.112691600391997,14.47259103886805,19.277170929728214,16.87488098429813,-4.804579890860166,14.953049027954066,65.1668994926683,64.72984663231848,75.18482649502467,0.7779879904686314,18.838789376158125,18.807906114885736,18.807906114885736,18.807906114885736,NAY_30_a119,10.793333333333331,neuage
1,2,22.631424796482236,22.703651717269555,24.028605702984898,24.084696572706303,25.312774883425536,25.36533969067957,1.4497248248414993,1.2119631485685152,-0.844201464527526,-3.9110867537573455,22,12.647980057445707,13.62066847263829,12.682732165045934,14.227257342663535,91.0437512120527,86.46016553758778,82.82592943880864,22.0,1.0,11.5,22,15.05055620903002,15.05055620903002,12.439645946457148,15.05055620903002,17.04866474263131,9.158714688151573,13.103689715391441,7.889950054479738,16.259669737183337,103.21208308137975,100.03674962646934,77.35669897562863,0.6966085671426061,23.047002680264107,22.831274106033867,22.867228868405572,23.082957442635813,NAY_31_a121,9.27090909090909,neuage
1,2,21.8503394848678,21.850386748746587,23.244007595304506,23.244041472729712,24.619004159556614,24.61904319442379,1.2030278132157635,1.5656286324614352,-3.458461737930583,-0.0978221175550825,23,15.61190103453697,16.234381556230435,16.484852057396182,17.003152011408957,94.56330244664869,89.727459012893,80.71529806104711,23.0,1.0,14.5,23,15.931561081379442,15.403586649381083,17.84481543190762,15.019455795746183,13.419125875123825,21.39554043322326,17.407333154173543,-7.976414558099435,14.216767330933768,74.30721910397442,73.00581661485235,94.11120558052207,0.5756203938546831,22.004314571484606,21.824540759626075,21.896450284369486,21.896450284369486,NAY_31_a123,9.27090909090909,neuage
1,2,23.03750070093554,23.060192997585474,24.297519869049573,24.323124352652155,25.513930215802166,25.541698120753527,1.2623294211103822,1.2191757020576683,-3.0856027865040536,-2.629202677945946,21,17.72035523829817,17.86487182434101,17.72035523829817,17.409462700086806,77.564550325352,77.564550325352,79.16469722248172,21.0,1.0,15.5,21,18.337093521445922,18.960752715545794,14.84323985994996,20.56207376898655,20.878213318439286,13.807440753349619,17.34282703589445,7.070772565089666,20.17113606193032,78.36090421936443,77.27766538350545,64.63719090631253,0.6675628348940578,22.977146386658436,23.008029647930826,22.977146386658436,22.791846819024094,NAY_32_a125,10.793333333333331,neuage
1,2,23.086759920918585,23.09337970404316,24.2888885271999,24.296565703774327,25.547089319134827,25.55407399742671,1.2625998951057706,1.1980943982777843,-3.709064711064661,-1.4403810061692564,21,20.255655401667184,20.201814001159928,20.583711989587442,20.583711989587442,71.1037734643637,71.1037734643637,71.1037734643637,21.0,1.0,17.5,21,20.73007189282214,21.16307685517694,18.740676039552312,21.177575721885006,22.685443198486382,16.52651846746222,19.6059808329743,6.15892473102416,22.069550725383966,69.32036101016946,68.75637396053891,59.82082160689885,0.5655229418227699,23.13156269302039,23.162445954292778,23.13156269302039,23.069796170475605,NAY_32_a127,10.793333333333331,neuage
1,2,15.623650363592402,15.624956561944025,16.697275293253394,16.697778680617233,17.785591213601887,17.785617433963665,1.1011474199238238,1.059513452095821,-9.25405069776573,-0.4448980742220464,13,15.052988589920972,14.773184107486282,14.159748859579764,14.159748859579764,108.22704864948894,128.47291069710673,128.47291069710673,13.0,1.0,14.5,13,13.884819656817086,13.593048927521892,16.572713324996414,13.884819656817086,12.463508932934545,18.332620606505266,15.398064769719905,-5.869111673570721,13.050420100291618,59.3524892620421,58.63427150701128,72.13854355452713,0.5019498577988378,15.456570796142183,15.538786598249322,15.703218202463601,15.90875770773145,NAY_33_a129,8.108741258741258,neuage
1,2,14.916799672654902,14.91789409935124,16.20730997204605,16.207943709931897,17.420226750767043,17.42052269376603,1.2282008827285307,1.2744277116862603,-7.478365572711175,-0.50667551877981,13,13.536284395628684,13.369527077565023,13.334466982447225,12.846849529687148,101.67086491812766,120.04009532402276,124.92857925552805,13.0,1.0,12.5,13,13.268208874848057,13.268208874848057,12.719010864246457,13.268208874848057,13.42486190236699,13.150827583290006,13.287844742828497,0.2740343190769831,13.397458470459291,64.74458826880898,64.74231079888308,64.09348843224655,0.7355687056419631,14.88106018139221,14.839952280338638,15.086599686660056,15.538786598249322,NAY_33_a131,8.108741258741258,neuage
1,2,23.65997084429731,23.782868298556355,25.231400717417387,25.349601357794274,26.794000727227054,26.910685843470677,1.4823964989116367,1.645421046002686,-6.032862140464044,-5.535168874292767,20,15.62293684639728,15.09591744671869,15.22243183668428,14.544578233936107,85.97475178952521,88.98936964143338,91.63775374922695,20.0,1.0,14.5,20,15.889695018662849,14.956094248246131,15.97188024052545,13.61685286957902,14.2165414141652,17.560712963130975,15.888627188648087,-3.344171548965776,14.550958569061777,86.67098531642603,86.35364418130912,96.26269675025826,0.7520183001140768,23.96715422119579,23.76186810366949,23.607903515524765,23.40261739799846,NAY_34_a133,6.495,neuage
1,2,32.94767694679786,32.95955951971279,33.54600107202357,33.548531864515745,34.000003401384156,34.0575477795083,-0.2869180914651624,1.3849063512606694,-11.367244220658916,-0.703771813967997,19,18.88654113283144,16.48574119164292,18.88654113283144,18.88654113283144,234.2839842127547,235.2827345358448,225.5407714006277,19.0,1.0,17.5,19,19.5804889988554,19.5804889988554,12.811286022243166,19.5804889988554,22.498146586657583,2.4981465866575845,12.498146586657585,20.0,20.498146586657583,206.6715969075738,151.72512191202318,85.8074762858881,0.6780001741931019,32.71064388578699,32.83703912047697,33.16182813432957,33.0344036612442,NAY_34_a135,6.495,neuage
1,2,20.543889651890606,20.549609432682356,21.904893737213715,21.90945228962114,23.268023207234453,23.272246519522444,1.6540262955712681,1.0686107912688194,-2.6516724821239968,-1.1688071944522251,18,13.456233956785596,13.560953480507443,13.89441998083754,13.89441998083754,92.7436384778062,92.31530446660805,92.31530446660805,18.0,1.0,11.5,18,13.8369938528119,13.8369938528119,13.414600413522777,13.8369938528119,13.108093990056881,14.157662896025913,13.632878443041397,-1.0495689059690316,13.213050880653785,87.17655380220586,87.13382119472055,90.55745898335681,0.6142708112961505,20.59505842783839,20.471734724677678,20.51284262573125,20.59505842783839,NAY_35_a137,8.108741258741258,neuage
1,2,22.02871955045687,22.033639049792058,23.43272070227699,23.436217851417084,24.885633096118106,24.887808058687042,1.3122985184448142,1.5418704904501668,-5.363787136487283,-0.9898202728956212,26,15.243471067095754,15.319467498178737,15.256855567306616,15.442192222371006,100.97161877260817,104.5619075205573,104.86133607208465,26.0,1.0,13.5,26,15.454130983158734,15.889327553846755,14.560781724419485,15.893835774196134,16.23595602687939,13.733472141357023,14.984714084118206,2.5024838855223677,15.985707638327154,85.27240857361934,85.07580151457095,78.67600096910971,0.6365617768327972,22.033834964713325,22.116050766820464,22.198266568927604,22.444913975249023,NAY_35_a139,8.108741258741258,neuage
1,2,17.59983670809775,17.626782005276908,18.508930172186794,18.53863142085781,19.415882463652764,19.448346604585776,0.9000735105911448,0.9214910887177218,-4.791950379676929,-3.2437259046058897,19,14.062630364139295,14.347895096944294,14.53699235418253,14.579395896479127,75.58624245371104,75.1619246927324,74.30874653579171,19.0,1.0,12.5,19,15.078450771950486,15.078450771950486,14.23431033540703,15.078450771950486,15.765858383665616,13.493349897212122,14.62960414043887,2.272508486453495,15.538607535020267,69.75338916798108,69.61421265145181,64.71097956116668,0.8257746667336734,17.6343421865349,17.6343421865349,17.51080914144534,17.232859789993828,NAY_37_a141,10.793333333333331,neuage
1,4,32.60832963676898,32.60851488058463,33.757999637472814,33.75801278284986,35.003905502574675,35.00456332142904,1.2141822481652746,1.1818661926791407,-5.1233541840156755,-0.050563337378451756,27,17.248212857709774,16.885146709791808,17.8721817504439,17.8721817504439,129.44920956347767,128.6648320334378,129.44920956347767,26.0,1.0,16.5,27,16.614536241606373,9.101972185862962,19.588206771918692,,9.518717531114461,25.13928544853292,17.32900148982369,-15.620567917418459,11.080774322856307,117.69624271266025,109.34451534631611,196.94739101650248,0.523458526204367,32.82890673255096,32.67449042618902,32.55095738109945,32.24212476837555,NAY_37_a143,10.793333333333331,neuage
1,4,9.467491437235331,9.468304171785231,10.348416685686264,10.348420674657586,11.29625977387141,11.296980508639312,0.747400505848027,1.081275831006054,-6.050442384071539,-0.05030730628631177,0,,,,,,,,,,,0,,,,,,,,,,,,,,9.595647006246937,9.474591173840004,9.457630615607673,9.418026921858273,NAY_38_a145,9.27090909090909,neuage
1,2,19.504826190391093,19.505697728919007,20.417306656767465,20.417514573598616,21.312438466917346,21.312439781422665,0.8844920912477967,0.9222499612558704,-5.341379280169948,-0.2585719349741168,19,16.349190027898487,16.78944467744108,16.349190027898487,17.487397605573193,80.97618759625595,80.97618759625595,76.09453532241952,19.0,1.0,15.5,19,15.22016180775654,15.219809393438538,18.934481770141616,15.219809393438538,13.068739533327372,21.054099085290773,17.061419309309073,-7.9853595519634,13.867275488523713,67.63549009641636,66.39815594025126,86.15340700966708,0.7665531458002139,19.45152644309342,19.487481205465127,19.45152644309342,19.415571680721712,NAY_38_a147,9.27090909090909,neuage
1,2,19.376565510507923,19.404762587025562,20.496134028079744,20.518408513322008,21.574605114986163,21.58899935771333,1.2005716822330432,0.9836650884547271,-5.650631546181836,-2.669985659697035,26,13.68481622887279,13.659622880696379,13.737284035169921,13.564911630651295,90.3216160347736,92.97594685255547,96.09945055601162,26.0,1.0,12.5,26,13.688347577073529,14.240999225384684,14.520387366195536,13.688347577073529,13.548383548236387,13.892294313091528,13.720338930663958,-0.3439107648551399,13.582774624721901,81.58251323951596,81.57827617495381,82.59392423838337,0.8351213079500701,19.27960559412416,19.320713495177728,19.444037198338435,19.485145099392007,NAY_39_a149,8.108741258741258,neuage
1,3,11.74259826132531,11.745465375136519,12.382768043235675,12.382954072416624,13.042164484148518,13.04236750570115,0.36046286520388315,0.9364392653607498,1.956766483669003,0.3140628589767015,0,,,,,,,,,,,0,,,,,,,,,,,,,,11.861992816366174,11.797264881156718,11.851318334847225,11.962399206588763,NAY_39_a151,8.108741258741258,neuage
1,3,18.704571531293166,18.70489466272089,19.71532034586143,19.715358184678255,20.75478859753178,20.75479096105616,0.8893575558513702,1.1605387424838989,-14.5291791281167,-0.11225459775127494,0,,,,,,,,,,5.5,0,,,,,,,,,,,,,,18.912205007517816,18.8402954827744,18.55265738380075,18.229064522455385,NAY_4_a13,9.27090909090909,neuage
1,3,13.01902724705885,13.019673974441096,13.749976872190219,13.749978771886886,14.540712183054719,14.54077298967112,0.6150993952261051,0.9059996200039206,-5.882916183260679,-0.030118181881155226,0,,,,,,,,,,,0,,,,,,,,,,,,,,13.050026667141418,13.032736256948736,13.063619518221127,12.970969734403955,NAY_4_a15,10.793333333333331,neuage
1,3,17.325818428327917,17.326251071785144,18.490787445234517,18.49090119630629,19.72950251924625,19.732032827678246,1.0415605705389563,1.364221185354145,-9.646517639402756,0.2009724664830989,0,,,,,,,,,,,0,,,,,,,,,,,,,,17.30642634355282,17.30642634355282,17.30642634355282,17.14199473933854,NAY_40_a153,8.108741258741258,neuage
1,3,11.191269973788222,11.192258586525323,11.504037110098903,11.50601829943965,11.74963480495481,11.767619082421225,-0.4373322134459446,1.0126927093418467,0.9967908595097836,-1.0632718674400483,0,,,,,,,,,,1.5,0,,,,,,,,,,,,,,11.149646009674525,11.217654999118263,11.200716107096515,11.235305108280349,NAY_40_a155,8.108741258741258,neuage
1,3,9.400631636381181,9.401640216349795,9.954214712416302,9.954589383221624,10.553237198572766,10.558229852986312,-0.01765859402211103,1.1742482306586284,-5.510271662738615,0.49710970747799865,0,,,,,,,,,,,0,,,,,,,,,,,,,,9.48245388221661,9.436641288351064,9.38675705832375,9.408466929138497,NAY_5_a17,10.793333333333331,neuage
1,3,22.19066967854911,22.392915908939585,22.70291609348407,22.83418947920599,23.129127476410105,23.197072482317378,-0.24206298590801126,1.0462195592857992,-9.036572573940392,-6.146692050575025,23,18.064767919237028,17.636110972901204,18.27378351425466,18.9869238402282,76.33371368982267,72.96183349325308,72.04985672688825,23.0,1.0,15.5,23,17.51878712364308,16.691691793368648,18.98277908935546,14.72502619466826,14.637015532951796,23.218458148040742,18.92773684049627,-8.581442615088946,15.49515979446069,69.49020218122155,68.30218922274311,87.67721362683925,0.716629103149284,22.34168634060232,22.26554329415627,22.506946051708844,22.43166045504893,NAY_5_a19,10.793333333333331,neuage
1,2,19.28072519816624,19.43800857209404,20.61474622670712,20.781134357391196,21.995457988766134,22.162996813414843,1.234754257977088,1.4902339833437135,-5.964352512984935,-7.2552832895553045,22,14.146561086983482,15.079441716073575,14.433419987448445,16.629124602695953,75.80346399472242,71.73858614919926,64.93758835922485,22.0,1.0,12.5,22,16.984529154975945,16.984529154975945,14.462867874453195,16.984529154975945,17.7732526905232,13.701728435809287,15.737490563166244,4.071524254713913,17.36610026505181,71.56095057733062,71.16435972737501,63.23302653203675,0.7834938633773881,19.485145099392007,19.485145099392007,19.444037198338435,19.608468802552718,NAY_6_a21,8.108741258741258,neuage
1,2,18.43833277063071,18.459954512490246,19.382162562616635,19.40141957145721,20.43105622667691,20.455212976303688,1.2138120477676506,0.7814464160457911,-4.849132681214965,-2.553002379741371,23,15.663829748564552,15.819440258612628,15.614188240616187,16.066048921174456,75.95446531860246,75.95446531860246,73.0527038575416,23.0,1.0,14.5,23,15.65639105618132,16.10825173673959,16.410393658947413,15.65639105618132,15.578543916320935,16.465250534958415,16.021897225639673,-0.8867066186374801,15.667214578184682,66.75004086624747,66.73319397767466,68.58331973817258,0.8456529142082863,18.29301596883849,18.457447573052765,18.580771276213476,18.868526583588462,NAY_6_a23,8.108741258741258,neuage
1,3,12.75701136273966,12.760067265306104,13.219548907841926,13.219606437097395,13.627483110735332,13.630402260904171,-0.1538607918037541,1.0241957874018195,-11.379572548245315,-0.16903354574018495,0,,,,,,,,,,,0,,,,,,,,,,,,,,12.976024600943534,12.810168639359162,12.602061654803787,12.195871691047541,NAY_7_a25,9.27090909090909,neuage
1,3,18.998241232541602,19.02317937598934,19.97952671647838,19.995238355643583,21.011975319052077,21.020418461809268,1.0227664110831678,0.9744726747367621,-2.992152922937597,-2.2715041141487826,30,13.487767740225166,13.691399271121789,13.541192334938643,13.588613247335957,82.15409527005555,81.62198617283374,81.51491040772638,30.0,1.0,12.5,30,13.115714809653213,12.839011168832116,13.68503654296893,13.359051661864953,12.398856596488653,14.286244149813923,13.342550373151287,-1.8873875533252713,12.587595351821179,82.46575368498127,82.32910276980621,88.48571620612417,0.7501999060955983,19.12793358174806,19.09197881937635,18.98411453226123,18.98411453226123,NAY_7_a27,9.27090909090909,neuage
1,3,17.374468391472988,17.3909662629707,18.41633369951886,18.429911902461743,19.449924962937228,19.463117348278576,1.0786126938896978,0.9935383914181787,-3.664479511941828,-2.19949923748966,19,16.121724888110236,16.010665149774706,16.121724888110236,16.121724888110236,65.02174698045766,65.02174698045766,65.02174698045766,19.0,1.0,14.5,19,16.329208806939334,16.156133505002487,15.48337167089727,17.30439289883654,17.47812516772917,14.726445692180578,16.102285429954875,2.7516794755485927,17.202957220174312,62.76220253583724,62.610924630720596,57.81857345389414,0.5589207682853286,17.388642145659954,17.388642145659954,17.388642145659954,17.388642145659954,NAY_8_a29,8.108741258741258,neuage
1,2,23.538321307698137,23.658243162636275,24.524308004416564,24.641000786786588,25.510182573673873,25.624501648879345,0.9889497359608987,0.9773087502821725,-2.651264251280745,-5.578301668858227,20,18.24331311353974,17.910153397704192,17.15380077306895,16.7844994504176,69.97684515431823,71.88053596659213,76.3588090970501,20.0,1.0,15.5,20,18.652309796961504,18.652309796961504,16.958027754761304,18.652309796961504,18.85334774856068,17.180064593228416,18.016706170894548,1.6732831553322625,18.68601943302745,76.33002166295574,76.27592429714338,73.00612275349724,0.7709384622774856,23.760366808963248,23.71925890790968,23.63704310580254,23.678151006856112,NAY_9_a33,8.108741258741258,neuage
1,2,26.159475517979672,26.194963005040922,27.427778460776437,27.45364766206869,28.718844384603518,28.736982341485557,1.202906916015723,1.3391124204289098,-6.661155603457345,-2.4875007528114828,23,23.88149408383009,23.464092024508815,24.373151357203312,24.373151357203312,70.29897844191304,70.23553906912765,68.49493337263253,23.0,1.0,21.5,23,24.88289074111168,21.401813143181016,22.484780497396912,21.401813143181016,23.928068567890794,22.78005211823758,23.354060343064187,1.1480164496532121,23.81326692292547,65.86425991880168,65.85132085723596,64.36126401773636,0.6399806637455273,26.10351716901672,26.144625070070287,26.18573297112386,26.144625070070287,NAY_9_a35,8.108741258741258,neuage
1,2,16.105953434516124,16.110572964399367,16.87193334347811,16.8752779914003,17.656502987883144,17.6593157462901,0.5445663522075336,1.004176429683202,-5.837214122758869,-1.1407606701280217,23,12.09021563201685,12.242401984322209,12.09021563201685,14.126108131002297,98.28071465929504,97.77162681925658,88.10367755285948,23.0,1.0,10.5,23,13.177006087762294,12.0024318232241,10.63120588549728,10.129964769137104,12.14550068967311,12.165367615750851,12.15543415271198,-0.01986692607774135,12.147487382280884,76.36366262269544,76.36364572770631,76.42516195726637,0.800110277317198,16.275478690549726,16.121062384187773,15.966646077825823,15.84311303273626,NAO_1_a1,10.793333333333331,neuage
1,2,18.520148805686674,18.531323774462347,20.006521039045268,20.007546919221802,21.60076683090521,21.601132639906094,1.4819788228159227,1.5878300426278216,-0.17098272439950868,-0.5802175793672005,25,12.905836931678124,12.382524067636682,12.907031192719671,13.171273732114685,75.57589566787104,74.8024284145005,73.96277424586091,25.0,1.0,10.5,25,13.463847590361638,13.46265332932009,12.808889019503283,13.46265332932009,13.924193643095208,11.98087962158406,12.952536632339633,1.9433140215111466,13.729862240944092,82.80725795557719,82.65279264744713,76.98750403107141,0.6423882679270888,18.52995676343422,18.46819024088944,18.437306979617052,18.715256331068563,NAO_10_a37,10.793333333333331,neuage
1,2,14.880843962666924,14.882044909915523,15.698869438389728,15.699440569381576,16.687735513773646,16.687915820920804,1.1687346496387037,0.6371362613665761,-2.1553530677473223,-0.4887251875750805,20,12.175582060337035,10.958946928601843,10.344253047845427,9.068513048651852,76.88217498677854,97.18357171629847,105.97151685034545,20.0,1.0,9.5,20,9.079023523173703,9.094072434636189,12.851430443833834,9.037043788971715,8.32835729769992,15.915776701969003,12.122066999834463,-7.587419404269082,9.087099238126829,73.29060412738887,70.84592769494137,102.71120652393502,0.6720283873074713,14.776865992743453,14.938942656381201,15.040148239654112,15.657813465101917,NAO_10_a39,10.793333333333331,neuage
1,5,23.783450072892915,23.783772362589136,24.360619335115874,24.360821047556513,25.149582049662378,25.149688505139782,0.4778331317905738,0.8880830107600773,-9.586606268981454,0.23316228955658716,22,13.629955697422801,13.862927071618373,13.686490476554809,13.573420918290793,208.55992530202826,212.53501084205485,223.48515720213882,22.0,1.0,13.5,22,13.398122766371415,13.051870634256062,16.653817267626778,,13.10237683945167,14.401860102465138,13.752118470958404,-1.2994832630134678,13.232325165753016,99.76349727283528,99.68982468507372,104.54041353462434,0.3888838832009878,23.86993083349079,23.83374191304865,23.765222733378735,23.989899273950005,NAO_11_a41,10.793333333333331,neuage
1,4,23.750624976867712,23.750707390923026,24.473048742299937,24.4732423204175,25.205296447269877,25.205684224369303,0.3289757551633377,1.1260010782829448,-7.537051115877912,0.22788738895995866,27,16.07433095839943,16.024147129129876,15.820379619815213,15.496085038575842,129.59938097702894,131.7822259056436,133.6540514325087,27.0,1.0,13.5,27,15.364665684870545,14.532291594915563,17.986331253854217,14.900043293398852,13.799120346620846,19.79403256948434,16.79657645805259,-5.994912222863494,14.398611568907196,82.90158074587248,82.02494872880484,99.37644898959974,0.5004390599059492,23.78442423554134,23.756225796846874,23.821409366309013,23.934643323902332,NAO_11_a43,10.793333333333331,neuage
1,4,15.860581375601924,15.860860402777034,16.80516489618242,16.805466530668863,17.74784064495815,17.74824487239093,1.0147703767779312,0.8726140928359665,-10.474705033600884,-0.34328394311992644,0,,,,,,,,,,3.5,0,,,,,,,,,,,,,,15.870315118434114,15.923553484622245,15.820095443551024,15.856050205922733,NAO_12_a45,9.27090909090909,neuage
1,4,14.808198882273986,14.808295893419803,15.668005707424884,15.668016725785174,16.531860645632083,16.532246828995003,0.8068908555597566,0.917060080015443,-6.8105755421736225,0.06794994776021258,1,2.9655007767763664,2.9655007767763664,2.9655007767763664,2.9655007767763664,21.945219563637206,21.945219563637206,21.945219563637206,1.0,1.0,1.5,1,,,,,,,,,,,,,,14.993135909001767,14.84931685951494,14.669543047656406,14.561678760541284,NAO_12_a47,9.27090909090909,neuage
1,2,19.897789201108434,20.121177368317866,20.90562949602166,21.11579195553931,21.96127883767629,22.16438560594429,1.1968421036528254,0.8463661339736,-10.77622834465422,-8.090444428673589,31,16.409874362025278,16.454940121230532,16.828285739834882,17.588125889598615,75.70739607355621,73.32186816988809,68.74893674353775,31.0,1.0,15.5,31,16.775371743544753,16.75748962539535,16.33827672938432,16.775371743544753,16.361975808765337,16.205586260289433,16.283781034527383,0.1563895484759022,16.346336853917744,70.77323421499003,70.77269663181704,70.44364880088573,0.7627869685146361,20.13466692815585,20.314440740014387,20.35039550238609,20.925671700333403,NAO_13_a49,9.27090909090909,neuage
1,2,16.119011319583688,16.15470413039289,17.168154462532414,17.20194873577321,18.259745783822275,18.290455236517055,1.37330897934552,0.7624421267786431,-11.048582349989479,-3.5920426677513633,17,16.6706569457412,16.153862168167,16.747231334590197,16.747231334590197,74.54888223038834,74.54888223038834,73.10751801502039,17.0,1.0,15.5,17,16.911492953811887,16.911492953811887,16.659534120132406,17.36527338367094,16.60252162874646,16.316050955580234,16.459286292163345,0.28647067316622377,16.573874561429836,56.54490981761309,56.54349958771337,56.06923472214865,0.753936202604578,16.363441719305598,16.1615023055202,16.018683182418975,16.07177878015297,NAO_13_a51,9.27090909090909,neuage
1,2,15.412924244256102,15.414725979202574,16.11089936904115,16.113380034723875,16.794024981043815,16.797124436110085,0.5244250591321334,0.8579733977753758,-4.39686195591309,-1.0053886923186652,26,12.832619797091382,12.580295146538553,12.840455842760775,12.82478375142199,81.26191496216916,83.03574475060203,88.3507793193853,26.0,1.0,11.5,26,13.294624438809507,13.294624438809507,13.278952347470721,13.294624438809507,13.415663692896562,13.254498192417538,13.335080942657049,0.16116550047902373,13.39954714284866,66.7503209160281,66.74951457343157,66.35586401797076,0.6455492366243274,15.63543003851091,15.58408215661104,15.481386392811295,15.096277278562258,NAO_14_a55,12.983333333333334,neuage
1,2,8.674650499463816,8.674994872034492,9.62395174032137,9.62397267988248,10.611658892320918,10.611833762646041,1.1853255004276464,0.7515133901839025,-12.763426152269412,-0.11952102407042903,0,,,,,,,,,,1.5,0,,,,,,,,,,,,,,8.701052493953064,8.593188206837944,8.665097731581357,8.737007256324771,NAO_15_a59,9.27090909090909,neuage
1,2,15.17446900966505,15.174546908791326,16.56054947910875,16.560550438939718,18.04364355938328,18.043652733849857,1.7695990989684909,1.099506726090038,-7.623778963728035,0.019507320819646012,0,,,,,,,,,,3.5,0,,,,,,,,,,,,,,15.352683532718837,15.208864483232007,15.029090671373474,14.993135909001767,NAO_16_a61,9.27090909090909,neuage
1,3,11.762222355974902,11.762491472400317,13.177654262840298,13.177910145924542,14.676082699319196,14.676121816326532,1.8025915658359395,1.1110387780902777,-3.105787317484356,-0.35705560125448904,0,,,,,,,,,,11.5,0,,,,,,,,,,,,,,12.008890632150097,11.829116820291562,11.649343008433029,11.541478721317906,NAO_16_a63,9.27090909090909,neuage
1,3,15.074976661138688,15.07499089094607,16.07134001478676,16.07142887104507,17.095493548064397,17.095787754513957,1.2351124722195033,0.7856843913483813,-14.69035501868384,0.19052615179263283,0,,,,,,,,,,1.5,0,,,,,,,,,,,,,,15.06504543374518,15.136954958488596,15.1729097208603,15.53245734457737,NAO_17_a65,9.27090909090909,neuage
1,5,8.34048629243055,8.340497772001394,9.414011000741308,9.414271601524142,10.492593773081412,10.493825433262296,1.222367107552277,0.9309605537086262,0.510122299516775,0.42631746842078777,0,,,,,,,,,,2.5,0,,,,,,,,,,,,,,8.305550107864288,8.233640583120874,8.269595345492581,8.089821533634048,NAO_17_a67,9.27090909090909,neuage
1,3,13.124091263095234,13.12412878795709,14.015386540645968,14.015388086221268,14.880125641916171,14.88031482877675,0.8076977990850857,0.9484882417345758,-7.41897099864322,0.026907921637238406,0,,,,,,,,,,12.5,0,,,,,,,,,,,,,,13.387893761581225,13.218035824583078,13.125386040765907,13.619518221124153,NAO_18_a69,10.793333333333331,neuage
1,3,9.074114143587119,9.074119466777741,10.16571641441543,10.1657171950243,11.28237404255992,11.282381228835028,0.6241293520459236,1.5841324100113623,-3.7065160934200225,0.022453567944441363,0,,,,,,,,,,19.5,0,,,,,,,,,,,,,,9.20321185917233,9.048795552810379,8.987029030265598,8.801729462631256,NAO_18_a71,10.793333333333331,neuage
1,2,19.729209354070502,19.736483477767536,21.21437399713872,21.214476291732147,22.53249767935579,22.53577627837554,1.5955994959022857,1.2036933047057141,-2.3111280312217723,0.17792951194699036,32,12.622486481746208,12.704100868988268,12.697720778848009,13.710117511916167,108.71714015114732,108.59894268739455,98.67800043349602,32.0,1.0,10.5,32,12.533279030990286,12.420748519163169,14.009288163659619,12.119050784909348,11.335894459075929,15.467201341555246,13.401547900315588,-4.131306882479317,11.749025147323861,85.82834789796337,85.14947531785913,100.40397941816528,0.6791473679135436,19.765287214329838,19.91970352069179,20.228536133415695,20.75355157504633,NAO_19_a73,10.793333333333331,neuage
1,2,18.504204912473618,18.556186943069203,19.79692883957842,19.851991009614895,21.10338366102313,21.159899168118724,1.2645146112918086,1.339197613757709,-6.342760857545271,-4.268376195459424,21,15.251571051466755,15.482030464479374,15.782646753255108,16.803807137770463,74.54029746829373,71.2417292594329,67.74533779263122,21.0,1.0,14.5,21,18.254999787673285,18.792630437242224,16.00934106730952,19.114389785252342,20.779098321139926,12.965892905212465,16.872495613176195,7.81320541592746,19.997777779547178,64.80701298923826,63.64646322086571,52.070760568111886,0.8078679043408178,18.588612146172455,18.51670262142904,18.40883833431392,18.121200235340265,NAO_2_a5,9.27090909090909,neuage
1,3,23.739074114422774,23.739160849573423,24.811222972087663,24.81134489074478,25.87234903444097,25.87250511602257,0.9438969006478425,1.1894473658013007,-7.6373586992547,0.17961712490572207,19,16.209650655311947,15.771382354242018,15.770281861350611,13.969606639632275,117.753895852722,138.30738607633202,165.08126505814644,19.0,1.0,13.5,19,15.740170120913632,16.948119710936936,16.22051806898037,13.587795806685648,13.296041573600032,20.566691028631574,16.9313663011158,-7.270649455031542,14.023106519103187,82.60967545937349,81.34035921659364,103.00098233667032,0.4946717428511913,23.658233640583124,23.69418840295483,23.766097927698247,23.83800745244166,NAO_2_a7,9.27090909090909,neuage
1,3,20.795634432755325,20.80121473173888,22.04281465104457,22.054006784985017,23.325675048218145,23.343119724514253,1.5167152029686455,1.0251897898067288,-2.309916923812759,-1.8254447633786166,31,14.429721550564892,14.15997756437367,14.762202832401755,15.329787515140396,84.47037248670681,83.25501998032853,80.98290070708029,31.0,1.0,11.5,31,15.726486748757424,14.790571876981943,14.270532959421928,15.726486748757424,15.428674146809037,13.592556990349365,14.510615568579201,1.8361171564596714,15.24506243116307,83.07762390999146,82.96767247083986,78.14027814891566,0.8170646513571682,20.630018529956768,20.722668313773937,20.8462013588635,21.03150092649784,NAO_20_a77,10.793333333333331,neuage
1,3,16.727548041262608,16.727872418673783,17.804926652877413,17.80589749523273,18.81938268766888,18.82269661504046,0.991515101683327,1.1033090946833515,-12.977757228446611,-0.5983179423963947,18,15.39796396161448,14.377611117840429,13.078609484292087,12.936545249794733,170.16344669367564,186.14248178553314,158.0647984674814,18.0,1.0,13.5,18,13.023943135549473,12.976226351060745,16.625142771359634,,10.732155607703,18.872933514759087,14.802544561231043,-8.140777907056087,11.546233398408608,66.72998926158888,65.02859149559382,89.21836556484475,0.5018773822097111,16.64607782581841,16.6769610870908,16.83137739345275,17.325509573810997,NAO_20_a79,10.793333333333331,neuage
1,2,18.032915946409812,18.033088105309737,19.370383765017767,19.373329383606332,20.853600035496072,20.865081993861494,1.9094324083885599,0.9225614801631962,-10.378718197742078,-0.9991466988395813,1,20.20710047072035,20.20710047072035,20.20710047072035,20.20710047072035,81.50367422733142,81.50367422733142,81.50367422733142,1.0,1.0,19.5,1,,,,,,,,,,,,,,18.01098212130349,17.941426423481733,18.08524547296856,17.905471661110024,NAO_21_a81,9.27090909090909,neuage
1,2,12.68938357785631,12.689448267768833,14.165111968363773,14.165489214555734,15.737506915562916,15.741882139815544,1.4258027143039633,1.626631157742744,-5.5956464469928635,0.4181530197702834,0,,,,,,,,,,8.5,0,,,,,,,,,,,,,,12.65607635484082,12.727985879584233,12.76394064195594,12.835850166699355,NAO_21_a83,9.27090909090909,neuage
1,3,28.129644754507122,28.12974696525425,28.732321435733258,28.734649105843584,29.352719225509517,29.360853256801075,0.5611180811165236,0.669988210430301,-6.4061737403579375,0.729286757831145,14,10.00939334436572,9.487726493243551,10.836251729139349,10.836251729139349,222.66666330736118,200.05635505376097,,13.0,1.0,9.5,14,10.808967640003374,10.808967640003374,,11.240258110118589,9.430879789832119,9.585967638673754,9.508423714252936,-0.155087848841635,9.446388574716282,170.03714426933726,170.03338697271775,171.418654663997,0.3638279736542295,28.12397957298895,28.171182493190223,28.236445680489407,28.16553428042002,NAO_22_a85,10.793333333333331,neuage
1,3,16.012655105075535,16.025066372968748,16.67047101436904,16.677954801093975,17.09764098737088,17.098600971150958,0.5168213377569542,0.5567132604252553,-9.18005494578182,-1.7164975043502946,20,15.573722701847174,14.42159119302654,14.576633035581409,11.475117412387476,90.9981956381926,94.53292109432635,129.18591868323423,20.0,1.0,12.5,20,13.054388071920556,10.781112177577654,16.164159711375106,,10.582967230099731,19.047857841126433,14.815412535613081,-8.464890611026702,11.429456291202401,64.11810917691567,62.35057469274158,86.80975678630817,0.4783789134510779,16.041496317441663,16.014369353187103,16.090173639022023,16.15808224570362,NAO_22_a87,10.793333333333331,neuage
1,3,10.815843007383682,10.816127605400725,11.524834092417358,11.52866968681123,12.258307424797167,12.27079826143247,0.15421785048423023,1.3004528055475129,-4.922377088093942,1.4780067290283994,1,6.192002454561191,6.192002454561191,6.192002454561191,6.192002454561191,51.37530436286075,51.37530436286075,51.37530436286075,1.0,-1.0,5.5,1,,,,,,,,,,,,,,10.727380599554323,10.765657201149333,10.805950168286872,10.84002470660902,NAO_23_a89,10.793333333333331,neuage
1,2,17.736680941853944,17.757890800558094,18.91376684215291,18.924071825258928,20.094799768642257,20.098912327822788,1.373497436457171,0.967524090807522,-6.367921201197454,-1.8909223196638205,19,18.449913009329748,18.269043184832707,18.449913009329748,18.95070048928872,65.44047106454835,65.44047106454835,64.90251922874275,19.0,1.0,15.5,19,19.15083931165705,19.746377384382782,18.15821134524117,18.110815905957224,19.98373000667521,17.30800636031032,18.645868183492766,2.6757236463648915,19.716157642038723,55.45325263426629,55.35944900321751,51.790018515027995,0.8235016497264678,17.57257566399012,17.69610870907968,17.788758492896854,17.69610870907968,NAO_23_a91,10.793333333333331,neuage
1,3,9.029295841741318,9.029631190314566,9.544293526555542,9.54590471833406,9.925139388707446,9.939939523719667,-0.22680376163655,1.1371120950416518,-4.771835624134183,1.0527101489290294,0,,,,,,,,,,,0,,,,,,,,,,,,,,9.02532611199474,9.016542413584563,9.067129683607302,9.103198265837547,NAO_24_a93,10.793333333333331,neuage
1,3,7.108415711165457,7.108417060463806,7.94292777583164,7.94302564396025,8.702505729951664,8.703286241490218,0.46879822519771486,1.1260709558286979,-5.191399231056542,0.28442366992693363,0,,,,,,,,,,,0,,,,,,,,,,,,,,7.083646330238673,7.047071274612865,6.974364229971321,6.682707456386171,NAO_24_a95,9.27090909090909,neuage
1,2,21.89635263894498,21.94746089810175,23.00433667671963,23.063752409948446,24.13891976910955,24.20914222618387,1.011750317797653,1.249931010284472,2.6068671070161296,-4.113548813372144,14,15.032133959714102,14.283939606398503,15.098747862244949,15.360877037107656,71.9420743465177,63.34666922678991,62.20190825539336,14.0,1.0,13.5,14,15.405610174020978,15.405610174020978,13.082294036219793,15.405610174020978,16.988249206564696,11.850912101417066,14.41958065399088,5.137337105147629,16.474515496049932,89.07072622508713,88.12891678566051,75.11216857736616,0.6649090722337027,22.004314571484606,22.004314571484606,21.9683598091129,22.11217885859973,NAO_25_a97,9.27090909090909,neuage
1,2,23.164278569863257,23.17847326447536,24.563834629615986,24.577837970009874,26.022398269117417,26.031315823202995,1.5266337854329748,1.3262087732946584,-3.522583015324797,-1.9342038214655288,21,16.37653881941057,16.723636008495205,16.37653881941057,16.609138318664748,84.67139646466666,84.07134727427974,83.59034930585908,21.0,1.0,15.5,21,15.447184690999507,15.447184690999507,16.527165330009126,15.447184690999507,15.518589170174979,17.320224448564048,16.419406809369512,-1.80163527838907,15.698752698013884,81.98815695760453,81.90681725099304,86.53416556913939,0.6579101195832857,22.90318363077728,23.118912205007522,23.298686016866057,23.73014316532654,NAO_25_a99,9.27090909090909,neuage
1,2,20.597254129931695,20.60630244857548,22.074946955264387,22.081650432496758,23.54512779714603,23.549900808853806,1.6134309643784148,1.330167395899913,-4.686460076592341,-1.4118316768163461,20,19.91115200716561,19.30122026541644,19.65742373789169,19.65742373789169,67.91483015726857,66.48071852198166,64.52800588745741,20.0,1.0,16.5,20,20.588314330267224,20.588314330267224,18.840551091738178,20.588314330267224,21.140929201131325,19.045197144811837,20.093063172971583,2.095732056319489,20.931355995499377,59.91238659627349,59.85902332877891,57.01809725924462,0.7228662180327496,20.722668313773937,20.660901791229158,20.59913526868438,20.290302655960474,NAO_26_a101,10.793333333333331,neuage
1,2,18.28371870476083,18.287564232135605,19.3081765746028,19.31075818201729,20.423522202714715,20.42528644661381,1.144427984740976,0.9932942297372304,-4.077727143851328,-0.9368884949135539,31,12.656809454441884,12.656327510844843,12.656809454441884,12.515158452169118,98.87484488497554,99.37556130234424,99.56668561438597,31.0,1.0,11.5,31,12.27794264189015,12.169319370518423,12.682757037240492,,11.750992307388236,13.173245243428367,12.462118775408301,-1.4222529360401308,11.89321760099225,84.75575351479023,84.66427663818789,89.70915355167513,0.693434596130651,18.219910781169414,18.560840024706614,18.34465719579988,17.881408276714023,NAO_26_a103,10.793333333333331,neuage
1,2,16.039982033417004,16.074151846889905,16.79592781150358,16.836348918376277,17.498080882074497,17.54395755236299,0.8093946127583107,0.6604110927147774,-7.292507812725061,-3.9710440019890028,32,15.896615890521375,15.686213506896937,16.659089140855883,16.99128684586819,65.1952785170838,62.85088189089374,62.01763429730418,32.0,1.0,14.5,32,14.825269195233176,14.705566104209083,17.248598858557017,14.705566104209083,13.669827675197725,18.881722813340158,16.275775244268942,-5.211895138142433,14.19101718901197,57.56742236885715,57.077846946888826,67.68893095316216,0.6800876819648332,16.144603372338185,16.11176896544623,16.067337702563993,16.25160462130937,NAO_27_a107,12.983333333333334,neuage
1,3,15.555719515310352,15.55573900609772,16.786448688839933,16.787930090514816,18.0226892761052,18.025002239917338,1.3389489391769742,1.130314294642648,-10.760173231013823,0.7611647428037392,0,,,,,,,,,,,0,,,,,,,,,,,,,,15.564806105701285,15.542504808117178,15.543336284721368,15.53245734457737,NAO_28_a109,9.27090909090909,neuage
1,4,12.382003485162116,12.382183462415156,13.209396600486615,13.209411548615403,13.989609931519611,13.989630677597782,1.0556245804979276,0.5518226346846968,-3.659770224736041,-0.0861964443129474,0,,,,,,,,,,1.5,0,,,,,,,,,,,,,,12.416029227088725,12.397146449854256,12.229771463866587,12.5077208153181,NAO_28_a111,10.793333333333331,neuage
1,2,19.1654505648642,19.338050826122764,20.547793851420646,20.719228044914725,21.950974958057543,22.1239888683685,1.3626511881259276,1.4232868541198058,-6.055726702959405,-7.375636017240537,29,12.367881730201503,11.38930636361193,12.038081143397989,7.603365037689343,82.96638005471927,83.35911312110076,125.71675466568644,29.0,1.0,12.5,29,12.519168494072886,14.893276859839744,11.995647994218103,15.278397461717844,13.43683681898862,9.64729491838507,11.542065868686846,3.7895419006035516,13.057882628928265,96.81253062750044,95.94117362743954,82.61110539633898,0.8049151055606671,19.631300254951952,19.55939073020854,19.05602405700464,18.87625024514611,NAO_29_a113,9.27090909090909,neuage
1,2,19.922966787852914,19.927580898746577,21.73126033821003,21.73423067375085,23.604125340234,23.606538682462254,1.6076082186847704,2.0713495650309057,-1.3376524199409259,-0.9472687193414902,26,14.736137755312711,14.466366289566164,14.775098703943002,13.36315223122324,80.84258479891527,80.896624220647,89.5391863071594,26.0,1.0,12.5,26,12.762799129243376,12.740389856048466,14.997080615834847,12.111994939605466,12.420296611314114,15.841680547068314,14.130988579191214,-3.4213839357542004,12.762435004889534,82.0145115252776,81.61573424774245,92.64230784932862,0.7602973938725472,19.918938353925608,19.918938353925608,20.098712165784143,20.386350264757798,NAO_29_a115,9.27090909090909,neuage
1,4,14.951201784034609,14.951368793776965,15.687971172316939,15.688106937516938,16.456909418570955,16.457329765656656,0.9706058201965797,0.5353551516831141,-5.889472619423107,0.23836742489997467,18,10.33226366475617,11.392614119123266,10.538926369278215,10.538926369278215,123.75369983847136,128.6515335641497,122.2394909854865,18.0,1.0,10.5,18,9.943980373983294,14.845778453860078,11.345390268610146,14.052323920763001,15.620810601409694,6.2040156275106035,10.912413114460149,9.41679497389909,14.679131104019785,84.40780916066423,78.90310471081905,55.472289086705,0.7277167217098083,14.868003274544087,14.886150484335092,14.928089952286298,14.711168164313221,NAO_3_a11,12.983333333333334,neuage
1,2,19.31727384834211,19.367164273016012,20.130958061577843,20.194099177684535,20.990377056248303,21.070094154523126,0.8582235413532644,0.8447063401538453,-1.392928459512159,-4.532050488338926,32,9.810812323314948,10.361132244374964,9.970248896507997,10.65908425897777,103.0822266466231,101.2021017072806,95.18632266413107,32.0,1.0,8.5,32,10.526017712251246,9.361051019618031,9.46888515031506,12.704759065186977,9.841482739800767,9.694770637837514,9.768126688819141,0.14671210196325246,9.826811529604441,114.03816102573433,114.03602481962339,113.1943102486986,0.8193510099978697,19.487337862878324,19.456454601605934,19.33292155651637,19.271155033971592,NAO_30_a117,10.793333333333331,neuage
1,2,20.41138007976423,20.418763855958726,21.76020131813347,21.76534354046964,23.191366662483333,23.19537360976374,1.3792248503849676,1.397384903420049,-6.068529502725953,-1.24548597969704,25,14.970383300213342,14.662032733201263,14.98814578863184,15.84463771584359,90.06036824290133,94.0001358444605,94.0001358444605,25.0,1.0,14.5,25,15.858584113164312,11.584197305443354,15.9047878559972,11.584197305443354,17.656174835347954,14.575199937085166,16.11568738621656,3.0809748982627863,17.348077345521673,73.58129382925225,73.35921244879006,67.13680738286871,0.7681101529136101,20.475602223594816,20.506485484867206,20.382952439777643,20.382952439777643,NAO_30_a119,10.793333333333331,neuage
1,3,16.497951944072994,16.500168104138606,17.23288077970251,17.23573174708307,17.94043204707496,17.944260611572194,0.844468091274919,0.599624416158671,-9.041166934286807,1.0421371500676566,27,14.472620427441825,14.908574046893966,14.472620427441825,11.890452613143736,102.2917960303676,120.55889216574437,126.36733380537132,27.0,1.0,11.5,27,15.442151858153466,13.029866567905202,12.432626343332373,12.657343250456648,14.12067041696875,15.858715451062618,14.989692934015684,-1.7380450340938685,14.294474920378137,63.708945059428196,63.63820732197873,67.46758357462033,0.5734626592966641,16.553428042001237,16.553428042001237,16.64607782581841,16.6769610870908,NAO_31_a123,10.793333333333331,neuage
1,2,23.923608026173568,23.92371835577142,25.41508492865743,25.41532542898365,27.116248566604362,27.117422896208275,1.9266204336520554,1.2670841067848004,-15.76815534109368,-0.24925734808241898,1,5.924899007416684,5.924899007416684,5.924899007416684,5.924899007416684,118.50883740227019,118.50883740227019,118.50883740227019,1.0,1.0,6.5,1,,,,,,,,,,,,,,23.898372369988095,23.85205769485246,23.85205769485246,23.898372369988095,NAO_32_a125,7.197142857142856,neuage
1,2,15.713256888019695,15.713553774459129,17.212902834056237,17.213160371459157,18.8211916541708,18.82122937853797,1.0211880128355002,2.0864875912433396,-2.851827509321045,-0.31342094818665633,2,12.74929314440621,12.817296670364238,13.098899153234498,12.74929314440621,71.01792630775492,66.31296459633492,71.01792630775492,2.0,-1.0,10.5,2,12.516004179316155,,11.816792161659578,,,,,,,,,,0.3137136597922547,15.700674870980551,15.793304221251823,15.700674870980551,15.422786820166737,NAO_32_a127,7.197142857142856,neuage
1,3,37.057945461501085,37.06134761842228,38.095633132248004,38.09935649493925,39.138519360683766,39.142137189047084,1.0497649962071012,1.0310245744176971,-11.815183744161532,-0.801032281297533,16,11.57778785386266,11.696312602801697,11.58271703144328,12.255154738986676,,,,16.0,1.0,11.5,16,11.536055625427707,12.208493332971102,,12.643312141954084,11.913587370005457,10.678256281852862,11.29592182592916,1.2353310881525954,11.790054261190198,188.26202777936814,188.07520911883324,178.4545531767968,0.28101306623527744,36.83267934399839,36.91489514610553,37.079326750319815,37.12043465137338,NAO_33_a129,8.108741258741258,neuage
1,4,12.820556777257007,12.820779040425709,14.292894255863569,14.292901990889632,15.765376184342125,15.76549008936154,1.6899401855493537,1.2547708633864785,-6.161829619902658,-0.05960851913229308,0,,,,,,,,,,,0,,,,,,,,,,,,,,12.907880930820866,12.948988831874436,12.41458611817803,12.579017722392308,NAO_33_a131,8.108741258741258,neuage
1,2,22.641321807722555,22.7217329741615,23.912883700454906,24.009629223779218,25.19633740135299,25.308351318919858,1.187944305501974,1.3986740392563821,-3.193722554990797,-5.145247627007849,30,11.518614779960117,11.281714229607056,11.182328688795309,10.391734404547378,107.06260722269712,114.33514963778572,115.23730948313595,30.0,1.0,10.5,30,10.60271579064107,10.629880793025507,10.880641820119877,11.051691948260753,11.864168071560075,9.89036727196938,10.877267671764727,1.9738007995906943,11.666787991601005,120.48274470263495,120.1529506865337,110.28415728796747,0.7403603989727295,22.615545531803622,22.723409818918743,22.759364581290452,22.867228868405572,NAO_34_a133,9.27090909090909,neuage
1,2,21.81189054372646,21.811900884153648,23.09433866819279,23.095104143405162,24.35633717305208,24.35936491168198,1.2320027754073746,1.3154612521209548,-8.223268809414765,0.46649225023233737,27,18.967239852052188,18.4422489096687,18.967239852052188,19.06783612157861,98.43848907446659,96.98067214535125,88.76895508344437,27.0,1.0,17.5,27,18.726842398547575,18.726842398547575,17.67294397560474,18.726842398547575,18.819169897497492,17.59356964658385,18.20636977204067,1.2256002509136437,18.69660987240613,69.67032194118876,69.6443963502376,67.45480115592193,0.7466870152102707,22.004314571484606,22.004314571484606,21.75263123488266,21.357128848793884,NAO_34_a135,9.27090909090909,neuage
1,2,21.461299875767153,21.46493133451598,22.08895525647081,22.092876568884545,22.64709003352287,22.649951466425875,0.692245340770033,0.49277479113986083,-2.5859252246258606,-1.0795273335721263,20,13.98579035021804,13.864449886996484,13.933117234349652,14.038463466086426,95.75800144059843,96.06192680069714,96.06192680069714,20.0,1.0,11.5,20,14.096357915042518,12.576625357767028,13.827045908465436,,12.903726021547353,14.270162450918674,13.586944236233014,-1.3664364293713205,13.040369664484485,91.40403277032114,91.3275500280043,96.07446509259739,0.6217603474610286,21.3629583221187,21.354730757573932,21.454401169724164,21.58739962940087,NAO_35_a137,10.793333333333331,neuage
1,3,15.561441434592176,15.568460120263682,16.296766074543932,16.304988934368083,17.050158172914546,17.059705934340528,0.6989482019456028,0.792297612131244,-5.993596031214285,-1.8197304946230517,20,15.140500259392581,14.741382040493827,15.155427132356209,16.40456939760992,72.76653315399886,72.04365210775933,64.67112949121591,20.0,1.0,12.5,20,14.986769982793334,13.566948181469826,15.355834884108333,13.566948181469826,12.7600359306349,16.471827877920166,14.615931904277533,-3.711791947285268,13.131215125363425,61.89297556710731,61.561982792886,70.33357092034741,0.8124325601657082,15.640097871312575,15.594191529861725,15.615600180699667,15.75046324891909,NAO_35_a139,10.793333333333331,neuage
1,3,12.033714765261326,12.033726551335628,13.531783621260237,13.531898593631427,15.123602088645864,15.124545932069726,1.7370273768548068,1.3537920038792934,4.35789895356982,-0.23618663276896315,1,15.544861901170691,15.544861901170691,15.544861901170691,15.544861901170691,62.48110411392082,62.48110411392082,62.48110411392082,1.0,-1.0,13.5,1,,,,,,,,,,,,,,11.829116820291562,12.008890632150097,12.152709681636924,12.404393018238872,NAO_36_a141,9.27090909090909,neuage
1,2,18.517551294136954,18.60806776551216,19.77237380290122,19.876294630555478,21.027108401395182,21.14422604106236,1.1002711157821865,1.4358871597680132,-5.446595628003062,-5.8615249624193995,19,15.181837680327732,15.841593050187129,15.744197903574957,18.67219293881189,70.00767539038019,67.66486136747022,57.35668661677508,19.0,1.0,14.5,19,19.234619729911543,12.611949379074105,15.33261455355941,19.24778547934531,22.346644155082778,12.714835047759308,17.530739601421043,9.63180910732347,21.38346324435043,63.079385116634235,61.480893817729545,48.70769815597443,0.700115610597029,18.869672637430515,18.622606547251394,18.52995676343422,18.437306979617052,NAO_37_a145,10.793333333333331,neuage
1,2,18.25432145454688,18.257447484377867,19.53694423195663,19.55714893127893,20.686717643121835,20.715446260988873,1.803268413931573,0.6547303626794302,-9.195587242076105,-2.60464447071625,24,18.28327214659025,18.821618412583597,17.915477684051183,17.841368681737578,80.22182411143565,77.88632999364573,70.55187475522469,24.0,1.0,17.5,24,17.965581627656036,17.90184464742572,18.077131193694527,16.113766048792513,18.076085708741697,18.79506819128522,18.43557695001346,-0.7189824825435248,18.14798395699605,57.50706501383625,57.49988686454642,58.60409284287061,0.7969479603365985,18.825123531239957,18.004941321803585,18.097591105620758,18.52995676343422,NAO_37_a147,10.793333333333331,neuage
1,2,19.644200263486713,19.72088148227524,20.676252396130554,20.769859740195912,21.649889941147475,21.759819296602114,1.0523792182929699,0.9865585960339065,-5.656422997446032,-5.441755870357861,22,13.12885162021091,12.846772039407885,13.330921585876638,13.330921585876638,86.05089937099878,87.95755948293962,83.91721745365138,22.0,1.0,12.5,22,15.075575653872079,15.075575653872079,12.391666613235458,15.393114895970427,15.59895106696096,11.002893748075849,13.300922407518405,4.596057318885111,15.139345335072449,86.18131315794804,85.32328457816662,73.00028365413934,0.8424699801222236,19.523435967836832,19.631300254951952,19.739164542067076,19.739164542067076,NAO_38_a149,9.27090909090909,neuage
1,2,18.765547619986087,18.768042106264687,19.90894133283628,19.9101645327181,21.055359554145852,21.05553959822176,1.1961068475169945,1.091390644440081,-7.35923734286115,-0.6351132078655919,23,16.199273587894055,16.62034451827612,16.143271590960808,16.143271590960808,89.1277503009122,89.1277503009122,89.1277503009122,23.0,1.0,14.5,23,15.902156406579422,15.582644791662915,18.145619510025284,15.582644791662915,14.137736260818158,19.99832110927013,17.068028685044144,-5.860584848451972,14.723794745663355,64.40101481818652,63.77141935142343,76.63077940397058,0.6226074449725134,18.87625024514611,18.804340720402696,18.696476433287575,18.66052167091587,NAO_38_a151,9.27090909090909,neuage
1,2,19.607394586868768,19.61432439539702,20.578273535123433,20.584547954780515,21.645025791384924,21.650888243406857,0.9438117158779319,1.092752132131907,-5.873258194175946,-1.4147013781431883,26,18.23493146850683,18.266929375979654,18.44123762985123,18.44123762985123,75.69907200584805,73.01493040785398,72.63573720244891,26.0,1.0,15.5,26,18.073264528249894,17.378241252880144,18.31424922290944,16.131706596325586,16.288181369886612,20.28665629343487,18.28741883166074,-3.998474923548259,16.68802886224144,62.62983338074678,62.383272653355924,69.79341940619724,0.7320117994722841,19.765287214329838,19.641754169240276,19.518221124150713,19.17850525015442,NAO_39_a153,10.793333333333331,neuage
1,2,19.7086919613067,19.713645868722388,21.353810121141574,21.357207801872242,22.977975207003848,22.978658504345184,2.041244230926743,1.2237684046960542,-8.313012129196206,-1.0220271547668927,34,19.281060805428453,18.98391205239101,19.017389758776886,19.017389758776886,75.21397408219221,75.52184841828597,75.52184841828597,34.0,1.0,16.5,34,18.266127826737744,16.174479153225064,19.129154056473624,18.63614033968625,15.015379752808741,23.049341771547862,19.0323607621783,-8.033962018739121,15.818775954682653,61.161440078991404,60.25695364355071,75.8454870826577,0.7291416923819329,19.518221124150713,19.549104385423103,19.641754169240276,19.549104385423103,NAO_39_a155,10.793333333333331,neuage
1,2,20.112238928803976,20.221438428535432,21.091989210518687,21.20820088758803,22.06734071146371,22.203395219443593,1.015239235524309,0.9667175553838486,-7.642680465249852,-6.000799438881138,26,13.841620216036446,13.735136769757226,13.763589464660072,13.792724629799977,89.2185814130001,90.48127117468292,90.48127117468292,26.0,1.0,12.5,26,12.809482019841738,12.0535361169363,14.473781042677018,11.373180340048378,10.983435742210423,16.575091379307736,13.77926356075908,-5.591655637097313,11.542601305920154,85.47850425189112,84.30180633666163,105.38852860922248,0.8082800978383265,20.24253121527097,20.206576452899267,20.24253121527097,20.278485977642678,NAO_4_a13,9.27090909090909,neuage
1,2,15.089268329670542,15.08987807571898,15.680020254759588,15.681061690805178,16.29679680214117,16.298416963467268,0.7418947998986036,0.4666440878496841,-3.9627029815820722,0.6603415195050911,21,10.06033928773897,10.739884895044039,12.690784247696456,12.690784247696456,110.82271610168073,90.46202830849386,87.0050311928777,21.0,1.0,9.5,21,9.688782084579742,9.092740901657635,12.968824544036949,,7.94159140467364,14.4639048699455,11.20274813730957,-6.52231346527186,8.593822751200825,79.9314227852799,77.63111289363496,109.16253873345323,0.6380757481521638,15.053407493320517,15.020281241350066,15.164801680685551,15.32734274711168,NAO_4_a15,12.983333333333334,neuage
1,2,14.632329527215834,14.665232219369102,15.35876767814402,15.396649247267089,16.02194423072451,16.069687635787897,0.5561963317023176,0.8482590847164748,-6.698018578503731,-4.020014192611035,28,15.42318703296118,15.244457024962998,14.950585508470141,14.853557805340074,62.04460151360675,62.803953600727915,69.12582766603371,28.0,1.0,13.5,28,14.702438412650537,14.702438412650537,16.257816396116368,14.702438412650537,14.171136332264943,15.996227267503617,15.08368179988428,-1.8250909352386735,14.35364542578881,56.19163262901807,56.12369411424307,59.65649482772525,0.6951881371312661,14.512467608211875,14.58292394441312,14.700432365657816,14.268066707844351,NAO_40_a157,10.793333333333331,neuage
1,2,14.888661941173792,14.889237839373704,15.651704465680107,15.652169117890978,16.42575942671221,16.426220157481563,0.589505356350996,0.9474769617568647,-0.029028706669483793,0.44148448182241123,23,13.167873883809335,12.915602322167455,13.134969428733456,13.233437767674076,67.57368719335962,67.57368719335962,66.69233526105101,23.0,1.0,10.5,23,12.827415433613083,12.606244675154016,13.315872624532687,12.606244675154016,12.636803512672607,13.886021384094752,13.26141244838368,-1.2492178714221442,12.761725299814822,64.9540750009437,64.9063753576522,68.05844405373173,0.728022215372315,14.993581514762514,14.96790757381258,14.942233632862644,15.096277278562258,NAO_40_a159,12.983333333333334,neuage
1,4,23.746783129174617,23.74685747171418,24.844275669046674,24.844870888819152,26.18746009114103,26.18862060585996,1.4338471654361673,1.0079159687096102,-2.047749611796206,0.39660556153660287,27,9.155253272722177,9.302426183911098,9.104997224256863,8.934567590085095,158.3218926240292,163.95160720730422,179.64952528771983,26.0,1.0,8.5,27,9.667456357791906,9.396514626689509,7.8541941032995055,9.396514626689509,10.345412717564608,8.752953521937112,9.54918311975086,1.5924591956274958,10.186166798001858,143.43818085992189,143.1062455113399,132.19863273486575,0.5446572069200366,23.796456921198224,23.750755374604,23.765931944954588,23.622278878211418,NAO_41_a161,9.27090909090909,neuage
1,3,18.948791048347932,18.948791048347932,19.606625834377134,19.607963003264793,20.2760961486947,20.28138322112101,0.31587795661036,1.016714216162715,-7.60925428385221,-0.6691399977050876,20,14.86664928865612,14.572112437051826,14.672701763311665,14.672701763311665,128.40113130133497,130.5701953955822,125.13775045248713,20.0,1.0,14.5,20,14.321144931140992,14.804283419141456,18.39040297648168,14.804283419141456,13.326713061395896,17.643443805902468,15.485078433649182,-4.316730744506571,13.758386135846553,71.26982358613388,70.81073204602191,82.0186196593963,0.46053261291904435,18.76838595803099,18.912205007517816,18.98411453226123,19.30770739360659,NAO_41_a163,9.27090909090909,neuage
1,2,20.445352730877264,20.53737420969065,21.576706168654585,21.682959412108353,22.756501903722807,22.878205746372764,0.7825070883724373,1.5583244483096763,-2.4282069844324177,-5.674491601223748,33,12.568648672760503,12.845516810472853,12.555105237060616,12.435111332422991,84.58021718845961,84.58021718845961,84.58021718845961,33.0,1.0,11.5,33,13.424940183657043,14.056858788063977,12.632882056765766,16.681455563959787,13.291281186592897,12.45883496228304,12.87505807443797,0.8324462243098574,13.208036564161912,91.97224991235342,91.94042556098124,89.11069590888305,0.7834628454766289,20.70994312610316,20.60207883898804,20.49421455187292,20.278485977642678,NAO_42_a165,9.27090909090909,neuage
1,3,19.014433561098674,19.0218296923231,20.39031490647296,20.400284961300063,21.7884574856456,21.800391430722875,1.52051044900129,1.2580512893984859,4.622472660273022,-1.791372799698167,21,8.290352141538335,8.443423186694114,8.47016812903442,9.049957008708589,92.35130647330833,90.41414311077628,90.41414311077628,21.0,1.0,6.5,21,8.969949739059246,8.969949739059246,8.922207895693987,9.549738618733414,9.584866526218695,8.112770538623352,8.848818532421024,1.4720959875953437,9.43765692745916,123.91217938345484,123.62663406257649,114.21179164393932,0.7732666055845248,18.8402954827744,19.02006929463294,19.12793358174806,19.415571680721712,NAO_42_a167,9.27090909090909,neuage
1,3,20.05551518291864,20.0652991409184,20.80277862747267,20.81535889616275,21.4204949732036,21.42756925476342,0.5230400031933841,0.8392301106516387,-8.159367181747584,-1.992106316297539,23,14.831750489163483,15.317363770897254,14.884048634389558,14.884048634389558,106.08566528663876,106.08566528663876,106.08566528663876,23.0,1.0,13.5,23,15.099566701356167,15.099566701356167,16.506569876965756,14.931689751981025,13.627084503944065,18.68247732325145,16.154780913597758,-5.055392819307385,14.132623785874804,72.41815821741606,71.83008387078428,84.82758158362724,0.5515592414036286,20.20689902673217,20.385139166544196,20.03578549519674,19.827053736874618,NAO_43_a169,10.793333333333331,neuage
1,2,17.15829156521076,17.165064800537202,18.19905847420579,18.200570775396404,19.283401606499993,19.28346624720448,1.3362854065852428,0.7821160400820374,-8.298152986728986,-0.738613566973056,28,15.617385871077872,15.39339451035905,15.727119703771933,16.1052370181352,91.30232741687698,84.4290088208717,81.31242508062674,28.0,1.0,13.5,28,15.351065217940516,13.997890498979302,16.162902267122405,16.511974422079135,13.633004243517957,17.40108464144122,15.517044442479587,-3.7680803979232618,14.009812283310284,64.2330712757535,63.91951876699647,72.54955068496903,0.6899851416265346,17.089905848246886,17.12079660813312,17.201976528721435,17.140210006176655,NAO_43_a171,10.793333333333331,neuage
1,2,16.788885741150537,16.793020519442784,17.875329827213633,17.87741659718962,19.06661623376558,19.067639650572644,1.3059729940824603,0.9686461370473988,-8.081815924982681,-0.8754407620884505,15,18.180084896315094,18.14571834083659,18.31692611734502,19.48115254994903,72.13384808240977,72.13384808240977,66.64599609561552,15.0,1.0,16.5,15,18.503806972456715,18.503806972456715,20.340161784442557,18.503806972456715,16.525541982580094,23.166163566380554,19.845852774480324,-6.640621583800459,17.189604140960142,49.75349816329867,49.29399354577693,58.83382991270282,0.698666172151329,17.016676961087093,16.83137739345275,16.64607782581841,16.306361951822115,NAO_44_a175,10.793333333333331,neuage
1,2,17.054700642878725,17.133700902715763,18.139263695985854,18.21433663062722,19.14723340640488,19.21885995006669,1.1791326772831612,0.9060263700677639,-8.952740941691697,-5.203815942797074,28,12.992260546075599,13.113180660184916,12.41232143863445,12.215650885363914,90.73731156060526,96.6421262887259,109.60181601136227,28.0,1.0,12.5,28,12.164406882665219,12.164406882665219,14.58158771716532,12.164406882665219,10.37256088469447,14.734510994394592,12.553535939544531,-4.361950109700121,10.808755895664483,79.00345215834962,78.20728402358813,94.41083239828764,0.7628404687746713,17.047560222359486,17.263743051266218,17.35639283508339,17.232859789993828,NAO_45_a177,10.793333333333331,neuage
1,3,17.525625489806853,17.55900943676761,18.309458444071844,18.342836280035588,19.087344536409738,19.120891505881964,0.8121238908410661,0.7497581782732872,-3.0785138820349993,-3.456999774716167,29,13.556440406568754,13.560486480488413,13.652370039993883,13.768845238830437,72.52166433993742,72.40582162418602,72.04219137134736,29.0,1.0,11.5,29,14.193745821495867,14.193745821495867,13.226280044880326,14.193745821495867,15.39491168008863,12.006896775635214,13.700904227861923,3.3880149044534154,15.056110189643288,74.37980729842423,74.00227316095297,66.02502359586377,0.7758987083573432,17.387276096355777,17.51080914144534,17.51080914144534,17.140210006176655,NAO_45_a179,10.793333333333331,neuage
1,3,8.737561856270453,8.737567317343272,9.451013237684249,9.45107168000015,10.086063521591567,10.086821174298427,0.17094021331501805,1.1783136436401382,-6.783949240563722,0.20149349698500854,0,,,,,,,,,,,0,,,,,,,,,,,,,,8.638429316123917,8.729939647998105,8.759372697706699,8.824318147024508,NAO_46_a181,10.793333333333331,neuage
1,4,18.45769681475382,18.45836799792648,19.099197974418754,19.099357077767394,19.707029018222,19.707042225373684,0.38962447779081383,0.8590497496563896,-7.701070206419214,0.2338666085641915,31,13.580107662011272,14.033506937244903,14.3729769141965,14.889898496083674,127.15274361998084,145.56391918862744,145.56391918862744,31.0,1.0,12.5,31,14.284556567331265,14.284556567331265,13.026649385879296,14.284556567331265,13.27715410707904,15.727032335648621,14.50209322136383,-2.4498782285695806,13.522141929935998,73.74270619562219,73.56860157753466,80.21673042107872,0.6629299476975161,18.395462578892314,18.45879434381255,18.51091142490372,18.562259306803593,NAO_46_a183,12.983333333333334,neuage
1,3,33.362401854979396,33.363105868247416,34.877792388099024,34.878558188207656,36.28905512900104,36.29992494221288,1.46174046052302,1.4750786134424445,-12.723024168674662,0.37967926032757965,26,16.83097849515022,16.580126092423473,16.872755093820643,16.872755093820643,225.2038526572478,233.4083997383526,267.3077817502853,26.0,1.0,16.5,26,17.186926495205057,17.186926495205057,16.717126851478127,17.657276908200345,17.684572073259115,16.321642868192278,17.0031074707257,1.3629292050668378,17.548279152752432,113.37139164250019,113.31144646111302,109.07668825104155,0.7464202425233617,33.42072355655211,33.37961565549855,33.25629195233784,33.05075244706999,NAO_47_a185,8.108741258741258,neuage
1,4,7.739129443549522,7.739462070676477,8.578631791420074,8.57863342546018,9.505842020089368,9.505854517170912,0.7992484871366164,0.9671439593578186,-3.3874544520634022,0.03536388244096896,0,,,,,,,,,,14.5,0,,,,,,,,,,,,,,7.769393299124661,7.646069595963953,7.646069595963953,7.522745892803243,NAO_47_a187,8.108741258741258,neuage
1,3,9.62442836674022,9.624430518396347,10.391991884281268,10.391995340061529,11.10031162071451,11.100461796142831,0.6665672246776719,0.8094640530688096,-3.56310646976991,-0.046726282543984365,4,4.076849525373504,4.569870842416521,5.710811097457935,4.076849525373504,100.61010704927449,72.94036764352917,100.61010704927449,2.0,-1.0,3.5,4,6.528394331176742,,,,,,,,,,,,0.060036168301960235,9.68874579097257,9.743740602732563,9.77969536510427,9.492057266130615,NAO_48_a189,9.27090909090909,neuage
1,3,25.138291686269202,25.13941816244105,25.826438668510107,25.826461405999297,26.534491183315165,26.535062971163118,0.5866852467198491,0.8089595620022225,-5.763392366770123,0.07602850697492249,26,12.511507159151932,11.889870409160432,12.690109679616995,12.739616942257356,178.90906440046888,173.94444837315191,196.417103177443,26.0,1.0,11.5,26,12.745363416955797,12.745363416955797,10.580464053025906,12.357557454315781,14.345192358863855,10.450013476549769,12.397602917706811,3.895178882314086,13.955674470632445,117.94265730319805,116.97214469669133,101.3599551556614,0.7131270787845571,25.22684278843378,25.155135609550367,25.23162445954293,25.386040765904884,NAO_48_a191,10.793333333333331,neuage
1,2,20.00069240074591,20.00249933226197,21.47762584553153,21.478642584169016,23.118493118233825,23.118493118254886,2.077911364146544,1.038082421846364,-13.515397708559128,-0.5574945057893199,0,,,,,,,,,,5.5,0,,,,,,,,,,,,,,20.3073031204634,20.019547813088415,20.019547813088415,20.10176361519555,NAO_49_a193,8.108741258741258,neuage
1,3,12.688220140864438,12.68832926485107,14.00491532096655,14.005552819519565,15.413765101488972,15.41615556665869,1.6788988249348185,1.048927476872802,-7.315524799194994,0.5466744181747387,1,4.439194286940477,4.439194286940477,4.439194286940477,4.439194286940477,105.42428105224616,105.42428105224616,105.42428105224616,1.0,-1.0,4.5,1,,,,,,,,,,,,,,12.53790982133874,12.702341425553017,12.743449326606587,12.702341425553017,NAO_49_a195,8.108741258741258,neuage
1,3,13.574302558366705,13.57430538136006,14.774953709708402,14.774957642616641,16.02739632615973,16.027574381285742,1.4132499862844725,1.040019013641207,-4.0201758100341465,0.04180530773302846,0,,,,,,,,,,0.5,0,,,,,,,,,,,,,,13.619518221124153,13.619518221124153,13.681284743668932,13.712168004941324,NAO_5_a17,10.793333333333331,neuage
1,3,15.784554804795949,15.78637354155179,17.084544290995687,17.086559307304668,18.368468930770653,18.370580891583856,1.4332348009360736,1.150972549095991,-0.6055923331378981,-0.8799416448299973,26,10.807661261341352,11.980002578222857,12.22005054728288,13.166930459104833,82.20496632420395,73.01423862078437,67.93416012329509,26.0,1.0,9.5,26,12.489654577450068,14.419245480616468,11.294027233769413,14.555240791708144,12.314852082769958,12.147957185863014,12.231404634316487,0.166894896906945,12.298162593079264,74.50556720896353,74.50441842416875,74.00728376231115,0.7561188158815904,15.935762816553432,15.84311303273626,15.657813465101917,15.565163681284746,NAO_50_a197,10.793333333333331,neuage
1,3,19.18923633239336,19.190599091247723,20.4917691062857,20.49484313517444,21.75236577262558,21.758101525851703,1.3686504897396636,1.1988519448643147,-1.2868575775549502,0.9923725246900601,19,12.346257432628022,12.55313981593883,12.346257432628022,12.346257432628022,97.47370108922364,103.50385681058486,103.50385681058486,19.0,1.0,10.5,19,12.831396246058347,12.654483154313567,14.238261523530326,12.531366525506485,11.050227024104093,16.827065938626337,13.938646481365215,-5.776838914522243,11.627910915556317,80.82498046337966,79.6640998506164,100.118760209447,0.6133458965783865,19.2402717726992,19.2402717726992,19.33292155651637,19.641754169240276,NAO_50_a199,10.793333333333331,neuage
1,3,24.3878458472339,24.387961568151344,25.17139037072076,25.171390634326663,25.937809060367485,25.938096216777655,0.8886531429023592,0.6614815057239577,1.098297442133756,0.008292043895904206,23,8.322152243775179,8.755068539134133,9.51885199965119,10.977055181976311,148.08991971099934,138.55201501437222,119.46566045038762,23.0,1.0,7.5,23,10.170065476561007,9.188084180698638,7.273119200518067,8.185660913908123,9.913267444390847,6.38740081813183,8.150334131261339,3.525866626259016,9.560680781764944,174.7714463107515,172.01640038966886,141.65495484159698,0.613091825047026,24.231150389064293,24.428659666460785,24.459542927733175,24.922791846819027,NAO_51_a201,10.793333333333331,neuage
1,3,17.555850461579684,17.559840120851504,18.369186528734247,18.373468204396822,19.206500496138858,19.211797501929517,0.6191706440626193,1.0327867370153903,-0.9977371399833418,-1.2369649006973238,26,11.957971752399231,11.928311282867302,11.693476007639276,11.6219632423431,83.26199544950538,85.06907616527147,85.71077801418353,26.0,1.0,10.5,26,12.043316461395676,11.887748155945218,11.816235390649041,12.860170615919088,11.829065045938462,12.455061814420688,12.142063430179576,-0.6259967684822255,11.891664722786684,83.48444306677835,83.46606074213233,85.64185749212507,0.6997445616898358,17.57257566399012,17.47992588017295,17.6343421865349,17.881408276714023,NAO_51_a203,10.793333333333331,neuage
1,2,19.01461289441949,19.023798255634638,20.28510177816586,20.293905103222748,21.548559835975205,21.55654876497565,0.9983628684935332,1.5343876408474786,-3.5226469698896294,-1.6876947033569454,18,12.937687638034745,13.196392467156048,13.031654493780024,13.19730880641103,95.6705272857422,93.15236723331031,92.07681881999274,18.0,1.0,11.5,18,13.475133182396206,13.283287694769257,13.3094788697652,13.147736333270586,13.285857302880181,13.19478036495031,13.240318833915246,0.09107693792987233,13.276749609087195,82.96216009936606,82.96183541298409,82.68256505312765,0.7939184016414841,18.82741868253489,18.991850286749173,19.156281890963452,19.238497693070588,NAO_52_a205,8.108741258741258,neuage
1,3,12.030778825566548,12.03097492050691,13.142403757363914,13.142462536040684,14.247942421498642,14.24794249279256,0.969675019101345,1.2472925531843055,-7.957532146433839,0.1713599476258065,12,10.002886085116359,10.593152742765422,11.006440727740738,11.006440727740738,129.8638587763767,170.80209802024655,170.80209802024655,12.0,1.0,9.5,12,10.483022407339917,10.483022407339917,12.952555077542286,11.088886997421838,9.10896979120827,13.693133039245525,11.401051415226899,-4.584163248037254,9.567386116011996,61.55868876101133,60.72448936949346,75.82295929373043,0.6683923842362592,11.962399206588763,11.962399206588763,12.126830810803042,11.962399206588763,NAO_52_a207,8.108741258741258,neuage
1,3,24.457127542174817,24.68842333599859,25.32605005531501,25.58018021270593,26.074794689385318,26.355236860620924,0.6882619300159413,0.9785515946063945,-7.359361803180898,-8.083028996102652,18,19.5055910498305,19.85206501813277,21.02284665399469,21.02284665399469,71.54858672685388,66.69406679565134,66.69406679565134,18.0,1.0,18.5,18,19.61980125549175,21.64518043831316,21.512686435730103,22.38263202384536,20.183993940586554,21.530049025705523,20.85702148314604,-1.3460550851189688,20.31859944909845,68.71600238206348,68.6926142281526,70.88280934088358,0.7743597086492381,24.7683697920319,24.69638032520059,24.623131742611108,24.524278835370488,NAO_53_a209,9.27090909090909,neuage
1,3,24.09040911164534,24.1062954813296,25.16156283273141,25.175879218729946,26.307838435958384,26.321770201546872,1.5216144014443636,0.6938603187729063,-5.137322786809873,-1.9323357516259032,22,18.454622214810556,19.12170627947487,18.76699582336346,19.36187739092324,78.2101808299864,77.40572242511577,74.24667003734699,22.0,1.0,16.5,22,19.630219424738726,18.571253168992854,20.207096648432014,18.605469827598654,17.578723432214854,21.24313269008993,19.410928061152394,-3.664409257875074,17.945164358002362,72.56690760748464,72.35454142985043,79.61959000993967,0.6743181911649854,24.16810222796286,24.058501238457335,24.06626388717869,24.215324023793272,NAO_53_a211,9.27090909090909,neuage
1,3,10.440109897247828,10.440771635916013,11.62164740215944,11.621718613778455,12.87893402538766,12.879980542986369,1.2510800685793642,1.1881288384909943,-6.126914110036987,-0.20057560175567382,0,,,,,,,,,,0.5,0,,,,,,,,,,,,,,10.570700137281822,10.426881087794994,10.498790612538407,10.35497156305158,NAO_54_a213,9.27090909090909,neuage
1,3,7.09002375228138,7.090176924506659,8.011120915806641,8.01112094565924,8.98513585500237,8.985512749368011,1.0225004439122347,0.8728353809491166,-3.284243501336553,0.004946318259484989,0,,,,,,,,,,0.5,0,,,,,,,,,,,,,,7.011178662482841,7.1190429495979615,7.154997711969668,7.226907236713082,NAO_54_a215,9.27090909090909,neuage
1,2,19.92498101809033,19.94902771568343,21.068726110540105,21.098468852767567,22.21301680512303,22.252004678995107,1.1458722154676497,1.1571047478440262,-2.320792655691151,-3.0426619023158863,18,15.185956951084052,15.713422880433086,15.861742954666795,16.5551361049161,76.05994844198372,73.60954569994414,69.66306139383008,18.0,1.0,12.5,18,16.343746114334095,16.217482398781954,14.866447347467954,17.48131662897714,17.44170206864969,13.368392347391854,15.405047208020772,4.073309721257835,17.034371096523905,75.46556230812834,75.0283963648374,66.49408710978412,0.7599603186586983,20.026802641040728,19.918938353925608,19.811074066810487,19.523435967836832,NAO_55_a217,9.27090909090909,neuage
1,2,20.38718098551451,20.392558552224866,21.463850001476924,21.469589414204414,22.56533538694728,22.57160590019675,0.9841651572710798,1.194882190700802,-9.264308038370432,-1.3248574869302099,24,21.495330618669513,21.42154222891071,21.588603603913953,21.402057633425073,69.81038796056848,71.01079152529847,71.85780636060353,24.0,1.0,20.5,24,21.4442775643611,21.075802185429183,21.76999413450895,21.075802185429183,20.14989436756911,22.61637788409203,21.38313612583057,-2.466483516522922,20.3965427192214,55.75135988325665,55.69076796547759,58.94438704094371,0.7766489503336608,20.35039550238609,20.458259789501213,20.386350264757798,20.386350264757798,NAO_55_a219,9.27090909090909,neuage
1,3,6.112446896839021,6.114235741571103,6.577318938092093,6.577457660445097,6.765998734232428,6.768769936940752,0.08639968115091821,0.5681345142187308,-2.2983924943906913,-0.3721196349912562,0,,,,,,,,,,,0,,,,,,,,,,,,,,5.91686981957495,6.071740170898152,6.297420536239573,6.57115862315574,NAO_56_a221,12.983333333333334,neuage
1,3,16.57944733675352,16.57950046445968,17.549681889716428,17.55107843283684,18.540659196194852,18.545676142624476,1.22379193441747,0.7423837437473219,-2.47494988095953,0.72279606808985,25,7.300240723453982,7.453802581155844,7.937728375341777,8.89559046277563,153.4186272563482,159.57493361290688,140.89334299441649,25.0,1.0,6.5,25,7.913943703620532,8.481484177322784,6.855017032850839,8.871805791054385,7.72330119097803,6.765315948452517,7.244308569715273,0.9579852425255136,7.627502666725479,131.64371673901707,131.45191818993862,123.3443197964329,0.5144268275583938,16.662387676508345,16.73940949935815,16.5596919127086,16.86777920410783,NAO_56_a223,12.983333333333334,neuage
1,2,25.604185644979808,25.604415713973058,26.88823857612538,26.889496866993113,28.22686041813976,28.229280222581007,1.3879475855829586,1.2369169230249923,-6.691211297416582,-0.5542918692075406,23,14.802113127091644,14.426121159603639,14.802113127091644,13.819022540722784,159.85225613110254,159.85225613110254,159.85225613110254,23.0,1.0,13.5,23,14.158790628292223,15.115329052256016,16.103284646369787,15.479120001154627,14.562561567270306,12.871071114787888,13.716816341029098,1.6914904524824184,14.393412522022064,107.9356740260319,107.79986292841059,101.66307961240216,0.5188369580774668,25.509573810994443,25.54045707226684,25.602223594811615,25.756639901173568,NAO_57_a225,10.793333333333331,neuage
1,3,20.889095738020202,20.889224889210126,22.01543982581624,22.01549392721578,23.177108974102357,23.177112738463503,1.4371992693875875,0.850688579865792,-8.097310424590555,-0.1270216507283192,30,12.955032755426302,12.702399677139299,13.29703878539928,13.29703878539928,144.70046295315402,144.42726237693276,132.55210423516388,30.0,1.0,11.5,30,13.08405474685867,13.08405474685867,12.400042686912712,13.08405474685867,13.68856646075047,9.969449434951272,11.82900794785087,3.7191170257991977,13.31665475817055,102.49439105514524,101.64924694466526,88.05302244964179,0.6686272053736338,20.969734403953062,20.90796788140828,21.00061766522545,21.216800494132183,NAO_57_a227,10.793333333333331,neuage
1,3,12.628845844996798,12.62886598652187,13.687830313406737,13.68792969598263,14.81595148416924,14.816226764847302,0.8920087012973041,1.2953520770281306,-6.511411137876256,-0.2183353891576241,0,,,,,,,,,,,0,,,,,,,,,,,,,,12.835850166699355,12.835850166699355,12.584166830097407,12.512257305353993,NAO_58_a229,9.27090909090909,neuage
1,3,16.37048548948057,16.371978707670078,17.19309859432069,17.19543600053418,17.915387310533646,17.919237769169012,0.8283547881660491,0.7189042733328888,-8.66685923073225,0.9447198724153273,26,16.363175079840744,15.745705195401404,16.227382473302754,16.498967686378734,92.0876402669486,92.0876402669486,82.24266907510219,26.0,1.0,16.5,26,14.464074722147899,14.464074722147899,16.07231414632301,,15.020394350214683,15.469087013136251,15.244740681675466,-0.4486926629215686,15.06526361650684,62.13676602884943,62.13232598640606,63.038505446768156,0.7210890952813916,16.661917290584757,16.503028514576826,16.429894996911678,16.58431130327363,NAO_58_a231,10.793333333333331,neuage
1,2,22.32451154720368,22.35107568698742,23.509752664553808,23.528519876642317,24.659533326327352,24.670794895340272,1.209450559522128,1.110268648830719,-5.2814456115300645,-2.288595707797324,30,15.192424929921344,15.14197069561143,15.388102505345387,15.81588450647098,94.68903555035433,91.13410999120786,88.63051623665984,30.0,1.0,12.5,30,16.168201950580652,16.79956934050847,15.806529885728395,16.168201950580652,16.629579197375858,14.593570650191822,15.61157492378384,2.0360085471840352,16.425978342657455,82.94257267594868,82.82614305635478,77.88618476185054,0.7147819182066251,22.57959076943192,22.471726482316797,22.255997908086556,21.896450284369486,NAO_59_a235,9.27090909090909,neuage
1,2,20.164654610989498,20.170781283420713,21.13835115866377,21.145651722104965,22.08987910310351,22.10143864300546,0.8540560966286669,1.0766012629560766,-2.0773838142934604,-1.5056283314168695,21,11.570973089984847,12.093942074739463,11.570973089984847,12.618941068082592,102.73771786342219,102.73771786342219,95.53448010038497,21.0,1.0,10.5,21,12.70566502549977,13.75178118549141,11.294155030791728,17.926010981649398,13.620373642976562,10.405358652148816,12.012866147562688,3.215014990827745,13.298872143893787,97.44753508242732,96.86652282982679,85.61363261701415,0.7376188800778587,20.1976528721433,20.105003088326132,20.135886349598522,20.01235330450896,NAO_6_a21,10.793333333333331,neuage
1,2,20.076757924527417,20.080610067204546,21.233034521352096,21.235703047230583,22.415069093557552,22.416695943603244,1.2524691165791615,1.0836167598195336,-6.78659019485129,-0.9083318983035055,26,19.053005526145554,18.472919611290813,18.695872340443742,18.695872340443742,73.28837938219928,73.48977855995672,71.49783297752391,26.0,1.0,16.5,26,18.65507968846049,18.65507968846049,20.23482332744416,18.65507968846049,18.26345259407395,19.801216044235264,19.032334319154607,-1.5377634501613158,18.41722893909008,61.44541844731942,61.41252238773584,63.904188236781096,0.6943255725934665,20.258180146295693,20.093264891546973,20.135886349598522,20.01235330450896,NAO_6_a23,10.793333333333331,neuage
1,3,17.123206143101196,17.12321852117214,18.3394476124915,18.339463625193087,19.579480613958374,19.579485288831815,1.6022707005045638,0.8539960671551152,-13.41767559631551,-0.07571408043519899,0,,,,,,,,,,9.5,0,,,,,,,,,,,,,,17.330195463162713,17.186376413675887,17.042557364189058,16.934693077073938,NAO_60_a237,9.27090909090909,neuage
1,3,12.034036974033517,12.034264314239596,13.174128446536288,13.174183244147232,14.348325111825249,14.348334863903931,1.6588303473780333,0.6552402022863029,-3.1284467170710744,0.16525581226230976,2,14.492917400082476,13.858957449076668,10.949617264173185,14.492917400082476,43.784122020224636,53.70265045054988,43.784122020224636,2.0,-1.0,10.5,2,18.064350428487273,,10.977750156668662,,,,,,,,,,0.20063589271573407,12.116754919265217,12.08080015689351,11.97293586977839,11.757207295548149,NAO_60_a239,9.27090909090909,neuage
1,3,17.575761542343717,17.62123886673394,18.535675802899185,18.573798398104415,19.438501576721524,19.47594064056222,0.7739628288948939,1.0807389449333846,-5.059042558123716,-3.671578394486403,18,12.579053896704849,12.48703740368732,12.877247142527807,13.854162312019753,84.57669425188475,84.57669425188475,77.85322719025393,18.0,1.0,11.5,18,12.379859337917907,12.976245829563823,15.973694232422673,12.976245829563823,11.046546474594475,18.890968076712728,14.968757275653601,-7.844421602118252,11.830988634806301,69.6066061438197,67.99872133847988,91.66471696655887,0.7648309395650534,17.61423711048015,17.689822560008142,17.752309559917386,18.066707844348368,NAO_61_a241,10.793333333333331,neuage
1,2,23.3487179866239,23.397315237671584,24.642446826687046,24.695526375257607,25.876792289911787,25.93687849009017,1.1562575036998184,1.3833057487187637,-7.590316026677735,-3.7572484625798235,23,20.26130979918048,19.610041079733314,19.869832789756913,18.84094262050172,76.02981026892017,76.19843299419705,78.20455037164619,23.0,1.0,17.5,23,21.41742487484413,21.41742487484413,18.353288936635863,20.051352509141054,22.128553345568527,17.061969157507228,19.595261251537877,5.066584188061299,21.621894926762398,69.82583400570456,69.4418021462435,61.82590780887513,0.7354874248298223,23.298686016866057,23.370595541609468,23.514414591096298,23.406550303981177,NAO_62_a245,9.27090909090909,neuage
1,2,17.705613261779256,17.708902816957288,18.795336070037298,18.797166605251405,19.87819827492267,19.878928404584258,1.0443551650384677,1.1256704225884997,-11.30839802529207,-0.7996206539672799,16,19.63722373848546,20.110554837844987,20.540615654649713,21.147206929869157,79.57002708676855,78.01299062064366,79.40144366467136,16.0,1.0,17.5,16,20.437178960488126,21.04377023570757,18.385228199386347,21.04377023570757,24.81014084233103,15.052091006424277,19.931115924377654,9.758049835906752,23.834335858740353,52.70089443582458,51.64957275381581,41.95971332606825,0.5200085340254912,17.605457251507563,17.797607373994904,17.689743086879783,18.013335948225144,NAO_62_a247,9.27090909090909,neuage
1,2,20.001935746407305,20.001951127355515,20.867921590888653,20.86792814961975,21.7926337900178,21.79279103595103,0.7810614035684061,1.0097785050271058,-2.9670906456842348,0.045426354730038,24,14.810314173730106,14.25778688685269,14.904509630032777,14.616269743005233,88.60548893866293,88.60548893866293,88.60548893866293,24.0,1.0,13.5,24,15.5223923221873,16.39261979796447,12.7327707341137,16.39261979796447,16.990758778937582,11.984693675834416,14.487726227385998,5.006065103103166,16.490152268627266,80.7310154012318,79.92855905626074,68.42827197655964,0.7510138445479865,20.413835701050036,20.16676961087091,19.98147004323657,19.91970352069179,NAO_63_a249,10.793333333333331,neuage
1,2,19.981453266581866,19.98327083040463,21.53615975594068,21.537393974120167,23.05465360877773,23.054915134151212,1.6084832516990646,1.4631610520475153,-3.8436828717936393,-0.6133933982925102,23,14.477750976464051,13.996704801515875,14.515037017943001,14.515037017943001,95.95165244805105,95.95165244805105,95.95165244805105,23.0,1.0,12.5,23,15.085797751401799,15.08212079104726,11.876941636389347,15.760595944489353,16.299804489224577,10.821436005849085,13.560620247536832,5.478368483375494,15.751967640887031,86.32814451085122,85.1501162226017,71.13677051710214,0.7506953348105505,19.954893116297317,20.026802641040728,19.882983591553902,19.954893116297317,NAO_64_a255,9.27090909090909,neuage
1,2,18.010487063115704,18.010508674257856,19.215437820773815,19.21551221964339,20.412588126726988,20.412639360511477,1.322265190358427,1.079865495895199,0.2159379895723732,-0.15943914469252482,22,10.039546795296047,9.802508539682567,10.090812880835102,10.090812880835102,100.21933876074723,99.69808278017416,99.69808278017416,22.0,1.0,7.5,22,10.346227505079838,10.046517707536282,10.878732874450947,10.346227505079838,9.572540479517999,11.85312892729247,10.712834703405235,-2.280588447774471,9.800599324295446,97.2562739972714,96.88950235894885,108.30358307914386,0.7860410383028057,17.974058060531195,17.943174799258806,18.035824583075975,18.34465719579988,NAO_65_a257,10.793333333333331,neuage
1,2,17.94424380558062,17.944592194667848,18.73976787714138,18.740173944120585,19.56002602713504,19.560265692491587,0.8963729728727831,0.7193005249509578,-4.658287012480566,-0.37718155182338714,22,13.182001253398425,13.23937846126308,13.386634186575606,13.386634186575606,96.9733392505314,94.98285375450858,89.02561644764299,22.0,1.0,11.5,22,13.381019244790338,12.658494543373536,13.443771717572076,11.197891597920801,12.291455008171008,14.266816556526553,13.27913578234878,-1.975361548355546,12.488991163006562,78.19024020664817,78.04692279082333,84.20998332585201,0.7323300319478483,17.819641754169243,17.819641754169243,18.035824583075975,17.974058060531195,NAO_65_a259,10.793333333333331,neuage
1,3,19.46935393760075,19.469775017673193,21.140567668847815,21.140794853204675,22.916200553794184,22.917556710848203,1.9011199786199884,1.546661714555019,-11.087875488669004,-0.2656235491254142,1,5.771114714838291,5.771114714838291,5.771114714838291,5.771114714838291,121.70451684925085,121.70451684925085,121.70451684925085,1.0,-1.0,0.5,1,,,,,,,,,,,,,,19.656145753143445,19.70746728252502,19.604824223761867,19.861431870669744,NAO_66_a261,6.495,neuage
1,3,14.02679253805783,14.026948484291205,15.595016864633402,15.595087192191311,17.16264099485072,17.16363310761029,1.3684976973789986,1.768186925940086,-5.062080952817665,0.17207059416201642,0,,,,,,,,,,9.5,0,,,,,,,,,,,,,,14.062099050551705,14.01077752117013,14.113420579933283,14.164742109314858,NAO_66_a263,6.495,neuage
1,2,17.50056868819702,17.500625517087176,18.72368761167675,18.723717179266572,19.995481160361813,19.995552750217072,1.6398395404433037,0.8550876926865935,-7.81464855626061,-0.10182387337550841,3,5.2320129059692135,5.096540892805707,5.2320129059692135,5.2320129059692135,94.24896726001161,94.24896726001161,94.24896726001161,3.0,-1.0,2.5,3,5.584268751592276,5.584268751592276,2.553212847255736,5.584268751592276,5.86148681067574,4.7839751836068105,5.322730997141275,1.0775116270689296,5.753735647968847,188.8852603805206,188.23854875852228,170.98902421642913,0.644207728986203,17.383770549003863,17.671101442042,17.555650471122046,17.511965848820665,NAO_67_a265,8.108741258741258,neuage
1,3,12.817755439427069,12.817760970625114,13.895583959853555,13.89559547738024,14.986857466346885,14.986857749443017,1.4206844172299113,0.7484123615879941,-3.5930381474537274,0.07376981469379128,0,,,,,,,,,,1.5,0,,,,,,,,,,,,,,12.796892211718818,12.825665128713727,12.825665128713727,12.948988831874436,NAO_67_a267,8.108741258741258,neuage
1,2,17.63053806211735,17.631399662193903,18.73201715878586,18.732186007812974,19.843171068603223,19.845891178928433,1.0832623710769878,1.1312291456575436,-4.69577865433128,-0.2432724937074242,18,13.5001010810752,13.420880594718698,13.199028480125747,12.122820495150279,104.60459450739425,111.93157363371242,124.87334103349555,18.0,1.0,11.5,18,12.554050311591453,13.866437473807082,14.964949798042397,13.866437473807082,12.24242135703237,15.628647832968051,13.935534595000211,-3.38622647593568,12.581044004625939,73.51771809381185,73.15756577820099,83.08734224429199,0.6708920000388591,17.850525015441633,17.757875231624464,17.51080914144534,17.325509573810997,NAO_68_a269,10.793333333333331,neuage
1,2,18.33394226008725,18.347336510710164,19.142820162000785,19.161377828824147,19.916828069076637,19.94715826085005,0.49962120930444015,1.1002005408354483,-2.065828469898262,2.521860195059232,22,16.429164914501243,16.493078324364255,16.872785135278605,17.181018582210868,83.11831385136449,82.08800481723446,75.8722888390714,22.0,1.0,13.5,22,16.939197365088177,16.745807305939593,14.242829652194104,17.218282281032145,17.294273368319338,15.25696601841183,16.275619693365584,2.037307349907506,17.090542633328585,65.55047230471868,65.46579793109534,61.71745665788726,0.5535686845268128,18.097591105620758,18.2828906732551,18.49907350216183,18.90055589870291,NAO_68_a271,10.793333333333331,neuage
1,3,11.796807050218385,11.797123752763708,12.69256816552159,12.69527976437931,13.559157178040044,13.56826779989881,0.25921582214025274,1.5119282249948514,-9.003328028158748,1.1842324134043687,0,,,,,,,,,,,0,,,,,,,,,,,,,,11.923496350136023,11.930873284266674,11.760584102004692,11.97293586977839,NAO_69_a273,9.27090909090909,neuage
1,2,18.001537305810476,18.02747303985207,19.03621692679972,19.05850456703893,20.106543790247482,20.124935214719063,1.160962725777542,0.9364994490894534,-7.421381731847955,-2.771198253712075,26,15.188029215852964,14.600643975738683,15.16564618001803,14.306009817275196,80.15668409227487,81.1518895379099,86.55233928971951,26.0,1.0,12.5,26,13.58176108993797,13.58176108993797,15.387302170131932,13.58176108993797,12.948693790666807,16.622698657462312,14.785696224064559,-3.674004866795505,13.316094277346357,70.69244271236465,70.33066234839153,80.10004167251289,0.7708026522543391,17.833562136366613,18.013335948225144,18.049290710596853,18.336928809570505,NAO_69_a275,9.27090909090909,neuage
1,2,19.089547153754584,19.173770109954038,19.89975980724673,19.981429204201913,20.68542135579847,20.765626662437388,0.7752668889841328,0.8165896634992194,-4.518761765451674,-5.182055552026638,24,13.864185159726418,13.0181084054697,13.754698928578364,13.754698928578364,77.94306731354493,76.97407999929364,76.97407999929364,24.0,1.0,11.5,24,13.58971581220004,14.321254145420085,13.9885405143213,14.576068572008609,12.442673731534352,13.621740707403868,13.03220721946911,-1.179066975869516,12.560580429121304,84.7796438289734,84.72219879789122,88.66847675293349,0.649829985416549,19.19984310649147,19.163888344119762,19.30770739360659,19.631300254951952,NAO_7_a25,9.27090909090909,neuage
1,2,20.498419506278395,20.512379044944236,21.474335165449457,21.48702787915607,22.42540477989842,22.43491632254125,1.0204204850815684,0.9021167925154387,-11.92725279524552,-1.9694641498585674,27,21.298498502555162,19.854293708544994,20.603653820777822,20.603653820777822,90.86078968169338,90.86832894281596,90.86832894281596,27.0,1.0,19.5,27,21.027636197515278,20.332791515737938,17.09885457068347,20.332791515737938,20.667677503973774,18.467892275177277,19.567784889575528,2.1997852287964967,20.447698981094124,60.86664655774655,60.80359768565463,57.69831848873311,0.7740303237742279,20.24253121527097,20.566124076616333,20.458259789501213,20.49421455187292,NAO_7_a27,9.27090909090909,neuage
1,3,16.427121604268518,16.437446952868378,17.549642793650612,17.57406259585896,18.679482042992053,18.722774635483695,1.271727525658312,1.0136001569570026,1.4966844312898269,-3.0208065798025885,21,10.046023020189295,9.68814367079649,10.046023020189295,11.273025256435346,83.9881392973288,77.1794140505119,69.55312188238031,21.0,1.0,8.5,21,10.408474180985309,9.249866530200535,10.531741160812487,9.249866530200535,10.318140822914092,9.692612292789535,10.005376557851813,0.625528530124556,10.255587969901637,94.6366206707053,94.60590382287211,91.76787490899757,0.7017153919532321,16.61519456454602,16.491661519456457,16.368128474366895,16.121062384187773,NAO_70_a277,10.793333333333331,neuage
1,2,18.695441749722107,18.695844115415227,19.791899663885065,19.791969649335517,20.83369550114866,20.834286992703188,1.241232250014571,0.8972106272733905,-4.648747786543141,0.15236918030139163,30,15.294139071872465,15.070063366593704,15.5150558822032,15.866701724570191,85.01576180374994,82.7647688291835,74.3496100530718,30.0,1.0,13.5,30,15.243060481252456,14.062294119763948,15.684904181450008,14.062294119763948,12.516894703885868,17.12083580609787,14.818865254991868,-4.603941102212002,12.977288814107066,73.61940915877705,73.02904674718,86.18291858387693,0.6698156862627477,18.6392811296534,18.664955070603337,18.664955070603337,18.793324775353014,NAO_70_a279,12.983333333333334,neuage
1,2,23.19611239665271,23.228865503748338,24.53301087097455,24.562811310519358,25.88563869290669,25.909700769550735,1.352785886133898,1.328049379668502,-2.071336445256917,-2.8226293125612014,28,12.510056504042026,13.039230184818784,12.244458071675268,11.494768862754825,101.77685212628589,106.17916038984808,111.02370727280731,28.0,1.0,11.5,28,16.012738697402625,17.5814344390146,11.878518424657443,17.870727800852876,16.6227540622724,10.463914519324444,13.543334290798422,6.158839542947956,16.006870107977605,100.83008700147383,99.08129868213766,81.10957977958185,0.7389561667952449,23.143748293159703,23.184856194213275,23.225964095266846,23.184856194213275,NAO_71_a281,8.108741258741258,neuage
1,2,16.54867285843808,16.549176932533022,17.562644759667705,17.563362211839806,18.620680116764053,18.62163335170395,0.9766157369624531,1.0958406822084732,-9.623402016392253,-0.5178831215464442,0,,,,,,,,,,,0,,,,,,,,,,,,,,16.525376223534995,16.60759202564213,16.60759202564213,16.525376223534995,NAO_72_a285,8.108741258741258,neuage
1,3,10.030759137749186,10.04347962772975,10.579991943132935,10.583142374455685,11.059352071473272,11.059405513080595,-0.317837745632631,1.3337636309834746,-3.157132002380978,1.398060911420351,0,,,,,,,,,,8.5,0,,,,,,,,,,,,,,10.069702268025628,10.139182095710293,10.074983628796547,9.884421460791986,NAO_72_a287,8.108741258741258,neuage
1,4,28.676590544526935,28.677001814092815,30.045422902281526,30.04546062930672,31.504513003781494,31.504525571365296,1.6912699093714239,1.136253847901057,-8.604486563662165,-0.09079763223677657,15,9.988524252988242,10.033146812606548,9.032154371797503,8.890972828667827,202.04130876283475,176.52333410718896,,15.0,1.0,9.5,15,9.071475849246895,8.930294306117219,,8.853668613637382,8.29033883530208,12.1633115458204,10.22682519056124,-3.8729727105183205,8.677636106353912,162.98597305873773,161.02669303260893,198.27793824947727,0.4155728302882372,28.835719422108912,28.691900372622086,28.584036085506966,28.368307511276726,NAO_73_a289,9.27090909090909,neuage
1,5,27.872616871972923,27.87377170948532,29.139820313442563,29.140213947602003,30.469490150745216,30.469490150745216,1.5689366785108834,1.026781762749011,-3.265535870390991,-0.2978092211223219,24,12.224047070553297,12.036932755442859,12.55295111831839,11.895143022788204,152.5050903000173,152.5050903000173,161.6088953225289,24.0,1.0,9.5,24,11.985319047560012,13.185234231480308,13.041628665265307,15.000831428935669,13.15390586761848,10.62099289174994,11.887449379684211,2.5329129758685403,12.900614570031628,135.7509880973714,135.23879565230183,122.41559369186614,0.5393643341642884,28.080669412303067,27.93685036281624,27.82898607570112,27.50539321435576,NAO_73_a291,9.27090909090909,neuage
1,3,26.790949963798433,26.7933249135548,27.95602194216824,27.95716493816625,29.186887581568964,29.18698370178964,1.5942891898378466,0.7993695983969877,-9.828595280395158,-0.518101560610413,23,13.674212845759541,13.592499707211383,13.674212845759541,13.674212845759541,199.71935639287497,199.71935639287497,232.02832146200592,23.0,1.0,13.5,23,13.645975051646019,13.645975051646019,14.9326173727288,14.306939444246808,11.868457929275195,16.934046554467187,14.401252241871191,-5.065588625191993,12.375016791794394,108.3882353795505,107.27133903343721,129.72312628506268,0.5199245970855109,26.93011701640845,26.894162254036743,26.642478917434794,26.211021768974312,NAO_73_a293,9.27090909090909,neuage
1,2,22.17397568898397,22.178738747627364,23.021717581985623,23.023876500815373,23.819759184025685,23.82206386932543,0.7218113118569591,0.9215138098411075,-6.891111975972334,-0.7846391206846087,30,16.820181772332617,17.047876434214068,17.051280584964303,17.051280584964303,92.1919186577652,90.03859961691496,86.10045845774751,30.0,1.0,15.5,30,17.42695334223893,17.313361416276308,17.169732071992968,19.721670358861928,16.82676332204439,17.365760478582793,17.096261900313593,-0.5389971565384021,16.88066303769823,75.25527759437755,75.24912523478616,76.41863359622478,0.8189774439332804,22.112415071031503,22.143298332303896,22.174181593576286,22.235948116121065,NAO_74_a295,10.793333333333331,neuage
1,3,15.738659438059969,15.741863361383253,16.633946589890172,16.63906063689576,17.546551218728517,17.55243579287274,1.1220373058529756,0.6885351256365146,-7.109933466352446,1.4205833161366066,24,14.79289331307433,13.889245619546394,14.892722683220654,15.003906462435964,102.90167974184044,104.69780148667975,104.69780148667975,24.0,1.0,13.5,24,13.640557471960278,12.443761146885322,17.428755530051802,13.640557471960278,10.597604451057999,21.03719189711413,15.817398174086065,-10.439587446056132,11.641563195663611,59.89770828437125,57.679840725725626,85.48698777040609,0.6451640121527219,15.812229771463869,15.75046324891909,15.75046324891909,15.75046324891909,NAO_74_a297,10.793333333333331,neuage
1,2,9.95106824093933,9.951567122616822,10.739067047276285,10.739476124905634,11.593746461916313,11.593909325196531,0.7434060133447817,0.8989361892349282,-4.938985264208968,-0.5000924818606439,0,,,,,,,,,,0.5,0,,,,,,,,,,,,,,9.697344039530577,9.728227300802967,9.913526868437309,9.913526868437309,NAO_75_a299,10.793333333333331,neuage
1,2,19.370036570985427,19.370730014836568,20.97384806137111,20.976168473395013,22.646110230128016,22.651060092939435,1.8461473423454853,1.4341827357573862,-9.605542061393525,-0.8522384148307709,0,,,,,,,,,,6.5,0,,,,,,,,,,,,,,19.690684604659854,19.40292929728487,19.156281890963452,18.868526583588462,NAO_76_a303,8.108741258741258,neuage
1,3,15.9126309389431,15.91268615540196,17.256196807767516,17.256232178949453,18.620439042312597,18.620447684164215,1.7746387248647972,0.933122803897456,-0.11451259776954889,-0.11600841756341307,0,,,,,,,,,,12.5,0,,,,,,,,,,,,,,16.114297212999297,15.90875770773145,15.78543400457074,15.538786598249322,NAO_76_a305,8.108741258741258,neuage
1,2,20.431156457881695,20.432151402733396,21.663949478158735,21.665841824899985,22.872937185907183,22.876657159378674,1.04444263566776,1.4000631209775163,-5.7361623513957,-0.7572745569225353,22,19.485687147245812,19.581850594723353,19.33537532462509,19.949628374675854,71.04181850140634,69.33036077496429,68.02609187243372,22.0,1.0,17.5,22,21.12093778000309,21.70229243581761,20.124668631202894,21.70229243581761,22.579430284866476,18.375761213139498,20.477595749002987,4.203669071726976,22.159063377693776,58.49243955613008,58.290339531838626,53.11009232464675,0.7273743803889352,20.506485484867206,20.413835701050036,20.413835701050036,20.382952439777643,NAO_77_a307,10.793333333333331,neuage
1,2,18.555979305717695,18.558421246709855,19.728607276580007,19.73031926708753,20.926722743959402,20.927420599905773,1.3119339977082944,1.057065355487623,-2.0720971747525696,-0.7547869631211148,21,17.95290120847946,17.746738488758695,18.140958970796078,18.33456204579568,61.85008258939205,61.85008258939205,61.85008258939205,21.0,1.0,15.5,21,18.329640147619614,18.523243222619215,18.141582385302996,20.52862578193637,18.116169128892917,17.599066797578914,17.857617963235917,0.5171023313140035,18.06445889576152,60.500075420314275,60.49590825139703,59.660872645988825,0.6427167971875067,18.52821105133525,18.715256331068563,18.591723285979,18.159357628165537,NAO_77_a309,10.793333333333331,neuage
1,3,17.233626886835047,17.23380024477088,18.49412783269335,18.494372759622262,19.81011331755679,19.811044707067552,1.713215315275065,0.8640291470216098,-7.594751456920597,0.29487406355039003,2,25.19542727981279,24.85680723809538,23.546041478516656,25.19542727981279,49.58588900147593,53.999744925378316,49.58588900147593,2.0,1.0,22.5,2,23.390936432712692,,26.68970803530496,,,,,,,,,,0.2646493804648197,17.224210541445675,17.183102640392107,17.183102640392107,16.89534733301712,NAO_78_a311,8.108741258741258,neuage
1,3,18.269405732739337,18.27082773714633,19.04242866268678,19.04445417894266,19.8354973143878,19.83811837778737,0.6330144766917682,0.934276163949272,-4.72577314286195,0.8356512765315748,14,11.71964707519976,12.185996031875792,12.391909523192112,12.391909523192112,146.42377212756767,146.42377212756767,146.42377212756767,13.0,1.0,9.5,14,12.215589616809837,12.215589616809837,8.8684736629248,12.265191459029722,14.330494787419148,5.122682360559745,9.726588573989446,9.207812426859403,13.409713544733208,117.42478020732361,108.08491517946088,73.77580957152794,0.53972903192679,17.988759871504463,18.186775388938532,18.49907350216183,18.159357628165537,NAO_79_a315,10.793333333333331,neuage
1,2,22.744706548971926,22.74482028806353,23.678447495171607,23.678829776750405,24.604563321856,24.607672118433413,0.9356617303257967,0.9271901000440849,-9.891680111113754,-0.3255740502103766,12,13.753649829126715,12.90750574024053,12.807528605193227,12.546214179440597,141.95512193943324,209.98042978248185,179.72394634006574,12.0,1.0,13.5,12,,,12.946532131812091,,23.83122978295662,8.981645308683596,16.406437545820108,14.849584474273025,22.346271335529316,86.4249160149711,80.22982674441816,56.08512090476766,0.35026694567485483,22.69576379974326,22.618741976893453,22.69576379974326,22.56739409499358,NAO_79_a317,12.983333333333334,neuage
1,2,18.203510384805718,18.206591087440536,19.210930195685762,19.213469286814775,20.109729344201106,20.112917193884886,1.0540076653436208,0.8523184411007287,0.6729617641318382,0.9314909974134093,26,12.440919880679587,12.451556894862968,12.35799214292254,12.324948493642978,85.49760996794416,85.68153544708807,86.82978166475885,26.0,1.0,11.5,26,12.692029589081386,12.692029589081386,13.80078889351006,12.692029589081386,12.370879447038964,13.492583743088963,12.931731595063964,-1.1217042960499977,12.483049876643964,81.40069619557097,81.34999391507752,84.97667085649307,0.7386244652683159,18.2828906732551,18.221124150710317,18.159357628165537,18.066707844348368,NAO_8_a29,10.793333333333331,neuage
1,2,15.811746541584133,15.816254991603214,16.758982024445782,16.761454695435155,17.757326131873146,17.757791233982257,1.1798342338640675,0.7617020085149746,-4.023846803555095,-0.984170362216132,23,13.769916471991195,13.171038348100309,14.502598584463414,14.796111487887572,73.10517244046089,72.75503894605934,71.71894862484116,23.0,1.0,12.5,23,15.10673487978346,14.57070205844957,11.816738270669617,14.57070205844957,18.28280783972677,8.488632147049373,13.385719993388072,9.794175692677399,17.303390270459033,71.53222658315705,68.24161008332538,50.359974323061714,0.7218230634272279,15.626930203829527,15.78134651019148,15.90487955528104,16.121062384187773,NAO_8_a31,10.793333333333331,neuage
1,2,17.67311008776724,17.67575898168758,19.03516584258708,19.037585326281285,20.442797985184416,20.445292113462195,1.259778255273272,1.5097548765013424,0.49958593506211896,-0.9134770658667406,23,12.74161637857216,13.303369857243641,13.76040630110785,13.83122127771378,72.51491276914116,67.9568939169946,67.24024024888688,23.0,1.0,11.5,23,14.770985372439497,14.985142334284802,13.315880108344288,14.770985372439497,16.410952484809734,11.14894397127341,13.779948228041572,5.262008513536325,15.884751633456101,75.1155733128324,74.20115624732713,62.558178160821136,0.7468629470679966,17.788758492896854,17.757875231624464,17.57257566399012,17.325509573810997,NAO_80_a319,10.793333333333331,neuage
1,5,14.581023010865206,14.58200476248768,15.563838448284919,15.564513355319725,16.439142681895316,16.439590497986252,1.0878803060410238,0.7697054294575473,-7.990401684983693,-0.5335724577644729,27,16.00889806387923,15.770894539831737,16.288730965845787,16.404033819915952,79.59018803332972,77.5008842650399,77.5008842650399,27.0,1.0,13.5,27,16.473287673769022,16.883113236111512,17.446538254409518,16.473287673769022,16.362391522118145,17.894512510912122,17.128452016515133,-1.5321209887939784,16.515603620997542,49.37334016102486,49.34083433679517,51.58327200109346,0.7122743751253983,14.74957636719345,14.61669346652592,14.50704387382907,14.638665843113035,NAO_80_a321,10.793333333333331,neuage
1,2,19.934277000999252,19.942730474230906,21.124857291491065,21.130640420956613,22.297543824846127,22.301113733162047,1.4704107668884048,0.8879724920427371,-3.5296291520160454,-1.340518041280784,31,14.079508626660896,14.195184375634692,14.152572313579668,14.079508626660896,88.29468349662824,87.68627057988519,87.95647435694994,31.0,1.0,12.5,31,14.019099274610568,13.529925302704584,14.51883130094842,12.408178631953348,13.662021153925608,14.739503698553975,14.200762426239791,-1.0774825446283671,13.769769408388445,81.24959357980214,81.21093985361065,84.34880995521938,0.6435055220101312,19.90927049426132,20.026802641040728,19.990847878669022,19.954893116297317,NAO_82_a329,9.27090909090909,neuage
1,2,18.042311736009353,18.04717714546805,18.555952184752588,18.560028859379486,19.110341260950808,19.113177721209663,0.5949598208892217,0.4710407548523928,-0.2502170708118307,-1.2009067377641132,21,10.779289565197672,10.22602847815649,10.779289565197672,11.231552421056904,89.44673511723339,88.26258297421796,85.50689990150518,21.0,1.0,9.5,21,11.423652591415731,11.423652591415731,11.540080631658782,11.423652591415731,11.840252009505326,11.437507476645681,11.638879743075504,0.4027445328596454,11.799977556219362,89.44846778226996,89.43959092810779,87.93961915219894,0.6680628165041074,18.092131234083876,18.154940217511836,18.305519897304233,18.485237483953785,NAO_83_a331,12.983333333333334,neuage
1,3,18.47471201643423,18.476142307199225,19.268875763179775,19.26907025367326,20.013188510490302,20.013686787240623,0.75163399146813,0.7859104885732731,-8.074048421151637,0.2574286057860991,25,13.209057440812927,13.360649673861223,14.174755456333003,15.648939238039475,109.88819258293228,104.75409911851392,93.23445170753239,25.0,1.0,13.5,25,13.200813729859789,14.256956511053232,16.69683830827978,14.256956511053232,15.847177690844557,13.307312049552841,14.5772448701987,2.5398656412917147,15.593191126715386,73.39655638353808,73.21221716042923,67.47812756638827,0.8018130267887502,18.228498074454425,18.33119383825417,18.6392811296534,19.024390243902438,NAO_83_a333,12.983333333333334,neuage
1,2,19.275692406137303,19.276010101890723,20.458988013328895,20.459853183682476,21.629000618246767,21.630412740096435,1.5317664473740433,0.8226361908316663,0.10770311546036195,0.5269127636078568,26,9.08805047083662,8.948897400356307,9.203312249188485,10.08665214242447,122.7637778259543,115.94152677644622,112.07489165791978,26.0,1.0,6.5,26,9.303102999939739,10.074026479994586,9.27765016138568,10.186442893175723,8.900686083814339,11.131162498868258,10.015924291341298,-2.2304764150539205,9.123733725319731,111.29067703494216,110.83094792567745,124.58409168753829,0.7441756418582788,19.30203829524398,19.30203829524398,19.33292155651637,19.549104385423103,NAO_84_a337,10.793333333333331,neuage
1,3,22.03901294739084,22.08094503970843,23.201180717993303,23.24473373584272,24.34448477286508,24.387838179191352,1.1872129750606453,1.1196801644222745,-6.916298022998786,-3.5079411808306626,23,14.77615239043098,15.034035224790602,15.096988270128548,15.753254228061849,96.47446186308237,96.47446186308237,96.73530907722952,23.0,1.0,13.5,23,16.159562258401934,16.26299086377543,14.858758010046301,17.011300250840833,16.467433708961643,14.238756433894867,15.353095071428253,2.228677275066774,16.244565981454965,83.16860872013694,83.02387483727598,77.54591022157754,0.7531313597011953,22.43577171994509,22.22004314571485,22.07622409622802,21.788585997254366,NAO_85_a339,9.27090909090909,neuage
1,2,20.979887961025337,20.986223208401196,21.914266047597952,21.917695832305093,22.924577638311636,22.9250263656044,1.186739711827804,0.7520634453753962,-1.5415788285326832,-1.0136295799865462,24,13.247799460232201,12.512801695500496,13.244528500056333,12.417604718572505,92.1003387691301,92.53501517145283,97.43388023119749,24.0,1.0,11.5,24,13.049930462129709,13.049930462129709,13.391900307385328,13.276125024908083,13.007944364245825,13.491162979675117,13.249553671960472,-0.4832186154292922,13.056266225788754,91.54502724224146,91.53495523202557,93.20499330917475,0.7651172309348167,21.06949074982023,21.033535987448523,21.033535987448523,21.249264561678764,NAO_85_a341,9.27090909090909,neuage
1,2,20.9338831306217,20.95437384578301,21.954972359271512,21.98340139159548,23.004372571029357,23.042224373613575,1.2190654988335643,0.8687850289970005,-3.234070078101585,-2.9141911688242224,17,13.703261887082903,13.614332953722222,13.650262593438555,13.464910340956692,88.49232775339206,88.92117295679036,91.56594650938506,17.0,1.0,12.5,17,15.09366504433126,15.102588621006305,13.819659900609253,16.160895084189576,15.655105567406046,12.721097477023209,14.188101522214629,2.934008090382838,15.361704758367763,85.67256215456308,85.3690394013704,77.5422485614099,0.7121124176411866,21.105445512191935,20.997581225076814,20.81780741321828,20.70994312610316,NAO_9_a33,9.27090909090909,neuage
1,2,17.986068712652376,17.995605005975293,19.175352145224657,19.17931344136292,20.310206069212626,20.310710732663885,1.1091108267228222,1.2059948999657657,-8.533169372767231,-1.1645207525693448,35,16.148162011770722,16.106799872477453,15.914614653218706,15.914614653218706,93.63402234322348,95.38173100313267,95.38173100313267,35.0,1.0,15.5,35,15.343805754895612,15.261396174145773,16.505670794349356,14.834591906618016,13.632361538552857,18.86849068839261,16.250426113472734,-5.23612914983975,14.155974453536832,64.61620725280065,64.05976108839603,76.05819930969179,0.7345501920404577,18.010728124527986,17.974058060531195,18.066707844348368,18.437306979617052,NAO_9_a35,10.793333333333331,neuage
1,2,15.635610574491375,15.692771349324644,17.29303241673962,17.3551431093368,18.922313610964935,18.98341065947481,2.0570588275743007,1.2335804825758667,-11.576996878228062,-4.848822910980267,10,24.68886407106247,24.5737946485649,25.411971033754725,25.965558499044022,41.713456006726474,42.02127787646302,46.41142805813253,10.0,1.0,23.5,10,25.793640447263215,26.383149690995538,24.792117222494028,26.383149690995538,25.77365114035659,22.718618135207173,24.246134637781882,3.0550330051494203,25.468147839841652,37.87682634650957,37.827985554159646,35.72615436293816,0.729980242454638,15.56989247311828,15.698924731182796,15.741935483870968,15.870967741935484,gm_000,7.75,gm
1,2,15.710229174642562,15.767595432878874,17.367079982575202,17.430835861668214,18.99543034707984,19.059985478339776,2.031567051981651,1.2608229934792479,-11.519103566054703,-4.901975161468327,13,23.50848271053249,23.780852937878095,24.098643306302478,24.098643306302478,47.68446171688784,47.68446171688784,42.720909922793055,13.0,1.0,21.5,13,25.351189374523216,25.351189374523216,21.590634109260833,25.94036411948281,26.171401044595196,19.744143804301984,22.957772424448592,6.427257240293213,25.528675320565874,40.2797207185241,40.02148981977134,35.39327820882003,0.7946997954279122,15.612903225806452,15.698924731182796,15.78494623655914,15.870967741935484,gm_002,7.75,gm
1,2,15.856880895422664,15.91176165919153,17.550238050913116,17.613761693443422,19.20721830903981,19.27305589664651,2.0636698506887674,1.2976243867662123,-11.540275354594309,-4.867543908971822,13,22.65581397179784,23.205662673010206,22.824526762914616,24.07325175851622,49.844292080433384,51.98216386886524,51.98216386886524,13.0,1.0,21.5,13,23.88096198485411,25.416025280359122,21.94950978583526,25.416025280359122,26.122241028485252,20.21589762173584,23.169069325110545,5.90634340674941,25.53160668781031,40.25687155983399,40.043176745974634,35.78299624833996,0.7309100398013633,15.870967741935484,15.870967741935484,15.956989247311828,16.258064516129032,gm_004,7.75,gm
1,2,15.972827841473295,16.03251547306921,17.65786199033372,17.725517107132553,19.289392358246463,19.357275017520315,2.010129603131347,1.314629941319755,-11.706628639135491,-5.007566547916647,16,22.722215122335783,23.162301902439328,23.07570224748983,23.07570224748983,51.932589002132346,53.097280846562946,53.19705902975994,16.0,1.0,21.5,16,23.02564592141684,24.295285985303394,22.148261853510746,24.295285985303394,24.179200962312827,21.164575078697197,22.671888020505012,3.01462588361563,23.877738373951264,41.228839319154936,41.16943118236545,38.74318690076769,0.7047071677833401,15.913978494623656,16.043010752688172,16.043010752688172,16.258064516129032,gm_006,7.75,gm
1,2,15.997785173550115,16.05494559020331,17.65159482685222,17.72108805588488,19.244150678754313,19.31857197265856,2.023763549934259,1.2398628325209886,-11.939096020979187,-5.075814128805413,14,23.46216437051669,23.4404314465518,23.828726421689765,23.828726421689765,48.234988633381434,49.89535634439202,53.96718337099991,14.0,1.0,21.5,14,23.63476749022192,23.861516020411642,22.98998536581206,24.68750270648644,23.93827334388163,23.43161349652548,23.684943420203556,0.5066598473561514,23.887607359146017,39.55848657296732,39.55701613083983,39.16265939462585,0.7768522414666894,15.956989247311828,16.043010752688172,16.129032258064516,16.387096774193548,gm_008,7.75,gm
1,2,16.155512862714442,16.21999063041035,17.757756249331546,17.831546947985867,19.33130414128851,19.410353684163912,1.9197240044351185,1.270639049318441,-12.051672397225827,-5.214273550226042,15,23.098836928726257,23.224208615329637,23.864047317462393,22.67927011236236,48.974579023818244,48.974579023818244,55.11075371224623,15.0,1.0,21.5,15,23.917881668132395,24.31816290849224,22.447144431052607,24.401259561761208,24.574823895569526,22.202243215525364,23.388533555547447,2.3725806800441624,24.33756582756511,40.448805918282616,40.414950533115,38.576612789895194,0.760712052193851,16.086021505376344,16.21505376344086,16.258064516129032,16.516129032258064,gm_010,7.75,gm
1,2,16.31382265325292,16.379095395402974,17.947350968805967,18.02081292593869,19.56173813602592,19.63798111993843,1.9705876681166894,1.288298056418766,-11.925964745855687,-5.1752261472998065,17,22.711536014910706,22.935080230269996,22.984395643698946,22.984395643698946,52.80984203430899,56.24778490052088,48.57434929031003,17.0,1.0,21.5,17,23.270078375183715,24.115710895099937,21.919094487782928,24.115710895099937,24.58271586569866,21.2136666060371,22.89819123586788,3.3690492596615575,24.245810939732504,41.718278442948396,41.64469011952277,38.950679131382614,0.7877414177897107,16.301075268817204,16.301075268817204,16.344086021505376,16.387096774193548,gm_012,7.75,gm
1,2,16.364526995971485,16.42620206281646,18.010274820995406,18.08083267354736,19.63857419115736,19.71468152627428,2.005930225719664,1.2825492377381575,-11.745161848319963,-5.063402201074529,18,23.25064514828449,22.827216897871875,23.10650314567218,22.312585919800085,51.04007043856096,51.5664314316006,49.81080754410869,18.0,1.0,20.5,18,23.32568372312562,23.32568372312562,22.096066378659373,23.56557959012079,24.496272788451773,20.911641024650148,22.70395690655096,3.5846317638016254,24.13780961207161,42.199328141435444,42.11355845315119,39.20218291367326,0.7723422301799387,16.258064516129032,16.387096774193548,16.43010752688172,16.64516129032258,gm_014,7.75,gm
1,2,16.355118921851904,16.413833324712616,18.003642236862085,18.07488606642267,19.614541248082396,19.695380673095226,2.004798516547756,1.2767488318348503,-11.876129764119883,-5.088809908541115,21,22.11221830547302,21.97259429399673,22.598738620179688,22.598738620179688,54.86262330876125,54.86262330876125,53.977495685067424,21.0,1.0,20.5,21,22.865694739289182,23.334414725489978,21.048694079205802,23.334414725489978,24.382333477220552,20.288164595395575,22.335249036308063,4.094168881824978,23.972916589038057,42.860336493583894,42.74275610604746,39.34689720073784,0.81879148277667,16.301075268817204,16.43010752688172,16.473118279569892,16.774193548387096,gm_016,7.75,gm
1,2,16.42546869893814,16.481205668940806,18.110129928818818,18.182212327360116,19.731361533378994,19.81500100475035,2.0618507459368156,1.2719445898727282,-11.973543180326555,-5.103551068484371,17,21.58922778449326,22.070821796300685,21.814024310949577,21.731546034499274,57.376036858816576,52.554073896351326,52.554073896351326,17.0,1.0,20.5,17,21.7513214236765,21.585359919170457,21.502881642720155,21.94393343615664,21.73508484126722,22.12903653366971,21.932060687468464,-0.39395169240248973,21.774480010507467,43.6723820305279,43.671233297414155,44.04757898259716,0.8342800582661949,16.516129032258064,16.559139784946236,16.559139784946236,16.903225806451612,gm_018,7.75,gm
1,2,16.67429018386619,16.742169534036403,18.27890927826599,18.358544487174115,19.85907988077202,19.945554930060183,1.9334911207500738,1.2698942752737041,-11.974071422781213,-5.338609847564045,17,21.929229511991622,22.11237861349226,22.142461734301207,22.266411434274033,54.69727109914124,53.087327333254,46.24463359073431,17.0,1.0,20.5,17,22.049900243470915,22.049900243470915,22.17384994344374,22.049900243470915,22.637644184301376,21.71310065203323,22.175372418167303,0.924543532268146,22.545189831074563,43.873389825639535,43.86717499835026,43.01707212472841,0.7482503061101056,16.602150537634408,16.731182795698924,16.731182795698924,16.903225806451612,gm_020,7.75,gm
1,2,16.71763261625635,16.786798352087935,18.326682044336813,18.40734176710518,19.880958606835748,19.966419849753965,1.9053274408600847,1.2742940568059409,-11.603651260294859,-5.365734377181273,16,21.294920608999803,21.524826891794273,21.614357751858904,21.614357751858904,56.8795220720853,53.06976247719158,53.06976247719158,16.0,1.0,19.5,16,21.62032882496962,22.728541553043357,20.98396633806331,21.62032882496962,21.96139746750275,20.794297702743275,21.37784758512301,1.1670997647594732,21.8446874910268,45.5739483115998,45.56286048418379,44.40971738446339,0.7230579006959426,16.64516129032258,16.731182795698924,16.731182795698924,16.903225806451612,gm_022,7.75,gm
1,2,16.71711567734345,16.789377307319306,18.32606464863603,18.410403079176913,19.871652442489673,19.959074175063517,1.8919319854378902,1.2777648823063208,-11.74291962402107,-5.486364671759137,17,21.57364451454913,21.606481911400294,21.57364451454913,21.57364451454913,53.19434576110721,53.19434576110721,53.19434576110721,17.0,1.0,20.5,17,21.460250818944388,22.639354506694758,21.25655116865906,21.460250818944388,22.277100495223777,20.902632396060042,21.58986644564191,1.3744680991637352,22.139653685307405,45.14589130941211,45.13096061586515,43.806359581957835,0.7687925201093655,16.688172043010756,16.731182795698924,16.86021505376344,17.032258064516128,gm_024,7.75,gm
1,2,16.719785886440455,16.789203325153586,18.324952138361205,18.407812336413286,19.89130884062699,19.979384522498073,1.9399605324131346,1.2502206649313523,-11.664104932833732,-5.438417803213186,20,20.904791626146576,21.00939697875281,21.09702866653589,21.266788416578606,57.79099489314484,56.27164521807686,53.92268433562763,20.0,1.0,19.5,20,21.21164919855596,22.51932980858578,20.749259603536842,21.21164919855596,22.248743776243305,20.358605874004297,21.3036748251238,1.8901379022390081,22.059729986019406,45.74431432211853,45.714906289178025,43.86551828618897,0.7482339950584942,16.688172043010756,16.731182795698924,16.86021505376344,17.032258064516128,gm_026,7.75,gm
1,2,16.758888647123083,16.831860847341485,18.363609587511537,18.448567280939507,19.921830207827053,20.011733423065245,1.8750507909759875,1.3048217847477737,-11.615922519209898,-5.500782456295721,17,20.869223895608144,20.97466731807597,20.87525876040047,21.00741247091935,56.722394781037025,54.80623498680117,54.80623498680117,17.0,1.0,19.5,17,20.831573641137453,20.96372735165633,20.825538776345127,20.96372735165633,20.938892540913564,21.086014177917125,21.012453359415343,-0.1471216370035614,20.95360470461392,46.431566820520274,46.43138092162077,46.58713426351849,0.730061297387323,16.731182795698924,16.81720430107527,16.903225806451612,17.161290322580644,gm_028,7.75,gm
1,2,16.734088028673817,16.806596087406167,18.34055879812649,18.42665867134316,19.886090487098517,19.975965303005015,1.882004943621633,1.287364271977214,-11.389134597695396,-5.540957788127112,15,20.55910557635073,20.728348372547547,20.72701097594856,21.117038907052716,58.1097685656449,54.572195027484696,50.75955787688546,15.0,1.0,18.5,15,20.731807165457212,20.383784823696942,20.943004376829663,20.731807165457212,20.899284480964017,21.03989373516677,20.969589108065392,-0.14060925420275483,20.91334540638429,46.463806976404534,46.46363634357815,46.612909409398675,0.7231857287564274,16.731182795698924,16.86021505376344,16.903225806451612,17.161290322580644,gm_030,7.75,gm
1,2,16.8011380902453,16.873947880521364,18.37874995509291,18.461298790197848,19.91999082696911,20.004922423968893,1.8103318704556275,1.3206426729918999,-11.178455964031643,-5.420307674840394,16,20.55340662391562,20.526760195839636,20.801495654222123,20.801495654222123,58.14617366070526,56.12745508804578,52.03016792796214,16.0,1.0,18.5,16,20.120834816547216,19.967668262180126,20.68651133553368,20.120834816547216,19.644679011732755,21.140834023917414,20.392756517825084,-1.4961550121846598,19.794294512951218,47.95513671651823,47.93402252043591,49.683140797364594,0.7695436330248397,16.731182795698924,16.81720430107527,16.989247311827956,17.29032258064516,gm_032,7.75,gm
1,2,16.92042284519628,16.993691322844168,18.506245232100365,18.590384387166843,20.035596628100276,20.12095770158363,1.8174415984413725,1.309824780298088,-11.275543811348937,-5.45326313815649,17,20.552375031142816,20.513104032004293,20.552375031142816,20.78652251660148,57.46427764021147,57.377120164059335,57.377120164059335,17.0,1.0,18.5,17,20.4404881563963,20.4404881563963,20.49402194125051,19.971323401884746,19.846939579955954,21.03060180629884,20.438770693127395,-1.183662226342886,19.965305802590244,48.17096601676793,48.15775393597241,49.533311643965725,0.748541363766196,16.81720430107527,16.989247311827956,17.118279569892472,17.419354838709676,gm_034,7.75,gm
1,2,17.04984120238278,17.13022498119717,18.582454254963455,18.670364106167135,20.066158839615365,20.152868871341195,1.741584101465168,1.2810597886788588,-11.051186037697963,-5.562250751674311,22,19.719399814401996,19.96494307769546,20.007945659280438,20.604271467117144,60.105745159186114,58.303940171638196,53.75444488122502,22.0,1.0,18.5,22,19.994581973973,19.539091264727205,20.30191173583293,20.659992891323213,19.32601155426623,20.703318322759195,20.014664938512713,-1.3773067684929654,19.463742231115525,49.54579257331797,49.52658826741506,51.2203333409219,0.7536929353535795,17.032258064516128,17.118279569892472,17.247311827956988,17.548387096774192,gm_036,7.75,gm
1,2,17.10787255005989,17.185658381836117,18.65613733259855,18.741427350712446,20.181287428707236,20.267779239591235,1.7951768967623967,1.2869439609927196,-11.163431893322391,-5.468273665588515,21,19.898167208431232,19.824676326921026,20.07715113637863,20.258479551165152,60.43807914571649,57.9066649054413,53.12430219386823,21.0,1.0,17.5,21,20.132693918474615,20.01890288753023,20.003696668599076,20.861281921798877,20.226494756938074,20.168528321257057,20.197511539097565,0.05796643568101536,20.22069811336997,49.2504754334841,49.250442251236954,49.182819644849594,0.7695164376686309,17.075268817204304,17.161290322580644,17.29032258064516,17.548387096774192,gm_038,7.75,gm
1,2,17.216896888214094,17.301148041948988,18.733626754885016,18.823033862518074,20.203740897361474,20.290207186531486,1.6963621714034705,1.292696973179027,-11.40610872949452,-5.586642679935521,22,20.001810063729792,20.023591155448994,20.478833639395162,20.556679958314163,59.41650747019628,57.90992046467112,53.223223247407546,22.0,1.0,17.5,22,20.49588001961382,20.950428581891998,20.097482634888962,20.950428581891998,20.02844047212895,20.370389292258224,20.199414882193587,-0.3419488201292746,20.06263535414188,49.551950409680515,49.55078882727442,49.95619085115312,0.7784319590191309,17.161290322580644,17.333333333333336,17.419354838709676,17.677419354838708,gm_040,7.75,gm
1,2,17.194802733816775,17.279427997125925,18.70626481781263,18.796220418809224,20.190513573272437,20.278399283862996,1.7449587750785158,1.2540125116585537,-11.575909088185286,-5.607765283015275,20,20.334198268188317,20.332703593195443,20.57678049310266,20.677338116806368,59.82885656908151,57.67061580113949,51.50367914426036,20.0,1.0,18.5,20,20.560375272973488,20.560375272973488,20.652495072926627,20.022221353622484,20.2456618968697,20.62990719298996,20.43778454492983,-0.3842452961202626,20.284086426481725,48.92724532468789,48.92583131768482,49.37035445951716,0.7607636522424662,17.20430107526882,17.333333333333336,17.376344086021504,17.548387096774192,gm_042,7.75,gm
1,2,17.355510323372794,17.450766463075983,18.816947548863673,18.914809110949637,20.229260112050913,20.31949354073749,1.6171304967315383,1.2515965809299683,-11.636161997975893,-5.8308268494062245,19,20.15560004701905,20.18764128185924,20.437932767235253,20.437932767235253,60.39290661838046,58.64239944816878,58.64239944816878,19.0,1.0,18.5,19,20.52445468122548,20.52445468122548,20.358985306240783,20.641642949936767,20.403188486651775,20.192085023405795,20.297636755028783,0.2111034632459783,20.382078140327177,49.71718289439125,49.71674308414689,49.470424221357845,0.7704168414146437,17.419354838709676,17.50537634408602,17.591397849462368,17.806451612903224,gm_044,7.75,gm
1,2,17.354915420679344,17.445119623902325,18.84133080908465,18.935364111327587,20.28624563942499,20.37676575101922,1.6835697278781123,1.2480763992387802,-11.654775410684366,-5.712438450882145,22,20.107136958761316,19.988026473074108,20.400504969725034,20.549760521790915,59.3126330764759,58.94609024431318,52.19956634020228,22.0,1.0,18.5,22,20.480164475010838,19.747946172663973,20.33090892294493,20.480164475010838,20.12757425405977,20.13864165340226,20.133107953731013,-0.011067399342491593,20.128680993994017,50.09863769906984,50.09863646059967,50.111838605391455,0.7735738274120607,17.333333333333336,17.46236559139785,17.50537634408602,17.677419354838708,gm_046,7.75,gm
1,2,17.409742207635084,17.503491751689435,18.90063962242041,18.997190964651782,20.344785955876556,20.43664287064062,1.6926143937560512,1.240536725195131,-11.515495876101989,-5.779046696357163,21,19.995092536709166,19.901510636826956,20.17461819286757,20.287218902517367,59.75579497316794,58.84420792796726,52.222586099266984,21.0,1.0,18.5,21,20.152799905846962,19.693699258890575,20.137949483808143,20.152799905846962,20.085904006964636,20.17208305497619,20.128993530970416,-0.08617904801155495,20.094521911765792,50.2763756644461,50.27630027384114,50.37968690002796,0.77447125506684,17.376344086021504,17.548387096774192,17.548387096774192,17.806451612903224,gm_048,7.75,gm
1,2,17.52226254139028,17.62584700454167,19.009629083355325,19.109983801585958,20.436873566454622,20.523849532521464,1.6101026585258607,1.2878998694539328,-11.868810166539319,-5.874441827670631,22,20.382485108035297,20.238679632920828,20.61168567392889,20.743275714708886,59.8462240541273,58.83233555014994,52.54089335412018,22.0,1.0,18.5,22,20.410578329906855,20.410578329906855,20.350485770114517,20.615281351246495,20.073941303805924,20.218949607100388,20.146445455453158,-0.14500830329446346,20.08844213413537,50.55366887856897,50.55345462781611,50.72847293800735,0.7718128286614102,17.419354838709676,17.677419354838708,17.591397849462368,17.677419354838708,gm_050,7.75,gm
1,2,17.59402682322719,17.69452251336158,19.05944300179239,19.158254384718404,20.48420358364844,20.571646070400416,1.5975911815105008,1.2795323755283372,-12.010543702880284,-5.821702242827606,24,20.141424247051106,20.168328586474498,20.43116033875748,20.73630651344942,61.9985895617258,61.155221897689984,59.108859861992464,24.0,1.0,18.5,24,19.986430395243985,19.93996344368003,20.49109795120171,19.93996344368003,20.028613130622976,20.40606349597992,20.217338313301447,-0.37745036535694654,20.06635816715867,50.569665958033845,50.56822419568001,51.02487374664233,0.7641932240012865,17.50537634408602,17.720430107526884,17.677419354838708,17.806451612903224,gm_052,7.75,gm
1,2,17.633198585518514,17.732828610754936,19.084554713805996,19.1832470349108,20.495540308880344,20.584141567983767,1.5936609270818154,1.257652030147011,-12.11232500238523,-5.814396193439661,22,20.62748012268611,20.48765232846302,20.718938426707723,20.729706701633432,62.00276231136529,61.94418204967868,59.36565703809976,22.0,1.0,19.5,22,20.67400266821656,19.991883712922657,20.68477094314227,20.939912450748494,20.596879248968868,20.288884096129117,20.442881672548992,0.30799515283975326,20.566079733684894,50.13647271649637,50.13554225017504,49.776798961153105,0.7650539861901604,17.548387096774192,17.806451612903224,17.763440860215052,17.93548387096774,gm_054,7.75,gm
1,2,17.6200379536605,17.720857392455326,19.085805761651237,19.18460663473616,20.508630553583217,20.596498783596687,1.6052877343194492,1.2703536568219118,-11.934585931155322,-5.817389373648191,21,20.36617622667501,20.228392419861954,20.36617622667501,20.527870875683163,61.80412968773187,59.20724855951902,58.536641491474896,21.0,1.0,19.5,21,20.086738468562288,20.465771457737446,20.484417825309805,20.086738468562288,20.08838943474843,20.33445431039568,20.211421872572053,-0.2460648756472542,20.112995922313154,50.661364951334555,50.660750746651665,50.95808919120775,0.7831212667052723,17.591397849462368,17.763440860215052,17.763440860215052,17.93548387096774,gm_056,7.75,gm
1,2,17.627152473263692,17.728781379429684,19.09240761942283,19.191822804128634,20.506324160493254,20.593927242765723,1.5874642725098853,1.2776815908261527,-11.81560203016651,-5.834364139055688,21,20.039019102881554,20.109704306263012,20.365919126072015,20.696820236155077,59.89415563664586,58.661016787505744,52.32722862645535,21.0,1.0,18.5,21,19.987370678491914,20.314270701682375,20.41717266065001,19.987370678491914,20.220208072874566,20.45263906008795,20.33642356648126,-0.23243098721338554,20.243451171595904,50.39270682225649,50.39216850966723,50.669568310799775,0.7665068354443493,17.591397849462368,17.763440860215052,17.763440860215052,17.93548387096774,gm_058,7.75,gm
1,2,17.59519668241082,17.696818749424875,19.068031002816348,19.167581248487245,20.48552994454668,20.573219332091874,1.60258853336457,1.273812049302434,-11.863519392178674,-5.84202332464694,23,20.130989229952945,20.214665132261647,20.489572719029354,20.86548803844181,60.099868017959324,59.3806050895144,52.28098543433445,23.0,1.0,18.5,23,19.953509761763257,19.953509761763257,20.312093250839666,19.727774291198727,19.98738532229208,20.233130344244465,20.110257833268275,-0.24574502195238285,20.01195982448732,50.84888725002812,50.8482660538664,51.14795465522558,0.803580132095663,17.591397849462368,17.763440860215052,17.720430107526884,17.93548387096774,gm_060,7.75,gm
1,2,17.56292921332493,17.66670924192475,19.03287992564768,19.133478643769628,20.459507417048684,20.547862156163742,1.5987905863680583,1.2823623278709284,-11.533158779368955,-5.877969835264463,19,19.949995335155478,20.003586999522618,20.21251910849014,20.45547998568827,59.98591173209533,59.46662497575923,52.9211292057897,19.0,1.0,18.5,19,19.9251532364963,19.9251532364963,20.187025472054586,19.547735553344467,19.818412798659168,20.134667681167038,19.976540239913103,-0.3162548825078712,19.850038286909953,51.09610543389179,51.09505747018388,51.48615039434875,0.8051996514141371,17.46236559139785,17.677419354838708,17.634408602150536,17.677419354838708,gm_062,7.75,gm
1,2,17.541153569321747,17.64465624202911,19.01320380702574,19.11346767025746,20.443854762248346,20.532026309493833,1.6004673293148082,1.2869027381499127,-11.510150712329596,-5.8712440886713155,18,19.995552168701778,19.907675672968,20.03773624703527,20.434521953547744,59.53898869441703,59.543082216046116,52.9682636137741,18.0,1.0,18.5,18,19.972178040144883,19.972178040144883,19.97433271978312,19.48056903214416,20.002319863224812,20.087937428526672,20.045128645875742,-0.08561756530186077,20.010881619754997,50.86839906632552,50.86832313548466,50.97271772373225,0.8052868941495506,17.46236559139785,17.677419354838708,17.591397849462368,17.677419354838708,gm_064,7.75,gm
1,2,17.538763845338547,17.64392443421934,19.005530866486605,19.106327304476718,20.435915035755453,20.523769494755317,1.5842754917260664,1.2955695688099094,-11.401132283478178,-5.887931240866121,18,19.88725255657876,19.951041976136292,19.895894735602923,20.347150500966166,58.559964167976744,58.47249434424831,52.76463144482035,18.0,1.0,18.5,18,19.738394697489923,20.48722300054945,20.255493154557342,19.695479187773913,20.043652758748056,20.000213325988973,20.021933042368516,0.04343943275908402,20.03930881547215,50.92615027951026,50.92613066499382,50.873212136382165,0.808670416206998,17.50537634408602,17.677419354838708,17.677419354838708,17.806451612903224,gm_066,7.75,gm
1,2,17.54473571601752,17.65090914361569,19.00946813365348,19.110136114195928,20.44528386342679,20.53290512577776,1.580022670328705,1.3019733118333618,-11.699933434105109,-5.883587952066056,15,20.090476553654554,20.230273926311188,20.163905809645314,20.695675570281963,60.04979516555796,57.780286965824175,54.789083588507275,15.0,1.0,18.5,15,19.977225041594323,20.78416279637733,20.508994802230973,19.977225041594323,20.340235315904174,20.08467476412277,20.21245504001347,0.2555605517814029,20.314679260726034,50.47319281025661,50.47253281547328,50.168765259304415,0.7574260640558902,17.548387096774192,17.634408602150536,17.677419354838708,17.806451612903224,gm_068,7.75,gm
1,2,17.57280894273488,17.676530558076315,19.02042064047234,19.11873372283852,20.455751146711556,20.54127499843532,1.570487505899677,1.294256934459329,-11.660320145371829,-5.812995727188178,15,20.27549181196497,20.41927072397346,20.45037201857454,20.45037201857454,59.45369721622448,56.73294018116286,56.73294018116286,15.0,1.0,18.5,15,20.439331330836268,21.0682516823901,20.670043922474946,20.439331330836268,20.52156480885938,20.31826026123127,20.419912535045327,0.20330454762811245,20.50123435409657,50.05027435323249,50.04986870336335,49.81256440523143,0.7317636923832009,17.591397849462368,17.677419354838708,17.763440860215052,17.806451612903224,gm_070,7.75,gm
1,2,17.534048105215998,17.633995854039902,19.012970670474573,19.10868067622801,20.45711189337756,20.541477387666415,1.6138713694963485,1.293610164130161,-11.852607100843043,-5.736967480855194,18,20.63261722682053,20.78665323723754,20.693256239029097,20.886654717457674,59.31993399432672,58.79278891981565,53.47488653820136,18.0,1.0,19.5,18,20.65225893542288,20.274775159007305,20.53098091100574,20.65225893542288,21.212318208992368,20.38214065172572,20.797229430359046,0.8301775572666483,21.129300453265703,49.06528837291161,49.05889992068522,48.14188904734427,0.7479399801997042,17.548387096774192,17.634408602150536,17.720430107526884,17.806451612903224,gm_072,7.75,gm
1,2,17.506362543039547,17.604031743700798,18.99338617324202,19.08671354347215,20.44706466711642,20.528691094762763,1.646406830483947,1.2782525205780197,-11.902111242450337,-5.668311228384432,19,20.90132824487432,20.893055276591973,20.941729297157423,20.941729297157423,56.132878579138755,55.78898810321628,53.67047568949712,19.0,1.0,19.5,19,20.87149880171762,20.427845633128754,20.83109774943452,20.87149880171762,20.92688774807658,20.85471147067492,20.89079960937575,0.0721762774016606,20.919670120336416,48.76895595243166,48.768908398412755,48.68857086254944,0.7202867354583949,17.548387096774192,17.677419354838708,17.591397849462368,17.806451612903224,gm_074,7.75,gm
1,2,17.483784019837273,17.57608578193256,19.003878403378355,19.09404949883666,20.48786982069336,20.56884688144043,1.6863590808167928,1.3064020186910739,-12.020373252593963,-5.570489259415548,18,20.825766465246303,21.066497785639264,21.197138883892364,21.197138883892364,57.503249593124906,55.363194171706525,54.013477208134326,18.0,1.0,19.5,18,21.174634005384576,20.213179852192752,20.94367014472209,21.174634005384576,21.45478911141885,20.787139143503254,21.120964127461054,0.6676499679155978,21.388024114627292,48.1885235289097,48.184591519544526,47.469425047597845,0.7404247011530627,17.548387096774192,17.634408602150536,17.548387096774192,17.677419354838708,gm_076,7.75,gm
1,2,17.44802537051634,17.53892427424419,18.97401464531742,19.06321067452304,20.45553650000384,20.535823737269336,1.684415347185487,1.3124841158396605,-12.064293022304911,-5.544748470048573,16,21.19247277443958,21.44952891213291,21.485724917948033,21.751334747562254,55.678073932972254,54.54484722849116,48.99530376404041,16.0,1.0,19.5,16,21.495115313579333,21.1004120317491,21.175073853974396,21.495115313579333,22.119808529233175,20.899669249033703,21.50973888913344,1.2201392801994735,21.99779460121323,47.2637659527807,47.25135477462664,46.01089386235739,0.7356124289998764,17.50537634408602,17.634408602150536,17.46236559139785,17.677419354838708,gm_078,7.75,gm
1,2,17.30736429860095,17.387339899389172,18.90159673741951,18.985676380575562,20.444446480093703,20.52441511786912,1.7891448510089862,1.3479303674709666,-12.017427402917345,-5.394242038771538,17,21.540464480211114,21.643217781776602,21.614568590004495,21.823182080765946,57.74979045296872,54.224729558635254,48.534354777001646,17.0,1.0,19.5,17,21.623384307878098,20.946715167552725,21.181327549479903,21.623384307878098,22.490936853615164,21.034956607993433,21.7629467308043,1.455980245621732,22.34533882905299,46.365213865383915,46.348285163879595,44.92223206933899,0.7661421012428998,17.29032258064516,17.419354838709676,17.333333333333336,17.548387096774192,gm_080,7.75,gm
1,2,17.257392732760717,17.33300333061807,18.861369285714673,18.942561875984467,20.418547989220873,20.49742166640671,1.8388178053056083,1.3256005304830345,-12.210533761189858,-5.306787751136816,20,21.760348119788674,21.845221495822962,21.894679570692205,22.163931610295776,58.083480165775924,55.048005357129234,53.05835112200733,20.0,1.0,20.5,20,22.138224106376015,20.912887921452068,21.31848747305014,22.138224106376015,22.539998056287505,21.215935449750162,21.877966753018832,1.324062606537341,22.40759179563377,45.98519059259516,45.97145482204175,44.68855324339392,0.7951345263083021,17.161290322580644,17.29032258064516,17.29032258064516,17.419354838709676,gm_082,7.75,gm
1,2,17.148597949593547,17.22043846231958,18.780009657515034,18.857875601361688,20.398479398013833,20.47696101864824,1.8896867075077337,1.3668358488209247,-12.390400871748662,-5.208522843772871,20,22.16069506331091,22.174037396252956,22.3626541089547,22.3626541089547,57.63835627688451,55.572113165634754,51.36902489197261,20.0,1.0,20.5,20,22.45594865412866,22.45594865412866,21.581508956424273,22.45594865412866,22.817137713740294,21.426579620585148,22.12185866716272,1.3905580931551456,22.67808190442478,45.207011859515276,45.19245160969577,43.88564080595537,0.8028612552884503,17.075268817204304,17.161290322580644,17.20430107526882,17.29032258064516,gm_084,7.75,gm
1,2,17.085700308973983,17.153881627670344,18.716691151439065,18.791892386302525,20.313664935107376,20.390423762013807,1.9026463450037392,1.3338957893397223,-12.579173191785715,-5.127548701103106,21,22.17045500076125,22.43057356543022,22.75059232313228,22.75059232313228,55.9125276289056,52.90399559470265,52.09224613815696,21.0,1.0,20.5,21,22.91116155010269,22.85098067394739,21.842366839368964,22.91116155010269,23.987716965118484,21.388162657205427,22.687939811161954,2.599554307913055,23.727761534327175,43.99652472860067,43.94946725253521,41.69773549982336,0.8703706933861876,16.989247311827956,17.032258064516128,17.161290322580644,17.161290322580644,gm_086,7.75,gm
1,2,17.0212444594997,17.0884851856823,18.646766378935997,18.720920191932233,20.24623252223485,20.323202277807678,1.9191675735628182,1.3155495185625599,-12.609274515790663,-5.101339603217739,21,22.716606216387078,22.62753347181845,22.7794745002374,23.06284712513809,55.78130430496785,51.65551730585838,51.33080216256122,21.0,1.0,20.5,21,23.02518462306739,24.136126817981335,22.21261812597976,23.02518462306739,23.404790279004423,22.092374224997045,22.748582252000734,1.3124160540073804,23.27354867360369,43.6802155362784,43.66838037285396,42.51006625961995,0.8545928618388317,16.989247311827956,17.075268817204304,17.161290322580644,17.29032258064516,gm_088,7.75,gm
1,2,16.901280104206524,16.966559449086873,18.51241396462572,18.58446314123095,20.102915173845027,20.17894744974281,1.9288929122655332,1.283495088390403,-12.593818845692782,-5.046816787062143,19,22.936021778223335,22.977661389989137,23.38400094608633,23.38400094608633,51.03409143135718,50.26096259472514,49.620507216455145,19.0,1.0,20.5,19,23.392183488085294,24.49507346730789,22.213591579655088,23.392183488085294,23.89957869825795,22.167112141408463,23.033345419833207,1.732466556849488,23.726332042573002,42.870708868518186,42.850973486571775,41.38415152829547,0.8622516312455201,16.903225806451612,16.989247311827956,17.032258064516128,17.161290322580644,gm_090,7.75,gm
1,2,16.8260146633847,16.889772106145298,18.459263393582848,18.53078007285862,20.07167243160205,20.146991244849083,1.925442415363605,1.3317767233401798,-12.580192815097337,-5.03540286890368,19,22.587095638839088,23.087305658026924,23.625426898644406,23.625426898644406,56.30453677488944,49.66261425531258,48.05129791786065,19.0,1.0,21.5,19,23.631385987449676,22.24244511501874,22.623698786337286,23.924666628843028,23.799854959040278,22.437360760444946,23.11860785974261,1.362494198595332,23.663605539180743,42.523965730561876,42.51195120682027,41.36291758020364,0.867267314976208,16.774193548387096,16.903225806451612,16.946236559139788,17.161290322580644,gm_092,7.75,gm
1,2,16.719313358186064,16.781718754463082,18.323908096320025,18.394147100090365,19.897952290801168,19.972403627204148,1.9203880116777992,1.2702968610632674,-12.761758148874913,-5.008702871418953,16,23.166801934124166,23.41627917445888,23.615740315907374,23.334986598244313,52.94880934053421,51.32723361377809,49.56238127602379,16.0,1.0,21.5,16,23.726214064016204,22.854134823492956,23.27788059721837,23.726214064016204,24.75563584367921,22.49497234612307,23.625304094901143,2.260663497556142,24.5295694939236,41.410623334287315,41.379801087681216,39.60154095779185,0.7581946687076938,16.602150537634408,16.731182795698924,16.774193548387096,16.903225806451612,gm_094,7.75,gm
1,2,16.67265481451932,16.73709584998883,18.279052918836488,18.34941252618879,19.85591163322535,19.926966200241772,1.872134801420322,1.317735548832622,-12.847985413095577,-5.019114717020755,18,23.883778199177726,24.13861825796018,24.028602157789976,24.028602157789976,51.1072292002941,50.791360878450284,49.07008054704131,18.0,1.0,21.5,18,24.75754513944557,23.5389495157863,22.533715352974326,25.45410112350271,25.2043304012326,22.655093725743082,23.92971206348784,2.549236675489516,24.949406733683645,40.80385632751392,40.76623213353235,38.829427121798425,0.7883605709010518,16.602150537634408,16.731182795698924,16.774193548387096,17.032258064516128,gm_096,7.75,gm
1,2,16.585566335610142,16.64570237276034,18.185338982587744,18.250711423745276,19.756722721013567,19.821862898917928,1.878067065391374,1.2980934607662125,-12.924653448628572,-4.850927696646107,18,24.7980323687906,24.888311333561873,24.86210856104077,25.847125035479138,51.34516627564341,51.726427974929386,51.726427974929386,18.0,1.0,23.5,18,24.87399770990541,25.76174160901303,23.752682412555743,25.76174160901303,26.340382500279244,23.279694698236415,24.81003859925783,3.0606878020428288,26.034313720074962,39.244932091300115,39.19648381443974,37.0682262824863,0.7245392528300373,16.516129032258064,16.64516129032258,16.64516129032258,16.903225806451612,gm_098,7.75,gm
1,2,16.541524337147607,16.603736327053856,18.144400508345512,18.20878353169172,19.717311330024955,19.77713355506066,1.8709644456831527,1.3024327823236528,-12.9526452219542,-4.819598891620353,19,24.69986337967299,25.064254490971997,25.559930152774825,25.931316952084558,50.321406423540616,50.321406423540616,51.349496288229375,19.0,1.0,23.5,19,24.720896536427006,25.87981599628992,25.508429196980188,25.87981599628992,25.582632272790804,25.035255818670482,25.308944045730644,0.5473764541203232,25.52789462737877,38.36977706303358,38.368324266554346,37.98506307998841,0.7941612601708948,16.559139784946236,16.64516129032258,16.64516129032258,16.903225806451612,gm_100,7.75,gm
1,2,16.30588492728279,16.3570634497533,17.992705892527162,18.050880461304825,19.613313390820736,19.668212263335732,1.986142560786683,1.3250062527957487,-12.845774686796533,-4.601206534573908,15,25.36906933499668,24.871210642047608,25.51874025696685,25.94140476727017,48.150299211216726,48.150299211216726,46.10076779152677,15.0,1.0,23.5,15,25.343935514855247,26.389883589083297,25.194264592885077,26.389883589083297,26.879523704986614,23.003612228713973,24.941567966850293,3.8759114762726403,26.49193255735935,38.42790462496988,38.35260332318406,35.77191380145504,0.7740901002686312,16.387096774193548,16.43010752688172,16.387096774193548,16.64516129032258,gm_102,7.75,gm
1,2,16.095015648256464,16.14056007594155,17.777414872716424,17.83281657494298,19.42473819782596,19.479296489258967,2.064529576387877,1.274206836929539,-12.714424192441587,-4.517536952092472,15,25.150849443273415,25.295546543404914,25.150849443273415,24.948554369053284,44.71319489975188,44.71319489975188,44.08168552915517,15.0,1.0,23.5,15,25.57038544874939,26.850463796046597,23.77506406070796,26.850463796046597,27.681788573340224,22.93084470938564,25.306316641362933,4.750943863954586,27.206694186944766,37.46098839601949,37.35385543439897,34.37051453724118,0.7830995011203155,16.043010752688172,16.0,16.21505376344086,16.129032258064516,gm_104,7.75,gm
1,2,15.991730549769978,16.038051389367038,17.690939010759134,17.745258304697064,19.33418890001808,19.388855484926353,2.072715398146508,1.278088697412809,-12.866040171645908,-4.484193773283877,14,24.93112218378424,24.621763401218196,25.35526170363397,25.848867028616553,46.72739347545469,44.63790879383062,43.7932634126771,14.0,1.0,23.5,14,25.68637514870889,26.39888341572987,23.864013348545882,26.39888341572987,27.989786895815,21.79152723693945,24.890657066377226,6.198259658875552,27.369960929927448,37.87491446173901,37.68381108358861,33.79540022794627,0.8154215899064403,16.043010752688172,15.956989247311828,16.043010752688172,16.0,gm_106,7.75,gm
1,2,15.842485910196892,15.8878685239978,17.504401065328175,17.557007946786317,19.12777008982433,19.179490467755365,2.054686682512798,1.2369352612447626,-12.954950965612532,-4.436517073251406,14,25.532120583011064,25.54433959182516,26.025738868279916,26.571027361608145,48.68618706592288,44.450266920265456,42.82873328702699,14.0,1.0,24.5,14,26.406680778592204,27.989272835137143,25.861392285263975,27.989272835137143,29.777162942484807,21.05592148932217,25.41654221590349,8.721241453162639,28.905038797168544,36.96035453572727,36.60528649442286,31.635023132209948,0.8195141962574259,15.870967741935484,15.870967741935484,15.870967741935484,15.870967741935484,gm_108,7.75,gm
1,2,15.782496565597631,15.826163390904119,17.452979616581125,17.505272276791448,19.07194665586176,19.123756225309787,2.054420089497977,1.2431727449076913,-13.096297720323735,-4.429775680085935,11,26.066662624656885,25.343000666909134,26.740430926857982,26.740430926857982,42.87584391249378,42.87584391249378,37.996208190216045,11.0,1.0,25.5,11,28.40029583765474,28.40029583765474,23.3217947667369,28.40029583765474,30.95119285804497,21.787138300314727,26.36916557917985,9.164054557730243,30.034787402271945,35.583145271958074,35.23316114944089,30.427147975809014,0.8039345627503864,15.870967741935484,15.827956989247312,15.827956989247312,15.741935483870968,gm_110,7.75,gm
1,2,15.722586823938334,15.766188773172322,17.404001552097757,17.455264292443044,19.04517502512166,19.094254044678443,2.0713108039349324,1.2567544675711855,-13.118232471548886,-4.392195563060412,12,25.353957390572603,25.914983650583114,27.224592689660454,26.331168438130987,44.676685915726296,44.329005990431796,48.083315799184376,12.0,1.0,25.5,12,27.999610982072568,28.80594233372267,27.033891069155118,28.80594233372267,28.863096209163405,22.163743616660643,25.513419912912024,6.699352592502763,28.19316094991313,36.39699795417194,36.19298419327534,32.294464399100534,0.7637768766403527,15.741935483870968,15.78494623655914,15.78494623655914,15.741935483870968,gm_112,7.75,gm
1,2,15.597852444791274,15.63333156471737,17.28162572179287,17.330877419632735,18.93051265846381,18.97968114132768,2.103826469418048,1.242523107192265,-13.063659516258985,-4.320568168380912,11,26.64806368282737,26.09434918856519,27.73833430395416,27.856491538763237,46.914406566782695,46.914406566782695,46.93481084978051,11.0,1.0,25.5,11,27.56816020646565,28.686163492646813,24.265595631148614,28.686163492646813,29.80005216420866,22.066710965648422,25.933381564928542,7.73334119856024,29.026718044352638,35.62380016864439,35.36615314767184,31.121363093233587,0.6425777625632932,15.612903225806452,15.655913978494622,15.741935483870968,15.612903225806452,gm_114,7.75,gm
1,2,15.592527701756373,15.627854066322373,17.257349350910637,17.306839441169025,18.895164298276942,18.944322724765623,2.0847923158123103,1.2316763426309458,-13.110869849618812,-4.334025042240115,11,26.94090804411465,26.88558545041889,27.557309563668554,27.557309563668554,44.50425744748653,44.50425744748653,44.2970387557856,11.0,1.0,24.5,11,27.363056619422053,28.833338582234916,27.74548998182948,28.833338582234916,27.675551300654064,25.46467763498175,26.57011446781791,2.210873665672315,27.454463934086835,34.584638092864395,34.5653016047845,33.28739857412513,0.7676022847473806,15.655913978494622,15.655913978494622,15.698924731182796,15.612903225806452,gm_116,7.75,gm
1,2,15.546144676347819,15.5792920554466,17.217764556959466,17.266633731084283,18.885396322053435,18.93472167763011,2.0899079886221714,1.2655216335613413,-13.073784021289416,-4.311752021969919,11,26.351049402830625,26.649727672351304,26.735179225513747,26.735179225513747,45.00065615899915,45.00065615899915,44.46840718721777,11.0,1.0,25.5,11,26.523021154311806,28.74972337442142,26.138891331628685,28.74972337442142,27.612495084808774,25.188773926615447,26.400634505712112,2.4237211581933287,27.370122968989442,34.694228518054835,34.670604149406046,33.26099352160146,0.6531721246715532,15.612903225806452,15.612903225806452,15.655913978494622,15.612903225806452,gm_118,7.75,gm
1,2,15.479584321171966,15.517253628384388,17.206037613718927,17.2553243335953,18.894453436950624,18.942904926793823,2.129453614432322,1.2961976839771123,-13.159365693965942,-4.33156117829534,11,26.97871685440714,26.463531648496772,26.97871685440714,26.97871685440714,44.528708624764974,44.528708624764974,51.06897408680961,11.0,1.0,24.5,11,26.82467634432166,28.988773060647986,27.606035027935462,28.988773060647986,30.57485316218768,22.085309165120822,26.33008116365425,8.489543997066855,29.72589876248099,34.89577199791953,34.60066499839111,30.170905602924943,0.6746276234511142,15.483870967741936,15.526881720430106,15.56989247311828,15.35483870967742,gm_120,7.75,gm
1,2,15.420760054644115,15.46325620801223,17.14228865744426,17.19167891874772,18.831776503955947,18.88017206341053,2.135646988499194,1.2812688668991017,-13.153458985480489,-4.344133624424633,12,25.488625047878216,26.48566936512683,27.220066871816243,27.518734295723903,42.946285244977815,42.99747652475403,44.5478711958251,12.0,1.0,23.5,12,27.02550201920809,28.53958835566283,24.826363389775935,28.53958835566283,30.002697034696723,22.61291059232816,26.307803813512443,7.389786442368565,29.263718390459868,34.72037459667306,34.49790248458457,30.575984945640005,0.6522455710655035,15.526881720430106,15.483870967741936,15.526881720430106,15.35483870967742,gm_122,7.75,gm
1,2,15.369107895386326,15.409602752085073,17.093034873662614,17.14193190661687,18.791035205578726,18.840455616123286,2.1505864829728414,1.2802663810653727,-13.058149554005647,-4.328648187237836,10,26.68307812600972,26.767078982297793,27.26627591991567,27.26627591991567,43.207727475671476,41.96044256419823,40.434769362260504,10.0,1.0,24.5,10,28.290418730780857,28.611807271792003,27.03539129261742,28.611807271792003,29.01772638974513,23.879385004621348,26.448555697183238,5.138341385123779,28.50389225123275,34.32332711165968,34.21846065349704,31.418929632999195,0.6442813210244084,15.39784946236559,15.39784946236559,15.440860215053764,15.225806451612904,gm_124,7.75,gm
1,2,15.361857406385486,15.399903189027231,17.08356951552698,17.13171347149451,18.79036894740312,18.839327971923947,2.152985855251659,1.2864389276450585,-12.908287250723346,-4.296451103410305,11,27.724321172110535,27.78325022920457,27.724321172110535,27.724321172110535,42.26396454291117,42.26396454291117,44.94623501059393,11.0,1.0,26.5,11,28.604768434903917,29.930320073591446,27.419101363430684,28.604768434903917,31.15349022974503,24.698760608106998,27.926125418926016,6.454729621638036,30.50801726758123,32.67312609613404,32.53215629664853,29.45083474085719,0.671030813069383,15.440860215053764,15.35483870967742,15.440860215053764,15.225806451612904,gm_126,7.75,gm
1,2,15.346298816977201,15.387208586574328,17.077237901043393,17.126341697533764,18.805032790039228,18.855270132568684,2.1665765679823608,1.3014849780119946,-12.92946209577692,-4.339769704519523,10,27.98513445448401,27.669725929383304,27.464146836086854,28.50612207288117,42.52125183089513,43.55328763047881,45.78410183744725,10.0,1.0,25.5,10,28.299165531572697,28.503784848682443,27.257190294778383,28.299165531572697,30.847589947044582,24.76959097009767,27.80859045857113,6.077998976946914,30.239790049349892,32.75123793249183,32.62489851195396,29.68300590946818,0.6646955515827929,15.440860215053764,15.35483870967742,15.483870967741936,15.35483870967742,gm_128,7.75,gm
1,2,15.38900710931404,15.427215236306795,17.118638856034476,17.167630912885645,18.841765642534266,18.89221010427054,2.15637988961365,1.3086149783500933,-13.051602376100721,-4.329608399029296,14,26.749823350606817,26.99947006771244,27.281685500846805,27.946656685936944,41.99714097492864,42.41686872540262,45.30691532292677,14.0,1.0,25.5,14,27.762850364751444,28.659082732726603,25.169985769191726,27.455803102858027,30.255167907306145,23.681058042637993,26.96811297497207,6.574109864668152,29.59775692083933,33.811887848096234,33.64918656203337,30.286128042877955,0.7566386132109876,15.483870967741936,15.39784946236559,15.483870967741936,15.35483870967742,gm_130,7.75,gm
1,2,15.446268618244725,15.483423499469486,17.12460164557046,17.175533508441383,18.794749185361674,18.847365924605608,2.096234523355025,1.2677079017810973,-12.966858627221164,-4.413515657016357,12,25.97114505567575,25.930686722365525,27.06914415341987,27.88209365788532,45.93224478980202,45.572757681427504,46.33565640254362,12.0,1.0,24.5,12,27.81595699322878,27.81595699322878,24.42526426508067,27.81595699322878,30.587468368772548,20.395120805313248,25.491294587042898,10.192347563459299,29.568233612426617,36.06876456834006,35.596943677430744,30.10691320118139,0.7527417844326577,15.483870967741936,15.440860215053764,15.483870967741936,15.483870967741936,gm_132,7.75,gm
1,2,15.405177956960388,15.446696720129435,17.106243076637174,17.157467967689264,18.778657252513288,18.83047897705862,2.131838184266729,1.2519440726624533,-12.816914016383482,-4.42853074677208,12,26.184557503662546,26.03482864056683,27.66428858475666,28.21668121841435,44.42911983330727,45.0932953018097,47.27128969825535,12.0,1.0,24.5,12,28.0022490644009,29.461389931810828,25.60711234188281,29.461389931810828,31.697678154978696,20.233990561241523,25.965834358110108,11.463687593737172,30.551309395604978,35.46342154128334,34.89699894632654,29.078893459522497,0.6282876412104704,15.483870967741936,15.440860215053764,15.483870967741936,15.483870967741936,gm_134,7.75,gm
1,2,15.44359025953843,15.481856226859978,17.14240594912902,17.19265730049873,18.843781751040776,18.896334092615884,2.158863137152431,1.2556147286034733,-12.749765558738542,-4.381732264010411,13,27.34509130355906,26.151269481630763,27.34509130355906,28.038048542021812,45.71055170013178,45.71055170013178,47.83543851674015,13.0,1.0,24.5,13,27.32892659563018,29.127379400600006,27.135536958331187,29.127379400600006,28.986728842676946,25.005638630542602,26.996183736609773,3.9810902121343426,28.58861982146351,33.8072573248511,33.747884740603034,31.611626469050044,0.6490262664613768,15.483870967741936,15.483870967741936,15.483870967741936,15.483870967741936,gm_136,7.75,gm
1,2,15.413390938400108,15.452089758702186,17.109364665331753,17.159332592666388,18.80538365220733,18.858403157035884,2.1543809570555443,1.251932441278151,-12.47163149391532,-4.373594823471842,13,25.107430008672964,25.291839096690136,27.159545862415797,27.159545862415797,46.11540247068797,46.382072126117095,46.382072126117095,13.0,1.0,24.5,13,27.848182737238517,27.988717058935435,24.183636478477467,27.988717058935435,31.314088249381946,19.445816149453144,25.379952199417545,11.868272099928804,30.12726103938907,36.333266684641515,35.680256154901066,29.425394809100393,0.6440394040191161,15.483870967741936,15.483870967741936,15.56989247311828,15.612903225806452,gm_138,7.75,gm
1,2,15.394138008083985,15.43950154270191,17.11735655255957,17.169052253905324,18.848743925577534,18.902958789164504,2.194835671956314,1.2686215745062837,-12.47040408555596,-4.447343927540473,12,26.82390968559433,26.724289686980164,27.498026114059883,27.498026114059883,44.154513745217024,46.28475716402594,46.28475716402594,12.0,1.0,24.5,12,26.995188281364022,28.192457203097035,27.3203398613405,28.192457203097035,30.06244580117762,23.514813626477224,26.788629713827422,6.547632174700396,29.40768258370758,34.05898591099662,33.89415590387887,30.4946714235127,0.76757387826615,15.483870967741936,15.526881720430106,15.56989247311828,15.612903225806452,gm_140,7.75,gm
1,2,15.42690045987729,15.471510222178948,17.151649559216356,17.204828937589312,18.849805402941833,18.904528656666017,2.2023319802855053,1.2306864542015636,-12.260573929015292,-4.506050015233435,12,27.041239545934943,26.561581346341914,27.489096315213487,27.489096315213487,41.55879514428072,45.38597980927999,47.244640463070624,12.0,1.0,24.5,12,27.905773800379052,28.570323221316954,27.208042130689876,28.570323221316954,31.077924421494917,22.41325770410192,26.745591062798418,8.664666717392997,30.211457749755617,34.316154875635824,34.0234288043332,29.661863799020725,0.6557551027590117,15.483870967741936,15.483870967741936,15.483870967741936,15.483870967741936,gm_142,7.75,gm
1,2,15.421237952064875,15.466459631127801,17.167148766947637,17.22059818573953,18.889340540701227,18.9441823162683,2.2136195502549167,1.2641031348855805,-12.088140279884385,-4.5154121955516775,11,26.81316082153856,26.04966225969078,26.81316082153856,26.81316082153856,41.79978624045811,46.54669263110908,46.54669263110908,11.0,1.0,24.5,11,26.71213140194226,27.813876965134483,26.607671856666002,27.813876965134483,29.202606006722345,21.776907821437554,25.48975691407995,7.425698185284792,28.460036188193868,35.825314513214785,35.57785329554905,31.381306760080957,0.6644120084286509,15.440860215053764,15.39784946236559,15.483870967741936,15.483870967741936,gm_144,7.75,gm
1,2,15.411172278294373,15.454413152413014,17.14145431587019,17.196285580867478,18.837260970081534,18.894411091928337,2.206191397411469,1.2338065421038527,-11.684845087115834,-4.576673212103481,11,26.00301965804897,25.903638224300032,26.179367685971442,26.29002984720833,44.665893525704114,45.74701306448817,45.969771417227456,11.0,1.0,24.5,11,26.180286836311865,26.47205658740029,25.893276647152504,26.47205658740029,28.243021223952134,23.382955379994208,25.81298830197317,4.860065843957927,27.757014639556342,35.25368238132445,35.152391418113645,32.346128079277605,0.7097326783058393,15.39784946236559,15.440860215053764,15.526881720430106,15.483870967741936,gm_146,7.75,gm
1,2,15.491772649310198,15.539271255201495,17.187599034823627,17.244286083940796,18.848967047467482,18.906196073970136,2.122053796873243,1.2448710218953958,-11.465580789860946,-4.647035483007869,12,24.785662201502845,24.61257590018325,24.930855829360354,26.6378294205808,44.545360737713104,47.41177665983465,47.41177665983465,12.0,1.0,23.5,12,26.548438067071743,26.548438067071743,20.416465398770242,26.548438067071743,27.770357455572857,20.005891043326667,23.888124249449763,7.7644664122461915,26.99391081434824,38.33757773581968,38.00629373803604,33.0323503567979,0.7736555868671313,15.440860215053764,15.483870967741936,15.612903225806452,15.612903225806452,gm_148,7.75,gm
1,2,15.623269416998008,15.665443963978671,17.204395254097644,17.262596611044135,18.807863355643253,18.864848261660836,2.028320041369702,1.1710842563124593,-11.603173020318401,-4.706230775453593,9,25.988611050153594,25.521575655550485,26.457274529130387,26.457274529130387,48.66386448600173,48.66386448600173,48.32285271025033,9.0,1.0,23.5,9,26.28510642938255,26.28510642938255,24.305050309864356,26.28510642938255,28.257274434833384,22.087786807205063,25.172530621019224,6.16948762762832,27.640325672070553,36.66667073947544,36.48759429983546,32.781578209006334,0.6979614155177841,15.612903225806452,15.526881720430106,15.655913978494622,15.612903225806452,gm_150,7.75,gm
1,2,15.619741375314758,15.665014083184703,17.252115795766635,17.311664097412898,18.88929654033561,18.946880886354943,2.0457047171492766,1.236162086020964,-11.551167704734155,-4.753653037674508,9,25.36851006542659,25.224808042266094,26.113977925979327,26.482709709448557,47.34360430223125,47.34360430223125,47.34360430223125,9.0,1.0,23.5,9,26.273983197777596,26.442278309505042,24.471800456408488,26.442278309505042,29.283315454291177,18.537825502003454,23.910570478147314,10.745489952287722,28.208766459062403,38.93484262267751,38.287279184063635,31.72627890103202,0.642370713041199,15.526881720430106,15.612903225806452,15.612903225806452,15.612903225806452,gm_152,7.75,gm
1,2,15.633183273291326,15.688920759256845,17.334733009486637,17.394702114575004,19.00875327630779,19.06622636045316,2.0840356078198794,1.2932699933764382,-11.2784039294875,-4.759022589343152,9,25.345881325602107,24.32462690702792,25.345881325602107,25.836511424952022,47.67545366585221,48.235950021448545,47.67545366585221,9.0,1.0,22.5,9,25.69992958464948,25.69992958464948,22.785327449273836,25.69992958464948,28.08849967802076,17.976346296764177,23.03242298739247,10.112153381256581,27.0772843398951,40.35163031063092,39.710351847668,32.99831047601391,0.7352766067501404,15.612903225806452,15.655913978494622,15.655913978494622,15.741935483870968,gm_154,7.75,gm
1,2,15.578218381009355,15.631326809682767,17.280180505877787,17.337530328063277,18.953153971813578,19.010510766094647,2.125596916639677,1.2535870397722015,-11.364819248946032,-4.661544545594175,11,24.8837201241285,25.165758176746714,25.62206366125352,24.8837201241285,46.754966862943014,46.754966862943014,47.84472384260873,11.0,1.0,23.5,11,25.520300563948382,26.026278755837268,24.781957026823363,25.520300563948382,27.837860892672033,21.56133320388757,24.699597048279802,6.276527688784464,27.21020812379359,37.240290820347965,37.04450522978491,33.14861111987775,0.7752690329064702,15.39784946236559,15.56989247311828,15.698924731182796,15.741935483870968,gm_156,7.75,gm
1,2,15.627625222192341,15.684361532486522,17.298198468452522,17.358334619167398,18.94760295376956,19.0067329454863,2.072020501080861,1.2503509119189136,-11.222764767397509,-4.770642528588901,10,23.70137248328541,24.05253597917114,25.25841442027533,25.25841442027533,46.080629994822274,48.024115284205635,48.024115284205635,10.0,1.0,22.5,10,25.093885557728157,25.655180465393045,20.823821575307676,25.655180465393045,27.90745495617335,18.464112324771424,23.185783640472387,9.443342631401926,26.963120693033158,39.99832492879099,39.452495386226374,33.18698003105428,0.6636574242205487,15.440860215053764,15.56989247311828,15.698924731182796,15.741935483870968,gm_158,7.75,gm
1,2,15.66267645832586,15.720147624600664,17.342979783716775,17.4050401772793,19.000469099084018,19.063085442038677,2.073269487204356,1.2696683302336582,-11.014943244486716,-4.8399013282823296,12,23.20977929426813,23.48982266053755,23.3404842278847,24.87849080889353,44.938301558859365,48.30135062597192,48.30135062597192,12.0,1.0,21.5,12,24.706438963617103,25.200127251036093,22.74727279830074,25.200127251036093,26.038517981355746,20.00543937955067,23.021978680453206,6.033078601805076,25.43521012117524,40.042294618771614,39.81754988621343,35.47355790134862,0.7742209250377962,15.526881720430106,15.655913978494622,15.827956989247312,15.870967741935484,gm_160,7.75,gm
1,2,15.700908534810855,15.757845032509517,17.38688977293591,17.44956291642331,19.05914937253813,19.12282788614915,2.0631612269615354,1.301821626678096,-10.954105287564378,-4.857537538450226,14,22.18277750646685,22.854893986420933,22.87688208389156,23.326194705684372,50.31258598854481,51.06915601036527,43.04834052221467,14.0,1.0,21.5,14,24.080957557729647,24.78185513073845,21.97078157426148,25.009948437287136,24.367025182144832,20.492524826466497,22.429775004305665,3.874500355678335,23.979575146576998,41.01556593756702,40.91568943997845,37.83848987011594,0.786706429870117,15.612903225806452,15.655913978494622,15.78494623655914,15.870967741935484,gm_162,7.75,gm
1,2,15.840531928632284,15.899534278429194,17.46930319586667,17.534632813095005,19.092066193901548,19.159213927129272,1.9947473550463244,1.2649322936537561,-11.42318582021784,-4.947425698607208,14,22.95063893712721,22.964225389216086,23.214644259293664,23.957937789718187,49.375447840513004,50.77735753693535,46.16867791752581,14.0,1.0,21.5,14,23.6916708207969,23.6916708207969,22.030471731504605,25.057438643572397,25.13940672244232,19.81700945774209,22.478208090092206,5.322397264700233,24.6071669959723,41.36576614069464,41.17617733410906,37.05779187109345,0.7693376166981326,15.698924731182796,15.78494623655914,15.956989247311828,16.129032258064516,gm_164,7.75,gm
1,2,15.932913449796404,15.989986507372114,17.571777297998487,17.638683179060905,19.143065048721255,19.210897552049147,1.9956477076549983,1.225263337022032,-11.51243399375148,-4.991994189288731,12,22.434175932075874,22.81330765186324,23.002995637789468,23.002995637789468,51.82207982824514,53.487205322920005,53.487205322920005,12.0,1.0,21.5,12,23.178788722073847,23.178788722073847,21.995331989757034,24.867122306691385,24.772130950057065,19.35663315324589,22.064382051651478,5.415497796811173,24.23058117037595,42.35323379382329,42.14442483896492,37.783011433280016,0.7817564016562003,15.956989247311828,15.956989247311828,16.129032258064516,16.387096774193548,gm_166,7.75,gm
