ok,n_bands,mt_inner,mt_inner_vert,mt_center,mt_center_vert,mt_outer,mt_outer_vert,sup_thick,deep_thick,deep_angle,sup_angle,n_fasc,pa_med,pa_wmean,pa_wmed,pa_top5,fl_med,fl_wmed,fl_top5,n_fasc_kept,fasc_sign,pa_orient,v2_n,v2_pa_lowhalf,v2_pa_low3,v2_pa_uphalf,v2_pa_insert,v2_pa_fit1,v2_pa_fit0,v2_pa_fitmid,v2_pa_slope,v2_pa_fit09,v2_fl_curve,v2_fl_chord_mid,v2_fl_chord_deep,v2_fasc_span,v2_fl_stream,v2b_pa_fit1,v2b_pa_fitmid,v2b_fl_stream,v2b_fl_chord_mid,v2_mt_raw_1090,v2_mt_raw_1684,v2_mt_raw_2575,v2_mt_raw_mid,image_id,px_per_mm,family
1,2.0,15.035569261115077,15.07807552050964,16.77143337827033,16.816495513047183,18.49474015034116,18.539774503722224,2.2272770498776326,1.23442193333495,12.453583151542665,4.195394364476697,5.0,28.032401782949847,28.34842152607653,28.032401782949847,28.032401782949847,43.45266327681724,43.45266327681724,43.45266327681724,5.0,-1.0,26.5,5.0,29.50852354072589,29.50852354072589,26.96927032856445,30.523876311323704,31.75884479113476,24.53353756064556,28.14619117589016,7.225307230489195,31.03631406808584,31.793828657543408,31.624561211446345,28.342672692392505,0.4897824369337553,45.97402597402597,31.75884478999084,24.09391213573393,45.97402597402597,36.54288680516996,14.943825238781317,15.108225108225108,15.064935064935064,14.675324675324674,im_01_arch,7.7,osf
1,3.0,26.253962007648425,26.34114108791595,27.009887670912303,27.071460696282035,27.75981378117929,27.799186926123504,0.7412730204784358,0.7167728177291196,8.518636688475054,3.8650879597180414,28.0,15.672212760365367,16.061316404424918,15.991081991973886,17.529630619325502,119.09897768939724,106.244970713559,92.8569227194124,28.0,-1.0,14.5,28.0,15.23164116681437,15.213919478032976,17.67790712884519,14.744535395563332,14.822587790212664,18.283409269738545,16.552998529975604,-3.4608214795258814,15.168669938165252,92.16460842342318,91.8319860243239,102.26887575371268,0.762211471582259,127.012987012987,14.822587790177998,14.550939479984422,127.012987012987,104.13573065234192,26.348639513156083,26.4201293263549,26.33919641443017,26.363636363636363,im_02_arch,7.7,osf
1,2.0,16.986895864263147,17.027326768555366,18.50116050748597,18.54695950088182,20.00204961305194,20.05204061633267,1.9124324047306407,1.1122814430466608,9.919489028658353,4.027343232898358,11.0,23.297837523173712,23.601824246576832,24.53401439733949,24.53401439733949,52.57009965410473,49.147704168304685,49.147704168304685,11.0,-1.0,21.5,11.0,22.961552794162145,22.282455185236728,24.03219489275071,21.62782906856043,22.894648899992266,23.90388148031679,23.399265190154527,-1.009232580324529,22.995572158024714,42.59036637894172,42.583925974383305,43.47035213826569,0.6330637681251052,55.06493506493506,22.89464889969756,20.66502118267445,55.06493506493506,47.92133227290053,16.892676720162456,17.316017316017316,17.099567099567096,16.623376623376622,im_03_arch,7.7,osf
1,2.0,16.868460195552174,16.86986411872014,17.987473101802482,17.988546246801256,19.11907254347696,19.11990749973761,0.8619530629305476,1.3880903180869246,6.963668138618126,0.6258510119413351,18.0,18.26198347299622,18.608763233787272,18.791803904190655,18.90960269869413,66.9894620263743,70.07524184688754,71.11576205932923,18.0,-1.0,17.5,18.0,19.25688956204334,19.13909076753987,17.374752295377363,19.13909076753987,19.489975293914547,17.696221521813435,18.59309840786399,1.793753772101114,19.31059991670444,52.81912124633709,52.77876664488503,50.43806580123516,0.6083731612898112,82.6984126984127,19.489975293753627,15.307216279168802,82.6984126984127,63.74470443584711,16.85198890270165,16.85198890270165,16.851851851851855,16.825396825396826,im_04_arch,12.6,osf
1,2.0,21.11498974132007,21.1165739865659,22.494981731038006,22.496440445067066,23.84123636439049,23.845664591842187,1.1063908698754676,1.62269973540082,8.073423513051248,0.6524814267459117,12.0,20.66941669191084,21.34383058509058,23.191121661170516,23.191121661170516,87.86635725013122,72.81395219400181,72.81395219400181,12.0,-1.0,22.5,12.0,23.20725856968062,23.20725856968062,15.34055863740781,22.50021479399561,26.67456227736538,13.819000238599603,20.24678125798249,12.855562038765775,25.3890060734888,62.97693763937574,60.83972422926464,46.900006162793815,0.8112321965979539,95.06493506493506,26.43128257462786,16.43128257462786,95.58441558441558,74.43284230487262,21.22057313390108,21.125541125541123,20.995670995670995,21.428571428571427,im_05_arch,7.7,osf
1,2.0,18.68176242650377,18.68234586127048,20.12023409500752,20.120379854645225,21.555511371109034,21.55551529478547,1.7322920673946989,1.140877366120292,-1.007790846772579,0.2180913519638688,23.0,12.183289913248274,12.3177301222576,12.802165787551758,13.46001674389666,84.21923658581385,77.68278177442929,77.68278177442929,23.0,-1.0,9.5,23.0,13.594271036828388,13.83066067719318,12.317544206180004,15.895630713975947,13.48358735982943,11.931781392267972,12.7076843760487,1.5518059675614575,13.328406763073284,85.0331026677899,84.92804542661776,80.12383746912762,0.80013429252912,77.29729729729729,13.483587359848508,13.37085932103544,77.29729729729729,80.78688852824587,18.716158502108254,18.79347204542499,18.766633137993143,18.783783783783782,im_06_arch,7.4,osf
1,3.0,13.539628508019424,13.543790282007738,14.735388479535256,14.73808711681706,15.885626205605131,15.887226349839295,1.121942560494548,1.2214935073370112,0.7284528557130255,1.0964679851091976,11.0,14.688595027779655,14.22977891677733,14.836821720990883,14.836821720990883,51.19787114217981,51.19787114217981,51.14153106620296,11.0,-1.0,12.5,11.0,15.321890423488725,14.737553993659844,14.589327300448616,,12.390640914636236,16.491385016949174,14.441012965792703,-4.100744102312938,12.800715324867529,54.6664962149891,54.30047742762741,63.10881589868124,0.6845501213525239,58.11764705882353,12.3906409146963,14.83663221463209,58.11764705882353,52.883779039388216,13.68627450980392,13.607843137254903,13.529411764705882,13.529411764705882,im_07_arch,8.5,osf
1,2.0,24.243038609719346,24.256106129667163,25.427217260173048,25.44319268763227,26.648347844109185,26.66747767898976,1.3849871408074907,1.0263844085151017,1.2191762552988623,2.0304897294486226,12.0,21.55199686238211,21.047706359799907,21.193779488079254,21.193779488079254,64.88747108780916,66.29178136566131,66.29178136566131,12.0,-1.0,18.5,12.0,22.50885445481211,22.50885445481211,19.60929786892214,22.50885445481211,23.89598931968091,17.51628508300296,20.70613720134193,6.379704236677953,23.25801889601312,69.11540005822776,68.5757031345422,59.85682190032299,0.6489879043000818,66.74157303370787,23.89598931969204,20.987618726315645,66.74157303370787,67.6966644550011,24.335531427268748,24.20463248528725,24.26639269691088,24.49438202247191,im_08_arch,8.9,osf
1,2.0,14.923954154836467,15.049737805350553,16.286705283938016,16.41501632167777,17.65123036381803,17.786929182401703,1.4792520805714386,1.25793929647971,3.9725500482491767,7.168565884920755,14.0,11.798410321765118,12.49092378650354,13.550252893796312,13.550252893796312,65.08238335309541,61.24913152807529,58.12321972539286,14.0,-1.0,11.5,14.0,14.5728775455527,14.5728775455527,11.193134228804752,14.5728775455527,13.94011696106749,11.475938731057122,12.708027846062306,2.4641782300103685,13.693699138066451,68.27052538614173,68.05752177894783,62.146178866973095,0.7683110149382878,55.31914893617021,13.940116961107256,14.275756583829214,55.31914893617021,60.714353468968056,15.068619529808174,14.849453641611223,15.085289803381697,15.106382978723405,im_09_arch,9.4,osf
1,2.0,20.324973535825293,20.32778470082343,21.021631714281572,21.023521725528955,21.7430623771377,21.743474755171075,0.740565521937343,0.6751245324103041,-0.2174782412002037,0.7682814444007415,29.0,20.514229046887635,21.052119899065303,20.25662691787798,20.514229046887635,57.01147588507916,57.01147588507916,56.58552217372935,29.0,-1.0,19.5,29.0,21.61709534203837,22.38695009930464,20.188603802031565,22.38695009930464,22.87601855056472,19.52060073229611,21.198309641430413,3.3554178182686094,22.540476768737857,56.33075614414656,56.21533365270524,52.29044075666426,0.7290082385262026,54.82142857142858,22.876018550572084,21.755369568117302,54.82142857142858,54.84311966173882,20.246676744931207,20.128195801911883,20.208333333333336,20.53571428571429,im_10_arch,11.2,osf
1,2.0,12.339720322114395,12.40530686106215,13.90368463670952,13.975190985999184,15.459366126409114,15.536728316594218,1.5628166659515963,1.5686047895804702,8.705983802658558,5.798509987810607,13.0,15.123396359294247,14.985525217607016,14.150174638183614,14.150174638183614,55.56417257357436,58.48036770758709,58.48036770758709,13.0,-1.0,14.5,13.0,15.154544586779563,19.53313799649061,13.697214488395788,14.382305002873323,17.8047848218851,12.337014450912823,15.07089963639896,5.467770370972275,17.25800778478787,47.8352073426809,47.31101835776572,40.23069214984145,0.5225422123265733,61.298701298701296,17.804784821744676,13.548996099797945,61.298701298701296,52.50854053331384,12.426048729885588,12.186147186147185,12.467532467532468,12.467532467532468,im_11_arch,7.7,osf
1,2.0,17.03733561686104,17.08246572407032,18.291072103151745,18.3387425797537,19.51213570363552,19.56154074998697,1.3094490368726326,1.1696259890440248,7.092866787379986,4.132108549397703,26.0,14.618492136637457,14.946101098532033,14.791204496885058,15.081950532143622,72.10632987104279,71.60140700489322,71.10337846896644,26.0,-1.0,13.5,26.0,15.173930764774385,16.86699923446676,13.70874124468753,14.273634390291306,15.785302086595086,13.274715855775716,14.5300089711854,2.5105862308193685,15.53424346351315,67.93252674583633,67.76473065643766,62.49707807689008,0.7620991042352394,83.14606741573033,15.785302086550695,13.10795113150885,83.14606741573033,74.96608173792345,17.006288010803434,16.905137479181583,17.118311861838382,16.85393258426966,im_12_arch,8.9,osf
1,2.0,17.93167384994371,17.951728710752203,19.11116501293999,19.12759724406752,20.179629530378502,20.196092239854863,1.2097771531683728,1.0345863759342866,3.82986966267091,2.3751267152705395,22.0,14.579027502618516,14.527290841085522,14.787968664927575,14.787968664927575,74.91281884163759,72.53092515196899,72.32639749370509,22.0,-1.0,12.5,22.0,14.55161577702384,14.34425382066911,14.918806577204691,14.735578209192935,13.239344950394177,16.465340422233435,14.852342686313804,-3.2259954718392603,13.5619444975781,70.19600014208277,69.9218107629934,78.25967008174021,0.849464091939633,76.40449438202246,13.239344950373908,14.317871535619828,76.40449438202246,72.47428081980694,17.96032850379735,18.04303782049767,17.92186469068083,17.977528089887638,im_13_arch,8.9,osf
1,2.0,21.308633046922484,21.38791467504668,23.15209163555316,23.23698352402907,24.99047954998655,25.08491011386685,2.351025858597516,1.3459695802226683,6.858596007573174,4.899064518500081,5.0,22.365601394985447,22.974009587864558,23.015199755482318,22.365601394985447,58.4812183057267,55.035124217878845,58.4812183057267,5.0,-1.0,20.5,5.0,22.323874509365996,22.323874509365996,24.691002536377766,22.323874509365996,20.203484089893514,25.846006937075085,23.024745513484294,-5.6425228471815725,20.76773637461167,54.66340091771796,54.39525696839173,61.60480359975754,0.4114412975235317,59.74025974025974,20.20348408955049,22.083735832723857,59.74025974025974,56.58972549179577,21.314886839641503,21.645021645021643,21.601731601731604,21.16883116883117,im_14_arch,7.7,osf
1,2.0,16.2500611870205,16.251152881404895,17.356570686284535,17.357927785759422,18.500989728506344,18.502363509526727,1.0557408335037135,1.1954697946181196,4.568043511990177,0.7164689311057981,16.0,17.506017232602815,17.665498043296815,17.509785612082027,17.509785612082027,61.461892101364754,61.45015154303497,57.64185383909281,16.0,-1.0,16.5,16.0,17.594716084162116,17.594716084162116,18.07762132334136,17.594716084162116,18.523273959172453,16.09477292415599,17.30902344166422,2.428501035016463,18.280423855670808,54.6507004878336,54.56213512228825,51.098932636123415,0.6842180598366863,70.63492063492063,18.52327395906631,15.310829563015794,70.63492063492063,61.47806348786192,16.22907733160038,16.22907733160038,16.296296296296298,16.19047619047619,im_15_arch,12.6,osf
1,2.0,12.16341506509396,12.233702615366465,13.655679445013345,13.738537401350856,15.144928263210886,15.239345709923048,1.4155967147942994,1.5900463797622837,8.358001249548913,6.295830132829872,13.0,15.508802928741034,15.732235444269014,15.508802928741034,15.563653378844776,51.13538349084778,48.78604731638521,48.78604731638521,13.0,-1.0,13.5,13.0,15.995684357835216,15.26817057312624,15.414091520543252,15.26817057312624,17.91646686427338,13.223379810627415,15.5699233374504,4.693087053645964,17.447158158908785,45.56130153853103,45.21790942838055,39.45364414074057,0.6902538264195157,53.50649350649351,17.9164668642217,14.510666210175913,53.50649350649351,48.43996287930542,12.22506581284171,12.12121212121212,12.164502164502164,12.207792207792208,im_16_arch,7.7,osf
1,2.0,19.955105018767487,20.024110008830192,21.68264105411401,21.75718051555577,23.45620069724495,23.53629147078523,2.1554920912560127,1.356689370699024,5.772476244942351,4.744096516686993,13.0,15.313245490217298,15.852852240763804,15.583163569989637,15.583163569989637,79.38690668185092,79.24773119366881,79.24773119366881,13.0,-1.0,14.5,13.0,15.808038929018268,15.808038929018268,16.28377469055485,15.808038929018268,14.615835215786609,17.937260616303643,16.276547916045125,-3.321425400517034,14.947977755838313,71.37581112001874,71.13034891768862,79.00541919612785,0.789737840157203,78.7012987012987,14.615835215758036,15.65688102829325,78.7012987012987,73.87090260754486,19.88620320934999,20.04329004329004,19.913419913419915,19.61038961038961,im_17_arch,7.7,osf
1,2.0,21.611226142378303,21.616885346895376,22.57294366146937,22.58236054763577,23.70100151817568,23.709996450521626,1.0790882425724688,1.0140228610537774,5.730765115224226,1.6547093274264268,22.0,19.02287994895927,18.778668686465743,19.02634186605616,19.02634186605616,76.05085502700123,75.04505751313744,77.05665254086502,22.0,-1.0,17.5,22.0,19.048254002587925,18.059738777393815,19.36651660188048,18.059738777393815,17.69657686770042,20.16332359308469,18.92995023039256,-2.4667467253842754,17.943251540238847,66.6000853599978,66.50725828634035,70.9784234234048,0.7768478147097801,87.46031746031747,17.696576867648346,16.70568825035272,87.46031746031747,75.05766699850345,21.710781306121884,21.710781306121884,21.640211640211643,21.904761904761905,im_18_arch,12.6,osf
1,2.0,20.052349227173465,20.061938752911743,21.460213019273567,21.468354186005456,22.90031010159619,22.906222175922483,1.613057799666242,1.2312256233445007,2.6786255745566967,1.5779575085447468,21.0,16.6192419906167,16.815045032224937,16.800205853369448,16.983515524919028,73.90814856342494,72.13183105764328,71.32954734248898,21.0,-1.0,15.5,21.0,16.423385529807177,16.606695201356757,16.307830123792996,16.606695201356757,16.996806696592976,15.557020475847976,16.276913586220477,1.4397862207450025,16.852828074518477,71.5791448026317,71.53299781283614,68.5870766399322,0.7099475969134756,74.28571428571429,16.996806696585246,16.011813762884117,74.28571428571429,72.68557222862887,20.07912719200448,20.06423621177644,20.089285714285715,20.089285714285715,im_19_arch,11.2,osf
1,3.0,26.085250225411272,26.194542019158305,26.701110076366405,26.771420538740934,27.11881499722703,27.144580918146367,0.051774394743113,0.8982645042449541,9.78496689713432,4.15343094987471,21.0,17.86706638183503,18.32175168600638,18.4318954679473,19.4209541695393,103.25797303614364,98.9051722718588,92.8140247056342,21.0,-1.0,17.5,21.0,18.342993600681467,17.778164514569198,18.38929652732264,18.342993600681467,18.12045570212496,18.40232254647753,18.26138912430125,-0.2818668443525791,18.148642386560216,82.8874060832529,82.8857851309462,83.508547492245,0.7223160946577736,110.64935064935064,18.12045570206136,16.031220864986757,110.64935064935064,94.04826870296118,26.12493716928424,26.291779359343497,26.203468751443296,25.9857274695361,im_20_arch,7.7,osf
1,2.0,16.74111783286017,16.744926504722887,17.803627364147296,17.806607374919313,18.859342142550624,18.861301869319917,0.9480141879034832,1.1683611766935444,6.834073445974231,1.048243100844543,12.0,16.613966497638472,16.498637659159236,16.731268989480412,15.947942197764064,88.13564740746959,78.05579622938438,87.26278577081607,12.0,-1.0,15.5,12.0,16.183281244350127,15.2079628286117,16.987495157513933,15.2079628286117,14.980476889474682,17.915819881543115,16.448148385508897,-2.935342992068433,15.274011188681524,59.15903481672936,59.00357947486676,64.63199142818644,0.5525121206318099,90.12987012987011,14.9804768892703,13.798830917556728,90.12987012987011,70.04512078342499,16.747699920897507,16.883116883116884,16.753246753246753,16.753246753246753,im_21_arch,7.7,osf
1,2.0,20.16143948338116,20.161658305641883,21.239120210689936,21.239217895287304,22.272235326984436,22.27243215321627,1.2341551217511926,0.8766187258231958,-0.3115102336150558,0.1737727131405458,23.0,13.400878548306563,14.12332217013431,13.995813621053912,13.995813621053912,83.68820515685482,80.5765749349035,80.5765749349035,23.0,-1.0,13.5,23.0,15.849277038139917,14.065861263596304,13.900309939862552,15.289909130930567,15.311337944374108,13.96069743761339,14.63601769099375,1.350640506760718,15.176273893698037,79.84755587370269,79.7913884365155,76.35083124424497,0.7838694144548607,79.5505617977528,15.311337944375165,14.675529260895113,79.5505617977528,79.58126224997096,20.10777220376125,20.302317684047782,20.11846111367593,20.0,im_22_arch,8.9,osf
1,3.0,14.876775213130024,14.90970277688201,16.28898138395485,16.313545953243533,17.60810701705868,17.620290188572334,1.3191191075326667,1.391468304157659,8.060059260349316,3.144651573324878,15.0,15.858583847640404,16.021823545458606,15.858583847640404,15.898771811378907,65.66978555110279,65.44099531419201,63.66864208820876,15.0,-1.0,14.5,15.0,15.975145129314086,15.975145129314086,15.93374789847499,15.975145129314086,15.572424052172778,16.280690530677507,15.926557291425144,-0.7082664785047283,15.643250700023252,54.04854448328364,54.03973599576611,55.23720624351259,0.774671887060423,74.8051948051948,15.572424052038238,13.762630186077237,74.8051948051948,62.33195274228676,14.961446872899694,14.761904761904765,14.805194805194803,15.064935064935064,im_23_arch,7.7,osf
1,3.0,14.79213441463272,14.827456727202318,16.23987356141526,16.26363912986461,17.604777591223876,17.61692644881569,1.3657436914651364,1.423726030148242,8.691421789698804,3.097817067767548,13.0,16.974698475423907,17.135843795970743,17.348134998037153,17.348134998037153,61.39455926835761,58.07865824500898,57.1301147249236,13.0,-1.0,15.5,13.0,17.503774497234303,18.59907124697929,17.821372496226388,18.59907124697929,17.393167880069957,17.56679008847024,17.479978984270097,-0.1736222084002822,17.410530100909984,49.05619025817092,49.05579246674019,49.29301096214628,0.7309463088083963,70.12987012987013,17.393167879968065,15.034260851056631,70.12987012987013,56.80495709285667,14.949906216403274,14.696969696969695,14.545454545454543,15.194805194805197,im_24_arch,7.7,osf
1,2.0,19.9913779287014,20.002628646360304,21.18076579996534,21.18908126100048,22.352999548782464,22.358964349618347,1.3609921720652105,0.9953435311928374,3.124050495566317,1.605236171596072,27.0,18.6467835165694,18.298697227319654,18.50852399381432,16.960021013438393,64.23601155297357,65.66521975944337,70.72328625347336,27.0,-1.0,16.5,27.0,18.02081410613889,18.02081410613889,18.546645378684783,18.02081410613889,18.19533560516125,19.240572911306145,18.7179542582337,-1.045237306144891,18.299859335775743,62.28560011026711,62.269666973461305,63.9950706632056,0.7621328971628515,66.51685393258427,18.195335605142308,18.097760300564826,66.51685393258427,64.32845962790488,19.964299247386265,20.02972158402905,19.97609998670654,19.8876404494382,im_25_arch,8.9,osf
1,2.0,22.93694073460789,22.946475980623,24.127976574499463,24.13892525592015,25.3816935519199,25.393728153381332,1.2995159469366675,1.1477362258216677,-0.2359139972586749,-1.7257424870458582,22.0,17.75605796842055,17.973387084502406,18.06411291657224,18.34895995113925,77.70713357127639,77.05205140819297,76.8970813295651,22.0,-1.0,15.5,22.0,18.09480521051998,17.389873391228946,18.012146615427667,17.389873391228946,17.664939314251836,18.27818701828217,17.971563166267007,-0.6132477040303382,17.726264084654872,74.36642346404476,74.35931162629167,75.60779414878652,0.6872647557815723,80.4494382022472,17.6649393142294,17.289597304296453,80.4494382022472,77.19741333718173,23.08791282603331,23.01715006374276,22.995739535834566,23.370786516853933,im_26_arch,8.9,osf
1,2.0,16.25639743930514,16.256960931898412,17.56469091345241,17.565484436536238,18.896471362377746,18.898548109058623,1.220226762808027,1.4213604143521856,11.346087512334964,0.5446142265314151,14.0,17.773248188689408,17.66768050849008,17.707840522205004,16.65159301545185,83.85173925762166,77.12169994199834,72.41908397485822,14.0,-1.0,16.5,14.0,16.90465826030095,19.843231692565723,17.76258121236833,,20.791819021172223,15.41248008978533,18.10214955547877,5.379338931386894,20.25388512803353,52.42321374786494,52.04079900392883,45.55186890138439,0.605999999112097,130.1298701298701,20.79181902072408,12.64026012981212,130.1298701298701,73.8919891235719,16.24922936585435,16.147186147186147,16.103896103896105,16.233766233766232,im_27_arch,7.7,osf
1,2.0,17.842291751718836,17.85373452483399,18.94107804645409,18.95813216616868,20.065137035182328,20.09100592957303,1.176297316686297,1.0609740880527412,-0.7336789384774199,-2.430452133965136,16.0,15.35678930932376,15.23293536627984,15.681281260069454,15.032297358578065,70.94379031844535,69.56775130365037,72.31982933324034,16.0,-1.0,13.5,16.0,14.81725186845472,14.81725186845472,16.71543463130027,14.871490258147505,12.819230018522454,18.107980248148177,15.463605133335316,-5.288750229625724,13.348105041485026,67.59676342600268,66.93953569977404,80.44066663703197,0.8317448221112094,77.5,12.819230018509575,14.88512079271946,77.5,69.4787767741368,17.66154915030036,17.80764511963765,17.946428571428573,18.03571428571429,im_28_arch,11.2,osf
1,2.0,19.818966001544315,19.826890382058394,20.98942900121918,20.997487336272748,22.15710435365695,22.165351938543814,0.9186491008229134,1.4198124556625078,14.011308133729148,-1.5874151357226711,16.0,21.642623226966837,21.279499101879097,21.7101814712245,21.7101814712245,114.31618569774818,114.31618569774818,114.31618569774818,16.0,-1.0,20.5,16.0,21.72771014962666,21.718836674454565,21.75735139760468,21.718836674454565,22.94392396687101,20.338691876782597,21.641307921826805,2.605232090088418,22.68340075786217,53.50972412363972,53.44640737631436,50.562436983934376,0.7148890223793367,189.87012987012983,22.943923966600835,13.816903616558152,189.87012987012983,82.53395945157887,19.88459358803893,19.653679653679653,19.653679653679653,20.0,im_29_arch,7.7,osf
1,2.0,20.06180553516365,20.08112827465544,21.282519662646568,21.303057452723717,22.537394968886613,22.55657584228513,1.3464466606802514,1.1290009069494424,1.8613309683617647,2.5161029878300143,14.0,18.99603050371012,18.813822909422075,19.11012874208956,19.11012874208956,59.78978237741765,59.583714352597525,59.583714352597525,14.0,-1.0,17.5,14.0,19.738406876412142,21.63703172186993,18.540292950049604,19.615482294362323,24.25831182080044,14.43856881831661,19.348440319558524,9.819743002483827,23.27633752055205,61.88567622890497,60.55593077542637,48.83257734829079,0.6649575565332676,62.24719101123596,24.258311820807435,19.421946061977334,62.24719101123596,60.33554268217488,20.091538699957564,19.963980892469067,20.082694476967337,20.1123595505618,im_30_arch,8.9,osf
1,3.0,14.566274740515547,14.586898354757944,15.911242753446116,15.926600865540316,17.259905242431255,17.270802867624745,1.4844545532422444,1.1994499596245571,6.9749565364188,2.516401318829826,13.0,15.063085832193366,15.898477851224913,16.52712067804947,16.67836180967319,64.76301570635871,61.12522402489984,59.39550907444258,13.0,-1.0,14.5,13.0,15.333514341727664,16.543624073937707,16.392382942313986,,15.223877018174749,16.128398929294793,15.67613797373477,-0.9045219111200464,15.31432920928675,53.799597978559206,53.78483029259548,55.34316310853785,0.6003403171353688,72.20779220779221,15.22387701800748,13.779589150797634,72.20779220779221,61.013421596346255,14.616373794946856,14.588744588744587,14.588744588744587,14.675324675324674,im_31_arch,7.7,osf
1,2.0,14.908312941666484,14.908373014378611,16.011632348497876,16.011764033182146,17.086781783163918,17.08709291729809,0.8116822078020214,1.3670376951174543,1.7809071590906107,0.2323731636129729,15.0,13.743474218753704,13.15142654335868,14.002979240686756,14.159001049754494,67.53519594185018,65.53462780838653,61.42754537260727,15.0,-1.0,12.5,15.0,12.9656897108498,14.563958175933864,14.535424355579636,16.6056834112604,15.541645532117624,11.15887289773207,13.350259214924847,4.382772634385552,15.103368268679068,65.13663290551361,64.55177861637654,55.629209762483086,0.7216968299733417,75.71428571428572,15.541645532089715,12.3343910823434,75.71428571428572,69.77549913987576,14.93797673929435,14.735449735449736,14.814814814814817,15.0,im_32_arch,12.6,osf
1,2.0,12.445565241383726,12.526532087797026,13.965879643760749,14.054939421674735,15.492680527437509,15.589891828573457,1.545124358988574,1.518235381787854,9.862976996526973,6.453473621817919,16.0,13.806252629550867,14.015837819570956,14.15008115113011,14.756321369841883,61.50438829638078,65.1830842658962,54.67233691209779,16.0,-1.0,13.5,16.0,13.384773654146557,14.089841130281286,14.953057012317828,14.089841130281286,13.121405164649769,15.449572851414976,14.285489008032371,-2.3281676867652084,13.35422193332629,50.36201886804632,50.25133661761576,54.62057067221724,0.6908849983569707,66.75324675324676,13.121405164498029,12.64308797358544,66.75324675324676,56.65141690986198,12.593445634288926,12.467532467532468,12.554112554112557,12.727272727272728,im_33_arch,7.7,osf
1,2.0,16.98717275817708,17.016322114819257,18.604368210717272,18.64792941078224,20.21273474516728,20.265403260332867,2.079563614070969,1.1695175314426438,10.850740076817338,3.9170292801429465,15.0,22.530996566116187,23.32179561038086,23.506398441632683,22.530996566116187,54.63055997409707,50.635269099853645,50.635269099853645,15.0,-1.0,22.5,15.0,22.32219255226056,22.2758102127965,24.215866814272715,22.2758102127965,23.177397575755176,23.050164726061908,23.113781150908544,0.127232849693269,23.16467429078585,43.02442625943304,43.02432023650847,42.912715049540346,0.7433411589887867,63.37662337662338,23.17739757555569,19.46988349838321,63.37662337662338,50.67201283738276,16.928630327628426,17.18614718614719,17.056277056277057,16.753246753246753,im_34_arch,7.7,osf
1,2.0,17.632455254891916,17.72951738590175,19.149368786271317,19.247406782043058,20.628912031802177,20.716656299229346,1.6743071231012292,1.312831790226361,11.745387594275922,5.785398047308376,13.0,19.94299693424071,19.948455065397503,20.075214026665638,20.075214026665638,58.57526597689576,58.57526597689576,58.57526597689576,13.0,-1.0,18.5,13.0,20.07602135742968,20.576834907302786,19.943301833538783,20.07602135742968,20.50305829174857,19.6058494853416,20.05445388854508,0.8972088064069678,20.413337411107868,51.0924032021225,51.08403494080898,50.01288902790631,0.6665916718378182,71.68831168831169,20.503058291662025,17.18039754619992,71.68831168831169,59.30432612580607,17.880284317873894,17.554112554112553,17.748917748917748,18.18181818181818,im_35_arch,7.7,osf
1,2.0,21.45611684074176,21.724529600709573,22.58824785820333,22.85849565262321,23.7060995138816,23.97539782758159,1.3368845727802976,0.9139836540917186,-7.492832629797676,-8.819088335639721,26.0,16.053599728557614,15.772014882523708,16.251469030194272,15.031133291297664,75.84342567425706,76.14642500529847,82.11909154064477,26.0,1.0,14.5,26.0,18.31195100142679,18.31195100142679,15.505802866877984,16.422731683371325,19.532779153289045,13.465563793662072,16.49917147347556,6.067215359626972,18.926057617326347,76.5695690254027,75.70920331354306,64.30918790416422,0.8816281899798679,69.80121598896125,19.532779153314127,17.2985610501609,69.80121598896125,72.31027742924759,21.99272706365976,21.787187558391903,21.62275595417763,21.45832434996335,NAY_1_a1,8.108741258741258,neuage
1,3.0,14.684198966550358,14.684198969651652,15.79350467317721,15.7935066640481,16.97840027189669,16.97862329452147,1.001361716372575,1.2930626084972403,-9.939736540849568,-0.0287686776099912,0.0,,,,,,,,,,18.5,0.0,,,,,,,,,,,,,,,,,,,14.633588285284697,14.633588285284697,14.741452572399815,14.669543047656406,NAY_10_a37,9.27090909090909,neuage
1,3.0,10.740860689203204,10.742536287977067,11.367905004555878,11.36836265024667,11.9781475323093,11.978179381807257,0.3371440168758724,0.8984990769543162,-6.982876830016264,-0.5141085378578967,0.0,,,,,,,,,,,0.0,,,,,,,,,,,,,,,,,,,10.732440031940358,10.807087245875346,10.69152510038994,10.69946923740769,NAY_10_a39,10.793333333333331,neuage
1,2.0,22.785128227004137,22.83912082116616,24.11822540846435,24.173728663990182,25.556230561248665,25.602862851378944,1.4939302836538242,1.269811746558963,-6.805496456092655,-3.883364604921708,23.0,17.08575771832318,17.295149485761012,17.19612610783753,17.19612610783753,83.09231068714638,80.1193510876884,83.60310718000817,23.0,1.0,16.5,23.0,19.187533997309032,18.384606716564065,17.240701594677546,19.432216161082977,18.301928327207616,16.815765117808557,17.558846722508086,1.4861632093990582,18.153312006267708,75.40727754627811,75.36286155317741,72.40156280220404,0.7741020214510275,95.69919365271012,18.30192832717783,16.04887337678138,95.69919365271012,82.24006076911299,22.897100886838285,22.81488508473115,22.773777183677577,22.69156138157044,NAY_11_a41,8.108741258741258,neuage
1,2.0,20.8945369976074,20.895000585492998,22.09871987875236,22.099418998659083,23.339170708572308,23.340360322451488,1.2646854916184065,1.1806742453400894,-1.6536473268652443,-0.4557473806885461,16.0,16.474719545039747,17.008913154922535,17.331037148015753,17.331037148015753,75.0998497182256,74.24448702834931,74.24448702834931,16.0,1.0,15.5,16.0,17.424180725934207,16.5434942204393,16.119978335670908,18.1434877283904,17.56272808155629,15.904775080639563,16.733751581097927,1.6579530009167245,17.396932781464617,72.61724254127894,72.5585412702836,69.23417701361069,0.620101726529474,80.90034927342505,17.56272808150574,16.051189043156153,80.90034927342505,75.55766524669569,21.088353240481226,20.965029537320515,20.88281373521337,20.718382130999096,NAY_11_a43,8.108741258741258,neuage
1,3.0,11.2893896106502,11.289399612866236,12.185458854463098,12.18639216271109,13.048601434656453,13.05243628452088,0.3502234665480316,1.412813205106613,-4.812931455368438,0.709112888652877,0.0,,,,,,,,,,,0.0,,,,,,,,,,,,,,,,,,,11.21806459335021,11.255359471846804,11.3289920030365,11.325750147087666,NAY_12_a45,9.27090909090909,neuage
1,2.0,19.597004129881785,19.66778574033332,20.874999884508167,20.96106802982163,22.207159672203296,22.310504351585383,1.4065376158842091,1.2361809953678524,-3.4597984894970906,-5.193987083149351,28.0,11.984531770857288,12.408871661645984,11.655568729490312,11.655568729490312,87.43072669385649,89.06995142709086,89.06995142709086,28.0,1.0,10.5,28.0,12.028054184296934,11.536057550324273,11.834761710327795,11.536057550324273,10.17315154522867,13.914873179752714,12.044012362490692,-3.741721634524044,10.547323708681072,94.75953870685493,93.99694693225078,111.04797300752388,0.8375999852615424,92.97901549323396,10.173151545245933,12.655715318577004,92.97901549323396,89.5225440575429,19.882983591553906,19.66725501732366,19.55939073020854,19.415571680721712,NAY_12_a47,9.27090909090909,neuage
1,3.0,12.891915830531396,12.896945890212596,13.596280309482127,13.59648122526528,14.253304390203189,14.256725275322086,0.1088020863067097,1.2509772988027827,-12.519003199617725,-0.3114812641768969,0.0,,,,,,,,,,12.5,0.0,,,,,,,,,,,,,,,,,,,13.029166050938764,12.929131065270555,12.821060233623829,12.543075098906051,NAY_13_a49,9.27090909090909,neuage
1,2.0,20.23482874128897,20.274313424678237,21.22819979465119,21.269326683138324,22.229572388182127,22.271900848631265,1.0940100248606868,0.9035773990923412,-8.362210788232488,-3.5636389016291137,28.0,17.725817241656685,17.90625462864994,17.68800384233674,17.31303425411636,75.3523932697916,76.42123464889025,85.6716880482171,28.0,1.0,16.5,28.0,17.430460141876438,17.430460141876438,18.766635258657345,17.430460141876438,16.668414400586812,19.29487337623105,17.981643888408932,-2.626458975644236,16.931060298151237,65.42331839788041,65.30852647393715,70.2903177314002,0.7525238853890512,98.15650127475978,16.668414400540847,15.512170520731363,98.15650127475978,75.38630602727356,20.098712165784143,20.17062169052756,20.314440740014387,20.27848597764268,NAY_13_a51,9.27090909090909,neuage
1,2.0,21.278994983010964,21.472192448334013,22.56948033333512,22.78733391908053,23.760812313095258,24.02384329301433,1.3016837299398587,1.249967114740461,-10.75314106406602,-7.929025871388271,16.0,16.3470452751678,16.715154355268155,15.775896881791796,14.968126728199138,82.69205907204868,87.76977771132702,91.96727146578044,16.0,1.0,14.5,16.0,17.866872794675658,21.4648281757932,15.260554711645398,25.640703939921536,23.430135575117248,11.87256456781266,17.651350071464954,11.557571007304588,22.27437847438679,72.50168800605951,69.86840968122658,53.2800666710901,0.7137367114210823,75.86343787217152,23.430135575011484,15.97445080220962,75.86343787217152,76.9807894060615,21.28926351329389,21.30475056239249,21.25843588725685,20.98054783644304,NAY_14_a53,7.197142857142856,neuage
1,2.0,17.92047930515439,17.92285886081619,19.206310880692666,19.20640435123281,20.50489461136387,20.505901747896704,1.349350900068151,1.233691987012361,-6.517521951092076,-0.1787525099472676,9.0,18.6497532433101,19.027852116436847,19.5682721383657,19.5682721383657,73.93644424262631,65.77195295443572,65.77195295443572,9.0,1.0,17.5,9.0,19.501931646005687,20.40625599691731,14.287660914884157,21.516852219204708,21.23416913986926,14.613762814777832,17.923965977323547,6.6204063250914285,20.57212850736012,58.78148491887976,58.11660328074631,49.38325826410464,0.7725309586743676,80.30964668519255,21.234169139650447,15.165203070193437,80.30964668519255,68.36943716324699,17.97009395262671,18.016408627762345,17.97009395262671,18.20166732830489,NAY_14_a55,7.197142857142856,neuage
1,2.0,25.038054933099698,25.06082104051957,26.44554008402654,26.46674670252069,27.919781658880627,27.93899108586788,1.4220911491792776,1.4560788961690263,-2.638395728367583,-2.293781597362948,17.0,19.99711116327944,21.24482702619131,21.973684538192916,22.47600930516819,73.48315243593085,67.24848017538271,65.91074327584866,17.0,1.0,19.5,17.0,22.29493274456229,22.29493274456229,20.625410016204228,22.29493274456229,23.149301865105024,17.973366479239402,20.561334172172213,5.175935385865619,22.63170832651846,71.65987194160748,71.28706132074592,63.68584904169085,0.4742092193182706,69.3079211763184,23.14930186509892,20.49072013007944,69.3079211763184,71.52210892156009,25.116927543731045,24.95249593951677,25.03471174162391,24.9113880384632,NAY_15_a57,8.108741258741258,neuage
1,2.0,25.126419201048307,25.1345631793056,26.321628232657662,26.33162661098243,27.473454008048247,27.482777052214573,1.1335306335639492,1.2146832393450269,-6.804195723807904,-1.5789824837432405,17.0,21.652004066306432,21.66279988446644,22.17699491885608,21.652004066306432,86.7557655293475,76.67067755795652,78.45219017348428,17.0,1.0,20.5,17.0,22.215712468415436,20.240218055672045,21.59884399874511,20.240218055672045,18.9264427297802,26.47202157890311,22.69923215434165,-7.545578849122912,19.68100061469249,65.56052280303678,64.96630747845907,77.2923605435822,0.6631501738272749,95.94584105903154,18.926442729659197,20.05300723979789,95.94584105903154,73.11421917512148,25.07581964267748,25.116927543731045,25.116927543731045,25.158035444784616,NAY_15_a59,8.108741258741258,neuage
1,2.0,20.64372627984857,20.854312515702308,21.82801911583123,22.057404604333257,23.04159642532117,23.3063108725918,1.1559479130097865,1.2960504438796976,-13.593492135519863,-8.270285166518695,18.0,17.93846676479167,18.375900366892736,17.651930189684606,17.651930189684606,77.10226350295827,91.40611918180876,91.40611918180876,18.0,1.0,17.5,18.0,17.65766151840012,16.10959679561438,19.204600676468544,19.04547957408971,17.231274226823352,19.406781022826408,18.31902762482488,-2.1755067960030563,17.448824906423656,65.23095716698502,65.15537845731961,69.13168409175762,0.7405517969873628,97.50931555206904,17.231274226688335,15.579468519116794,97.50931555206904,76.25008059734319,21.21330979930705,20.96162646270511,20.781852650846574,20.49421455187292,NAY_16_a61,9.27090909090909,neuage
1,2.0,17.470321670701715,17.485701267212242,18.592043249197427,18.60565245641929,19.718368268333123,19.73055659557112,1.1320564626265914,1.112798865732281,-9.4535565516931,-2.1915837286667808,20.0,20.498993374891057,19.58091500625651,20.157802184832637,20.17531467948501,66.08932195450544,71.49995696329277,71.49995696329277,20.0,1.0,18.5,20.0,19.771292530941167,20.187945869829772,20.1704333751774,19.771292530941167,20.86737242777377,17.709689677873364,19.288531052823565,3.1576827499004034,20.551604152783728,52.767136094992765,52.65105389177912,48.82564090177772,0.7595953333012763,75.93645812904492,20.867372427659816,15.75706622173946,75.93645812904492,64.04492014858786,17.294240700791008,17.438059750277834,17.581878799764663,17.689743086879783,NAY_16_a63,9.27090909090909,neuage
1,3.0,14.956071577337978,14.976270125770936,15.23293840679416,15.233344265039165,15.418834645433115,15.432307570486916,-1.2308605115203113,1.6868979562362885,-5.9211765000222805,-0.418242491001857,0.0,,,,,,,,,,,0.0,,,,,,,,,,,,,,,,,,,14.861092214079404,14.993377960196453,15.092030251928044,15.138344927063685,NAY_17_a65,7.197142857142856,neuage
1,2.0,16.011336344589562,16.290916531082086,17.0900922647013,17.380049421003136,18.12246080312509,18.43224051732445,1.0621069392649714,1.0792170469773883,-9.37493584077097,-10.480564809455103,22.0,13.288124360767384,13.485364192454016,13.230814699738543,13.071897279076213,66.612726350593,66.59648105017918,66.59648105017918,22.0,1.0,13.5,22.0,12.997918955973631,12.839001535311295,12.037859157825295,12.839001535311295,12.419771822113354,13.180161209430368,12.799966515771862,-0.7603893873170132,12.495810760845057,72.4615294112482,72.44036176137551,74.62145738185569,0.805022093301678,62.89508861196154,12.419771822147712,13.544042764839617,62.89508861196154,68.52907373609663,16.196513015106436,16.278728817213576,16.237620916160004,16.402052520374284,NAY_18_a69,8.108741258741258,neuage
1,3.0,15.433891601705897,15.4381892951709,16.755752975467576,16.76277937183488,18.0869304381334,18.09789257216133,1.4721913749014892,1.1875119020889475,-3.8216883439856058,-1.65899894435424,28.0,11.623760981836512,11.64079382729609,11.49257226243506,11.45220746936883,86.03905118679566,86.8106330470559,87.84016461596485,28.0,1.0,9.5,28.0,11.723196781277808,11.397358044577745,11.389706422977554,11.397358044577745,12.056985029018358,11.160870946235336,11.608927987626847,0.8961140827830228,11.967373620740055,76.68026233592768,76.64238059735024,73.83407683619075,0.7687189461194877,100.87878918545988,12.056985028992834,10.401493820727564,100.87878918545988,85.42361797335838,15.538786598249322,15.374354994035045,15.415462895088613,15.292139191927903,NAY_18_a71,8.108741258741258,neuage
1,2.0,22.14877556065223,22.39213701420344,23.16623435339268,23.4020427736697,24.17213119141815,24.409938189790857,1.0159143679814584,1.0018868076059555,-7.423814926157668,-8.140587580808978,32.0,17.77189679304776,17.860779416415554,18.349574119054523,17.313005117862787,70.5737883733014,69.97853328866482,72.65718433687805,32.0,1.0,16.5,32.0,18.56092835496517,18.56092835496517,16.87881182352075,18.56092835496517,20.249976224342664,15.128923327877214,17.68944977610994,5.121052896465451,19.73787093469612,73.51078506290452,73.0016636311136,64.0885430475383,0.837836375412402,65.3657579917631,20.249976224353134,18.290855922666644,65.3657579917631,70.67947773360905,22.29195267045826,22.399816957573385,22.4717264823168,22.54363600706021,NAY_19_a73,9.27090909090909,neuage
1,2.0,21.6973278810893,21.798179281122472,22.765780643101984,22.86581109934621,23.84970362471302,23.94894076222331,1.0360541075765688,1.1147073735242652,-9.35307362718298,-5.361285083727881,26.0,19.965979784565235,19.91483857630051,20.588403705315187,20.588403705315187,68.40347652334108,68.2480186594867,68.2480186594867,26.0,1.0,18.5,26.0,21.357940789347936,21.357940789347936,20.492083782051964,21.357940789347936,20.233636505047368,20.35110282775515,20.29236966640126,-0.1174663227077799,20.245383137318147,62.30606729558802,62.30589654873393,62.47914057642642,0.701259147659382,80.03530103941951,20.23363650498773,18.23905013020645,80.03530103941951,69.04017979613086,21.824540759626075,21.86049552199778,21.78858599725437,22.11217885859973,NAY_19_a75,9.27090909090909,neuage
1,3.0,26.060489938508702,26.10933740659435,27.229799793893047,27.28954422683239,28.397778727386974,28.46871313839767,1.2620141016373514,1.097361630165972,-2.1778012635928032,-3.7919925481976016,21.0,18.960878780177183,19.32814081487928,20.2378082743991,20.294400746873208,76.54286620311429,73.28324154649265,72.67410135020394,21.0,1.0,17.5,21.0,20.5222611767189,20.5222611767189,20.282051573923667,20.833494103665718,21.709156115125666,16.954591089970407,19.33187360254804,4.754565025155257,21.23369961261014,79.16625889683644,78.77229853631454,70.49761771980974,0.8253223102136488,72.021042645854,21.709156115142186,19.97351453241874,72.021042645854,76.34022938271742,26.02130136690958,26.06240926796315,26.06240926796315,26.144625070070287,NAY_2_a5,8.108741258741258,neuage
1,2.0,26.21309178502565,26.221668070295976,27.3742905124218,27.38486374937977,28.530060752008925,28.54196874866368,1.072103267174607,1.248197411193101,-7.25911275900817,-1.592209808598269,29.0,18.911415537383903,19.173952132696723,19.18851165042102,19.224311841413535,100.774796885117,96.8906382590086,89.01426746953524,29.0,1.0,17.5,29.0,19.03523583186441,18.78968753985393,19.57165138590429,18.488163411177,18.46383324360396,21.746954738657184,20.10539399113057,-3.283121495053228,18.79214539310928,76.20927415016044,76.04271655643167,82.53566660860105,0.7418717528800348,125.54352981760168,18.463833243558955,17.034889320240584,125.54352981760168,89.22746094582035,26.10351716901672,26.18573297112386,26.267948773231,26.514596179552417,NAY_2_a7,8.108741258741258,neuage
1,2.0,26.488239089736584,26.495297157220666,27.912188430343267,27.91562766882948,29.3578011192888,29.3584511413384,1.637686938038625,1.2254670460791122,-1.4676557290241408,-0.8993930692626821,21.0,15.686906324123925,15.141191160127864,15.770983142111676,15.91313447451384,97.71452496414472,96.03987963687383,94.8729782952612,21.0,1.0,12.5,21.0,17.958174974834293,19.50362296698802,16.154342200154616,21.51638519603779,19.82999984023189,11.465745827937411,15.64787283408465,8.364254012294477,18.99357443900244,100.61076941535832,98.19329902471569,78.07415882576295,0.7480383822768915,105.05981565012748,19.82999984022328,15.3836308140182,105.05981565012748,99.83817250616885,26.71438844217821,26.570569392691382,26.390795580832844,26.211021768974312,NAY_20_a77,9.27090909090909,neuage
1,2.0,29.215194447239377,29.222419590329796,30.43374854423116,30.4363404656552,31.60916458079148,31.60946154602349,1.3242503105526653,1.0627916451410375,-4.18280269015665,-0.7477482602318752,27.0,15.481389625227848,15.891371718954993,16.007051576534792,16.705830090318273,119.37133425995572,119.32483983283348,110.97609288762123,27.0,1.0,14.5,27.0,15.881973246444062,17.30334365007181,17.421631066435367,17.30334365007181,16.39484657855561,16.617968453313534,16.506407515934573,-0.2231218747579219,16.417158766031402,102.719412371291,102.71786728106882,103.3974482123498,0.7405891329604789,128.57423024122377,16.394846578497887,14.859999380485332,128.57423024122377,113.79819437923342,29.087402758710866,29.159312283454277,29.33908609531281,29.44695038242793,NAY_20_a79,9.27090909090909,neuage
1,2.0,20.25084028459022,20.26967426451489,21.361823341012723,21.38298926316744,22.491843510834308,22.516757013134693,1.3167042946421066,0.9303784539776948,-5.935325297829918,-2.5495166285047923,24.0,16.47523636025035,16.379252480769193,16.158690239883896,16.158690239883896,81.91522351356727,82.63705246920506,83.33752778089494,24.0,1.0,14.5,24.0,16.458073958263213,16.458073958263213,16.13528530641588,16.458073958263213,16.585689864751867,15.742852525903372,16.16427119532762,0.8428373388484947,16.501406130867018,72.63134108020787,72.61507325175688,70.81990589691164,0.7541333835168206,83.61347074296064,16.58568986468398,14.443373511402868,83.61347074296064,81.04893460093406,20.3073031204634,20.225087318356263,20.18397941730269,20.10176361519555,NAY_21_a81,8.108741258741258,neuage
1,3.0,19.53874475041714,19.54160601158428,20.509716823443025,20.511185348965547,21.508880627510216,21.509529951455885,1.0363155505930133,0.931608389278592,-5.253590152324329,-0.6856233366139265,17.0,16.0636998787308,16.074202767361825,16.229634222641778,14.599137169042251,92.32531820426377,87.76280533922962,93.4570616470149,17.0,1.0,14.5,17.0,16.426418793411614,15.39890145188275,16.829208150860154,14.795921739812089,14.115546538572923,20.27261176238383,17.194079150478377,-6.157065223810905,14.731253060954014,66.71180955517283,66.00211653456367,80.0024120870873,0.6811457283196516,103.34526324867406,14.11554653845271,14.95913496552239,103.34526324867406,75.5853158295088,19.64957670360629,19.567360901499143,19.485145099392007,19.485145099392007,NAY_21_a83,8.108741258741258,neuage
1,2.0,23.818945598368657,24.185432281896723,25.020788955151644,25.42321573448316,26.19739244629741,26.62499798898077,1.308417068241776,1.1311486388422725,-11.971282313816657,-10.2079931409068,20.0,18.47256518918076,18.786690678235285,19.16038649842315,19.302547686918643,78.49966070024314,77.12480259243802,77.12480259243802,20.0,1.0,17.5,20.0,20.81989357413809,21.089081443862117,16.685157108231238,21.089081443862117,22.5354536035153,15.11680559467622,18.82612959909576,7.418648008839079,21.79358880263139,74.56042373698966,73.60071216010483,61.97115356731416,0.7409738256747155,75.75057736720554,22.53545360347485,17.934065771343494,75.75057736720554,77.13229457717202,24.3777264562484,24.17244033872209,24.01847575057737,23.556581986143183,NAY_22_a85,6.495,neuage
1,2.0,19.070379353093102,19.20177284310537,20.38723869102052,20.510726865471685,21.703276952955843,21.797963312693856,1.3009727318915547,1.295217737696927,-8.448683356457815,-6.290395120427911,18.0,14.09297416213346,14.587361748678038,14.338142061457518,14.884453682483922,83.47034541654784,81.71905442532474,81.71905442532474,18.0,1.0,13.5,18.0,15.006578986159496,16.404595953419005,14.460267365133092,16.695887412735715,15.74211031927026,13.334119659710934,14.538114989490598,2.407990659559326,15.501311253314327,75.98741071499293,75.8149683768032,70.14677725299576,0.7839844685882837,85.2963818321786,15.742110319237463,13.60600637919221,85.2963818321786,80.90057849437777,19.142930459327687,19.142930459327687,19.24557351809084,19.399538106235564,NAY_22_a87,6.495,neuage
1,2.0,17.051955510934786,17.134844820468413,18.00604604405809,18.086957739410835,18.96769373784125,19.045901609564545,0.95090804673421,0.9601487423619236,-7.342836291284789,-5.421538579577071,20.0,12.885386024783728,13.065966152177545,12.893352191542364,13.325502954915123,81.49168658503956,82.15277294534846,78.88091759814532,20.0,1.0,11.5,20.0,12.889789187371209,12.889789187371209,13.337872284261238,12.889789187371209,12.353009342491374,15.29567413826116,13.824341740376267,-2.942664795769787,12.647275822068352,71.51827311508922,71.24962988541111,79.57966328428367,0.7210456846058056,92.76328691900372,12.353009342456428,12.96571920565827,92.76328691900372,75.87896880746047,17.2582859384193,17.186376413675887,17.006602601817352,16.934693077073938,NAY_23_a89,9.27090909090909,neuage
1,2.0,17.97338362537688,18.027321577603683,18.84988887724212,18.909287564487563,19.711893966948875,19.77838352853302,0.933343048733785,0.8177189021955507,-7.109208074460762,-4.542576202236666,19.0,14.18192038878118,14.521568818353638,14.666296910483936,14.666296910483936,81.77666465010473,79.95547973227335,78.8278387200115,19.0,1.0,13.5,19.0,13.210111233393404,13.210111233393404,14.475258455450302,11.296846194690032,11.496954577278467,16.974308514190284,14.235631545734377,-5.4773539369118165,12.04468997096965,73.86161515526503,72.94915600461076,90.00259372949121,0.6747814407257174,105.05981565012748,11.496954577213128,12.993199173325344,105.05981565012748,79.7870063550271,18.049290710596853,18.049290710596853,18.013335948225144,18.121200235340265,NAY_23_a91,9.27090909090909,neuage
1,2.0,27.27422692985805,27.53692070912465,28.345769286582023,28.580818347606616,29.23955253214174,29.498401512577587,1.044848943557222,0.916631859895714,-8.67433205923943,-7.353221485263325,23.0,18.278822255558907,18.224992040321133,18.229996963175974,18.86106691680249,88.10284915403709,89.19462599161731,86.98240287901423,23.0,1.0,16.5,23.0,18.87238162897177,18.87238162897177,17.525774146768924,18.87238162897177,18.881512080236146,17.006174378612045,17.943843229424093,1.8753377016240984,18.69397831007373,88.53214013102843,88.45266271005451,84.20856252132103,0.7853609509017231,89.52735830555012,18.88151208022827,17.599240976403955,89.52735830555012,90.12818611953516,27.46943845198405,27.57730273909917,27.721121788586,28.044714649931365,NAY_24_a93,9.27090909090909,neuage
1,2.0,22.23599045018852,22.236239105574484,23.28534610815461,23.286543711293312,24.4506524574922,24.45146063582701,1.0837768543894897,1.131444675863037,-2.4619238719633687,-0.5810900479815363,17.0,10.52736774735223,8.95187949507819,9.570439035140026,7.391680910095829,143.95020367321584,160.91189992040515,194.0046918205819,17.0,1.0,7.5,17.0,10.610850458945976,10.610850458945976,7.959313423015857,11.385282546081726,12.127854502775689,6.0571852766914525,9.09251988973357,6.0706692260842345,11.520787580167264,146.2408855378863,140.65136367557457,105.79563426398114,0.5139033173185039,153.38301627770153,12.127854502711823,7.713222046371115,153.38301627770153,165.60770412442355,21.85501469230911,21.9683598091129,22.32790743282997,22.54363600706021,NAY_24_a95,9.27090909090909,neuage
1,2.0,18.48873127662939,18.529196939543034,19.83443255271167,19.86287368552544,21.124684839849436,21.145364447378075,1.594990413321394,1.021177094513644,-10.445865947585135,-3.066492239276727,26.0,19.608804889304466,19.429244838011854,19.445115386131988,19.203312550527784,74.94487729985448,75.89571828683674,79.12446874040616,26.0,1.0,18.5,26.0,19.190901908258155,19.181320087809752,18.78061865925727,18.51565411188409,18.12549590438572,20.157839466112176,19.141667685248947,-2.0323435617264587,18.328730260558363,56.14984524676971,56.09792954621189,59.1283507356948,0.8560508410983976,87.27609635577518,18.125495904320346,16.023740476321123,87.27609635577518,66.63919590755849,18.43730697961705,18.43730697961705,18.52995676343422,18.25200741198271,NAY_25_a97,10.793333333333331,neuage
1,2.0,15.219392648170412,15.219394407069313,16.249258435627215,16.249423116310005,17.307314693084376,17.308105379851675,1.0204582916944884,1.0682526810878776,-7.28701392794281,0.257952863237922,20.0,15.90528204495658,14.888586985036062,15.968806994423543,14.405170043277424,81.92246884600864,82.36069047260295,89.30992343276768,20.0,1.0,14.5,20.0,16.15361593540456,14.805397643052316,16.089550316773995,14.805397643052316,12.858302067997382,18.76320983488418,15.81075595144078,-5.904907766886798,13.44879284468606,56.39599556255287,55.74146382473009,68.2453632053273,0.6291469076756082,115.25633106856088,12.85830206767611,12.120650353102976,115.25633106856088,72.33080316857244,15.194564546016062,15.194564546016062,15.287214329833231,15.379864113650404,NAY_25_a99,10.793333333333331,neuage
1,2.0,26.469564044958823,26.499633853355903,27.78560662541505,27.82800797299913,29.10673444993769,29.15878129460321,1.354389927857568,1.3047575133897382,-3.5208882651934097,-3.163308585722892,27.0,17.24457345705906,17.329330052922312,17.892886159920323,18.366223309550374,91.91011180895806,87.77233608436332,86.03390319931643,27.0,1.0,15.5,27.0,17.35065484857796,18.958487681678637,18.594638971850685,18.958836025612527,19.27189029425412,15.255908977437016,17.26389963584557,4.015981316817101,18.870292162572408,89.5551132583989,89.15517655955686,80.16593169880873,0.6300915828159719,91.25318689939203,19.27189029423977,16.815293657220714,91.25318689939203,91.46225799472008,26.426750343204557,26.354840818461145,26.462705105576266,26.103157481859192,NAY_26_a101,9.27090909090909,neuage
1,2.0,24.203340359691083,24.20642451786161,25.424649644064743,25.428099309215398,26.66459626932024,26.66848154089177,1.3867550284127117,1.0753019946174458,-5.408237579340601,-0.9437871531591676,15.0,20.860390375430427,20.822537888104748,20.876597433325003,20.93626846135993,79.62168527913627,78.1256481901781,79.51054331749297,15.0,1.0,18.5,15.0,21.014029879737933,22.105485433213545,20.432784551032142,21.014029879737933,21.853694907828064,19.67590869177745,20.76480179980276,2.1777862160506136,21.635916286223004,68.22989822458392,68.16852945242947,64.92614733542928,0.6204375613070473,89.09590115708964,21.853694907454454,18.449281574199183,89.09590115708964,76.36851168774147,24.233509838530438,24.233509838530438,24.19755507615873,24.26946460090214,NAY_26_a103,9.27090909090909,neuage
1,2.0,27.742720443314145,27.744485565380685,28.71035230305136,28.71148920248686,29.792227370898598,29.792991407184257,1.1894385854379947,0.8590672563655815,-1.7793996256025202,-0.5098849921894808,25.0,17.38285719320774,17.56430381893595,17.8180429683986,17.8180429683986,95.40798535542044,92.63427788862346,92.63427788862346,25.0,1.0,15.5,25.0,18.74281758277067,17.649097019110656,17.427881134532527,,17.926492931130376,17.723158466698386,17.82482569891438,0.2033344644319895,17.906159484687176,90.61227669133528,90.61130809941396,90.11415708192077,0.6328619350072279,98.57936998147008,17.926492931096785,17.125159552723886,98.57936998147008,94.1955791236732,27.79493514515133,27.671402100061773,27.48610253242743,27.146386658431137,NAY_27_a105,10.793333333333331,neuage
1,2.0,22.396323518965428,22.3963385736999,23.5247334959232,23.52473872218575,24.697299188529435,24.69730267687174,1.1043604176746653,1.1966036854971769,-8.95604321368051,-0.0381918631534774,28.0,19.485786856927803,19.11757291940803,19.62951612555446,19.62951612555446,99.86647251366269,90.22632065647409,90.22632065647409,28.0,1.0,18.5,28.0,18.216082381331542,16.877067248207993,20.91978537986833,16.778309585610685,15.458476885975164,24.763787223220884,20.111132054598023,-9.305310337245722,16.389007919699736,66.11888537102473,64.94337031739674,83.77831512805014,0.793104096926053,145.2748610253243,15.458476885885323,15.775457772918315,145.2748610253243,82.13641406038815,22.4521309450278,22.48301420630019,22.48301420630019,22.884496602841264,NAY_27_a107,10.793333333333331,neuage
1,3.0,19.34640895504309,19.34641086027606,20.574434558881062,20.574602956600177,21.81090062319071,21.81167499683172,1.247832461998083,1.2174316745575726,-1.0382013360256042,0.2318143397314688,11.0,15.203621746496792,14.556544477147447,14.399386693841253,13.716610152713429,78.14858095549981,81.99885284479473,85.97007689536292,11.0,1.0,13.5,11.0,14.11369759623625,15.2724344337812,,16.372156807742243,18.48252871342582,5.993573770141987,12.238051241783904,12.488954943283831,17.233633219097435,100.66033285439585,91.26580072725898,61.02530318332671,0.2864626985684683,79.91375964813938,18.48252871325961,11.87450910130147,79.91375964813938,94.0179588759207,19.60846880255272,19.444037198338435,19.238497693070588,19.238497693070588,NAY_28_a111,8.108741258741258,neuage
1,2.0,24.64627249061312,24.67413231414588,26.046957473644767,26.071663677332197,27.458221373730083,27.482378450493748,1.5956907049892235,1.2125554313586488,0.4045374730381778,-2.4945405510336447,13.0,12.7593233935892,12.80970101887186,12.7593233935892,13.714885538654444,95.6604532506708,94.7265232081205,94.33122000354388,13.0,1.0,10.5,13.0,13.281694456318805,12.031905103014935,14.462472272921843,12.031905103014935,12.75839777656985,13.962244028481512,13.360320902525682,-1.2038462519116608,12.878782401761018,106.81909024397407,106.74732884999776,111.69401921851716,0.6165703319731657,92.98607218317451,12.758397776639354,14.662901277429174,92.98607218317451,97.4455635028862,24.78806433530249,24.74695643424892,24.664740632141783,24.664740632141783,NAY_29_a113,8.108741258741258,neuage
1,2.0,21.843862697418373,21.8641026471551,23.590684297259465,23.6133246901647,25.256464968478788,25.27833886922971,2.003739498462977,1.410496723611632,-6.212370810713504,-2.5092027027498145,13.0,21.71278304720204,21.110622396763294,21.71278304720204,22.642698801222224,63.42660555188101,63.42660555188101,61.69296447290671,13.0,1.0,21.5,13.0,19.68693838046778,19.68693838046778,25.153901731113763,19.68693838046778,17.99279094892296,27.803669903831697,22.898230426377328,-9.81087895490874,18.973878844413832,56.88986765466281,56.02915407653652,70.57585052796311,0.7152327725369643,73.74757449010393,17.992790948853237,20.99901250689165,73.74757449010393,60.83599433487476,22.239374469981176,21.787187558391903,21.82829545944548,21.58164805312406,NAY_29_a115,8.108741258741258,neuage
1,2.0,19.721111583347625,19.7317011329765,20.807117785394627,20.82115915737788,21.91880383687392,21.93670649512913,0.9070401790975534,1.2979651830550747,2.481377948718751,-2.104332488847994,15.0,13.259726477300973,13.688025273978155,13.392936707407188,12.305121703944195,73.9610016831549,65.90629142588688,78.00537514408357,15.0,1.0,11.5,15.0,16.43634184885579,16.875091599384717,11.550819650208268,16.875091599384717,20.052808650744044,5.606435362234193,12.82962200648912,14.446373288509852,18.60817132189306,100.50225917587332,88.85965995508153,57.5454080861223,0.7136696281910457,63.928350833848064,20.05280865085245,14.952026505415631,63.928350833848064,76.47574120755812,19.70352069178505,19.70352069178505,19.76528721432984,19.91970352069179,NAY_3_a9,10.793333333333331,neuage
1,2.0,20.52690442543449,20.53066690051664,21.54281504543524,21.54839180105958,22.532629893748144,22.53854183834679,1.0527004254352996,0.9551745123948532,-1.458667217636368,-1.3035580390469363,23.0,16.6585173204993,16.3793915406833,16.293577955125073,16.293577955125073,71.9229858116581,73.22774299393066,73.99567755745366,23.0,1.0,15.5,23.0,17.085359639151704,16.63819308474274,15.957739536272015,16.63819308474274,16.785384691700376,16.729721868990573,16.757553280345476,0.0556628227098029,16.779818409429396,71.18455987682263,71.18449524621776,71.06985381045641,0.797998955037126,80.97591105620755,16.785384691691878,16.40437791054249,80.97591105620755,72.67358137248522,20.444718962322423,20.50648548486721,20.50648548486721,20.475602223594816,NAY_3_a11,10.793333333333331,neuage
1,3.0,32.16868279684966,32.16951175620658,32.95891664525803,32.9592535216992,33.7656479669313,33.76567854073852,0.6051494077044611,0.9910173768274696,-8.928917213181231,-0.2590506204980682,32.0,14.504300093218902,14.17821485193309,14.44180541357909,14.44180541357909,210.8546029815365,220.68709941954464,231.27111233576431,32.0,1.0,12.5,32.0,14.531180020380331,14.656169379659955,13.948937781511148,14.51519959850637,15.577479894419072,11.10295342700066,13.340216660709867,4.474526467418412,15.130027247677232,140.26661128099465,138.951464010507,119.38820709666204,0.5096241725767565,297.40580605311925,15.57747989422942,9.036732228311756,297.40580605311925,204.12006068932376,32.24212476837555,32.21124150710316,32.149474984558374,31.871525633106863,NAY_30_a117,10.793333333333331,neuage
1,2.0,18.81241476510527,18.825403999602,19.694064419784084,19.705524839851435,20.595513443457232,20.606033791064863,0.9302199465331764,0.8504098449296875,-4.168405501225124,-1.95418171676826,27.0,17.147334613862853,16.783318383482516,16.36800681493358,15.93768104139454,66.00974585958531,69.55254010922906,75.35656317781918,27.0,1.0,15.5,27.0,15.92564158116906,15.92564158116906,18.20793897219829,16.03808957113776,14.437491551356937,19.4602513173933,16.948871434375118,-5.022759766036365,14.939767527960573,64.94856708300148,64.47650197660214,75.38826225127242,0.7834697155656538,88.01729462631256,14.437491551342797,15.878735435654368,88.01729462631256,68.69853645783694,18.807906114885736,18.777022853613342,18.807906114885736,18.715256331068563,NAY_30_a119,10.793333333333331,neuage
1,2.0,22.664428208241297,22.73473451020072,24.067080649361685,24.120044125739245,25.353137164007546,25.40359980212396,1.4730971595628477,1.1957681323603866,-0.9312225830958576,-3.7976621363055583,20.0,12.746218966878146,13.734452596022487,14.292608712910068,14.292608712910068,89.42191986362715,82.92527788607104,82.92527788607104,20.0,1.0,12.5,20.0,15.15047316617293,15.15047316617293,12.55674149900787,15.15047316617293,16.682664827833012,9.938898406601773,13.31078161721739,6.743766421231241,16.008288185709887,100.82060391134829,98.6418128819494,79.1114726398773,0.6954821725745243,72.91625808982154,16.682664827904905,15.176923531106702,72.91625808982154,86.74768726630893,23.047002680264107,22.86722886840557,22.90318363077728,23.082957442635813,NAY_31_a121,9.27090909090909,neuage
1,2.0,21.85608926477812,21.856124095368227,23.20907701859645,23.209116813781336,24.59242057754137,24.592497217571925,1.1769634829525686,1.559409639251128,-3.437404637038468,-0.1061020190901746,22.0,15.850072156802211,16.19683483175989,16.337414931561625,18.06235760147888,95.49810755915487,89.69893480324758,80.91787913837877,22.0,1.0,14.5,22.0,15.83814673622615,15.36408563855315,17.89368526040994,14.923529959182387,14.03860163761643,21.174526299242096,17.606563968429263,-7.135924661625666,14.752194103778995,73.22513776870757,72.22538153530968,90.06129129507944,0.5646694084182591,102.25534418513436,14.038601637558536,16.023342626347958,102.25534418513436,79.14628919604334,22.07622409622802,21.86049552199778,21.89645028436949,21.89645028436949,NAY_31_a123,9.27090909090909,neuage
1,2.0,23.040013280211245,23.062829630954425,24.28131526355906,24.308701840021072,25.493623434872077,25.522564222207805,1.2489947291843098,1.2107398620690732,-3.06692418931812,-2.719984327060596,20.0,17.742001537828415,17.581344774766823,17.704419182000407,20.368703795026505,77.6939008221504,78.02835976487165,67.50997556723846,20.0,1.0,15.5,20.0,17.48239747066893,19.18599287820723,15.548239299560436,20.472348814840014,20.244328186709964,14.172103312796212,17.208215749753087,6.072224873913753,19.63710569931859,78.68557772452293,77.87298188131726,66.58012807498082,0.6458378372155735,76.343421865349,20.24432818670644,17.11608775239614,76.343421865349,78.27949196253451,22.97714638665844,23.008029647930822,22.97714638665844,22.79184681902409,NAY_32_a125,10.793333333333331,neuage
1,2.0,23.09243869396611,23.098649188258918,24.295022082267973,24.30266808308996,25.546041382452135,25.5534370214679,1.257682411701926,1.197105421507065,-3.687907963947826,-1.437272809620724,19.0,20.32657786998854,20.263087281353105,20.6218618121294,20.6326729380487,71.09799983352278,70.95916086248195,70.95916086248195,19.0,1.0,18.5,19.0,20.612383234343383,20.60157210842408,18.79091532486595,20.60157210842408,22.620226726473664,16.786725508401023,19.703476117437344,5.833501218072642,22.0368766046664,68.94367112653404,68.44589752734244,59.99850301522181,0.5611556277763605,74.11982705373688,22.62022672640183,18.534002024329727,74.11982705373688,72.59850624664165,23.13156269302039,23.13156269302039,23.13156269302039,23.069796170475605,NAY_32_a127,10.793333333333331,neuage
1,2.0,15.60147968442408,15.602886791312237,16.697248671149275,16.697849328791094,17.78987339830023,17.789884544082334,1.132489154100171,1.0545085986699292,-9.298862754450887,-0.4859842184959247,11.0,14.191339076984091,14.307549501927957,14.11589807000945,14.11589807000945,116.69027753153324,123.38973250827848,143.63202798691054,11.0,1.0,14.5,11.0,13.835725630556738,13.91116663753138,16.559111259138007,13.91116663753138,13.08576060836884,15.812151828995484,14.448956218682165,-2.7263912206266427,13.358399730431506,62.48843900105569,62.30427337650621,68.66327544193734,0.5023142163547268,130.72312535035144,13.08576060781817,10.324355157496326,130.72312535035144,86.74234611112753,15.415462895088613,15.538786598249322,15.7032182024636,15.90875770773145,NAY_33_a129,8.108741258741258,neuage
1,2.0,14.952008674429509,14.953321797168256,16.217362168229666,16.218042681967848,17.43050132788565,17.430806363232833,1.2075052591076645,1.2699793069569094,-7.472139076451181,-0.5248780096519015,13.0,13.413263923818818,13.470902066351329,13.366690729203924,13.024837121367652,98.44339958006832,118.6483283371636,121.78263334934806,13.0,1.0,13.5,13.0,13.171079355776044,13.171079355776044,12.829225747939772,13.171079355776044,13.1820831173045,13.145515963232162,13.16379954026833,0.0365671540723366,13.178426401897266,65.49951851040821,65.49947670198222,65.41023407892271,0.727665241514913,111.73127506360228,13.182083115666153,9.905195507836291,111.73127506360228,86.71494903942778,14.88106018139221,14.88106018139221,15.086599686660056,15.538786598249322,NAY_33_a131,8.108741258741258,neuage
1,2.0,23.64586531828864,23.769338020737862,25.20513021796433,25.322639289148395,26.74910423110625,26.865016691362165,1.486114238099454,1.6095644325248408,-5.925047143516628,-5.521879563585246,21.0,15.483533565847123,14.95644121187176,15.216715111026277,14.72429955199786,86.15907414623658,89.17761220198943,91.2651024260459,21.0,1.0,13.5,21.0,15.936477724434894,14.77597342772114,15.91708715465478,13.50947262507637,14.484503719815851,17.200072831681833,15.842288275748842,-2.71556911186598,14.756060631002452,86.76588643394051,86.55537763477736,94.47048743386722,0.7527612367334037,96.07390300230946,14.48450371980135,15.450855732888682,96.07390300230946,88.69272456153853,23.96715422119579,23.76186810366949,23.607903515524765,23.40261739799846,NAY_34_a133,6.495,neuage
1,2.0,32.57872616073292,32.57877682987011,33.92810828650561,33.928110403246606,35.324770019818935,35.32477388038274,1.4418005721802316,1.3041964783324058,-11.205755906280428,0.020239121424577,20.0,18.705258007170382,16.755748441354772,18.75694318157059,18.75694318157059,202.15678729341312,201.83056027640896,186.21301790633945,20.0,1.0,17.5,20.0,19.241000405307915,19.241000405307915,12.528879339008228,19.241000405307915,24.364974597330047,4.364974597330045,14.364974597330043,20.0,22.364974597330047,161.2016300912347,130.69827836937748,78.59927850547224,0.7322385239545296,222.63279445727483,17.87853544229685,7.878535442296849,327.6366435719784,236.5588938270929,32.33256351039261,32.43520656915576,32.69181421606364,32.640492686682066,NAY_34_a135,6.495,neuage
1,2.0,20.559096710947088,20.56438004252959,21.924733760554933,21.92895597395843,23.290714474656493,23.295024537174616,1.6594091462624478,1.0712353483825838,-2.6680196299441885,-1.1243608391996658,20.0,13.635896109870956,13.456468033719757,13.930372337835166,13.930372337835166,93.34955426977368,92.42980811329622,92.42980811329622,20.0,1.0,12.5,20.0,13.940393540549875,13.940393540549875,14.450534217180715,13.940393540549875,12.892913641664872,14.379870018241446,13.63639182995316,-1.486956376576573,13.04160927932253,87.25944374249106,87.17360238614842,92.1079116470987,0.6214935465195376,107.04497434349533,12.892913641632354,12.946772568239355,107.04497434349533,91.73124342595432,20.59505842783839,20.47173472467768,20.51284262573125,20.59505842783839,NAY_35_a137,8.108741258741258,neuage
1,2.0,22.083591642166063,22.08837127900085,23.47592809337,23.479322600844046,24.93592399374515,24.937690263329145,1.2617407326212062,1.5875782517070904,-5.337979881755932,-0.9742904953570104,26.0,15.29230230006047,15.335045898811943,15.345935967636706,15.603634646265249,101.66436190252246,103.81651531207024,105.4413455432659,26.0,1.0,13.5,26.0,15.707718639938264,15.801463923281318,15.073414714825075,15.801463923281318,16.18061554371876,13.94228463116452,15.06145008744164,2.2383309125542383,15.956782452463331,85.01705315121406,84.86190536833028,79.13330807935662,0.6343927964035072,119.62399206588763,16.180615543631518,12.95492412882303,119.62399206588763,98.36445253056752,22.116050766820464,22.198266568927604,22.239374469981176,22.56823767840973,NAY_35_a139,8.108741258741258,neuage
1,2.0,17.57098798860156,17.59973959075602,18.51044968571689,18.54042673803277,19.4429875354531,19.47425045071474,0.9536464910858552,0.9208643688728694,-4.776036835448661,-3.258597824557893,21.0,14.03156388055524,14.312669938889966,14.532575515408894,14.547678246867576,75.2282414748551,74.87542762680748,74.16435396668845,21.0,1.0,12.5,21.0,14.699096048735754,15.11615340289569,14.1980844138821,15.11615340289569,15.689013582620507,13.526277483580532,14.60764553310052,2.162736099039974,15.472739972716507,69.73227001966367,69.60588857021831,64.91668315242119,0.8289250429012305,80.7906114885732,15.689013582609888,13.77410580597522,80.7906114885732,73.72911527146177,17.57257566399012,17.57257566399012,17.44904261890056,17.140210006176655,NAY_37_a141,10.793333333333331,neuage
1,4.0,32.66099804473899,32.66110452370976,33.739016757962425,33.7390333949898,34.8584037629324,34.85903810897004,1.025473642568481,1.1724599426918028,-5.082610007254573,-0.0568995976631936,25.0,17.33751225566337,16.96915572461799,17.423181255173006,18.845008326767868,127.240092030161,127.240092030161,114.55314460965393,24.0,1.0,16.5,25.0,17.37107584881491,8.998846019291733,19.56957029528664,,10.059121987924163,24.734523794923827,17.396822891423994,-14.675401806999664,11.526662168624132,116.27222768508013,109.1056258005288,186.76548634571225,0.4209011305295365,314.2680667078444,10.059121987680909,14.420085234219489,314.2680667078444,130.99360147310236,32.89067325509574,32.73625694873379,32.581840642371844,32.24212476837555,NAY_37_a143,10.793333333333331,neuage
1,4.0,9.500238805121905,9.501291771346311,10.389400283349785,10.389474679889176,11.3578476822171,11.358105669780567,0.7741397093591573,1.0826741890750966,-6.059773129444732,-0.2168290475637066,0.0,,,,,,,,,,,0.0,,,,,,,,,,,,,,,,,,,9.630569204418052,9.507715614093916,9.488443652825186,9.45384516402074,NAY_38_a145,9.27090909090909,neuage
1,3.0,6.410230076298646,6.410244437145467,7.1819449111415805,7.182147293937852,8.103486370201141,8.106416353595254,0.8349891218682609,0.8611827945815255,-0.3109583604651244,0.4301285721257811,0.0,,,,,,,,,,,0.0,,,,,,,,,,,,,,,,,,,6.40741683822786,6.301759655519772,6.340454271638139,6.125285705190879,NAY_38_a147,9.27090909090909,neuage
1,2.0,19.380856332171103,19.40890734994627,20.504229720522453,20.525907605250307,21.58566066075984,21.597567032551925,1.2046737312358886,0.9839859513697696,-5.604754813295821,-2.6334988102220835,25.0,13.607902069549567,13.677253867463824,13.643243207857552,13.643243207857552,92.1226295097431,93.44988780726896,93.44988780726896,25.0,1.0,13.5,25.0,13.62622298227086,14.195247363770903,14.351469391635192,13.62622298227086,13.299602473911916,15.075907793744149,14.18775513382803,-1.7763053198322307,13.47723300589514,79.06366149499017,78.96117698090788,84.12949441031434,0.8365195712406038,101.12543659178132,13.299602473876725,12.934288594144334,101.12543659178132,86.46340644258484,19.27960559412416,19.320713495177728,19.444037198338435,19.485145099392007,NAY_39_a149,8.108741258741258,neuage
1,3.0,11.787411096647563,11.790515920693023,12.377373910206147,12.377441037780732,13.025690711422415,13.026035219224834,0.2985762531404726,0.9369430453913352,1.931307051769133,0.18870042197128,0.0,,,,,,,,,,,0.0,,,,,,,,,,,,,,,,,,,11.884616415406052,11.818975465345336,11.871940324405497,11.962399206588763,NAY_39_a151,8.108741258741258,neuage
1,3.0,18.736071292563068,18.73621397684032,19.74122550574168,19.74129089143832,20.811090298836294,20.81119202232933,0.9277386255414404,1.1472394199475666,-14.51561196380332,-0.1474658144361396,0.0,,,,,,,,,,1.5,0.0,,,,,,,,,,,,,,,,,,,18.94815976988952,18.8402954827744,18.51670262142904,18.229064522455385,NAY_4_a13,9.27090909090909,neuage
1,3.0,13.04950703311543,13.050254350686425,13.767271750695206,13.767275747234985,14.544389677390058,14.544493957962224,0.5776499651793254,0.9165896420964716,-5.853024517493063,-0.0436571826059568,0.0,,,,,,,,,,,0.0,,,,,,,,,,,,,,,,,,,13.068740241285145,13.094502779493515,13.094502779493515,13.063619518221127,NAY_4_a15,10.793333333333331,neuage
1,3.0,17.25122130998603,17.251417898193974,18.526287809779717,18.52629160996299,19.87828350382872,19.87846047921336,1.2564628739921275,1.370579707027254,-9.654839913170283,-0.0366982758804978,0.0,,,,,,,,,,7.5,0.0,,,,,,,,,,,,,,,,,,,17.265318442499247,17.224210541445675,17.224210541445675,17.14199473933854,NAY_40_a153,8.108741258741258,neuage
1,3.0,10.912917166174603,10.91293288970715,11.703308028020652,11.7040376007625,12.487346841740145,12.491520786872776,0.6083214876115092,0.9702664095541174,1.0434330904966205,-0.6397441626824542,0.0,,,,,,,,,,4.5,0.0,,,,,,,,,,,,,,,,,,,10.914986214161566,10.95427977620958,10.91100862480323,10.930326024737816,NAY_40_a155,8.108741258741258,neuage
1,3.0,9.558414390999028,9.560270449310549,9.913160895702791,9.91375112015603,10.286838428507597,10.295396430852485,-0.4438780847651164,1.179004066307052,-5.483089600507775,0.6252149845585522,0.0,,,,,,,,,,,0.0,,,,,,,,,,,,,,,,,,,9.624419190905988,9.604333995749002,9.547887758822268,9.574309056930296,NAY_5_a17,10.793333333333331,neuage
1,2.0,17.576131239293243,17.610735673313798,18.626887761012156,18.665054075349214,19.672950969519245,19.713310673649048,1.0781115395553746,1.0244634607798715,-9.103947934016425,-3.664689188825245,21.0,17.84937600538231,17.820780125709646,18.661770625497724,18.661770625497724,73.16967325083539,68.8795879431303,68.8795879431303,21.0,1.0,16.5,21.0,16.941139682153107,16.941139682153107,19.08825006179504,16.941139682153107,15.748192917694537,20.930463216922163,18.33932806730835,-5.182270299227628,16.266419947617297,55.99536559273807,55.626381776803775,64.48732607260378,0.8321918784499619,77.26991970352071,15.748192917603628,15.57646560106958,77.26991970352071,65.18039267898432,17.51080914144534,17.541692402717732,17.757875231624464,17.69610870907968,NAY_5_a19,10.793333333333331,neuage
1,2.0,19.28813943016948,19.44723262180456,20.60472163503664,20.77153190232408,21.96408623265509,22.128729852785128,1.2310332746320674,1.4504639563485024,-5.9233457973500325,-7.266174544009602,22.0,14.535689213583352,15.169510109709384,14.942844431236978,16.550283203052402,72.96081300906027,71.09931718563904,65.0238153382081,22.0,1.0,13.5,22.0,16.894149282862998,16.894149282862998,14.577832823719575,16.894149282862998,17.599425013881653,13.999308420892593,15.799366717387125,3.60011659298906,17.239413354582748,71.229733012252,70.92385408810723,63.86555581143039,0.7326991894920142,67.33474192574707,17.599425013900852,16.33267747556373,67.33474192574707,68.66800909398022,19.485145099392007,19.485145099392007,19.485145099392007,19.60846880255272,NAY_6_a21,8.108741258741258,neuage
1,2.0,18.42491828121069,18.446791102462303,19.375856838961365,19.395167100402016,20.441459799898755,20.466073517886564,1.2257987734746238,0.7934836419496395,-4.876242554932972,-2.556942628437441,23.0,15.724446948256684,15.979876974552043,15.620952993195315,16.27661491005381,75.85748413376402,75.90349671348105,72.09697661261286,23.0,1.0,14.5,23.0,15.66340141198836,16.084074073202572,16.319063328846852,15.66340141198836,14.6691453154963,18.09282131195204,16.38098331372417,-3.423675996455735,15.011512915141877,65.4971271149245,65.26084726616416,72.67919482538542,0.8451265870881122,80.16040705446079,14.669145315446473,15.316857347250435,80.16040705446079,69.67475661504567,18.25190806778492,18.334123869892057,18.539663375159908,18.745202880427755,NAY_6_a23,8.108741258741258,neuage
1,2.0,17.75445705661247,18.087957453731388,18.69797088214984,19.06751265715161,19.65475364781129,20.054070841688453,1.0698308057810222,0.8962825821760472,-10.90314156766296,-11.298643229530644,22.0,13.205655756485498,12.90480125141566,12.54208730910426,10.031250953078626,78.31639134335427,82.28472459245214,102.2358321326518,22.0,1.0,13.5,22.0,12.297139727086147,7.517109327978915,13.71630572261597,,11.041564935654858,13.56614663385297,12.303855784753914,-2.5245816981981126,11.294023105474668,83.6470010773937,83.35454467497445,92.744533353943,0.7879203304549325,,11.04156493566132,12.43847780796832,,82.46638385712511,18.19310976008368,18.08524547296856,18.08524547296856,18.013335948225144,NAY_7_a25,9.27090909090909,neuage
1,3.0,18.988988842094702,19.01315207569539,19.98855282572693,20.00415917756604,21.0228222467736,21.031558612651835,1.0350012951799326,0.9834052417765108,-3.0096468116910056,-2.263374481213352,26.0,13.413020367038484,13.864947108191632,13.528917612935857,13.528917612935857,82.6163002520011,81.89636890224655,81.89636890224655,26.0,1.0,12.5,26.0,13.179736847834448,12.98051004157776,13.672267175849951,13.401709865547986,12.35207115077126,14.469270697503267,13.410670924137264,-2.1171995467320084,12.56379110544446,82.04373660813151,81.87435395787534,88.76775560704135,0.7511482215235691,93.84192979015496,12.352071150771328,13.413906685851448,93.84192979015496,81.85496589886641,19.12793358174806,19.05602405700464,18.98411453226123,18.98411453226123,NAY_7_a27,9.27090909090909,neuage
1,3.0,17.334104901229086,17.349928621577043,18.41533672171742,18.429462236919463,19.492595668296577,19.506476007865533,1.125628035568125,1.030919350720369,-3.6888521421308287,-2.243423115429951,19.0,16.04082584090287,16.094195061661907,16.245130409407125,16.245130409407125,65.1801559676914,65.1801559676914,65.1801559676914,19.0,1.0,14.5,19.0,16.300684285217187,16.079905178375157,15.519609737761073,17.57140166215197,17.290384352483937,15.074773195972098,16.182578774228016,2.2156111565118395,17.068823236832753,62.25865653550159,62.16241032112784,58.289889362454446,0.5603603227937437,68.56797895735416,17.290384352433815,15.53399445268003,68.56797895735416,64.68990737413854,17.30642634355282,17.30642634355282,17.30642634355282,17.265318442499247,NAY_8_a29,8.108741258741258,neuage
1,2.0,23.539081774657724,23.65833684739269,24.527441301017607,24.64428537933556,25.521313884489853,25.63580346883035,0.9945760102036184,0.9828906112340434,-2.655907545021766,-5.581547296123279,20.0,17.83337565857326,17.876610630638602,17.362416289253616,18.54995942887209,71.94538286955635,71.26218706903586,63.539774324319886,20.0,1.0,15.5,20.0,18.76087716363645,18.76087716363645,16.997053956264068,18.76087716363645,18.88234825726285,17.16639156798613,18.02436991262449,1.7159566892767253,18.710752588335183,76.30039412138808,76.24357176989447,72.89712231523858,0.7687758538454291,68.56797895735416,18.88234825730209,19.46859791428924,68.56797895735416,70.7833619269804,23.71925890790968,23.678151006856112,23.63704310580254,23.5548273036954,NAY_9_a33,8.108741258741258,neuage
1,2.0,26.16523719953184,26.201145434102504,27.41669798249326,27.444249614949097,28.679715371055032,28.699682421390342,1.181735746621637,1.3168012406662046,-6.634307878753209,-2.567568018518709,22.0,24.21678176485825,23.566142056596878,24.322300774206184,24.322300774206184,69.48561109110432,68.86122816808384,68.50404970266777,22.0,1.0,22.5,22.0,24.95182771650414,21.428363848663224,22.531175060980612,21.428363848663224,24.47322161489582,22.5815797026954,23.52740065879561,1.8916419122004215,24.28405742367578,65.44085478651125,65.40646547753222,63.02551769458628,0.6456284811446033,75.96740114699669,24.47322161477737,21.732519952753368,75.96740114699669,70.5138505033964,26.10351716901672,26.144625070070287,26.18573297112386,26.144625070070287,NAY_9_a35,8.108741258741258,neuage
1,2.0,16.09012854278338,16.094432557773043,16.859835829824735,16.863652724958186,17.643154801909866,17.64670711115699,0.5314788398611172,1.0207957135228298,-5.645801434538703,-1.219060083365901,23.0,11.98653780307859,11.97130232980601,11.98653780307859,13.957691560076682,97.0579275955654,97.10427463537305,89.57895009650912,23.0,1.0,11.5,23.0,12.437295606401818,11.97554681135739,10.167426011308237,9.953295426123788,11.842018722262951,12.099653121765124,11.97083592201404,-0.2576343995021705,11.867782162213173,77.45566687967505,77.4526947237276,78.28299563272752,0.7970438764618152,147.8690549722051,11.842018722202203,9.81597720400366,147.8690549722051,94.23013180324207,16.306361951822115,16.151945645460163,15.997529339098213,15.84311303273626,NAO_1_a1,10.793333333333331,neuage
1,2.0,18.551814630028687,18.56324969519328,20.049154270213503,20.05112171633657,21.573010926206564,21.573215970143544,1.4439962672815778,1.565970007668681,-0.1795873013074887,-0.8026445644707806,26.0,13.00188330307762,12.299199525107284,12.937582549611363,13.22371399667972,75.15486244851411,75.654255570555,74.17423043681737,26.0,1.0,10.5,26.0,13.480939995017993,13.709489431285109,12.698384750932265,13.709489431285109,13.950282666427576,11.70773305181116,12.829007859119368,2.2425496146164146,13.726027704965931,83.79088300050826,83.57856518336875,76.97850362083469,0.6369041008362817,76.343421865349,13.950282666443838,13.473128504872909,76.343421865349,79.65158043821073,18.46819024088944,18.49907350216183,18.43730697961705,18.622606547251397,NAO_10_a37,10.793333333333331,neuage
1,2.0,14.842490163415826,14.8436260712136,15.663564837446105,15.664140100144644,16.623124638038664,16.623143332995557,1.1666144801495086,0.6129027816324489,-2.5767927784468228,-0.4910421663257374,20.0,12.258345455036364,11.477953474286652,12.01097724683811,12.505713663234616,78.10204937331862,80.2060865174404,75.99801222919685,20.0,1.0,10.5,20.0,9.61789270325238,9.61789270325238,13.176362597726635,9.61789270325238,8.840679382602252,16.46987180082438,12.655275591713316,-7.629192418222127,9.603598624424464,69.88219448445885,67.72571668236819,96.54442656165791,0.6715994368926421,95.61457689932058,8.840679382560989,11.740222206589216,95.61457689932058,72.92143415828491,14.720473825163044,14.762198888202596,15.0710315009265,15.657813465101915,NAO_10_a39,10.793333333333331,neuage
1,4.0,23.61021158677975,23.61023624838829,24.37213210967571,24.37213831807813,25.13727153238555,25.13727553962405,0.6449757418069869,0.8820635494287757,-9.550937285327604,0.0408959924827172,19.0,13.47043951271752,13.86897700930622,13.71664982207605,13.71664982207605,231.10508206694016,233.31487067405325,234.68349068062457,19.0,1.0,13.5,19.0,13.586218824481987,13.340008515123458,17.011391844037632,,12.327953281040498,15.79597626236041,14.061964771700454,-3.4680229813199115,12.67475557917249,97.3417758821904,96.85057519531304,110.21600367093323,0.3959681810297208,383.7554045707228,12.327953280382031,9.310305158233945,383.7554045707228,145.45494832591066,23.68746139592341,23.656578134651024,23.59481161210624,23.718344657195804,NAO_11_a41,10.793333333333331,neuage
1,3.0,18.57924819765865,18.586926650795245,19.558895215504133,19.566199237286437,20.56401665880648,20.57236276118552,0.9019606180062374,1.0834754923840353,-7.522521038444096,1.565593232518642,25.0,16.231696532593332,16.122366169892825,15.715078959775184,15.563167255835197,104.324762947095,107.042504969154,128.76581577864584,25.0,1.0,14.5,25.0,15.610943925134023,14.974741184842884,15.805116122690464,14.57533477469542,14.32376338978466,17.73850364802444,16.03113351890455,-3.41474025823978,14.665237415608638,67.47264732051413,67.21965925795777,75.03351105256532,0.658270498195899,167.51080914144538,14.323763389632166,11.498455573252294,167.51080914144538,93.12338649706604,18.588005753899708,18.557814250598675,18.674935170529945,18.76489470277406,NAO_11_a43,10.793333333333331,neuage
1,3.0,15.863120327032462,15.863311901628345,16.811923686789473,16.812183789796407,17.777999334011383,17.77837510099437,0.996535178839956,0.918528020526071,-10.628387150076426,-0.318712290941384,1.0,2.197023462469786,2.197023462469786,2.197023462469786,2.197023462469786,,,,1.0,1.0,3.5,1.0,,,,,,,,,,,,,,,,,,,15.845837739457297,15.963914493037851,15.856050205922733,15.856050205922733,NAO_12_a45,9.27090909090909,neuage
1,4.0,14.81985766884117,14.81998629133538,15.656096526723626,15.656120104731436,16.516985179139557,16.517550002066912,0.7775114044400585,0.9200523062914732,-6.835484683285127,0.0994372639908272,1.0,2.612663300514754,2.612663300514754,2.612663300514754,2.612663300514754,,,,1.0,1.0,1.5,1.0,,,,,,,,,,,,,,,,,,,15.029090671373474,14.885271621886648,14.669543047656406,14.561678760541284,NAO_12_a47,9.27090909090909,neuage
1,2.0,19.914412329802055,20.14015269656672,20.981914782629023,21.198679329962868,22.02858814551865,22.23504704929065,1.2152471841465642,0.8796471685773627,-10.731064272079092,-8.200647014189896,31.0,16.51142577060446,16.55270732510419,16.899561519677917,17.492691173213785,74.1191241586902,73.3487352594257,69.09429232636745,31.0,1.0,15.5,31.0,16.688749993272097,16.6318238907549,16.243688141681446,16.765429823457907,17.148791904124884,16.165112236639835,16.65695207038236,0.98367966748505,17.05042393737638,69.31392476555081,69.29402478146042,67.36379509735444,0.8047439438771938,82.19258678172191,17.148791904109864,15.718550354564352,82.19258678172191,73.31711432725112,20.026802641040728,20.206576452899267,20.314440740014387,20.60207883898804,NAO_13_a49,9.27090909090909,neuage
1,2.0,16.17365749867489,16.2074145678555,17.2913391918802,17.321967095110228,18.406493022120006,18.434701008397663,1.419837740358148,0.807448700184011,-11.463105605874876,-3.40770248611082,18.0,16.974753893291492,16.7237396826087,17.16537876530441,17.39570250509979,77.60323555984478,75.67993672894387,79.52653439074568,18.0,1.0,15.5,18.0,17.035365074380167,17.035365074380167,16.645946093980285,17.54367429938452,16.413350156178918,17.082959648638585,16.74815490240875,-0.6696094924596679,16.480311105424885,55.782246822705176,55.77490841319979,56.88037107968983,0.7497823559801987,100.31378701706218,16.41335015607966,13.046075795650072,100.31378701706218,71.2004471589562,16.3600586287375,16.07177878015297,16.07177878015297,16.07177878015297,NAO_13_a51,9.27090909090909,neuage
1,2.0,15.41479038198564,15.416955951028676,16.110697526690554,16.113333413188514,16.781352719057445,16.784681555243736,0.5322969256941109,0.8354286785209513,-4.413055318723857,-1.036368505738502,25.0,12.818370820717377,12.590470337068895,12.892062776545629,12.892062776545629,81.39370208436696,81.49536872250833,87.59080047115881,25.0,1.0,11.5,25.0,13.325895967268051,13.325895967268051,13.145498621629317,13.325895967268051,13.630613953360648,13.131277474285437,13.380945713823042,0.4993364790752135,13.580680305453129,66.53981847993467,66.53215513130851,65.33595337930403,0.6415804506129803,90.42362002567394,13.630613953308044,11.43767632069287,90.42362002567394,77.64506048080432,15.40243254222181,15.58408215661104,15.481386392811295,15.096277278562258,NAO_14_a55,12.983333333333334,neuage
1,2.0,8.744985106426713,8.745801658029782,9.667875972349616,9.668163783218237,10.60205810148061,10.602075341652109,1.1350289463714154,0.7212447372509097,-12.777041961185716,-0.4420997845374995,0.0,,,,,,,,,,0.5,0.0,,,,,,,,,,,,,,,,,,,8.737007256324771,8.701052493953064,8.737007256324771,8.737007256324771,NAO_15_a59,9.27090909090909,neuage
1,2.0,15.178737674007326,15.178959434661296,16.577376454156067,16.577376669937053,18.050772371722243,18.05078084085476,1.7545488229611796,1.1172725832322867,-7.546390571311434,-0.009244561453118,0.0,,,,,,,,,,7.5,0.0,,,,,,,,,,,,,,,,,,,15.352683532718835,15.208864483232007,15.06504543374518,14.993135909001769,NAO_16_a61,9.27090909090909,neuage
1,3.0,11.78342456864583,11.783762250162669,13.183524505797555,13.183882996513743,14.676857268269782,14.676934223827969,1.7722806565621791,1.1208913171031198,-3.045899450655144,-0.4225283959064225,0.0,,,,,,,,,,8.5,0.0,,,,,,,,,,,,,,,,,,,12.008890632150097,11.829116820291562,11.649343008433029,11.541478721317906,NAO_16_a63,9.27090909090909,neuage
1,3.0,15.092507328164874,15.092521148418946,16.10276599395576,16.10278714513943,17.15171756965898,17.151880819440514,1.2818779672322036,0.7774817037893624,-14.755779380388862,0.0928655189422959,0.0,,,,,,,,,,1.5,0.0,,,,,,,,,,,,,,,,,,,15.1729097208603,15.136954958488596,15.1729097208603,15.53245734457737,NAO_17_a65,9.27090909090909,neuage
1,4.0,8.399343290944127,8.399346408122845,9.419297604678205,9.419465096688583,10.463194676773403,10.464210971812316,1.1048221141412549,0.960042449548215,0.5572901212671639,0.3416820789386465,0.0,,,,,,,,,,16.5,0.0,,,,,,,,,,,,,,,,,,,8.341504870235994,8.305550107864288,8.341504870235994,8.089821533634048,NAO_17_a67,9.27090909090909,neuage
1,3.0,13.126284240544615,13.126379058079424,13.998287808050671,13.998288724796828,14.910081474368203,14.91036542586416,0.8271521067070334,0.9568342610776996,-7.263443733428184,0.0207359868009403,0.0,,,,,,,,,,18.5,0.0,,,,,,,,,,,,,,,,,,,13.310685608400249,13.156269302038298,13.094502779493515,13.526868437306982,NAO_18_a69,10.793333333333331,neuage
1,3.0,9.12030960737514,9.120330530629357,10.184493252191425,10.18449406242257,11.33613805125938,11.336214576396276,0.6508723194256703,1.5650117263412513,-3.6223504969149607,-0.0228545339732142,0.0,,,,,,,,,,18.5,0.0,,,,,,,,,,,,,,,,,,,9.20321185917233,9.079678814082769,8.956145768993208,8.801729462631256,NAO_18_a71,10.793333333333331,neuage
1,3.0,20.297334846461364,20.30344530060148,21.402711671956546,21.40925821838425,22.506873753931497,22.510805800498296,1.011049695158028,1.1963108047387851,-2.2884261823816936,-1.4169483291625735,30.0,12.903331580570708,12.812290271336693,12.546106235462505,12.546106235462505,93.07087829409824,95.298654019338,95.298654019338,30.0,1.0,11.5,30.0,12.754736761058156,12.58308527313278,13.875487857618763,12.58308527313278,11.392325642871572,15.17097713361239,13.28165138824198,-3.778651490740817,11.770190791945652,88.9191162985219,88.3205625748781,102.72365024127242,0.6437412507199772,119.88882025941942,11.392325642855685,12.64882874041028,119.88882025941942,92.66175882981798,20.321185917232864,20.41383570105004,20.41383570105004,20.475602223594816,NAO_19_a73,10.793333333333331,neuage
1,2.0,18.51048884957551,18.561769686403547,19.79466801053322,19.85073506773484,21.111659550631597,21.171906650077016,1.2772287777622957,1.332908185911178,-6.412755423131299,-4.307303630514631,21.0,15.15284051118337,15.440430427711414,15.870061599701671,16.903425454021317,76.13628306778334,71.17925833238704,67.66228360199763,21.0,1.0,14.5,21.0,18.262970458379016,16.933235985753726,16.054507558051228,19.163566653379803,20.844853999609317,12.899253894046016,16.872053946827663,7.945600105563297,20.05029398905298,64.86939285401954,63.6673321498568,51.92948148114069,0.8096299751166414,73.56344381251226,20.84485399957798,15.703433293380796,73.56344381251226,68.27254029867093,18.55265738380075,18.51670262142904,18.40883833431392,18.121200235340265,NAO_2_a5,9.27090909090909,neuage
1,3.0,23.74870573615056,23.748799542732705,24.80065211368409,24.800804478863707,25.861908139113627,25.86211515597168,0.9400532416273856,1.1732623716115844,-7.621076501479227,0.2008388991791052,20.0,16.01192578757143,15.673272618026685,15.545575593142187,16.989911691692072,124.1161558363392,141.00421546147265,153.3910099740499,20.0,1.0,13.5,20.0,14.95343954371438,17.004410259394973,16.099942841755563,11.74325498044024,13.231910922931943,20.3433328166917,16.787621869811822,-7.111421893759754,13.94305311230792,83.29604270478889,82.05071735809942,103.53435388931338,0.492231038622705,176.2502451461071,13.23191092271913,12.889314365586754,176.2502451461071,106.23783851810482,23.658233640583124,23.69418840295483,23.766097927698247,23.83800745244166,NAO_2_a7,9.27090909090909,neuage
1,3.0,20.806838301212405,20.81238660690042,22.05686224256676,22.06850947921799,23.305608244046763,23.32387035924657,1.48322335005054,1.0282604022956066,-2.2567669173934752,-1.861579903676321,33.0,14.258486632292572,14.134293956406708,14.312715219946,15.25927064093085,88.2217095688074,85.18868207859533,80.12999259628673,33.0,1.0,11.5,33.0,15.712337445091038,15.712337445091038,14.005117558185958,15.712337445091038,14.920142622125434,14.778936148284895,14.849539385205166,0.1412064738405389,14.90602197474138,81.15937386017103,81.15876819863406,80.78337771552964,0.8562600160500193,85.6084002470661,14.920142622111612,14.156132703334956,85.6084002470661,85.04688920848132,20.630018529956768,20.75355157504633,20.877084620135893,21.03150092649784,NAO_20_a77,10.793333333333331,neuage
1,3.0,16.762711170096363,16.762952667180233,17.789680252808292,17.79034638550901,18.78648705788108,18.78846442642784,0.9679199562222096,1.057591803025398,-13.043923840946754,-0.4958235611750369,21.0,15.432736136506009,14.37350047491769,13.140612522792622,13.140612522792622,138.2425820433985,158.11623041868114,197.2095530909832,21.0,1.0,14.5,21.0,12.98543000759173,12.98543000759173,16.71431641226536,,11.03364477993292,18.294340571669785,14.663992675801351,-7.26069579173686,11.759714359106606,67.150143163315,65.76777389504399,86.9926045203981,0.5586668732917259,557.5663990117357,11.03364477963448,8.290338125318595,557.5663990117357,115.46702351545696,16.64607782581841,16.73872760963558,16.80049413218036,17.325509573810997,NAO_20_a79,10.793333333333331,neuage
1,2.0,18.037640968628427,18.037829061986024,19.3578661713608,19.360168916036105,20.847051932714145,20.857414313615465,1.8857395734363296,0.9338456781931104,-10.355062375058887,-0.8837109926297468,1.0,21.39520677271173,21.39520677271173,21.39520677271173,21.39520677271173,73.30044757933253,73.30044757933253,73.30044757933253,1.0,1.0,18.5,1.0,,,,,,,,,,,,,,,,,,,18.006623731776813,17.941426423481733,18.049290710596853,17.905471661110024,NAO_21_a81,9.27090909090909,neuage
1,2.0,12.66401303862867,12.664114006751417,14.21251601660964,14.212541676039796,15.870928215871432,15.87217208644884,1.5681416723414248,1.6399164073559949,-5.59515084757883,0.1088742869431882,0.0,,,,,,,,,,18.5,0.0,,,,,,,,,,,,,,,,,,,12.65607635484082,12.692031117212528,12.727985879584232,12.835850166699355,NAO_21_a83,9.27090909090909,neuage
1,3.0,28.12137505498431,28.12173068298815,28.707356287149484,28.70999922975606,29.312772134673278,29.321273961331432,0.53455474290978,0.6649885354335014,-6.399305546353108,0.7774424272281522,13.0,9.869258784967002,9.341027372647105,10.660439596181163,10.977846444600914,211.09810968920036,211.09810968920036,211.09810968920036,13.0,1.0,10.5,13.0,10.69573345727582,10.69573345727582,,11.243335446088397,9.322324878012433,9.600109116031334,9.461216997021882,-0.2777842380189018,9.350103301814322,170.84380497071368,170.83157147846867,173.3537652648681,0.3457764448808784,711.5503397158741,9.322324877628548,6.099843482356826,711.5503397158741,264.2662226455353,28.082081733138537,28.1529111130962,28.221200953137053,28.07288449660285,NAO_22_a85,10.793333333333331,neuage
1,3.0,16.159355108315726,16.17993142180393,16.663840826296028,16.67300845762132,17.10310205287171,17.10460075357474,0.3224959904092973,0.6021733413615132,-9.09584240960881,-1.9001116321826537,18.0,15.113909201091644,14.342272705621095,14.46579152761953,11.56428643256325,90.67002825763603,91.51780147576332,118.35716603333458,18.0,1.0,14.5,18.0,12.950065428081473,10.907188806512892,16.744516209731472,,10.928571182090902,18.660307645135205,14.794439413613054,-7.731736463044303,11.701744828395332,64.49159942699445,63.00985157645916,84.8678946851975,0.5233885380601122,117.29462631253864,10.928571181859487,11.630046739389082,117.29462631253864,79.81328189739698,16.13944210140164,16.195525345904386,16.19747896806483,16.216375913829577,NAO_22_a87,10.793333333333331,neuage
1,3.0,10.969435196475686,10.969465554437202,11.576664314681356,11.579427362720484,12.238406051287011,12.248650608894376,-0.022899047452029,1.302084101909201,-4.905043334192545,1.251690462198622,0.0,,,,,,,,,,18.5,0.0,,,,,,,,,,,,,,,,,,,10.848008668818997,10.943056162132724,10.915224531128676,10.966556779596049,NAO_23_a89,10.793333333333331,neuage
1,2.0,17.678871100262196,17.700721794114557,18.90407205046237,18.914861323993563,20.085087218008,20.09083250564777,1.4315717478971834,0.9585389636360384,-6.396056077280707,-1.935320056021019,19.0,18.494248930919497,18.42586068338344,18.494248930919497,18.97137704909713,64.88667125334202,64.4291736261867,64.4291736261867,19.0,1.0,16.5,19.0,19.11747370815158,19.73112841501185,18.250656602714884,18.19050795154004,19.439824569586246,18.6303832683222,19.035103918954224,0.8094413012640458,19.35888043945984,54.098090877247806,54.09007115753922,53.00616809038192,0.8260475334753876,69.30203829524399,19.43982456953078,17.187632368307852,69.30203829524399,59.699579655629314,17.541692402717732,17.60345892526251,17.726991970352074,17.51080914144534,NAO_23_a91,10.793333333333331,neuage
1,3.0,9.16342239245045,9.164586675104465,9.73636787638844,9.736881602207802,10.264270548341432,10.272656487806632,-0.0301318039430436,1.1382016166452107,-4.800065423775313,0.5885661647200408,0.0,,,,,,,,,,,0.0,,,,,,,,,,,,,,,,,,,9.195405766201542,9.148275764251308,9.220247878114858,9.243807787248194,NAO_24_a93,10.793333333333331,neuage
1,3.0,7.138501223602236,7.13850918058318,7.927044309582214,7.927073251777662,8.622414979491783,8.62255104125551,0.3622683529155463,1.1217735077567856,-5.104948625161119,0.1548271297315407,0.0,,,,,,,,,,,0.0,,,,,,,,,,,,,,,,,,,7.100983709607992,7.138441614682487,6.996555177242099,6.728279471042912,NAO_24_a95,9.27090909090909,neuage
1,2.0,21.89512051167672,21.948659863282728,22.98769654230547,23.04887628192856,24.10273395206569,24.17183606423161,0.9862151235376706,1.2369610774112052,2.429402165965333,-4.175540254281919,15.0,15.129669962128132,14.465795821450472,15.27575463335316,15.56041155418282,71.78867158517225,61.98610604182302,61.740531089549314,15.0,1.0,13.5,15.0,15.481439771264718,15.481439771264718,13.425324448958804,15.481439771264718,16.30575648627081,14.26726759795744,15.286512042114124,2.038488888313371,16.10190759743947,83.365839860664,83.24342286509155,78.16835798117744,0.6617932114155176,63.85565797215141,16.305756486402387,18.542074174241492,63.85565797215141,69.0148665456543,21.932405046741195,22.004314571484606,22.004314571484606,22.11217885859973,NAO_25_a97,9.27090909090909,neuage
1,2.0,23.08359370905705,23.09994036026443,24.544599139490344,24.557056080407133,26.102253398267912,26.11230166541377,1.60975836515266,1.4026029399966866,-3.820657804429806,-1.8250448507647403,18.0,16.801826322015145,17.16318172882443,16.713041782458617,16.890610861571673,83.84476936662517,83.63577260849519,83.0797744707479,18.0,1.0,15.5,18.0,15.929545945337765,15.37572345668184,16.487169720659267,15.37572345668184,15.56304615102859,17.32431050101807,16.44367832602333,-1.7612643499894771,15.73917258602754,81.58490788026464,81.50778909150863,85.99609806273142,0.6415195726325835,90.17454402824085,15.5630461510092,15.812880015611398,90.17454402824085,84.67127170849135,22.831274106033867,23.0110479178924,23.22677649212264,23.622278878211414,NAO_25_a99,9.27090909090909,neuage
1,2.0,20.575489708844245,20.584465378487877,22.06969179063512,22.075642473419578,23.54104976425646,23.546077652099257,1.613593684909572,1.3480185887018163,-4.871403968590929,-1.3303751078011667,20.0,19.971353848371137,19.482124499930357,19.826477897800373,19.400195073183653,67.79560743073546,66.31680804547838,66.31680804547838,20.0,1.0,16.5,20.0,20.735871072585184,20.735871072585184,18.85292982135272,20.735871072585184,20.844395064260112,20.458255170157525,20.65132511720882,0.3861398941025886,20.80578107484985,58.243439868799314,58.24177563172875,57.72599743390752,0.7163652532579678,70.78443483631872,20.84439506419448,18.60695905321393,70.78443483631872,64.37592403959516,20.66090179122916,20.568252007411985,20.537368746139595,20.1976528721433,NAO_26_a101,10.793333333333331,neuage
1,2.0,18.219072277592534,18.222941121041263,19.30428988963685,19.30727790840527,20.50036897510582,20.50243696874389,1.152256660378142,1.1272391873244845,-4.147210146307895,-1.0080321136897703,30.0,12.792147125067956,12.700816552920545,12.712202559381469,12.712202559381469,96.71895643180449,98.47664604813504,98.47664604813504,30.0,1.0,11.5,30.0,12.593961759579429,12.882762802247951,12.913169839262707,,11.733075232026511,13.713694483344453,12.723384857685485,-1.980619251317939,11.931137157158307,82.81558684555353,82.64921834920673,89.51460799635558,0.6886603687346758,113.95923409512046,11.733075231907623,11.22491829406228,113.95923409512046,93.51142193515729,18.15810903119311,18.56084002470661,18.34465719579988,17.881408276714023,NAO_26_a103,10.793333333333331,neuage
1,2.0,16.163993531897113,16.199761675381012,16.907744456285982,16.949328014199708,17.659674360720775,17.70598163285662,0.8082008342810126,0.6980191231945958,-7.547162607540754,-4.014311246642776,27.0,16.565836946114615,15.99081563218345,17.22084896562876,17.22084896562876,65.47891691683611,62.34276391490181,62.34276391490181,27.0,1.0,14.5,27.0,15.380475644956933,15.01629514625614,17.88262735549185,15.01629514625614,14.169791398342085,19.213836111262683,16.691813754802382,-5.044044712920599,14.674195869634143,56.53809086213372,56.11052326828495,65.83545318392287,0.6732826219921209,81.79717586649551,14.169791398293366,14.680368652701098,81.79717586649551,63.593465434029575,16.26988384150907,16.231337482235276,16.23097136196606,16.405648267008985,NAO_27_a107,12.983333333333334,neuage
1,3.0,15.578667097289133,15.578681163464989,16.958928534618074,16.960889190694974,18.561535078317068,18.569252561325097,1.8319179839932147,1.158653413866893,-11.05353397523118,0.8712006995281247,0.0,,,,,,,,,,21.5,0.0,,,,,,,,,,,,,,,,,,,15.522732108040628,15.58638948813493,15.64032163169249,15.31672877034713,NAO_28_a109,9.27090909090909,neuage
1,4.0,12.33449162933889,12.334756023566094,13.247071186176536,13.247180198083456,14.142123520849402,14.14223890868815,1.165734701965608,0.6417481831564514,-3.5474036789255616,-0.2324412350997522,0.0,,,,,,,,,,13.5,0.0,,,,,,,,,,,,,,,,,,,12.373232688685956,12.389548867128411,12.322421247683758,12.5077208153181,NAO_28_a111,10.793333333333331,neuage
1,2.0,19.129853741385407,19.30049526971696,20.533676718560464,20.69517855884421,21.9651550808494,22.13199070212251,1.3886843118197416,1.4428111205858127,-6.030529226381128,-7.16266458363775,28.0,12.587765448155691,11.419426499640691,12.290778199372395,7.505597942278229,82.51415573988933,83.33273076553155,125.17616931216884,28.0,1.0,12.5,28.0,10.225092734867133,14.804854619661,13.032561786189888,14.835381892316777,13.048604502000702,10.079147038527628,11.563875770264165,2.969457463473074,12.751658755653397,96.11089091791511,95.58327449101,84.86516958537267,0.8045647413785796,95.35202980976663,13.048604502018042,12.28699960860963,95.35202980976663,90.03696817038953,19.66725501732366,19.487481205465127,19.02006929463294,18.87625024514611,NAO_29_a113,9.27090909090909,neuage
1,2.0,19.910897622830465,19.91549297379133,21.715439190658373,21.71844905174671,23.618565492334877,23.62066105887534,1.6530760003230975,2.052092084760906,-1.1729674164391797,-0.9538969671117588,26.0,14.53779205113787,14.341790923134994,14.65672966110384,14.65672966110384,81.1924120603069,80.55704577422117,80.55704577422117,26.0,1.0,12.5,26.0,13.333947535767663,12.4875827107941,15.135087215682404,11.99723948815128,12.590842636817555,15.733337989547874,14.162090313182716,-3.142495352730316,12.905092172090589,81.72415019010752,81.39062522883913,91.35171666700484,0.7598172264350657,92.97901549323396,12.590842636829231,14.58452252137246,92.97901549323396,79.08213952921682,19.918938353925608,19.918938353925608,20.06275740341244,20.3863502647578,NAO_29_a115,9.27090909090909,neuage
1,4.0,14.995381640609942,14.995614243770886,15.694672584601667,15.694841507157731,16.43450675008621,16.434958671261317,0.929062205749824,0.5102822217406096,-5.89375157901027,0.2658296226311749,21.0,10.530758690618567,11.28904350531428,10.530758690618567,10.530758690618567,116.90632516169212,126.29915941260968,123.41482309225466,21.0,1.0,10.5,21.0,9.704041679770626,14.718863600988811,10.242187216357138,13.873631634117912,15.145858326262086,6.43818435700556,10.792021341633824,8.707673969256525,14.275090929336432,84.81050559258989,80.00986554825371,57.33914436418049,0.7249930960240818,110.29525032092424,15.1458583261969,7.97881960687966,110.29525032092424,107.9297657470442,14.9170488153549,14.884078631904416,14.951980151628542,14.71116816431322,NAO_3_a11,12.983333333333334,neuage
1,2.0,19.31955420544181,19.370575933089256,20.13149308228444,20.194864340564973,21.005721397542175,21.08619988677745,0.8900336663057526,0.8255902873824433,-1.3330485204927902,-4.540220636970044,30.0,9.908901189435696,10.332164009447483,10.049655595787272,10.628968488430672,102.67045388314943,101.35396834677044,95.14220960248753,30.0,1.0,9.5,30.0,10.373175127908922,9.603060250248715,9.418922073200603,12.95305498980099,9.73655363616048,9.862710354194812,9.799631995177648,-0.1261567180343316,9.749169307963914,113.6940296231614,113.69246500835064,114.42184995809754,0.8190889029453448,92.64978381717113,9.736553636226528,11.371053049878496,92.64978381717113,98.14676138194594,19.487337862878324,19.394688079061154,19.30203829524398,19.17850525015442,NAO_30_a117,10.793333333333331,neuage
1,2.0,20.41052701732468,20.41810249875987,21.617972202899733,21.62320108171765,23.171270346057625,23.17503533171149,1.3717921818605223,1.3851406510911053,-6.767149972841198,-1.2600584099552512,27.0,15.359453849824604,15.371894836519852,15.86006599792239,17.04738996699558,94.20777428176096,94.20777428176096,86.75207996228828,27.0,1.0,15.5,27.0,17.04227692845538,14.98177094258702,16.183689750295002,11.41232214852053,17.299871149110363,15.293959197237866,16.296915173174114,2.0059119518724966,17.099279953923112,72.64541714064796,72.5546916262377,68.46605382522218,0.7709199039239466,103.95305744286598,17.299871148995948,13.531930523763258,103.95305744286598,87.01302972201032,20.537368746139595,20.50648548486721,20.352069178505253,20.382952439777643,NAO_30_a119,10.793333333333331,neuage
1,3.0,16.515745396059028,16.517980178450394,17.25375081965529,17.25645645975741,17.964221333895516,17.96779800605277,0.8402957166497047,0.6095221109526756,-8.914505192865926,1.014617873225666,27.0,15.299414611723336,14.845156131882716,15.299414611723336,12.194629878675755,109.83569722413785,125.15982621311642,128.5612380287372,27.0,1.0,11.5,27.0,15.252566647390124,15.957943808760092,12.81478727987144,15.957943808760092,15.143827238053383,14.301298858665412,14.722563048359396,0.8425283793879719,15.059574400114586,64.85804911725411,64.84051244410226,63.07727039779192,0.5716959911337028,132.48919085855468,15.143827237835731,9.817484089095553,132.48919085855468,96.64227069071428,16.491661519456457,16.553428042001237,16.58431130327363,16.58431130327363,NAO_31_a123,10.793333333333331,neuage
1,2.0,23.93398617192701,23.93402618464844,25.319342987026165,25.319492787296323,26.89020131205365,26.890825724239857,1.703096746203718,1.2537027933877,-15.742678918062632,-0.1970909314338392,1.0,6.5580312628321735,6.5580312628321735,6.5580312628321735,6.5580312628321735,97.81764761931012,97.81764761931012,97.81764761931012,1.0,1.0,6.5,1.0,,,,,,,,,,,,,,,,,,,23.85205769485246,23.85205769485246,23.898372369988092,23.898372369988092,NAO_32_a125,7.197142857142856,neuage
1,2.0,15.62709430588436,15.627478365882537,17.24376656002585,17.24429024241752,18.9742033631032,18.974745406259657,1.2648561764002149,2.082410863976908,-2.800205908895665,-0.4465293942842996,3.0,12.432776180785652,12.50666981855501,13.135694076829369,12.432776180785652,72.92797129344633,66.07957151174982,72.92797129344633,2.0,-1.0,10.5,3.0,12.523297640574585,,11.117461848487096,,,,,,,,,,0.3159021819271813,,,,,,15.60804552070928,15.700674870980553,15.561730845573644,15.14489876935292,NAO_32_a127,7.197142857142856,neuage
1,3.0,37.11734984264815,37.120117238312936,38.10210412777791,38.10542644186221,39.10040411648412,39.105570285023525,0.9991244347303252,0.9863286119802558,-11.907060839344451,-0.7566024029183624,14.0,11.72051435715423,11.747676105314786,12.512879758828037,12.512879758828037,,,,14.0,1.0,11.5,14.0,12.211580118517958,12.211580118517958,,12.313201772561854,11.08487150132677,12.715857144873157,11.900364323099964,-1.6309856435463848,11.24797006568141,179.25328726136956,178.97398063116916,191.95750020340304,0.2810690344872247,,11.084871500205637,6.447301031351195,,328.6715194965276,36.873787245051965,36.95600304715911,37.12043465137338,37.12043465137338,NAO_33_a129,8.108741258741258,neuage
1,4.0,12.508781992767483,12.50902681069896,14.003699160736645,14.0037091162793,15.63064472500429,15.630789993783822,1.6440081388140415,1.4777550442708187,-4.829959683219093,-0.0683201143018639,0.0,,,,,,,,,,7.5,0.0,,,,,,,,,,,,,,,,,,,12.4556940192316,12.496801920285169,12.4556940192316,12.579017722392308,NAO_33_a131,8.108741258741258,neuage
1,2.0,22.6453498251722,22.72391785057179,23.897184273213604,23.99008207119062,25.19482342460726,25.304110544638107,1.19641995581004,1.3837727382562757,-3.137479491267834,-5.043879674063394,31.0,11.27875489703959,11.329973717058548,11.195841764091142,11.27875489703959,106.7929957297774,112.15789237302636,116.10864518435368,31.0,1.0,10.5,31.0,10.536682857145706,10.658301393723178,10.741214526671628,11.05422486042687,10.548769109323924,11.991504237406902,11.270136673365414,-1.442735128082978,10.69304262213222,116.19144114812386,116.0334015886146,123.8689736955934,0.7420875112436509,103.11825848205532,10.548769109350207,12.353112883663156,103.11825848205532,105.9989326524386,22.615545531803622,22.723409818918743,22.75936458129045,22.86722886840557,NAO_34_a133,9.27090909090909,neuage
1,2.0,21.856203269460654,21.856299136940848,23.109858286218262,23.110657657075464,24.3750005668808,24.37788762770291,1.1844432917975731,1.3371451989644945,-8.356634655075434,0.4765482570018987,27.0,18.985053016666228,18.60305279290569,19.078062207326496,19.083276144960763,97.44129691160094,95.57249404465202,89.8924385689208,27.0,1.0,17.5,27.0,18.95799268256019,18.963206620194452,18.33308941527781,18.963206620194452,19.09812703533448,17.866657462360195,18.48239224884734,1.2314695729742875,18.974980078037053,68.79874856735628,68.77367992386426,66.63517917768225,0.7449357357469837,122.10237301431656,19.098127035241816,14.27925904094226,122.10237301431656,88.39376757496493,22.07622409622802,22.004314571484606,21.78858599725437,21.464993135909005,NAO_34_a135,9.27090909090909,neuage
1,2.0,21.63588918320507,21.638467406488303,22.24783649466165,22.25124642737822,22.814581943993872,22.818071867383843,0.6350136585852862,0.544590802310256,-3.889218322306126,-1.003087710764596,19.0,15.265410597931464,15.028003507468222,15.265410597931464,15.42542386840958,94.29000776819396,94.29000776819396,94.2544575507486,19.0,1.0,13.5,19.0,13.682798585221263,13.51803141288309,14.779296608269677,,13.744789786086764,15.255489868317024,14.500139827201895,-1.5107000822302594,13.895859794309793,86.43873209731319,86.36120342314312,91.00818345908296,0.5562058571551302,111.36504014823969,13.744789786004056,13.240828617791545,111.36504014823969,94.4066114257957,21.534298007112685,21.443065603164516,21.51569035260181,21.58739962940087,NAO_35_a137,10.793333333333331,neuage
1,2.0,15.966068840192625,15.97226549787423,16.654623311547823,16.662541743617396,17.37914040621064,17.391903117964908,0.7788694028212926,0.6407682172693903,-7.717119820880841,-1.7664599815615245,19.0,16.810036969174377,16.504339626289823,16.810036969174377,17.914327252067523,73.16575251593468,73.16575251593468,63.8867389568551,19.0,1.0,14.5,19.0,16.948932800117547,16.334528429253936,17.628145095652485,16.334528429253936,14.920487767466833,18.6567428527276,16.788615310097214,-3.736255085260766,15.294113275992906,55.32838075383035,55.10213309747582,61.81408184893906,0.7783346577458415,91.53798641136504,14.92048776731488,13.564911537508996,91.53798641136504,67.85760710949053,16.059295861642994,16.090179122915384,16.090179122915384,15.75046324891909,NAO_35_a139,10.793333333333331,neuage
1,3.0,11.981704483966658,11.981713627451535,13.48641054141546,13.486571315955455,15.10325852366362,15.104349943647955,1.7284522345604247,1.3941840816359912,4.470786904182391,-0.27976663735524,1.0,12.925381052358604,12.925381052358604,12.925381052358604,12.925381052358604,80.97124893131262,80.97124893131262,80.97124893131262,1.0,-1.0,14.5,1.0,,,,,,,,,,,,,,,,,,,11.793162057919854,11.901026345034976,12.044845394521804,12.296528731123752,NAO_36_a141,9.27090909090909,neuage
1,2.0,18.53934474310013,18.62632899563242,19.79538525491548,19.89578217011609,21.02826884068513,21.14357413895408,1.0918506404898338,1.4253945028318251,-5.461397453378873,-5.758377085153119,21.0,14.813611873217267,15.530882694058144,15.993613698316665,18.57800809282591,72.03816648890614,66.91014260002343,57.91840488086138,21.0,1.0,15.5,21.0,19.25458384411803,15.710011141151256,16.099854998008965,19.3411645003404,20.05366065243596,12.519069290728725,16.28636497158234,7.534591361707238,19.30020151626524,67.31104522739767,66.1068830251623,54.06502659806435,0.6868667344090876,59.29586164298952,20.053660652435248,16.272250334479708,59.29586164298952,66.16267243733898,18.90055589870291,18.56084002470661,18.56084002470661,18.43730697961705,NAO_37_a145,10.793333333333331,neuage
1,3.0,10.17211273800515,10.1722925894797,10.97157448250044,10.97159655928942,11.751676757042686,11.751693013968351,0.4725757850248371,1.1068246394638153,-3.361232332046238,0.1149398805537934,0.0,,,,,,,,,,6.5,0.0,,,,,,,,,,,,,,,,,,,10.128054621397906,10.251404016250918,10.445366278443784,10.84002470660902,NAO_37_a147,10.793333333333331,neuage
1,2.0,19.65031581301242,19.72759368978607,20.71629663836753,20.8112055064478,21.749367081273054,21.86328753956684,1.127942117525412,1.007751732255357,-5.697546303363704,-5.474035320755008,22.0,13.018175658006328,12.78698344066484,13.337845206340944,13.337845206340944,87.09027023700301,87.09027023700301,84.24429949518601,22.0,1.0,12.5,22.0,14.927879859567495,14.927879859567495,12.391400064010014,15.276154593158736,15.80528155793029,10.284188735778857,13.044735146854574,5.5210928221514335,15.253172275715148,88.32386783995653,86.99864069229929,72.09564783239621,0.8416185258924335,92.54755834477348,15.805281557922289,12.613060845546377,92.54755834477348,89.92536552811359,19.523435967836832,19.595345492580247,19.73916454206708,19.73916454206708,NAO_38_a149,9.27090909090909,neuage
1,2.0,18.78957966578342,18.79236933709653,19.919308669536186,19.92047560923691,21.05232769846353,21.05248726275326,1.175741834521555,1.0843760911351696,-7.385340771252874,-0.620174787374141,21.0,16.698816788761064,16.65092342748543,16.207850709471643,15.815903790966845,87.38611590128403,88.5029332491909,98.74574873781492,21.0,1.0,15.5,21.0,16.06889688029895,14.989789542822194,18.022268264329423,15.750503274043696,13.138706730818749,21.950506688910828,17.544606709864787,-8.811799958092081,14.019886726627956,63.50980629951928,62.169738891059446,82.44696473551282,0.6212616182656565,115.19905863894884,13.138706730658331,14.292680301228756,115.19905863894884,75.91266856263597,18.912205007517816,18.8402954827744,18.69647643328757,18.66052167091587,NAO_38_a151,9.27090909090909,neuage
1,2.0,19.57305038270251,19.58002776665035,20.558555642383133,20.56435254350215,21.65270050959416,21.65774808505556,0.964584844795402,1.113135473609811,-5.86485072835112,-1.360467773249226,26.0,18.258803402514275,18.317895260247884,18.343445110990217,18.343445110990217,76.68274468198155,73.1752094253606,72.27938770231333,26.0,1.0,15.5,26.0,18.051141023004107,17.455816814780462,18.22042443995599,16.12886453069285,16.475538205221575,20.185333281902864,18.33043574356222,-3.7097950766812886,16.846517712889703,62.3431474971621,62.13298042359185,68.90059829731989,0.7334645871702742,93.20568252007412,16.475538205165094,16.224342397178273,93.20568252007412,69.93803048353095,19.73440395305745,19.61087090796789,19.487337862878324,19.17850525015442,NAO_39_a153,10.793333333333331,neuage
1,2.0,19.695495355903645,19.700143114544076,21.311648194250147,21.31441854800781,22.95139250040861,22.95185561931571,1.9909997009624725,1.260712803809165,-8.271124886546716,-0.923789888277198,31.0,19.13777589884253,18.906805600012444,19.048545603272544,19.366161689597103,76.0001149062835,76.47185849007569,71.6045336446475,31.0,1.0,16.5,31.0,18.384714380298703,15.77115136970852,19.04176609291798,18.508459755827715,14.882826534185886,22.807976704772955,18.84540161947942,-7.925150170587068,15.675341551244593,61.70532820846114,60.79943139256116,76.46368725302803,0.7449491709443128,117.47992588017296,14.882826534123383,15.581062161134096,117.47992588017296,73.11640419051234,19.518221124150717,19.518221124150717,19.64175416924028,19.549104385423103,NAO_39_a155,10.793333333333331,neuage
1,2.0,20.123305133794425,20.230747687076786,21.116878292660903,21.232182106294232,22.08704273439668,22.2234820117256,0.9993678116819888,0.9933665129668314,-7.495098408234475,-5.973912914815909,25.0,13.64506445963272,13.480767910216224,13.605425733482916,13.64506445963272,90.7934560708149,90.99629805523628,90.7934560708149,25.0,1.0,12.5,25.0,12.781248654977787,11.773417319311022,14.3004558068221,11.65925714289932,10.926454697799478,16.64506287060217,13.785758784200825,-5.718608172802694,11.498315515079746,85.53657026202833,84.30553102421044,105.98504387059876,0.7959983078764475,108.51147283781135,10.926454697760631,12.91504933857224,108.51147283781135,89.88271839839858,20.206576452899267,20.17062169052756,20.27848597764268,20.27848597764268,NAO_4_a13,9.27090909090909,neuage
1,2.0,15.02520377495198,15.025587079272508,15.492137359001005,15.493195585689891,15.98980213815265,15.991538221089614,0.6915690990383767,0.2743820427787311,-4.6125485855352135,0.669667088684464,22.0,11.366157297497622,11.569695878529773,13.308828228098662,13.35206297088112,99.3164665455107,86.19554382950435,86.19554382950435,22.0,1.0,10.5,22.0,10.67929889363927,10.460370895899388,12.848370090548173,10.460370895899388,8.652622716272628,13.717144094007532,11.18488340514008,-5.064521377734904,9.159074854046118,78.78180667079312,77.42345409438717,99.82662303757304,0.7234827199299272,145.26315789473682,8.65262271617162,8.985738827746781,145.26315789473682,96.15461032453966,15.0370291545874,14.92892592185292,15.069791746146622,15.173299101412066,NAO_4_a15,12.983333333333334,neuage
1,2.0,14.64416351069884,14.674250700757195,15.361924657389274,15.398777966273874,16.059243683744295,16.104792343246352,0.5858680259918513,0.8446736164973052,-6.640513607849228,-3.964782779686149,28.0,15.260749974907723,15.056141090055654,15.074750238677352,14.893640329526022,62.75073811115738,64.3530310938085,69.55641046479974,28.0,1.0,13.5,28.0,14.73816870070985,14.73816870070985,16.246590349330035,14.73816870070985,14.066435634747894,16.000482541939903,15.033459088343898,-1.9340469071920088,14.259840325467096,56.428818748712,56.351675926612586,60.13932412734158,0.6986234174648733,63.37245213094504,14.06643563472062,13.625763374885569,63.37245213094504,62.04569341933538,14.537956948309516,14.731315626930206,14.638665843113037,14.268066707844351,NAO_40_a157,10.793333333333331,neuage
1,2.0,14.932529855925765,14.933142056450643,15.671212865183724,15.671662762002727,16.39723558453874,16.397415600200603,0.5158106076971446,0.9484629360528136,-0.0418169281449207,0.4341477870846494,22.0,13.28472656534187,12.967356549542988,13.250702259596608,12.669864790991454,67.13636390207067,67.35709139012556,70.15114544774052,22.0,1.0,10.5,22.0,13.17452380510224,12.659460991723307,13.323266137454285,12.659460991723307,12.71763642685412,13.906311191356831,13.311973809105474,-1.1886747645027131,12.83650390330439,64.89774707440007,64.85492895047436,67.8323326607995,0.7252504623915396,72.24646983311938,12.717636426846514,12.99537719594173,72.24646983311938,66.40675558200164,15.01925545571245,14.96790757381258,14.96790757381258,15.096277278562258,NAO_40_a159,12.983333333333334,neuage
1,4.0,23.71614570301938,23.71637208753277,24.730871899128605,24.73150697881977,25.854109277973777,25.85968995648443,1.17144853326236,0.9718693356893026,-1.821441424015492,0.4106079766561845,22.0,9.491541596690183,9.25587278146742,9.073153884263434,8.771331410770017,154.06803055833126,167.41818414981287,181.44842861572252,22.0,1.0,7.5,22.0,9.38294003848867,9.081117564995251,7.46187576752078,9.081117564995251,9.736598990867623,9.557578484210202,9.647088737538914,0.1790205066574225,9.718696940201882,141.49698652119503,141.49293984759396,140.20454386398157,0.4989999103341653,171.28848793881156,9.736598990803085,8.706646953625167,171.28848793881156,156.63863009599393,23.77155918395395,23.804666005781595,23.7564971331965,23.73014316532654,NAO_41_a161,9.27090909090909,neuage
1,3.0,18.936500237183417,18.936512273021886,19.58732346106486,19.58854728684936,20.246879324100146,20.25055485085917,0.3087718917067195,1.0052706861305662,-7.637491106878488,-0.6404696818546634,19.0,14.915255301888209,14.632788627439094,14.74697638728847,14.74697638728847,127.3929297923858,130.02815461797348,123.50965267109464,19.0,1.0,14.5,19.0,14.445542415141093,14.808213403616264,18.051306530970805,14.808213403616264,13.01277055778836,18.15511938587763,15.583944971832995,-5.142348828089269,13.527005440597286,70.9678110187446,70.32599103157234,83.90647420616722,0.4615356011072745,143.2437732888802,13.012770557534749,11.76688041309558,143.2437732888802,92.6448018672842,18.75434418000376,18.89933882469017,18.97270770899169,19.297164276713747,NAO_41_a163,9.27090909090909,neuage
1,2.0,20.507643750937945,20.59305824376463,21.639694684196325,21.742553090664995,22.837071058176747,22.9573220184681,0.7739006478638805,1.5903631268395872,-2.4464182235732514,-5.575369005827223,32.0,12.557294379975872,12.84177129692594,12.46060846522616,12.46060846522616,86.12833086741861,85.83248401807255,85.83248401807255,32.0,1.0,12.5,32.0,13.199392138729904,14.204094496575408,12.580547067471628,16.405376915132848,13.414962595318526,12.124819200153484,12.769890897736005,1.2901433951650405,13.285948255802024,93.02970555218124,92.9510649480182,88.55759738892527,0.7759567973337325,77.87801529711709,13.41496259536964,14.09684898348054,77.87801529711709,84.35454362297155,20.781852650846574,20.673988363731453,20.566124076616333,20.3863502647578,NAO_42_a165,9.27090909090909,neuage
1,3.0,19.021695750496026,19.02900306870674,20.38204197525995,20.392353394322186,21.780639908715628,21.792954566065696,1.5143576994749843,1.2495937978839708,4.636232919147943,-1.8221388854167704,21.0,8.036610564383665,8.481984549082261,8.712621521747764,9.103277585751584,91.44373704825678,90.6779728443655,90.6779728443655,21.0,1.0,6.5,21.0,9.205969813805863,9.205969813805863,8.773295124007376,9.596625877809686,9.747798899172624,8.286210965377746,9.017004932275183,1.461587933794877,9.601640105793136,121.65039140403844,121.38432387424218,112.36246400658094,0.7722543230844747,82.6240439301824,9.747798899259571,11.882396098017708,82.6240439301824,92.39410831213704,18.804340720402696,18.98411453226123,19.12793358174806,19.30770739360659,NAO_42_a167,9.27090909090909,neuage
1,3.0,19.888374224436603,19.89201667426321,20.69462827651958,20.700482090652823,21.49760189430549,21.50557470120173,0.7786492763533049,0.8349087505852154,-8.259647356758592,-1.3626273438581655,23.0,14.942311012267057,15.342738174589597,15.065827588507204,15.51511998183264,116.16851942015658,109.73036514933322,100.29345585618006,23.0,1.0,14.5,23.0,15.154608523349369,14.55707010980916,16.5580219195445,14.454522547263023,13.585323054669754,18.603724824154835,16.094523939412294,-5.01840176948508,14.087163231618264,72.08580476500336,71.50461155293908,84.39033828002681,0.5258177638206858,146.01605929586168,13.58532305456482,12.406792672986558,146.01605929586168,92.2625441192029,19.93935173419189,20.138133985740637,19.80447550311785,19.45645460160593,NAO_43_a169,10.793333333333331,neuage
1,2.0,17.15841920238244,17.165088112303764,18.220165063728057,18.221582348907894,19.30907206265412,19.309152993329494,1.34628508601236,0.7977797950133737,-8.395378765698954,-0.7146214110605665,30.0,15.438738953009905,15.468746225039768,15.77493413565125,16.157130240088975,94.0209661744966,84.65557395330984,81.19037290391786,30.0,1.0,14.5,30.0,15.374029179576668,14.262629360647566,16.108520052469203,16.54337276285557,14.698641969426236,16.98372696314515,15.841184466285693,-2.285084993718911,14.927150468798128,62.74949170104775,62.64174069897054,67.39089579527237,0.6882961927912126,138.04817788758496,14.698641969355194,12.42538351755571,138.04817788758496,79.47013678509369,17.09644715953714,17.126152489298203,17.201976528721435,17.140210006176655,NAO_43_a171,10.793333333333331,neuage
1,3.0,6.861302302348927,6.861360763978958,7.731619126165053,7.731646582726578,8.549640033536365,8.550252508374879,0.4857137577901385,1.2031779866057826,-1.0612872153258373,0.1526950068697893,0.0,,,,,,,,,,,0.0,,,,,,,,,,,,,,,,,,,6.764762344601587,6.822321744223506,6.878733746684641,6.763434218653491,NAO_44_a175,10.793333333333331,neuage
1,2.0,17.03815756886462,17.121804056483775,18.137282571791467,18.218298706636048,19.23492542218353,19.30803535955697,1.2301342554953465,0.9560970475778536,-8.928551031319058,-5.40543380462635,30.0,13.1299508812221,12.996971138426163,12.131758036222353,12.10399903858078,89.47439618907771,97.033662878282,108.6631441899046,30.0,1.0,12.5,30.0,11.967118268170054,12.098553058864155,14.132241109748604,12.098553058864155,10.330654440059025,14.669172015415652,12.49991322773734,-4.338517575356627,10.764506197594688,79.26397893114442,78.4669125811477,94.70454422966368,0.7605647306592025,111.17974058060534,10.33065444002067,10.871276682116578,111.17974058060534,90.04744884773426,16.924027177269924,17.17109326744905,17.232859789993828,17.047560222359486,NAO_45_a177,10.793333333333331,neuage
1,3.0,17.54890672621503,17.58201656787971,18.36526802788412,18.39927364145945,19.22204939329324,19.257013812190824,0.8311182762870802,0.8438789680240293,-2.8858916025775057,-3.484010940551049,27.0,13.41204060662642,13.352468387337762,13.598308620952992,13.598308620952992,72.92458738511746,72.0759142617653,72.0759142617653,27.0,1.0,11.5,27.0,14.172403099475416,14.172403099475416,13.102804213611876,14.172403099475416,15.424882609492055,11.89593480804979,13.660408708770923,3.528947801442268,15.07198782934783,74.7297182372651,74.3155704755176,65.9869578603134,0.7018174367673986,72.4521309450278,15.4248826094949,13.766125009051974,72.4521309450278,73.75576554551022,17.47992588017295,17.57257566399012,17.51080914144534,17.232859789993828,NAO_45_a179,10.793333333333331,neuage
1,3.0,8.75513003271798,8.75514337547423,9.42628956533532,9.426388917940528,10.10570453758349,10.106252687251986,0.1911675223444114,1.1599417894333448,-6.729782334649947,0.2630600900432989,0.0,,,,,,,,,,0.5,0.0,,,,,,,,,,,,,,,,,,,8.679133511105533,8.739120755955167,8.7368562207068,8.833203866852674,NAO_46_a181,10.793333333333331,neuage
1,4.0,18.36359554643165,18.36370113103286,19.342272422332424,19.342351846792717,20.357434629984706,20.35747135654373,1.1028147109377828,0.8909555145730826,-7.64084314346344,0.1641951313741904,32.0,13.706537807596106,13.992173326683355,14.557763564397815,14.557763564397815,126.5620695733756,130.7988874327354,136.50603506228683,32.0,1.0,12.5,32.0,14.513701923082492,14.513701923082492,13.257570697465724,14.513701923082492,13.533896077055118,15.08146921558636,14.30768264632074,-1.547573138531241,13.688653390908245,74.22496474843517,74.1531857118271,78.30678313599032,0.662581123286781,143.7227214377407,13.89637059006144,10.1327071379429,142.95250320924262,104.16378110889067,18.2798459563543,18.408215661103977,18.433889602053917,18.562259306803597,NAO_46_a183,12.983333333333334,neuage
1,3.0,33.544834450694744,33.55178942961707,34.60721824308222,34.608361102798085,35.623484765028415,35.66089345147309,0.5885915916428878,1.520512430213144,-12.697799976285674,0.4656340927981377,24.0,16.7424596587814,16.663434551620885,17.001966440712295,18.198627632003596,229.5533162250245,224.0170168749084,224.0170168749084,24.0,1.0,16.5,24.0,17.606704249797986,17.294677591700548,16.733113706059896,18.07208223082065,17.535617700014186,16.987012239705873,17.26131496986003,0.5486054603083136,17.480757153983355,112.21921435881188,112.20989348156532,110.5085088464765,0.7499792815052333,347.5261955068777,18.01773778457532,11.04576435708934,343.82648441205646,173.78537362752178,33.62834271337924,33.648522124117726,33.502939358659255,33.42072355655211,NAO_47_a185,8.108741258741258,neuage
1,4.0,7.579350842631182,7.579396393208593,8.693167251593827,8.693255358568281,9.87009282337488,9.871177596488778,1.3325034088884546,0.9592777943917304,-3.609304983675557,-0.257959735292914,0.0,,,,,,,,,,16.5,0.0,,,,,,,,,,,,,,,,,,,7.728285398071091,7.604961694910382,7.563853793856813,7.399422189642534,NAO_47_a187,8.108741258741258,neuage
1,3.0,9.455604561136512,9.455615004574993,10.309375287781236,10.309406299637606,11.144664314235964,11.14487921150475,0.8283776387448388,0.8608865681849165,-2.464040442770023,-0.1405350955152091,0.0,,,,,,,,,,2.5,0.0,,,,,,,,,,,,,,,,,,,9.635876315617445,9.52801202850232,9.348238216643788,9.492057266130615,NAO_48_a189,9.27090909090909,neuage
1,3.0,25.142533130142127,25.143840319722457,25.8546922238927,25.854913074747955,26.612594115392973,26.61261223665125,0.6357730784526742,0.8329988384761123,-5.80374731713884,0.2368186718330362,25.0,12.776775128578464,12.231633487941968,12.822529373233948,12.98707373232071,174.25097311811754,171.75411282146354,171.46595169290006,25.0,1.0,11.5,25.0,12.794846008712682,12.794846008712682,12.049910928492665,12.494993614583676,14.26785027621716,10.448752612011136,12.358301444114147,3.8190976642060224,13.885940509796557,118.30220078063502,117.36058851022364,101.91723945765683,0.7073850751292456,212.16800494132184,12.274576647507937,9.933487749156134,239.40704138357012,145.6077287409074,25.209136251874924,25.136662243990923,25.185201872881372,25.293390982087715,NAO_48_a191,10.793333333333331,neuage
1,2.0,20.04382042586495,20.04554177051509,21.499722415685397,21.500301041524835,23.13978873416863,23.139798623598278,2.055696531379009,1.038560321704171,-13.53973464179869,-0.4203540593485778,0.0,,,,,,,,,,5.5,0.0,,,,,,,,,,,,,,,,,,,20.225087318356263,20.019547813088412,19.978439912034844,19.978439912034844,NAO_49_a193,8.108741258741258,neuage
1,3.0,12.765543144912453,12.76557408861967,13.777364405550074,13.777635429539089,14.867045041045149,14.868493314117652,1.051790011789073,1.0511292137089054,-7.410327070375412,0.3593807944145615,0.0,,,,,,,,,,0.5,0.0,,,,,,,,,,,,,,,,,,,12.661233524499448,12.784557227660155,12.825665128713728,12.825665128713728,NAO_49_a195,8.108741258741258,neuage
1,3.0,13.579020931807396,13.579025725657488,14.739150335154156,14.739157617046638,15.934076977488427,15.934284637210972,1.269809760980867,1.0854491505726154,-4.16891749705809,0.0569538972813207,1.0,6.836867490340097,6.836867490340097,6.836867490340097,6.836867490340097,84.30314076067633,84.30314076067633,84.30314076067633,1.0,-1.0,1.5,1.0,,,,,,,,,,,,,,,,,,,13.557751698579374,13.650401482396544,13.712168004941324,13.526868437306982,NAO_5_a17,10.793333333333331,neuage
1,3.0,15.881686292397204,15.883670199858482,17.097288133211485,17.098224214947827,18.381723925404227,18.38407949340147,1.359897979933724,1.1405113136092613,-0.63491151472049,-0.5995439069280261,23.0,11.234794115158962,12.046034148212293,12.207289041435956,10.94298763053962,79.7592085977495,73.5378501891456,81.7868693576185,23.0,1.0,9.5,23.0,12.44121128851782,14.513761508458373,11.468716362240826,14.538515214996806,12.053639492063688,12.63865761439886,12.346148553231274,-0.5850181223351718,12.112141304297204,74.29109683095825,74.27728252478079,76.05214401587337,0.7536371580229648,90.61148857319334,12.053639492064104,12.364522301169876,90.61148857319334,74.16862102460382,15.935762816553432,15.90487955528104,15.75046324891909,15.657813465101915,NAO_50_a197,10.793333333333331,neuage
1,3.0,19.15329236959283,19.15443148225419,20.460446452919705,20.463639197393785,21.703245234376777,21.709021509653347,1.367607496377783,1.1869825310213753,-1.1042572228943417,1.0121244654854125,20.0,12.31306754880113,12.389214327728943,12.114609617855194,12.114609617855194,98.4959071540674,100.64731401778272,103.48819523147718,20.0,1.0,11.5,20.0,12.38284712962647,12.36354085255607,14.267801832773811,13.138226975581546,10.899240285606924,16.509196973633355,13.70421862962014,-5.609956688026431,11.460235954409566,81.99738005261166,80.84837720046858,101.29848595711688,0.608366604524441,116.7387276096356,10.89924028556611,12.600715438987995,116.7387276096356,87.79870097308513,19.2402717726992,19.2402717726992,19.271155033971592,19.549104385423103,NAO_50_a199,10.793333333333331,neuage
1,3.0,24.38031268303156,24.38043933131213,25.16148581358597,25.161486041025874,25.97066917057872,25.97078159513817,0.9163239322807342,0.6740183315453073,1.097643205944668,-0.0077037614411542,22.0,8.676226926896845,8.882307955960377,9.70876546982626,10.970583731931155,143.56157475428566,140.7426042087425,120.04972061808024,22.0,1.0,8.5,22.0,10.110207155439326,8.987185617814788,7.327563585372133,8.573807317866908,9.953666940401796,6.462860815165562,8.20826387778368,3.490806125236236,9.604586327878174,173.39766203782878,170.75732918898046,141.04175119452583,0.6124777486992641,128.9684990735022,9.953666940430494,8.943839560536148,128.9684990735022,156.8141558089188,24.250431334383123,24.428659666460785,24.45954292773317,24.922791846819027,NAO_51_a201,10.793333333333331,neuage
1,3.0,17.618526552512858,17.62431011220576,18.433597479335106,18.439745191652047,19.298989813516556,19.30749775614827,0.6437633893883067,1.0394242545542085,-0.942264258429445,-1.4795478233566646,23.0,11.859531779401864,11.863554917950829,11.643731735917584,11.557253764725743,83.38537788325006,84.04271863307518,85.85579838188427,23.0,1.0,10.5,23.0,11.89975124294645,11.89975124294645,11.81327327175461,12.849541550676465,11.819844402711766,12.42916227255992,12.124503337635842,-0.6093178698481536,11.88077618969658,83.90546294258446,83.88790833714414,86.0181800386127,0.6937293492300349,87.09079678814085,11.819844402715876,12.259302303920531,87.09079678814085,82.97939448448261,17.60345892526251,17.51080914144534,17.66522544780729,17.974058060531195,NAO_51_a203,10.793333333333331,neuage
1,2.0,19.032721363514632,19.04081406190933,20.285492979069843,20.29404842050465,21.540442126427383,21.549127403866898,0.971183797410214,1.537129544547355,-3.5327452300785214,-1.6637564568506664,18.0,12.833458125700318,13.204928916561824,13.03550657166116,14.052965387442184,97.28573884889768,92.82448657296564,86.81501005351494,18.0,1.0,11.5,18.0,13.348041464696536,13.96053597024627,13.308353344089396,12.957323678678309,13.714754676187598,13.097179484664569,13.405967080426084,0.617575191523029,13.652997157035294,82.04649397710754,82.03209357465727,80.21936940457556,0.7966838463055794,106.30503212453108,13.714754676137424,12.33844118663898,106.30503212453108,89.00484110064554,18.82741868253489,18.991850286749173,19.15628189096345,19.238497693070588,NAO_52_a205,8.108741258741258,neuage
1,3.0,12.039773490474085,12.039978694918055,13.142492415275914,13.14256376483142,14.2525061276154,14.252506127656348,0.9701364021754862,1.2423910305628036,-8.000257697130277,0.188796272812148,11.0,10.191785188048785,10.898028872866671,11.058883418865292,11.058883418865292,149.07107277559604,176.03156824710706,176.03156824710706,11.0,1.0,11.5,11.0,10.111840214022491,10.111840214022491,12.826913897371782,10.978938444839002,8.646387376014019,15.14755009990204,11.89696873795803,-6.501162723888023,9.29650364840282,59.7855187912576,58.275364595756734,79.91181697577136,0.6629364454773665,192.6316243370273,8.64638737579113,7.769553654905256,192.6316243370273,88.86521874488754,12.003507107642331,12.003507107642331,12.126830810803042,12.085722909749473,NAO_52_a207,8.108741258741258,neuage
1,3.0,24.563815786984403,24.76622916342758,25.304961016493493,25.55047880901129,26.15568585805424,26.422936186458124,0.6684480034763265,0.9882590195542148,-7.224440468015345,-7.949283288112657,17.0,19.17981392344825,19.632259488165865,20.71572056221117,20.781039410309745,74.2586950827588,68.41226072852263,68.12738650978581,17.0,1.0,18.5,17.0,19.339008036459063,21.369693422206723,21.255997501650228,21.369693422206723,19.380521247966765,21.759108222612703,20.569814735289736,-2.3785869746459407,19.61837994543136,69.96018142646831,69.88364667944873,73.99191810985731,0.7493945379460717,75.72072955481468,19.380521247956707,20.385280442631124,75.72072955481468,70.48897168012076,24.8543941195726,24.808752786104726,24.723578733022222,24.621284703768563,NAO_53_a209,9.27090909090909,neuage
1,2.0,25.648443923267557,25.663244320459796,26.91455450324742,26.93096748384927,28.328515994961204,28.343110090132008,1.5062641608255822,1.1736016088466286,-11.221810317435438,-2.0004487964518307,20.0,24.13149343116868,25.24803483726725,24.87811464250004,25.39325762003844,74.62632828559003,71.01333154121497,67.55462908165866,20.0,1.0,22.5,20.0,25.05216424898936,23.771191932517468,25.56730722652776,21.32543785860335,23.57706588426215,26.09973822917082,24.83840205671649,-2.5226723449086714,23.829333118753016,60.73134545685897,60.68055005268811,63.72657862442326,0.6605790024390672,105.7070013728182,23.57706588373112,20.11346442028021,105.7070013728182,74.12315284386233,26.031247957115777,25.88742890762895,25.599790808655296,26.211021768974312,NAO_53_a211,9.27090909090909,neuage
1,2.0,10.506421587421498,10.507102860786102,11.607823568711614,11.607844905375575,12.74447952373083,12.745395540614174,1.0319123808556367,1.2063802989724342,-6.178323237755472,-0.1098563478951368,0.0,,,,,,,,,,0.5,0.0,,,,,,,,,,,,,,,,,,,10.555268581733156,10.570700137281822,10.498790612538407,10.462835850166702,NAO_54_a213,9.27090909090909,neuage
1,3.0,7.097175749475889,7.097253418946556,7.896564915049835,7.896567220738591,8.714947223794956,8.71500262854783,0.6888130659506511,0.9289361436506246,-3.2208612845445503,-0.0437843405557219,0.0,,,,,,,,,,1.5,0.0,,,,,,,,,,,,,,,,,,,7.047133424854547,7.154997711969668,7.154997711969668,7.334771523828203,NAO_54_a215,9.27090909090909,neuage
1,2.0,19.89851072929739,19.92330108651175,21.039757869229117,21.067374063707543,22.22150641052004,22.258658391165884,1.1320090191708256,1.2033482854833109,-2.2191895021010164,-2.934011393002118,18.0,14.821299220388156,15.608983453417563,15.733746268711826,16.37635419923734,78.01577086690855,74.59483477649098,70.41222480337991,18.0,1.0,14.5,18.0,16.03118627110294,16.52966363763855,14.453817818436876,17.17941195395784,17.11674434005133,13.070415866986972,15.093580103519152,4.046328473064359,16.712111492744896,76.90443173367156,76.44621087202923,67.63501320201367,0.7598752190232378,72.7005295155913,17.116744340066408,15.585836494137876,72.7005295155913,74.08882392396484,20.026802641040728,19.95489311629732,19.8470288291822,19.523435967836832,NAO_55_a217,9.27090909090909,neuage
1,2.0,20.35893857230965,20.36419482506661,21.455263023603766,21.46067378126112,22.56746354817261,22.57325965696599,0.9936710036781038,1.2153938282212773,-9.340027448017162,-1.2866313234100804,22.0,21.808492289908003,21.56302901284754,21.79426758151186,21.45486277642928,70.6090044086769,70.93668800101305,71.56011584626886,22.0,1.0,20.5,22.0,21.465828867060395,21.105592345657783,21.8572131275333,21.105592345657783,20.052047770824824,22.940323605617596,21.496185688221207,-2.888275834792769,20.3408753543041,55.414940103445566,55.33321179961981,59.13625669970495,0.778175106186936,99.23514414591098,20.05204777073174,17.47159971554833,99.23514414591098,67.53508404042954,20.27848597764268,20.422305027129507,20.3863502647578,20.3863502647578,NAO_55_a219,9.27090909090909,neuage
1,3.0,6.01457426327359,6.015667378646203,6.3441647956467415,6.344308086392428,6.703566233070593,6.707200220428798,0.1589102367278422,0.532622605054752,-2.679039682268359,0.3850839223094731,0.0,,,,,,,,,,,0.0,,,,,,,,,,,,,,,,,,,5.829837430916907,5.964300845484939,6.128775417279777,6.488210590578879,NAO_56_a221,12.983333333333334,neuage
1,2.0,16.5775500705083,16.577708006853346,17.602569581085564,17.603701521070185,18.65643353613099,18.6578152514219,1.3023811767117313,0.7777260678568259,-2.4614143005017746,0.6497550444218992,22.0,7.69716325451202,7.449204196511668,7.905546299436509,8.775288337732064,157.34328290460795,162.47456521644975,143.31912205210358,22.0,1.0,6.5,22.0,7.904860226847035,8.516843014828993,7.649748525536779,8.77460226514259,7.876520886268402,6.426609943839442,7.1515654150539225,1.4499109424289602,7.731529792025507,133.5936318397931,133.13537382711908,120.94854315290416,0.5230784443309726,174.68549422336326,7.876520886228935,5.796150413684823,174.68549422336326,164.1223203796942,16.662387676508345,16.662387676508345,16.53401797175866,16.79075738125802,NAO_56_a223,12.983333333333334,neuage
1,3.0,25.646590493140096,25.64715130944216,26.92399010220537,26.92467180330325,28.298242301433984,28.298695532548003,1.4299788189769786,1.2215654041288608,-6.901993552330775,-0.4077184215288104,19.0,15.28163301537478,14.764579962473322,15.28163301537478,14.04955599146004,153.95565696528067,157.76941666968057,157.76941666968057,19.0,1.0,13.5,19.0,13.946046517272464,15.223480994472254,16.328159967343396,15.223480994472254,14.335056486461763,13.951535944884489,14.143296215673123,0.3835205415772769,14.296704432304036,104.78601955959375,104.77965396686056,103.4067995653035,0.4798854764037955,196.97344039530577,14.335056486351952,11.147681009569803,196.97344039530577,132.4241103928956,25.54045707226684,25.602223594811612,25.6639901173564,25.756639901173568,NAO_57_a225,10.793333333333331,neuage
1,3.0,20.898809868575636,20.898924483585382,22.02501235500716,22.02502787137161,23.18382924743584,23.18383174798901,1.4302539457875652,0.8546533186160666,-8.098822973647842,-0.0680102557994099,32.0,13.175217968177805,12.88950431574384,13.187891200975912,13.162544735379695,138.93720930336548,139.29136454259222,132.27323823378256,32.0,1.0,12.5,32.0,14.099514717259725,14.099514717259725,13.031407712300336,13.00606124670415,13.483749280014322,11.576148596607045,12.529948938310683,1.9076006834072805,13.292989211673596,96.2732001172548,96.0881807981966,89.40412781679046,0.66651764866358,210.3150092649784,13.4084030693522,8.707621521437408,210.87090796788144,137.69736067473502,20.969734403953066,20.90796788140828,20.938851142680672,21.12415071031501,NAO_57_a227,10.793333333333331,neuage
1,3.0,12.631337025751757,12.631370361090912,13.69517239801569,13.69529359892164,14.826634456895324,14.826845985265894,0.8871095287886261,1.3083660953863554,-6.558093184564228,-0.2410489311251525,0.0,,,,,,,,,,6.5,0.0,,,,,,,,,,,,,,,,,,,12.799895404327648,12.799895404327648,12.548212067725698,12.512257305353993,NAO_58_a229,9.27090909090909,neuage
1,3.0,16.30767253952547,16.30957911133985,17.168915924870966,17.17132476819506,17.889381029024474,17.893015590981772,0.8571504790005519,0.7262860006413674,-9.065017675905338,0.9597211881681448,27.0,16.65702859832811,16.164679595986946,16.65702859832811,16.927260810160874,92.46493483963688,92.46493483963688,81.57053584587415,27.0,1.0,16.5,27.0,14.631549243034414,14.631549243034414,16.37706677598743,,15.755469767806352,15.544545937052334,15.650007852429342,0.2109238307540172,15.73437738473095,60.32613113512642,60.325227849152206,59.93155832220042,0.7286259883743039,148.79555281037682,15.75546976764474,10.954552700592057,148.79555281037682,85.63558198407216,16.605520293539165,16.50824680645963,16.275478690549726,16.6769610870908,NAO_58_a231,10.793333333333331,neuage
1,2.0,22.333688138214196,22.360196040214543,23.51455789260909,23.532743145326727,24.693613817362795,24.705918207707057,1.2603708742064097,1.0853512932861025,-5.121770072144832,-2.2526254920219757,28.0,14.83271196110904,14.985379647868465,15.233393249709138,15.673138300719046,95.71142842994476,90.90293127911958,89.04281177293439,28.0,1.0,12.5,28.0,16.14488889175226,16.48531749815905,15.462358338206514,16.14488889175226,16.45457977563023,13.681762566997438,15.068171171313834,2.772817208632792,16.17729805476695,86.0336369829913,85.7927246175201,78.73951407380231,0.7077502610225362,113.90468719356738,16.454579775598916,13.772802582256144,113.90468719356738,93.68313907547991,22.615545531803622,22.4717264823168,22.22004314571485,21.89645028436949,NAO_59_a235,9.27090909090909,neuage
1,2.0,20.13572176563836,20.141634916917678,21.184346897713308,21.19306891526245,22.23398444179826,22.253646886015098,1.0117455348939155,1.100266434203507,-2.03134612288666,-1.6438571644074895,21.0,11.525448709138232,11.986138934242968,11.564093829129831,12.62058701190091,103.57994337902444,102.58799149259475,95.28227227911133,21.0,1.0,10.5,21.0,12.702619742354017,13.768866013560086,11.237236260257871,17.43301104135267,13.652292734898944,10.261608697366132,11.956950716132535,3.390684037532811,13.313224331145662,97.8294989433846,97.17420570882976,85.29554527854985,0.7399390751269189,96.72637430512664,13.652292734883767,11.594454553374884,96.72637430512664,100.1687710047576,20.16676961087091,20.07411982705374,20.13588634959852,20.01235330450896,NAO_6_a21,10.793333333333331,neuage
1,2.0,20.08646284353891,20.09036649771373,21.19215667491242,21.194807612225503,22.35050520792272,22.352079702433123,1.193182257741339,1.068530946978049,-6.71112536443397,-0.9062064450189892,26.0,18.701967699703246,18.31504723861785,18.684653477994942,18.684653477994942,73.50633920867263,73.01979104060554,71.41336437664751,26.0,1.0,16.5,26.0,18.340404400995737,18.340404400995737,19.621901361521797,18.340404400995737,17.879390828283316,19.86577812914288,18.8725844787131,-1.9863873008595647,18.078029558369277,62.00290818250507,61.94654500562118,65.2657517561183,0.6943393990845113,97.28227300802966,17.879390828190775,15.845393997458055,97.28227300802966,73.38608330660132,20.30459984275008,20.141366933842377,20.10500308832613,20.10500308832613,NAO_6_a23,10.793333333333331,neuage
1,3.0,17.112283198867456,17.112284431795995,18.311953043936747,18.3119778685294,19.55082398782116,19.55085220854473,1.5847677660664363,0.8538000106823049,-13.34198986631633,-0.0943433117503267,0.0,,,,,,,,,,0.5,0.0,,,,,,,,,,,,,,,,,,,17.330195463162713,17.222331176047593,17.042557364189058,16.934693077073938,NAO_60_a237,9.27090909090909,neuage
1,3.0,12.05117550917512,12.051257286458103,13.180167059683985,13.180206128247512,14.370699914186083,14.370706553490413,1.629873026287178,0.6895762407451326,-3.157665159971469,0.1395051877883829,2.0,14.516555599805272,14.143968235386454,11.283141285591086,14.516555599805272,43.57951923399803,52.613363058749286,43.57951923399803,2.0,-1.0,10.5,2.0,17.725699476005985,,11.258870847577612,,,,,,,,,,0.2017345720742807,,,,,,12.116754919265215,12.08080015689351,11.936981107406684,11.757207295548149,NAO_60_a239,9.27090909090909,neuage
1,3.0,17.597648053608566,17.641391153904397,18.522858089706915,18.5623424989624,19.403844736464425,19.443230413590246,0.7155144862697103,1.086324773416138,-5.09588234389136,-3.73775709885078,20.0,13.045780580698434,12.746492827700598,12.88629884552941,12.88629884552941,83.27693641101294,85.35430761066816,85.40042456036221,20.0,1.0,12.5,20.0,12.684053595665574,13.010389271287806,15.912787787033182,13.010389271287806,11.46531358073683,18.624659363953903,15.044986472345366,-7.1593457832170735,12.181248159058535,69.05093106302236,67.74040725740188,88.46136160965422,0.7629811660627893,86.53489808523781,11.465313580714184,14.452835686204525,86.53489808523781,70.45303303168318,17.66160488284435,17.704803886999898,17.765434012432603,18.066707844348368,NAO_61_a241,10.793333333333331,neuage
1,2.0,23.30787576663844,23.35789577872233,24.62308780172136,24.676462976751115,25.886862475048407,25.945459468607197,1.1824484984471906,1.4051151914376676,-7.574214005487575,-3.769156272430617,20.0,20.074371440226784,19.63279031469549,19.80856240204281,18.84292635504579,74.97429229137758,76.38821610210937,77.81323684790404,20.0,1.0,17.5,20.0,21.222688396668985,21.29839338195072,18.06375877417977,19.954142946870405,22.0874747199121,16.405458836054468,19.246466777983287,5.682015883857635,21.51927313152634,71.04794250159411,70.53748034681026,61.835368207857705,0.7189076824115223,79.81957246518927,22.087474719856846,17.524515705377304,79.81957246518927,77.21810511212804,23.298686016866057,23.334640779237763,23.442505066352883,23.298686016866057,NAO_62_a245,9.27090909090909,neuage
1,2.0,17.62900031327596,17.632325937323298,18.711244335187708,18.71304354283258,19.804610578192907,19.805276808747752,1.0443427435093864,1.1286081279150728,-12.008223765425113,-0.7945286091943377,17.0,20.127188355683728,20.779938590993275,20.801820551948797,20.801820551948797,78.7858702225378,76.46516666052479,76.46516666052479,17.0,1.0,18.5,17.0,20.704307290284987,21.80305815654114,19.52619500052404,21.80305815654114,23.78508506852661,17.038779553764147,20.411932311145375,6.746305514762463,23.110454517050364,50.686126774730745,50.2299834311359,43.43730193227829,0.5083707846834227,90.82172975093157,23.785085068097835,15.012988734361848,90.82172975093157,67.62935097062545,17.402104987906128,17.761652611623195,17.653788324508074,18.013335948225144,NAO_62_a247,9.27090909090909,neuage
1,2.0,20.02669022312101,20.02669481099841,20.9023585982912,20.902413226004107,21.800808000989765,21.800991847476038,0.7686378592229896,1.0056591772546315,-2.9346394449314737,-0.1309923759288299,24.0,14.747662771707652,14.34626253898176,14.887710072686218,14.607615470729089,88.41185920894864,88.41185920894864,88.61530511699543,24.0,1.0,13.5,24.0,15.546314332917548,16.024651626525895,14.152630595375513,16.396110372216924,16.94104561062994,12.0766873123761,14.50886646150302,4.86435829825384,16.454609780804557,80.66537702641898,79.91091711146274,68.7059791046327,0.6900109239265927,91.16738727609638,16.941045610570328,13.073622254773,91.16738727609638,88.50491750627728,20.352069178505253,20.16676961087091,19.98147004323657,19.91970352069179,NAO_63_a249,10.793333333333331,neuage
1,2.0,20.081074082074995,20.08441811542174,21.556895550345907,21.55854785966421,23.04177214006811,23.042095581364823,1.4660908497122835,1.4915866162308036,-3.853958412371633,-0.7093757335655754,22.0,14.115115105922982,14.110461983613924,14.498976501757513,14.498976501757513,95.08326798253556,94.36631847860076,94.36631847860076,22.0,1.0,12.5,22.0,15.236036402375788,15.148315025069904,11.774441224748388,16.01369992669359,17.12018421841327,10.32571457637094,13.722949397392105,6.79446964204233,16.440737254209036,86.35716068127164,84.57726886377834,68.15761392009486,0.7391140932588554,102.4710727593646,17.120184218360563,12.186958259158558,102.4710727593646,95.0441276165736,19.918938353925608,20.06275740341244,20.026802641040728,20.06275740341244,NAO_64_a255,9.27090909090909,neuage
1,2.0,18.00157402889914,18.00157474733259,19.20502990803956,19.20511307089911,20.397247013665147,20.39735325251197,1.3272814632021517,1.068497041977223,0.22289837837554,-0.1686141664020441,21.0,9.934518185290244,9.81994190209302,10.100293333333212,10.100293333333212,101.86405064490788,100.31494838463144,100.31494838463144,21.0,1.0,7.5,21.0,10.299895111274594,10.04977454671615,10.845608111502486,10.299895111274594,9.464430516980572,12.164070361168838,10.814250439074703,-2.699639844188266,9.734394501399398,96.44474429248534,95.94407946149887,109.47508985841776,0.7876991892257852,107.84434836318718,9.464430516978918,10.746413992112853,107.84434836318718,96.54253780201564,17.943174799258806,17.912291537986416,18.03582458307597,18.25200741198271,NAO_65_a257,10.793333333333331,neuage
1,2.0,17.949342332088207,17.949588937133534,18.749928712912315,18.750155806107543,19.573886133023763,19.573940722718817,0.9341946632991432,0.6901571222861381,-4.565467168887524,-0.2819925849414618,21.0,13.288058266721803,13.163069520495316,13.288058266721803,13.288058266721803,97.0685580797768,95.80994623424802,89.74862555743185,21.0,1.0,11.5,21.0,13.200410622852871,12.497996651552342,13.260971183028772,,12.033812142787236,14.134452817818715,13.084132480302976,-2.100640675031478,12.243876210290384,79.38818671367245,79.2186048587288,86.0172050726554,0.6645642271447831,145.2748610253243,12.033812142649376,10.968341173197285,145.2748610253243,94.25529676041202,17.819641754169243,17.850525015441633,18.066707844348368,17.974058060531195,NAO_65_a259,10.793333333333331,neuage
1,3.0,19.448155562761407,19.448540851314707,21.079689662867448,21.08000042930105,22.7720416191376,22.772514185101677,1.78332729033756,1.5406460434494094,-11.164877033371914,-0.3111142531456463,1.0,6.3611331729399865,6.361133172939987,6.3611331729399865,6.3611331729399865,112.84480828850216,112.84480828850216,112.84480828850216,1.0,-1.0,0.5,1.0,,,,,,,,,,,,,,,,,,,19.55350269438029,19.70746728252502,19.55350269438029,19.70746728252502,NAO_66_a261,6.495,neuage
1,3.0,14.060970958647458,14.061180048281171,15.46544332914005,15.465443582723296,16.90268757898044,16.90277201737075,1.0923470836482423,1.7492448854413347,-5.069414498529742,0.0103756836223635,0.0,,,,,,,,,,12.5,0.0,,,,,,,,,,,,,,,,,,,14.01077752117013,14.062099050551703,14.216063638696433,14.164742109314858,NAO_66_a263,6.495,neuage
1,2.0,17.520860076020046,17.520911912714315,18.66252552022344,18.66259016193343,19.833644384855017,19.83371539385258,1.6387631163415024,0.6740403647967603,-7.6469059514044275,-0.1508023864822127,2.0,4.491247445668833,5.132791885186919,5.52088317290216,4.491247445668833,129.85431059152523,73.45184575201702,129.85431059152523,2.0,-1.0,3.5,2.0,5.876242136606948,5.876242136606948,3.8169706821403215,5.876242136606948,,,,,,,,,0.6455190405380651,,,,,,17.437381242459754,17.55544506622045,17.61478740866942,17.635289551981373,NAO_67_a265,8.108741258741258,neuage
1,3.0,12.829756850714505,12.829804939670908,13.893264843163005,13.89326488693594,14.96872786619788,14.968732623843538,1.395910789524858,0.7430168946477742,-3.473665843178687,-0.0045481870694433,0.0,,,,,,,,,,1.5,0.0,,,,,,,,,,,,,,,,,,,12.812153642469946,12.784557227660155,12.784557227660155,12.948988831874436,NAO_67_a267,8.108741258741258,neuage
1,2.0,17.621708829963183,17.622274679949705,18.709677965874604,18.710069344908785,19.85315382973738,19.856085863856897,1.0977925790929994,1.1360186048141936,-4.612594242730914,-0.3705949246713074,21.0,13.386872307695228,13.398499248329754,13.223126676561606,11.908843556462443,94.45880865768883,112.62670792691944,124.37854807421304,21.0,1.0,11.5,21.0,13.210213022102664,13.575656288113606,13.94254483879908,13.575656288113606,12.087045613445856,15.598685346230626,13.842865479838242,-3.511639732784769,12.438209586724334,73.99566041949411,73.60038840870716,84.0966380848396,0.6714369240335347,129.70969734403957,12.087045613367147,11.212599319642894,129.70969734403957,90.56116820733062,17.819641754169243,17.726991970352074,17.47992588017295,17.325509573810997,NAO_68_a269,10.793333333333331,neuage
1,2.0,18.31975283513878,18.341532025873185,19.17088301699972,19.19300303128888,19.992100658704324,20.023548536086253,0.5975316804660551,1.084484829747017,-1.9702019644095068,2.751063312054659,22.0,16.575139627003054,16.423175959669287,16.684737113156928,17.03942936292856,84.17515674733644,82.64833885039188,78.84677746778998,22.0,1.0,14.5,22.0,16.74457485182026,16.74457485182026,15.925992175873432,15.74313041757506,17.110690996177027,15.46963296532483,16.29016198075093,1.641058030852198,16.94658519309181,65.44154444526197,65.38681571694502,62.33841798153826,0.5534817678937052,102.84126003705994,17.110690996093528,13.878922680665264,102.84126003705994,76.46247953727871,18.19024088943793,18.34465719579988,18.52995676343422,18.90055589870291,NAO_68_a271,10.793333333333331,neuage
1,3.0,11.809375062516994,11.809676904857977,12.653529769135664,12.656374973435488,13.57523490489377,13.582464094356451,0.2619070507048036,1.5108801387936723,-8.96116006232232,1.214920410015772,0.0,,,,,,,,,,,0.0,,,,,,,,,,,,,,,,,,,11.964260134211916,11.97145808460626,11.764984018025888,11.97293586977839,NAO_69_a273,9.27090909090909,neuage
1,2.0,18.00178539375181,18.028602563471367,19.04456407655774,19.06817172559269,20.126414034888477,20.14682047829456,1.180629808165829,0.9375881066573593,-7.400533409893056,-2.851374689982774,26.0,15.113077544104726,14.664657738061504,15.116518353543055,14.422737620955957,81.05654610209407,80.96303973615352,85.31209860337744,26.0,1.0,12.5,26.0,13.61752328007006,13.61752328007006,15.35616087007972,13.61752328007006,13.00817387705981,16.554710039750116,14.781441958404963,-3.546536162690305,13.362827493328842,70.68923767213458,70.35204147892135,79.74185496913475,0.7719667686259729,113.25750147087666,13.008173877013151,12.524094686880725,113.25750147087666,82.77189564243848,17.833562136366613,17.941426423481733,18.049290710596853,18.336928809570505,NAO_69_a275,9.27090909090909,neuage
1,2.0,19.08159501909902,19.167631075348137,19.88628121121511,19.97052028369696,20.653427536646305,20.734954898218252,0.7623244322443564,0.804999390625767,-4.466904727143605,-5.264443967196036,24.0,13.328013792725072,12.944220788043063,13.65768093553848,14.646375723700544,81.13991894133892,76.84295420520188,71.61310925658513,24.0,1.0,12.5,24.0,13.624136780317627,14.227484406450202,13.4320045460299,14.612831568479692,12.353201716012142,13.954750539980443,13.153976127996296,-1.6015488239683024,12.513356598408972,84.01913767828071,83.91600599449666,89.26279160036745,0.652041696797321,73.56344381251226,12.35320171602472,13.65264850866448,73.56344381251226,80.90600758200688,19.16388834411976,19.19984310649147,19.30770739360659,19.631300254951952,NAO_7_a25,9.27090909090909,neuage
1,2.0,20.458760007213623,20.473104268498915,21.45831181097009,21.4710822569928,22.429595303631142,22.438973541140733,1.048807424185321,0.9170618484564932,-11.984819405790809,-1.976219695180638,27.0,21.347516229766,19.877469203415583,20.68391002633641,20.68391002633641,88.55025364474255,90.2519555196048,90.2519555196048,27.0,1.0,19.5,27.0,21.059693106907872,20.39608690347828,16.778909629417853,20.39608690347828,20.786395884500774,18.358480219403152,19.572438051951963,2.4279156650976206,20.54360431799101,60.745354552482354,60.668726220866105,57.2690425436332,0.7788387566039643,113.4732300451069,20.7863958844089,14.796397777660236,113.4732300451069,79.58151732158868,20.24253121527097,20.566124076616333,20.422305027129507,20.49421455187292,NAO_7_a27,9.27090909090909,neuage
1,3.0,16.49707848973227,16.503671558284633,17.661466930078628,17.6777679667868,18.727016332877437,18.767706116382968,1.2510011657816102,1.0130333923167243,1.4599045477078545,-2.460735341216618,21.0,10.269142855541048,9.765904923278525,10.269142855541048,11.351372523650356,83.50715787608783,79.85891892598559,71.4733105669622,21.0,1.0,8.5,21.0,10.433064896594004,9.296899822551296,10.66294832357454,9.296899822551296,10.307515673943076,9.876401853854777,10.091958763898926,0.4311138200883015,10.264404291934246,94.19686152838987,94.18259031817904,92.23362001824512,0.6969073403462587,85.97899938233479,10.307515673983108,11.434804259182648,85.97899938233479,83.24463342048146,16.553428042001237,16.52254478072885,16.399011735639288,16.121062384187773,NAO_70_a277,10.793333333333331,neuage
1,2.0,18.70641722213676,18.706837705881878,19.809515759731426,19.809587755363943,20.84981693362629,20.850579649903143,1.2604633578237547,0.8832785861975184,-4.703614321776795,0.1544731912328323,32.0,15.197946941494692,15.004453516465093,15.64168808948682,15.932455115810312,86.77108086545853,82.46946713798742,74.8070806371839,32.0,1.0,14.5,32.0,14.98251781897821,13.68205007181777,15.781462225193962,14.162013779484624,12.59038206768146,17.119906577906683,14.855144322794072,-4.5295245102252215,13.043334518703984,73.46160124510622,72.89434479334629,85.73457259752841,0.6680237425019655,117.38125802310654,12.590382067626576,12.693325526204385,117.38125802310654,85.05053594067934,18.664955070603337,18.71630295250321,18.69062901155327,18.870346598202826,NAO_70_a279,12.983333333333334,neuage
1,2.0,23.18329518441612,23.21625062833626,24.512285310706748,24.542989906599907,25.873117615863805,25.89807787594814,1.350230856344921,1.3315963912669608,-2.098456601019244,-2.8662949357802843,28.0,12.380157259442598,13.04137800347972,12.28918911578657,11.606159763300752,103.47244363065198,105.80686348105375,109.814567181118,28.0,1.0,11.5,28.0,13.683448259371346,17.610320125730567,11.799241705955268,17.906185214622496,16.720170619040953,10.326905525938813,13.523538072489885,6.393265093102141,16.08084410973074,101.06512280252385,99.1684577002652,80.60554313479169,0.736534825392866,85.34000258721056,16.7201706190482,13.853350082774842,85.34000258721056,96.8520738440154,23.225964095266846,23.225964095266846,23.26707199632041,23.308179897373986,NAO_71_a281,8.108741258741258,neuage
1,2.0,16.543679041663154,16.544560661530397,17.553930325918873,17.55521644259796,18.625565373189048,18.62714500351544,0.9920783883158628,1.0905059536691792,-9.60647742532541,-0.6935493558896844,0.0,,,,,,,,,,13.5,0.0,,,,,,,,,,,,,,,,,,,16.566484124588566,16.60759202564213,16.60759202564213,16.648699926695702,NAO_72_a285,8.108741258741258,neuage
0,,,,,,,,,,,,,,,,,,,,,,,,,,,,,,,,,,,,,,,,,,,,,,NAO_72_a287,8.108741258741258,neuage
1,4.0,28.70251385759881,28.70312466056487,30.04282747717588,30.04283583468248,31.508604433183816,31.508648753139447,1.6680422709977978,1.137481821576762,-8.666906833326427,-0.0427371485171368,14.0,10.34197182241094,10.30545195941782,9.31276665533798,9.047275859129314,192.9908389649636,176.1239383150204,,14.0,1.0,10.5,14.0,9.325130246698762,9.059639450490096,,16.86737262917933,8.616483332988814,11.903236996674115,10.259860164831466,-3.2867536636853023,8.945158699357345,162.0385154667366,160.6486589941388,190.9867616578225,0.3601537545655098,,8.61648333253043,6.1071185336027565,,268.9561032130329,28.907628946852327,28.691900372622086,28.61999084787867,28.36830751127673,NAO_73_a289,9.27090909090909,neuage
1,5.0,27.879444373914737,27.88061889114288,29.110830444888684,29.11118227772804,30.44106290839953,30.44106290839953,1.5729556267910754,0.9874883904655736,-3.2636776016084226,-0.2816931799430422,23.0,12.36603525303832,12.074227279803512,12.36603525303832,12.00052398475978,155.10923474074565,155.10923474074565,159.7082678411948,23.0,1.0,10.5,23.0,12.13133547799262,13.284266175968554,13.048188785638049,14.783228311770074,13.276780296779066,11.271662611275527,12.274221454027296,2.0051176855035377,13.076268528228711,131.36097323952782,131.07014780193927,121.33097101488248,0.539271696491893,162.01215924691118,13.276780296697924,10.839935670786794,162.01215924691118,148.16242152351475,28.11662417467478,27.972805125187943,27.82898607570112,27.50539321435576,NAO_73_a291,9.27090909090909,neuage
1,3.0,26.81646834721628,26.818243751562097,27.9575877030192,27.9583811196766,29.20195943933549,29.201968492220463,1.560120746968493,0.8236039936898754,-9.793728327602327,-0.4316515492049458,23.0,13.72832328300558,13.610441004639055,14.164855943511412,14.360320923961694,203.80234157974303,203.80234157974303,238.8291555972517,23.0,1.0,13.5,23.0,13.434817141357485,13.434817141357485,14.952232244433873,14.295257441961295,12.24334739695582,16.70428419201678,14.4738157944863,-4.46093679506096,12.689441076461916,107.7095643072618,106.85920427996176,125.94358411778624,0.5214198442446973,445.6952343596784,12.24334739664014,9.93912610241771,445.6952343596784,154.7384238726505,26.96607177878016,26.894162254036743,26.71438844217821,26.318886056089436,NAO_73_a293,9.27090909090909,neuage
1,2.0,22.1662359414737,22.170904079104133,23.0070870180786,23.009433619803115,23.818984130757013,23.820992458520568,0.738390158148856,0.9116982212675784,-6.94433055728089,-0.8182915183430111,29.0,16.74410334433213,17.187856580763654,17.167077297624644,17.167077297624644,91.5524515613777,89.7886865132565,85.94596640422834,29.0,1.0,15.5,29.0,17.414808668908393,19.77045724350006,17.280532909898398,19.77045724350006,16.72067217138946,17.44214423262138,17.08140820200542,-0.721472061231922,16.79281937751265,75.29680889210739,75.2857595531266,76.86211773150437,0.8199825244228486,127.3008029647931,16.720672171249422,14.140404178471178,127.3008029647931,90.51903002599003,22.050648548486723,22.112415071031503,22.17418159357629,22.235948116121065,NAO_74_a295,10.793333333333331,neuage
1,3.0,15.75127300409221,15.75535228665282,16.671627646931913,16.67677293724154,17.56880317466388,17.574178339871512,1.127862667728227,0.6909633854904698,-7.149398063049513,1.4233042002754848,21.0,14.960849859792432,14.232573289995903,14.856107236971638,15.014066599553416,102.0692475413872,106.83839153494203,106.83839153494203,21.0,1.0,14.5,21.0,13.688978177978155,12.20864624304565,17.434780038083858,13.688978177978155,10.237542767890496,21.22274532648473,15.730144047187617,-10.985202558594237,11.33606302374992,60.56537329237362,58.044493361642566,88.54047391081518,0.6355308169131342,149.90735021618286,10.237542767730464,11.605512237838424,149.90735021618286,78.22286196271683,15.873996294008652,15.812229771463867,15.78134651019148,15.935762816553432,NAO_74_a297,10.793333333333331,neuage
1,2.0,9.980626852790293,9.981240606235511,10.768701792477843,10.769069449465224,11.569637339393903,11.569792961823758,0.7322803731290715,0.856271982459172,-4.908377898357052,-0.4734468038633108,0.0,,,,,,,,,,5.5,0.0,,,,,,,,,,,,,,,,,,,9.789993823347748,9.789993823347748,10.00617665225448,10.09882643607165,NAO_75_a299,10.793333333333331,neuage
1,2.0,19.4353693997264,19.4359241419537,20.934772862452167,20.938145839967948,22.542529613846927,22.551030463612708,1.690367899994344,1.4247384216646704,-9.607062063410575,-1.028445005464364,0.0,,,,,,,,,,2.5,0.0,,,,,,,,,,,,,,,,,,,19.731792505713425,19.444037198338435,19.238497693070588,18.991850286749173,NAO_76_a303,8.108741258741258,neuage
1,3.0,15.881744751281603,15.881773367537662,17.256725981013904,17.2567622890866,18.65328188851649,18.65328865095263,1.798796282812263,0.9727190006027064,-0.0159916088960452,-0.1175329525321435,0.0,,,,,,,,,,13.5,0.0,,,,,,,,,,,,,,,,,,,16.07318931194573,15.90875770773145,15.78543400457074,15.538786598249322,NAO_76_a305,8.108741258741258,neuage
1,2.0,20.37766137269809,20.379068488265,21.61525601084581,21.61727642396437,22.836667436608185,22.84025843843027,1.0615909555108858,1.399598994654376,-5.610606326467567,-0.7833585983174197,20.0,19.232013193240903,19.50688577252724,19.21525108131584,19.526940576392377,70.75147887095225,68.89499177713715,67.35138028676919,20.0,1.0,17.5,20.0,20.80622475783656,21.538422678431036,20.01487918119119,21.538422678431036,22.27563015993047,18.37115270130351,20.32339143061699,3.904477458626957,21.88518241406777,58.7380480481695,58.56030606303205,53.65625330594704,0.6931834785704423,81.90240889437926,22.27563015985749,17.406739369717002,81.90240889437926,67.98887802155217,20.444718962322423,20.382952439777643,20.321185917232864,20.1976528721433,NAO_77_a307,10.793333333333331,neuage
1,2.0,18.582062209073005,18.584632561948144,19.7943945435627,19.79602032259369,20.956795963306263,20.95750768278896,1.313111888702153,1.059763232138658,-2.2835797679225696,-0.7343150274485609,20.0,18.313637284629426,18.03910829281401,18.330612298164997,18.330612298164997,61.40033508275874,62.56170759041053,62.56170759041053,20.0,1.0,16.5,20.0,18.38220905329581,18.38220905329581,18.945882780630427,20.437974701591315,18.243057667488134,17.813941455424942,18.028499561456535,0.4291162120631945,18.200146046281816,60.02728743449783,60.024494734631865,59.3421416194581,0.6455530170417784,69.30203829524399,18.243057667453577,17.33737742102108,69.30203829524399,62.33935649354081,18.807906114885736,18.74613959234096,18.622606547251397,18.25200741198271,NAO_77_a309,10.793333333333331,neuage
1,3.0,17.176960953678055,17.17709521492486,18.40636307615056,18.40678345893948,19.67504514756137,19.676968443452825,1.6067341137632771,0.8931391147646904,-7.429625420908978,0.3872326504155183,1.0,23.13692328797376,23.13692328797376,23.13692328797376,23.13692328797376,54.74947732462004,54.74947732462004,54.74947732462004,1.0,1.0,22.5,1.0,,,,,,,,,,,,,,,,,,,17.183102640392107,17.14199473933854,17.14199473933854,16.89534733301712,NAO_78_a311,8.108741258741258,neuage
1,4.0,18.2017521231304,18.20347485842249,19.024868447712617,19.026811555288717,19.85275645741304,19.85484300234367,0.6810301331437015,0.9703380107774794,-4.715123047211592,0.8188545007551211,11.0,12.115338941000443,12.666409619179982,12.152235700578188,12.152235700578188,147.8551390503871,148.51638568435783,148.51638568435783,10.0,1.0,9.5,11.0,12.047324260682757,12.047324260682757,8.648567458064889,12.047324260682757,14.332109831359842,7.144042375717487,10.738076103538663,7.188067455642355,13.613303085795607,101.54189488505368,97.64594600394616,73.49600721525223,0.5453955590702104,128.9684990735022,14.33210983103768,8.038836949108472,128.9684990735022,130.0971889418512,17.906635500632458,18.13684049368472,18.49907350216183,18.066707844348368,NAO_79_a315,10.793333333333331,neuage
1,2.0,22.74009946281804,22.740211597578355,23.684694167991577,23.684849974874368,24.60513943517284,24.607161074911154,0.9405191361911226,0.9264303411416702,-9.878213753694247,-0.2078240809551481,11.0,13.189194803297111,12.687572701771805,12.798244555936035,12.557269965839083,146.02255777993977,208.5535394897145,177.2880486348271,11.0,1.0,13.5,11.0,,,12.931329810965169,,22.24402997469905,8.942644682917818,15.593337328808431,13.301385291781228,20.913891445520925,89.97884926466713,84.28538498952136,59.85058785933448,0.2422349163999986,158.2028241335045,18.7514127305499,8.751412730549902,213.96662387676503,148.91162995569115,22.6915302353657,22.644415917843386,22.69576379974326,22.56739409499358,NAO_79_a317,12.983333333333334,neuage
1,2.0,18.10537905613125,18.105382364208836,19.14350241540584,19.14406442038816,20.045745215666244,20.047392520825447,1.10300945171737,0.8390007048992404,0.7023225022494102,0.4390274771780529,25.0,12.55385360791496,12.505977936419963,12.30760750540344,12.290389525226516,79.64883589256091,80.8492669722446,81.17322339781312,25.0,1.0,11.5,25.0,12.664538257605187,12.647320277428264,13.570049180713768,12.647320277428264,12.154884458809654,13.655964028137564,12.90542424347361,-1.5010795693279109,12.304992415742444,81.15622359820941,81.06528840814794,85.98849349020651,0.7548411491400727,78.5670166769611,12.154884458820195,13.095437875180789,78.5670166769611,79.9091483844067,18.159357628165537,18.09759110562076,18.004941321803585,17.974058060531195,NAO_8_a29,10.793333333333331,neuage
1,2.0,15.82429089764224,15.82907050652127,16.747979854215135,16.751150006374953,17.754694964789508,17.75524209668471,1.1836133244279263,0.7425582657355153,-4.077166064849507,-1.114710827820365,25.0,13.554735940223368,13.19257704017656,13.82732694834425,14.93913480373874,72.6927958522721,72.59460362074616,70.97994291477188,25.0,1.0,12.5,25.0,15.217059011939426,14.520181418983668,11.981482392342684,,18.33718483077189,8.598691743985386,13.467938287378637,9.738493086786503,17.363335522093237,71.07267408815999,67.8829658832996,50.253001361974725,0.7209152514110081,73.37862878319952,18.337184830723245,12.065029766657943,73.37862878319952,75.63818375333511,15.626930203829527,15.78134651019148,15.935762816553432,16.121062384187773,NAO_8_a31,10.793333333333331,neuage
1,2.0,17.662394598121082,17.665325584842655,19.05178859529845,19.05424583270012,20.4095959703521,20.411967590372388,1.2686940187558455,1.4779479867738827,0.4726502644022783,-0.920174034341142,23.0,12.944598585380902,13.281264005616888,13.602655583886133,13.930632949804815,70.970056683413,68.1338556871565,66.68202040644908,23.0,1.0,12.5,23.0,14.77997086303887,14.94595179609638,13.303241267423148,14.77997086303887,16.463154295255194,10.98352671879371,13.723340507024451,5.479627576461483,15.915191537609044,75.46206832282175,74.45661182074886,62.32785629897457,0.7461605197254032,85.79369981470045,16.463154295268986,13.973873103781148,85.79369981470045,73.1475714560081,17.788758492896854,17.726991970352074,17.57257566399012,17.325509573810997,NAO_80_a319,10.793333333333331,neuage
1,3.0,14.56298224641673,14.563935619122717,15.56992275976956,15.57067960917716,16.50396833979043,16.50447260313682,1.0967833158140374,0.8437536682000667,-7.9666533194573,-0.5649244127489211,27.0,16.018585389524304,15.736082698585651,16.018585389524304,16.018585389524304,80.05308304955665,80.23327130888644,80.25079940057003,27.0,1.0,13.5,27.0,16.56321372776611,16.589413644571835,17.404826229192707,16.540381447267265,15.714914566418406,18.40594847166884,17.06043151904362,-2.69103390525043,15.984017956943449,49.57199837973961,49.47038223980605,53.585285135070215,0.7149269709582369,99.50586781964178,15.71491456620246,12.952454726881085,99.50586781964178,64.75181992294014,14.743501343072722,14.641371680377906,14.500678209391427,14.638665843113037,NAO_80_a321,10.793333333333331,neuage
1,2.0,19.945991591318347,19.95440964842178,21.12724806952294,21.1335906416946,22.277203270952995,22.281855199026143,1.477154076645409,0.8502914739589532,-3.4825193583338225,-1.4037654716936925,31.0,14.004453826997604,14.176588665815528,14.44770806004189,14.004453826997604,88.19120327695754,87.26432647185396,88.19120327695754,31.0,1.0,12.5,31.0,13.99781177245083,13.435995433489268,14.441066005495117,12.425988373505303,13.467157396953215,15.486467671760876,14.476812534357046,-2.019310274807658,13.669088424433983,79.86960648185958,79.74112160724009,85.59625959545187,0.6822990435128748,98.58795842322026,13.467157396934294,13.571038785793696,98.58795842322026,84.95320986137874,19.912458282499617,20.026802641040728,20.026802641040728,19.95489311629732,NAO_82_a329,9.27090909090909,neuage
1,2.0,17.947745292656908,17.952448938994046,18.530570252811483,18.534779929415787,19.116886758293862,19.11991583473377,0.5849042289046105,0.5825626668351122,-0.3037962691740786,-1.2211710510063798,20.0,10.6804792566531,10.371126681527036,10.852620436678365,11.43354516167534,91.66609971816632,87.91639650912114,84.21973476215707,20.0,1.0,9.5,20.0,11.297068090430884,11.297068090430884,10.952785730380356,11.297068090430884,11.018297252748976,12.836206667117072,11.927251959933024,-1.817909414368095,11.200088194185788,87.01916925148069,86.85143169162879,93.916476813367,0.6439748761287121,90.57766367137354,11.018297252756916,12.20893178781182,90.57766367137354,84.87700709987672,17.991297863060574,18.031394537788422,18.167877893679044,18.33119383825417,NAO_83_a331,12.983333333333334,neuage
1,3.0,18.49978735046831,18.50136292772281,19.23707143372252,19.23736934134197,20.002937540940525,20.002967406289155,0.7361749633154284,0.7654295152509212,-8.27754980288577,0.3188644881473977,24.0,13.101148672947616,13.441775832201142,14.214963972714344,15.929836776791916,108.67350366859944,106.93039841569735,93.8839014361017,24.0,1.0,14.5,24.0,12.934620629289329,14.01429282365413,16.75230494893978,14.01429282365413,15.817487490715958,13.11049445411431,14.463990972415134,2.706993036601648,15.546788187055792,74.09128879627093,73.87648381905893,67.69627907655469,0.8034660055540952,179.61489088575095,15.29227177904189,9.6211562242045,183.15789473684208,110.40465324609892,18.20282413350449,18.305519897304237,18.58793324775353,18.94736842105263,NAO_83_a333,12.983333333333334,neuage
1,2.0,19.282569145257035,19.282898339764436,20.41620000041791,20.417083365159847,21.575102625865544,21.57691496157713,1.4976418319635958,0.7963747898491045,0.0695902694757079,0.5329817956107727,28.0,9.127503583539266,8.963137082333,9.380042180735812,10.079983366676773,122.30058763209892,121.16478117505672,112.76256605079396,28.0,1.0,8.5,28.0,9.37640544992206,10.076346635863018,9.224121565415658,10.076346635863018,9.416721055719515,8.191021863187146,8.80387145945333,1.225699192532369,9.294151136466278,126.19145016237404,125.9878944368706,117.85538493662516,0.7422006100249312,136.56578134651022,9.416721055717328,8.6730876835104,136.56578134651022,127.87283629436706,19.30203829524398,19.33292155651637,19.33292155651637,19.549104385423103,NAO_84_a337,10.793333333333331,neuage
1,3.0,22.019694822651672,22.061320654221788,23.215615475913644,23.26127012747473,24.387638831582287,24.432311112755634,1.2457009375678132,1.1252895209660343,-6.956703050996144,-3.590331024279496,21.0,14.838625136479775,15.161069227074451,15.432758173011308,15.432758173011308,95.81903423443474,95.94301805911373,96.66871112661804,21.0,1.0,13.5,21.0,16.277151359954246,16.277151359954246,14.843866055578443,17.128292472684194,17.2976414360749,13.56821221224601,15.432926824160456,3.729429223828892,16.924698513692015,82.93250287985234,82.53156275720325,73.86430114035858,0.7823053687321412,104.84408707589724,17.297641436014388,13.527624337651304,104.84408707589724,93.89121649586664,22.30993005164412,22.22004314571485,22.040269333856315,21.78858599725437,NAO_85_a339,9.27090909090909,neuage
1,2.0,20.88998124843005,20.895899957261182,22.03557965981766,22.041181146928345,23.22174451766169,23.22621686004569,1.446154083329514,0.8841628194549918,-1.308299208210864,-1.2917577231035464,24.0,12.963145149927016,12.491382628134549,12.840642343452174,12.264769720578528,91.81399518218336,93.36085121964356,97.55045267487866,24.0,1.0,11.5,24.0,12.847216413025023,12.305383737183575,13.392280789390526,13.18862760178095,12.887373790432628,13.360830810139657,13.124102300286143,-0.4734570197070284,12.934719492403332,92.01061444188429,92.00070781059677,93.66128500550504,0.7650850330343164,94.92057266130615,12.88737379043226,13.100331696584472,94.92057266130615,92.16471632434803,20.99758122507681,20.96162646270511,20.925671700333403,21.141400274563644,NAO_85_a341,9.27090909090909,neuage
1,2.0,20.93292032204818,20.952575742817945,21.954653170854183,21.9832817776261,23.046405349087557,23.083778988084905,1.252105619813788,0.8790976254531769,-3.111329478860646,-2.924412397108737,18.0,13.54798383379287,13.45118814831927,13.516568625477843,13.342497662913756,89.3015715087737,89.25337916151469,92.04850853098564,18.0,1.0,12.5,18.0,14.796392555720786,14.874102627117908,13.736321358007586,15.758471964687118,15.397839078320535,12.695201724133971,14.046520401227257,2.7026373541865643,15.12757534290188,86.47709769018861,86.2119251478763,78.80567881128721,0.713933735007926,88.8801725828594,15.397839078302637,13.560184964336807,88.8801725828594,89.24282306623542,21.06949074982023,20.96162646270511,20.81780741321828,20.60207883898804,NAO_9_a33,9.27090909090909,neuage
1,2.0,18.05123501452868,18.060260312332986,19.25630281678585,19.259969628150337,20.327396877420718,20.327917616165685,1.1276112647721612,1.140046039060538,-9.06788383940488,-1.1180494340870195,32.0,16.74886376489448,16.6334513722782,16.450412027428314,16.128571187588705,91.42506782871492,95.272553173386,103.6740325294305,32.0,1.0,15.5,32.0,15.594050878997052,15.180442080423203,16.88656077806303,15.180442080423203,13.920280691057869,19.41976329675648,16.670021993907174,-5.499482605698611,14.470228951627728,63.273237711863366,62.70222264571084,74.76658003835341,0.7292344810913441,111.92093885114272,13.920280690987587,13.309061337850814,111.92093885114272,78.13394082775122,18.375540457072272,18.31377393452749,18.159357628165537,18.43730697961705,NAO_9_a35,10.793333333333331,neuage
1,2.0,15.63134992753781,15.68823279473914,17.293299593327575,17.35486166993568,18.93034107067181,18.990400842526604,2.0601353171350785,1.2420327306523882,-11.600121736262386,-4.82738732128358,10.0,25.09380400618899,25.05195712127883,25.810748769691628,25.83079083417408,41.74621283338317,43.97046875214225,43.97046875214225,10.0,1.0,23.5,10.0,25.658888948640083,26.44917125896885,24.855014947408904,26.44917125896885,26.73730053617799,22.44095145089581,24.5891259935369,4.29634908528218,26.30766562764977,37.41389316604219,37.32109750478033,34.51788886054129,0.6959368363090355,50.83870967741935,26.737300535951466,21.315312989596432,50.83870967741935,42.72243752359328,15.526881720430106,15.655913978494622,15.698924731182796,15.741935483870968,gm_000,7.75,gm
1,2.0,15.69265095394656,15.750535776564888,17.36162943451161,17.42500764029124,19.003007954753752,19.06695223577738,2.039271733941902,1.2771447252705908,-11.515997874134085,-4.888243531257605,12.0,23.40629300700445,23.86514541835251,24.073878200845822,24.073878200845822,49.22824539296619,50.33971877049689,42.5478683634934,12.0,1.0,21.5,12.0,25.263641797977527,25.399427388423305,21.820019544734464,25.947879785041465,26.584839470225432,19.24957041769855,22.91720494396199,7.335269052526884,25.851312564972744,40.38301880917109,40.044013475149846,34.84330194397629,0.7514192316403461,55.74193548387097,26.584839469949905,19.72461748688837,55.74193548387097,46.20199414615659,15.612903225806452,15.741935483870968,15.78494623655914,15.870967741935484,gm_002,7.75,gm
1,2.0,15.849258322871318,15.90434859725195,17.55269129467903,17.615641902577718,19.20747607695393,19.27239408242677,2.062007050332747,1.3060384348420755,-11.568270152130737,-4.845267671594869,13.0,22.75584832739409,23.30316823016677,23.573998024687228,24.027963030002525,49.699584784501454,52.11453383452447,52.11453383452447,13.0,1.0,21.5,13.0,23.83623375749136,25.423569403317856,21.780189729663533,25.423569403317856,25.84195579866121,20.203199623760547,23.02257771121088,5.638756174900662,25.27808018117114,40.46152995487361,40.26327900420398,36.12542306651381,0.7304986809721767,57.03225806451613,25.841955798505065,19.719440263519644,57.03225806451613,46.66874620324732,15.913978494623656,15.870967741935484,15.956989247311828,16.258064516129032,gm_004,7.75,gm
1,2.0,15.953786652889695,16.014322710628008,17.65518268511964,17.72207339996047,19.304806696458314,19.36977779473296,2.028552310549748,1.326902773555202,-11.685913982939852,-4.979663302218381,15.0,22.37257557025808,23.050761797220392,22.88671643103785,23.71795044908137,52.00662311103184,52.87814064080455,52.87814064080455,15.0,1.0,21.5,15.0,23.45754079328671,24.313654214377777,21.236942718080822,24.313654214377777,24.58016242335095,20.351473819430456,22.4658181213907,4.2286886039204905,24.1572935629589,41.59920275912343,41.47888735689822,38.10508441965269,0.7817892230547984,59.354838709677416,24.580162423210304,19.244774931268147,59.354838709677416,48.089197118803874,15.913978494623656,15.913978494623656,16.043010752688172,16.129032258064516,gm_006,7.75,gm
1,2.0,15.995874673443849,16.053842626115607,17.656942381301906,17.72581079465773,19.26061486182813,19.332279037406416,2.0225854642226917,1.255850947068112,-11.978234214044468,-5.052255726814472,17.0,23.188620951708856,23.382280450182726,23.759271252925828,23.759271252925828,50.07200772530525,50.07200772530525,54.347500309761465,17.0,1.0,21.5,17.0,23.65048299152309,23.861612810268667,22.66784799904985,24.731025485750592,23.85511871930461,23.243135274396515,23.549126996850564,0.6119834449080962,23.7939203748138,39.76646755497149,39.76428533787894,39.28347942479045,0.7730105089704886,57.29032258064516,23.855118719166867,20.15782531364644,57.29032258064516,46.10242853107111,15.913978494623656,16.0,16.129032258064516,16.258064516129032,gm_008,7.75,gm
1,2.0,16.139257705676837,16.203119159119684,17.763723564423238,17.837257124221473,19.343154347953337,19.42069386052197,1.9399399653059772,1.2776347360963125,-12.045157789480736,-5.204340456311162,15.0,23.02037592074427,23.27670506538235,23.968912454538867,22.58647238534172,48.60386376654082,48.60386376654082,55.34886938203682,15.0,1.0,21.5,15.0,24.045622430884407,24.392997773852727,22.353856915701783,24.392997773852727,25.026680286946164,21.84120429564941,23.433942291297782,3.185475991296751,24.708132687816487,40.36127774556094,40.30058828773548,37.885760700070485,0.7635538454247015,58.58064516129032,25.02668028677907,20.071983708462067,58.58064516129032,46.69924277956776,16.086021505376344,16.172043010752688,16.258064516129032,16.387096774193548,gm_010,7.75,gm
1,2.0,16.314602603460724,16.380671740863047,17.956411399818183,18.029084367474827,19.579646173142876,19.6535672001486,1.97274123841841,1.3001542208671475,-11.933091181563118,-5.146159380351751,16.0,22.80186183128129,22.96496897789276,22.80870188735375,22.80870188735375,52.38285590844468,56.18624183644492,53.16105575057677,16.0,1.0,21.5,16.0,23.262396711133164,24.089439238469023,21.804112881487782,24.089439238469023,24.618551903805493,20.957566476836725,22.788059190321107,3.660985426968768,24.25245336110861,41.92621240818848,41.83799369782936,38.90014895061058,0.7870477406114712,61.16129032258065,24.618551903692392,19.53319542408396,61.16129032258065,48.46625922259441,16.258064516129032,16.258064516129032,16.344086021505376,16.516129032258064,gm_012,7.75,gm
1,2.0,16.35177678959695,16.414249556095818,18.01486846199337,18.08484947330856,19.64751139240083,19.719585493591925,2.0093024960485275,1.2960334414475776,-11.739787974184557,-5.04208813644076,20.0,22.918633320248915,22.842345178734693,22.52553370979976,22.47544133761653,51.12530414328976,52.390646041568495,53.82502935328631,20.0,1.0,20.5,20.0,23.29968703468288,23.44907397779681,22.05418161616467,23.798857712785235,24.266606348348866,21.32598098577635,22.796293667062606,2.940625362572514,23.97254381209161,41.97783640568717,41.92092725617975,39.52112128621543,0.7694720043229157,60.12903225806452,24.266606348252385,19.50134262306485,60.12903225806452,48.65519566832524,16.301075268817204,16.344086021505376,16.387096774193548,16.516129032258064,gm_014,7.75,gm
1,2.0,16.30810143882941,16.364746686601958,18.00342547150802,18.073845934272093,19.61334311651944,19.68972937707634,2.0409525601116925,1.2840301303626924,-11.86560811611273,-5.059445137033401,22.0,21.95214119405115,22.015354414066127,22.412738085933967,22.412738085933967,56.56928722211718,54.527231155743,54.43882592646244,22.0,1.0,20.5,22.0,22.854493371507687,23.351248878619003,21.512515789728525,23.351248878619003,23.510324560000207,20.67171721191356,22.091020885956883,2.8386073480866467,23.22646382519154,43.12431103473676,43.06621694954925,40.60095537711656,0.8220215128999044,62.96774193548387,23.510324559878,18.631797103747527,62.96774193548387,50.69499423297782,16.301075268817204,16.43010752688172,16.473118279569892,16.774193548387096,gm_016,7.75,gm
1,2.0,16.412532040901784,16.468773965198892,18.105316946813367,18.176895755601095,19.730755466200424,19.81187777620401,2.0632808812628083,1.2798229297423145,-11.959173222554751,-5.0864247715279385,16.0,21.57601227913129,22.01658975929704,21.86201293118924,21.731628598267548,57.21190972376093,56.81240026611731,52.48987653682119,16.0,1.0,20.5,16.0,21.89263143560831,21.89263143560831,21.54035059653529,21.952714674034752,21.736966444320107,22.16514847637698,21.951057460348544,-0.428182032056873,21.779784647525798,43.60120172065599,43.59984929051525,44.00816342779282,0.828915224972431,64.0,21.736966444209884,18.435377369016337,64.0,51.53844686994662,16.43010752688172,16.516129032258064,16.473118279569892,16.774193548387096,gm_018,7.75,gm
1,2.0,16.67313196824734,16.741964239153926,18.277662149293583,18.356064816805105,19.866720238936047,19.950924180784888,1.9313623888424296,1.2775975527885295,-11.96749685936144,-5.297463341010284,16.0,21.99904776733688,22.19310813326239,22.108722958762115,22.403594195761485,53.75639859419312,52.98275745619639,46.01938051428844,16.0,1.0,20.5,16.0,22.000283584500863,22.000283584500863,22.23447358266131,22.000283584500863,22.67177475918325,21.646474365784343,22.1591245624838,1.0253003933989082,22.56924471984336,43.90405330387504,43.89639305419409,42.95442459544354,0.7500639050127453,62.45161290322581,22.671774759080314,18.828255367852957,62.45161290322581,51.30208141833212,16.688172043010756,16.774193548387096,16.731182795698924,16.903225806451612,gm_020,7.75,gm
1,2.0,16.667481272121346,16.73382924847273,18.315699788873975,18.394729765813373,19.884495455694157,19.96713934959815,1.954983284094623,1.2783268170307935,-11.556855920195773,-5.3130323970284605,17.0,21.279065603005108,21.499421182688707,21.55124593091898,21.55124593091898,55.99880853218898,53.16610261404597,53.16610261404597,17.0,1.0,20.5,17.0,21.46499491547613,22.665533348893888,21.11662574850206,21.57705579550728,22.04351577033505,20.66197111597325,21.352743443154157,1.3815446543617975,21.905361304898875,45.49397770287494,45.4784296660912,44.12103062631191,0.7324026944976432,67.35483870967742,22.04351577023111,18.169363059048315,67.35483870967742,53.10347926786665,16.64516129032258,16.731182795698924,16.731182795698924,16.903225806451612,gm_022,7.75,gm
1,2.0,16.711313790188505,16.78426799604445,18.326010028831394,18.41046920400954,19.86489969799488,19.95001230119933,1.8784673755531545,1.287276929601729,-11.756703521319857,-5.490283732071745,18.0,21.494973590653885,21.50020460420023,21.5545579673188,21.496301749987254,56.962279252065656,53.2470776253061,53.2470776253061,18.0,1.0,20.5,18.0,21.401420459455863,22.62432581659033,21.28820432177309,21.401420459455863,22.253935893087892,20.89362477346477,21.573780333276336,1.360311119623124,22.117904781125585,45.163099166334725,45.148446671618856,43.83550422718133,0.7684731793736306,64.0,22.25393589299812,18.444013192890694,64.0,52.47219498320577,16.64516129032258,16.731182795698924,16.81720430107527,16.903225806451612,gm_024,7.75,gm
1,2.0,16.736560945717184,16.809649450766578,18.33869626174289,18.423115915969007,19.890246899600825,19.978087962548983,1.9067006072453008,1.2617379045371024,-11.680550304094965,-5.48711231396667,21.0,20.873222481534583,20.922273028417774,21.11980137642908,21.11980137642908,57.982547629039146,56.17786344834668,53.80240128009248,21.0,1.0,19.5,21.0,21.19733778296376,22.481883592461287,20.799967635772248,21.19733778296376,22.274362288403868,20.414846407379027,21.344604347891448,1.8595158810248409,22.088410700301385,45.70723256215269,45.67890454554902,43.86331688768518,0.7661794297179585,65.80645161290323,22.27436228831172,18.2134111870652,65.80645161290323,53.19359513091648,16.64516129032258,16.774193548387096,16.86021505376344,17.032258064516128,gm_026,7.75,gm
1,2.0,16.735813419457557,16.80689019446125,18.369054450013724,18.45362450476384,19.928134677948744,20.01612105727971,1.894279926836723,1.3149509359817362,-11.706444126222276,-5.487456551153155,16.0,20.96583991314614,21.13390754692385,20.98768636961887,20.98768636961887,55.96955712696504,54.762462132928114,54.762462132928114,16.0,1.0,19.5,16.0,20.88669717353895,20.888840016359325,20.909615051421863,20.888840016359325,21.0453314829292,21.065744147830195,21.055537815379697,-0.0204126649009954,21.0473727494193,46.27251632876872,46.27251277723416,46.293934368504885,0.7336451139833312,65.54838709677419,21.045331482838165,17.876960416103458,65.54838709677419,54.15590436081681,16.731182795698924,16.81720430107527,16.86021505376344,17.161290322580644,gm_028,7.75,gm
1,2.0,16.721428138481773,16.79301875940036,18.33894532362647,18.424650965868533,19.8717742730844,19.959610967541582,1.8798746752362656,1.286717532904966,-11.420391821203758,-5.528549420620505,14.0,20.69553775055563,20.789998852808782,20.7497038187654,20.7497038187654,56.48237656427139,54.59003194069225,54.59003194069225,14.0,1.0,19.5,14.0,20.735316502660083,20.326849462703507,20.96085969011324,20.735316502660083,20.790144603090365,21.134960010469765,20.962552306780065,-0.3448154073793993,20.824626143828304,46.443175812765546,46.44214940630823,46.81001914294131,0.7250707253496045,65.54838709677419,20.790144602963515,17.905768672361702,65.54838709677419,54.040999937716165,16.688172043010756,16.86021505376344,16.903225806451612,17.161290322580644,gm_030,7.75,gm
1,2.0,16.7857805764219,16.857733033976235,18.39149533259393,18.475475210101404,19.9346945142205,20.02093313469927,1.8231106780500383,1.3400894226730011,-11.161644212096824,-5.46502412434485,17.0,20.57956968318163,20.553792569735112,20.57956968318163,20.83508978302615,58.87555196045579,55.96478258721069,51.81859220223524,17.0,1.0,19.5,17.0,20.18875718602527,21.237631691038477,20.72290281701345,20.18875718602527,20.25857709103565,20.906315586068924,20.582446338552288,-0.6477384950332751,20.323350940538976,47.46879529731366,47.46495234944046,48.19111311808128,0.7706874511712257,66.3225806451613,20.25857709091848,17.705519420866825,66.3225806451613,54.86738530407271,16.774193548387096,16.86021505376344,16.989247311827956,17.29032258064516,gm_032,7.75,gm
1,2.0,16.909144697650337,16.98253111600472,18.51131452672664,18.59578863124971,20.044157495992007,20.130400009772544,1.8217207111956024,1.326148182572226,-11.247169325205734,-5.4633203778490325,17.0,20.556174493890158,20.51394851025346,20.556174493890158,20.73111775727824,58.13687200175169,57.15875440091887,52.39256544441971,17.0,1.0,19.5,17.0,20.396726267101144,20.396726267101144,20.557111244069688,20.03201747279246,20.555720659659475,20.702618037209323,20.6291693484344,-0.1468973775498477,20.57041039741446,47.69899958853475,47.69880191067399,47.86182179612669,0.7486293243283515,67.09677419354838,20.55572065956772,17.66934062811829,67.09677419354838,55.36694205999109,16.81720430107527,16.946236559139788,17.075268817204304,17.29032258064516,gm_034,7.75,gm
1,2.0,17.03115052742636,17.111354875268713,18.58212647132755,18.670205994021103,20.06888116878629,20.154897184279186,1.76072841291542,1.2828138960950466,-11.02500870118632,-5.5676437268600365,22.0,19.770231270745924,19.94199470407012,20.180875503890235,20.53845697069889,58.80383001110687,58.17520855704466,53.23762757061963,22.0,1.0,18.5,22.0,19.909231629699747,19.909231629699747,20.364516828535784,20.641433568215035,19.73241000190429,20.60791962225574,20.170164812080017,-0.8755096203514426,19.81996096393944,49.114374527702616,49.106803975220586,50.15135772543538,0.758507265779058,67.87096774193549,19.732410001802087,17.42823303593991,67.87096774193549,56.53379120083663,16.946236559139788,17.075268817204304,17.20430107526882,17.419354838709676,gm_036,7.75,gm
1,2.0,17.089789545312268,17.16698954013493,18.659402986788898,18.74403990181548,20.19215587952585,20.27733460391468,1.8146739619596917,1.2956711018200573,-11.1916170772553,-5.446901179435947,20.0,19.95824694479346,19.92837929162333,20.11037233840767,20.28372439931735,60.16881583899856,58.01053158876338,53.03722351309375,20.0,1.0,18.5,20.0,20.142575435788785,19.96673288975813,20.093562143422417,20.948445723121097,20.31728020532461,20.04633485938708,20.181807532355847,0.2709453459375352,20.290185670730864,49.235155203689374,49.23442930768806,48.91988074022829,0.7705732733893801,69.16129032258064,20.317280205225725,17.28778875597543,69.16129032258064,57.158557641228754,17.032258064516128,17.161290322580644,17.29032258064516,17.548387096774192,gm_038,7.75,gm
1,2.0,17.17109128869821,17.2515036850303,18.7315716541592,18.8200206213467,20.21698822502324,20.303269244291297,1.7514515919918452,1.300313967269154,-11.438075390833216,-5.557048681229179,19.0,20.292495045814803,20.182950776605903,20.3790334058308,20.513392643835232,58.60247257865844,57.84156412292192,52.57947108047339,19.0,1.0,18.5,19.0,20.367420868317023,20.90382038364021,20.280882508301037,20.90382038364021,20.467640827967127,20.35184237318824,20.40974160057768,0.1157984547788863,20.45606098248924,48.92857389792748,48.92844511511866,48.79594876341762,0.7649395196302959,68.90322580645162,20.46764082787663,17.463607899176793,68.90322580645162,56.85733662900493,17.032258064516128,17.247311827956988,17.376344086021504,17.548387096774192,gm_040,7.75,gm
1,2.0,17.105092483449422,17.181725768343924,18.666342077775425,18.751285523036547,20.194913232522065,20.282595604180436,1.8327136004317155,1.268156235404787,-11.503723898751078,-5.455708093685148,19.0,20.496222149854304,20.32093271568522,20.496222149854304,20.609006018847424,58.38767691508951,57.73608780921986,51.515103105037376,19.0,1.0,19.5,19.0,20.25044302520573,20.502078140864,20.58366162200778,20.006507826471733,20.2392848056938,20.577466350488574,20.408375578091185,-0.3381815447947832,20.273102960173272,48.73714200939036,48.73604776042027,49.12592617771282,0.7606166333402089,69.93548387096774,20.239284805576272,17.360313005437362,69.93548387096774,56.956617709184144,17.161290322580644,17.20430107526882,17.247311827956988,17.419354838709676,gm_042,7.75,gm
1,2.0,17.28712459130773,17.375738530393836,18.789131373158504,18.88298040295596,20.245639289076003,20.334453082405336,1.6931793282996712,1.2655352237118285,-11.57521703285222,-5.714750683808828,21.0,20.12298270919445,20.11676596007928,20.391835384180556,20.391835384180556,59.07985991476583,58.3686269120254,58.3686269120254,21.0,1.0,18.5,21.0,20.644965067271187,20.45306121057817,20.27233596485783,20.644965067271187,20.142404636068864,20.39825698015004,20.270330808109453,-0.2558523440811778,20.16798987047698,49.577157166370405,49.57651118249463,49.87817276842057,0.7741720774188939,70.19354838709677,20.14240463597225,17.358612426896833,70.19354838709677,57.5689550733586,17.333333333333336,17.419354838709676,17.46236559139785,17.677419354838708,gm_044,7.75,gm
1,2.0,17.300725673782406,17.38754644182405,18.83509364084464,18.928767648884627,20.278857499113126,20.36728755154744,1.7177808780431116,1.2619602316802827,-11.52868647625685,-5.7024997640619794,23.0,19.96562779471512,19.84309760751021,20.201124451487544,20.4166805061798,59.09725968522876,58.86019689801054,52.11874811310604,23.0,1.0,18.5,23.0,20.16805861192148,19.712795554562604,20.172748844931647,20.388304899623904,20.02141855912096,20.308934460233424,20.165176509677188,-0.2875159011124684,20.0501701492322,49.8703364266653,49.86950708776569,50.21272859538103,0.7719923922199309,70.19354838709677,20.021418559033304,17.279074883268812,70.19354838709677,57.87841019839996,17.376344086021504,17.46236559139785,17.50537634408602,17.677419354838708,gm_046,7.75,gm
1,2.0,17.397391983911646,17.489608594266244,18.8976932839094,18.992909070662822,20.356820802207277,20.44688032375475,1.7033377027105214,1.2539340267779846,-11.48417641189288,-5.739551639176012,23.0,19.72685630918085,19.83670676283915,20.104291719581767,20.521892699275128,58.68773942314744,58.68773942314744,58.68773942314744,23.0,1.0,18.5,23.0,20.19300961602372,19.76723710366045,20.039770216039585,20.19300961602372,19.93579996759025,20.248491338806552,20.0921456531984,-0.3126913712163049,19.96706910471188,50.32577841240155,50.32478117108226,50.70320626898082,0.7721463617538246,70.70967741935483,19.93579996749338,17.273022323929972,70.70967741935483,58.22380453675163,17.333333333333336,17.50537634408602,17.548387096774192,17.677419354838708,gm_048,7.75,gm
1,2.0,17.47514422875769,17.575041179622858,18.989802786348,19.08878370439606,20.42433233405315,20.511225589989323,1.6393927819216294,1.2967916284448404,-11.826044823961404,-5.837300904817929,23.0,19.94409795698175,20.21069792537615,20.521889511027524,20.650519693864567,59.78205434661422,59.69103941557052,58.84716794798882,23.0,1.0,19.5,23.0,20.134545247798343,20.134545247798343,20.32287473045551,19.73152332438849,19.827740834161805,20.178500377798137,20.003120605979973,-0.3507595436363308,19.86281678852544,50.7652038382581,50.76392653408926,51.19463466859484,0.7676636798241726,71.2258064516129,19.82774083410002,17.245522212400548,71.2258064516129,58.5727490382661,17.419354838709676,17.677419354838708,17.548387096774192,17.677419354838708,gm_050,7.75,gm
1,2.0,17.559736589547537,17.65634199664979,19.031181288978598,19.12610250783013,20.46938469640249,20.556281877881307,1.6155968813545567,1.284342999876961,-11.97765038522913,-5.710653653203565,23.0,20.1095874552245,20.265284986313752,20.466454965366893,20.673420331243847,61.74646265427597,61.54571155407634,59.24689156283122,23.0,1.0,18.5,23.0,20.04726212287829,20.024810819457254,20.586038957579404,19.90917428718967,20.344718006608797,20.404558826656643,20.37463841663272,-0.0598408200478485,20.35070208861358,50.095482350725646,50.09544701558862,50.16599146059868,0.7649838842564105,71.2258064516129,20.3447180065426,17.41514553235374,71.2258064516129,58.27428534049976,17.50537634408602,17.720430107526884,17.591397849462368,17.806451612903224,gm_052,7.75,gm
1,2.0,17.60048940856852,17.69674136107541,19.06013762437775,19.154467614461502,20.499524591906,20.58714820230402,1.620754446982844,1.269652394245768,-12.102869228533253,-5.688606245793021,22.0,20.54559309468964,20.50966951356454,20.55937698502086,20.80160041688336,62.0035634283914,61.78530823616614,66.25643860802376,22.0,1.0,19.5,22.0,20.508636356227413,20.02384812596378,20.730770409269013,20.93618707436136,20.77039702332168,20.14514136072119,20.457769192021438,0.6252556626004864,20.70787145706163,50.008431193117765,50.00461180243404,49.28448357512267,0.7713000121462967,71.2258064516129,20.77039702326541,17.40717484346784,71.2258064516129,58.42171450404099,17.50537634408602,17.763440860215052,17.634408602150536,17.806451612903224,gm_054,7.75,gm
1,2.0,17.580768212208216,17.679147342171515,19.05651578518964,19.15202052861553,20.499307859994826,20.586895019829907,1.6262788407165074,1.2814688369418887,-11.919613813142613,-5.724313899024397,23.0,20.23124911449437,20.2339391088909,20.338236953455606,20.685817514043062,59.778181067144814,59.778181067144814,58.44761571949146,23.0,1.0,19.5,23.0,20.19586336811676,20.30570378447831,20.508599792758982,20.098126493094327,20.01651434681821,20.4083147183338,20.212414532576005,-0.3918003715155914,20.05569438396977,50.54586570584487,50.54431219026385,51.01839901840152,0.7840860537193756,71.74193548387096,20.01651434675816,17.293940377720624,71.74193548387096,58.74426856535724,17.548387096774192,17.720430107526884,17.591397849462368,17.806451612903224,gm_056,7.75,gm
1,2.0,17.589422516742307,17.68856672409427,19.06029579761396,19.15672333318173,20.490886410542817,20.57814104022483,1.6084958804587108,1.2810784356718452,-11.786924033432124,-5.751218814172615,22.0,20.10411551625637,20.09363944946123,20.20874016174298,20.600677701467102,61.86759023991888,60.05835690541184,52.63716791383098,22.0,1.0,18.5,22.0,20.087468901322325,20.12505737089941,20.34614854096316,19.944812232367468,20.197226658338018,20.119074269604816,20.158150463971417,0.0781523887332001,20.189411419464697,50.712809809625824,50.7127474546665,50.61871823753647,0.7775772794137983,70.96774193548387,20.197226658273834,17.341106026535734,70.96774193548387,58.63338209062005,17.548387096774192,17.763440860215052,17.634408602150536,17.93548387096774,gm_058,7.75,gm
1,2.0,17.55236895903913,17.65091771700879,19.04517155394522,19.14252254077214,20.48327571801656,20.57015791515497,1.6354614993248464,1.28377869882134,-11.77227940057113,-5.78085999166027,18.0,19.98989410318632,20.06473423122292,20.203609605386877,20.68460810507676,62.39403632407077,58.64031454773265,52.6383415417712,18.0,1.0,18.5,18.0,19.871320950973995,20.09339858519272,20.13873412548071,19.871320950973995,20.235407125727946,20.14133027216411,20.18836869894603,0.0940768535638337,20.225999440371563,50.540314160817246,50.54022438759621,50.42764934092055,0.76706753943168,70.19354838709677,20.235407125636865,17.417773293062783,70.19354838709677,58.2682119291445,17.548387096774192,17.720430107526884,17.591397849462368,17.806451612903224,gm_060,7.75,gm
1,2.0,17.52751055424214,17.629044451561363,19.01140647943904,19.110421527104,20.448996572294867,20.536233184893497,1.6206961463288678,1.286492587003269,-11.456010384466342,-5.834999052851242,17.0,19.79932811496801,19.78367185019552,19.84898517306587,20.35372852213507,60.9684604000897,59.35411793636414,52.98420459671916,17.0,1.0,18.5,17.0,19.831742971305488,19.831742971305488,20.200939616356663,19.55070706656093,19.84461068925545,20.154981085475185,19.99979588736532,-0.310370396219727,19.87564772887743,50.93701854009912,50.93601473732234,51.31809146432082,0.7613220110855423,70.19354838709677,19.844610689182065,17.34042845552185,70.19354838709677,58.45012883301381,17.46236559139785,17.677419354838708,17.591397849462368,17.677419354838708,gm_062,7.75,gm
1,2.0,17.523659199239216,17.62591183895356,19.00367060619408,19.10319309241753,20.442607398592543,20.53001373097291,1.613009448634016,1.291092443385338,-11.466328638114366,-5.851052334782009,17.0,19.76216004837434,19.839766914346647,19.959676835172477,20.31897465719288,59.849062312939786,59.46244212565176,53.04031725106445,17.0,1.0,18.5,17.0,19.641203048903837,19.641203048903837,20.056944892948422,19.48654448081157,19.704411301092986,20.194031856807545,19.949221578950265,-0.489620555714562,19.75337335666444,51.05506878285549,51.052551898359006,51.6611624522259,0.7585573120681316,70.45161290322581,19.704411301019743,17.324916121170215,70.45161290322581,58.49247835058432,17.50537634408602,17.677419354838708,17.548387096774192,17.677419354838708,gm_064,7.75,gm
1,2.0,17.534902733734047,17.639005686034373,18.99435380486857,19.09452349233213,20.432772100324726,20.519910186815203,1.5943767743301358,1.2865277264506931,-11.341073538945944,-5.871396623292495,16.0,19.71958302975071,19.793139065678663,19.78312694127459,20.25586408770846,59.6874261404073,58.34137930197182,52.67553222881829,16.0,1.0,18.5,16.0,19.77141091483688,20.554216174359,19.85079054624549,19.77141091483688,20.15759844650728,19.711953278182065,19.93477586234467,0.4456451683252094,20.113033929674756,51.12539584113307,51.12330482191221,50.58131182525577,0.7620757707400871,70.19354838709677,20.157598446436133,17.34438811857005,70.19354838709677,58.46915699264952,17.46236559139785,17.634408602150536,17.591397849462368,17.677419354838708,gm_066,7.75,gm
1,2.0,17.551967174330706,17.6578229187167,18.99988173576879,19.100177947711494,20.446462478097736,20.53338748954352,1.5774975507083802,1.2980670201184423,-11.53221384822672,-5.874236322053625,16.0,19.93668185518098,20.012070138043985,19.99827256167669,20.48979039676473,61.75692304723531,57.854227308411886,54.92988796350896,16.0,1.0,19.5,16.0,19.952947710071072,20.061391468454048,20.44446554515912,19.952947710071072,20.35349052240979,20.0239755035401,20.188733012974943,0.3295150188696876,20.32053902052282,50.5528076685437,50.55170605232772,50.15965090172125,0.7572115615773357,68.64516129032258,20.35349052232213,17.583725913753526,68.64516129032258,57.74953045704259,17.50537634408602,17.677419354838708,17.677419354838708,17.806451612903224,gm_068,7.75,gm
1,2.0,17.577372014797568,17.681280518175182,19.02263276479144,19.12074668010216,20.447725754280444,20.53208672857929,1.5620437940866538,1.2887624163174531,-11.64865283831898,-5.806793633163277,14.0,20.354547963923224,20.417213730299665,20.426608762964836,20.584984952101024,57.93235349700262,56.702081235154,56.702081235154,14.0,1.0,19.5,14.0,20.4796257349889,21.165000682191987,20.63800192412509,20.4796257349889,20.64165303403641,20.35359427118908,20.49762365261274,0.2880587628473279,20.612847157751677,49.87852789363271,49.877722578002434,49.54472691522512,0.7355469095707853,68.64516129032258,20.64165303395442,17.75413205884891,68.64516129032258,57.27687682174128,17.591397849462368,17.677419354838708,17.720430107526884,17.806451612903224,gm_070,7.75,gm
1,2.0,17.536934408609287,17.637595202092317,19.01936778011087,19.115002287843016,20.45984085369049,20.542868462362684,1.6075805719373897,1.2976926883329798,-11.829141117791448,-5.733753278043129,18.0,20.611362299371493,20.758325299368508,20.6731195852926,21.12647662536139,59.25336047020305,58.50380593371955,56.38913284917498,18.0,1.0,19.5,18.0,20.64685607634772,20.21651941509711,20.52334150450551,20.64685607634772,21.349628305101252,20.20856131055812,20.779094807829686,1.1410669945431378,21.23552160564694,49.12110903713185,49.109003474232,47.85554112298201,0.7491503015230017,67.35483870967742,21.34962830503438,17.939794925679305,67.35483870967742,56.562367166064014,17.50537634408602,17.634408602150536,17.677419354838708,17.677419354838708,gm_072,7.75,gm
1,2.0,17.507816799435417,17.60506725079457,19.00274107094349,19.095623903731376,20.45822444509691,20.538813363299106,1.6435686760704866,1.2901774364340477,-11.906988900533404,-5.653463916597898,18.0,20.91184787651976,20.89698325880388,20.9521762458765,20.9521762458765,57.52581300008337,55.7189904259343,55.7189904259343,18.0,1.0,19.5,18.0,20.93091296397307,21.046106309194272,20.850256225259585,20.93091296397307,20.861527411619647,20.927411616168147,20.8944695138939,-0.0658842045484992,20.868115832074498,48.76090753681599,48.76086793332245,48.83442438264208,0.7182241424418712,67.35483870967742,20.86152741154344,17.964159913456847,67.35483870967742,56.38526492312735,17.50537634408602,17.591397849462368,17.591397849462368,17.677419354838708,gm_074,7.75,gm
1,2.0,17.46357799456565,17.55425774632352,19.00384107786443,19.093061117811786,20.495337436194852,20.574214580434973,1.6954326838699147,1.3245241502415426,-11.991550952233808,-5.541155255274427,19.0,20.768163737399163,21.070490114000453,21.16071962293768,21.16071962293768,55.41226201003978,55.41226201003978,53.88221767916727,19.0,1.0,19.5,19.0,21.15317278271857,20.12440621833053,20.807738936621547,21.15317278271857,21.36249726934325,20.84375825909805,21.10312776422065,0.5187390102452057,21.310623368318733,48.17004280407234,48.167666044670966,47.60970797731092,0.7269242592133913,67.87096774193549,21.362497269261706,18.024247822895276,67.87096774193549,56.049025767638,17.46236559139785,17.591397849462368,17.50537634408602,17.677419354838708,gm_076,7.75,gm
1,2.0,17.41920459403004,17.50749779544474,18.96119562040298,19.048826252153816,20.45572296176344,20.534655914125302,1.7046518415522396,1.3225062771283254,-12.048260594079752,-5.497916287538306,17.0,21.095954010685432,21.390233633443263,21.47979711409013,21.47979711409013,58.08562223572182,54.54285177497781,49.01173862485506,17.0,1.0,19.5,17.0,21.499695729489677,21.115852626084973,21.01456531743213,21.499695729489677,22.135826096031163,20.85667685853608,21.49625147728362,1.279149237495082,22.00791117228165,47.21400700311143,47.200362894523344,45.902217493216135,0.7314604049800354,66.58064516129032,22.135826095954897,18.34051068371941,66.58064516129032,54.967000292572,17.50537634408602,17.591397849462368,17.46236559139785,17.677419354838708,gm_078,7.75,gm
1,2.0,17.283720233361517,17.362375692288406,18.89572157991838,18.978719533310183,20.448558106542897,20.526527288167895,1.8039611450650168,1.360190450814478,-12.013015797216294,-5.360388500988384,17.0,21.106581033617744,21.50064351870771,21.602313170623745,21.602313170623745,58.87621395325396,54.24163939903809,53.45911691399824,17.0,1.0,19.5,17.0,21.61138691088243,21.035644818221755,21.11565477387643,21.61138691088243,22.04436703449083,21.167451301987207,21.60590916823902,0.8769157325036239,21.95667546124047,46.61098863111944,46.60472442992258,45.72260724343885,0.7646643961491725,66.83870967741936,22.04436703440949,18.322784118778472,66.83870967741936,54.58794885348091,17.29032258064516,17.419354838709676,17.333333333333336,17.548387096774192,gm_080,7.75,gm
1,2.0,17.232658365365154,17.30651631204575,18.859896349088544,18.93990096661349,20.42801007410885,20.50563916567953,1.8534476595280875,1.3456751941056848,-12.17489219805085,-5.26816416569221,19.0,21.60718947878604,21.74067817136572,22.090951224055004,22.090951224055004,58.18796742235905,54.62565955336821,53.018629770083415,19.0,1.0,19.5,19.0,22.08988184063378,21.01523046418225,21.187118367204363,22.08988184063378,22.506049871633135,21.194242912183444,21.85014639190829,1.3118069594496935,22.37486917568817,45.974581427842416,45.9610668263156,44.68823016104427,0.7710228635829429,66.83870967741936,22.50604987155768,18.41085705910052,66.83870967741936,54.1616304736068,17.161290322580644,17.29032258064516,17.29032258064516,17.419354838709676,gm_082,7.75,gm
1,2.0,17.130553748763617,17.202441684862837,18.774705390628498,18.852211309487537,20.39753829320597,20.47432477565863,1.8883530194978195,1.3835300712979772,-12.364671255420657,-5.1972405509570185,20.0,21.657544579435463,21.97375016057658,22.16169097812684,22.338554008818846,59.3996635476421,55.37472810205635,51.42485386096074,20.0,1.0,20.5,20.0,22.295118601185266,21.138581524280735,21.37638289148032,22.295118601185266,22.604792979215063,21.3041098287628,21.954451403988934,1.3006831504522631,22.47472466416984,45.486087412286096,45.47306962071389,44.230496474177,0.7950113107113336,67.09677419354838,22.6047929791264,18.41717672335496,67.09677419354838,53.81192394590608,17.032258064516128,17.118279569892472,17.161290322580644,17.161290322580644,gm_084,7.75,gm
1,2.0,17.073311226253185,17.14207851728792,18.718200756081835,18.79351376098233,20.32791856565766,20.40420309741399,1.9094545152903548,1.3526700648357148,-12.56586054967328,-5.131138816056659,17.0,22.228265456881587,22.519627187874264,22.66620481243001,22.66620481243001,57.38410627129875,51.977769394202106,51.977769394202106,17.0,1.0,21.5,17.0,23.15753509837984,23.15753509837984,21.72621428406873,23.15753509837984,23.909638490889265,21.461598705837087,22.68561859836317,2.448039785052176,23.664834512384047,43.9639675815238,43.92226213395993,41.79592472603263,0.8219668450810701,64.7741935483871,23.909638490783664,19.00650317954419,64.7741935483871,52.0140346030418,16.989247311827956,17.118279569892472,17.118279569892472,17.161290322580644,gm_086,7.75,gm
1,2.0,16.9847824795982,17.050084241836426,18.646328346994576,18.72028557043873,20.250175090461934,20.325671733750283,1.948926625266958,1.3266608666469035,-12.604182437464818,-5.09465496677,21.0,22.478169034357503,22.5687457050053,22.911340591155863,23.097461544955536,56.17070451153605,51.208548461816406,51.196219607715896,21.0,1.0,21.5,21.0,23.06222633756738,22.578358929382404,22.19931671856142,23.06222633756738,23.834903539095915,21.85216855278092,22.843536045938414,1.9827349863149948,23.63663004046441,43.429580408573045,43.40294347183026,41.696626060590106,0.8580416308100323,64.51612903225806,23.834903538993508,19.067166370296317,64.51612903225806,51.57923296581644,16.989247311827956,17.075268817204304,17.118279569892472,17.29032258064516,gm_088,7.75,gm
1,2.0,16.848585879697506,16.91101270236741,18.51200139026461,18.584081761242278,20.106057522193257,20.18012137944113,1.9699451102652443,1.2991635668084711,-12.600015688152716,-5.047961738975064,21.0,22.642965258018336,23.117181767944764,23.411959381692185,23.411959381692185,50.74242516197088,50.16337901809132,49.334735234848765,21.0,1.0,21.5,21.0,23.4144631125115,24.49918794995472,22.532769159144262,23.4144631125115,24.006937798973784,22.13200947296308,23.069473635968432,1.874928326010708,23.819444966372718,42.676281124326486,42.65334365372282,41.08073508591686,0.8734484212998797,63.483870967741936,24.00693779887559,19.230520544148497,63.483870967741936,50.74415402815211,16.903225806451612,16.989247311827956,16.989247311827956,17.161290322580644,gm_090,7.75,gm
1,2.0,16.787460891615225,16.849759128673263,18.455455089460514,18.526243796448316,20.088673046797,20.16231126495901,1.9640352866112296,1.348516849674516,-12.585886585193082,-5.01030675281431,18.0,22.514227691495776,23.02764751488213,23.592295993196785,23.592295993196785,58.11361255808127,51.52860438658212,48.18843892719786,18.0,1.0,21.5,18.0,23.597180932902603,22.831872383005475,21.99120056115333,23.597180932902603,23.662486891985655,22.394662296161226,23.02857459407344,1.2678245958244363,23.53570443240321,42.581159048396025,42.57065887210806,41.49320567007032,0.8311860488356304,64.0,23.662486891877148,19.19742634354961,64.0,50.644755788574734,16.774193548387096,16.86021505376344,16.903225806451612,17.032258064516128,gm_092,7.75,gm
1,2.0,16.70242471117808,16.764593128978987,18.32418181956624,18.393934397189547,19.907237134936125,19.97977339459775,1.926246430182223,1.2889338354365407,-12.76363005175658,-4.991347218406404,17.0,23.18612572831978,23.430985310430607,23.67614576804658,23.18612572831978,54.20665058985943,52.47105950423331,49.44805433553342,17.0,1.0,21.5,17.0,23.759433440373755,21.996766269617865,23.138649223576863,23.759433440373755,24.200518907885364,22.86413265708905,23.53232578248721,1.3363862507963105,24.066880282805734,41.50217652453341,41.491298547850015,40.41184885652484,0.8233603068619975,61.16129032258065,24.20051890774755,19.64216477719498,61.16129032258065,49.28258259188685,16.602150537634408,16.731182795698924,16.731182795698924,16.903225806451612,gm_094,7.75,gm
1,2.0,16.604017979396016,16.66369199383738,18.26482984696479,18.332927857362805,19.8698436125956,19.939292445269885,1.9430522530845895,1.3325481983479173,-12.8811221897907,-4.939960221286055,16.0,23.620574486934345,24.17331874304319,24.056039706084302,24.056039706084302,50.81327027207979,49.42229662135424,49.10536563618351,16.0,1.0,22.5,16.0,24.32275679651201,25.42407170394881,22.622921512007224,25.42407170394881,25.37370616894216,22.526018719101355,23.949862444021758,2.8476874498408016,25.088937423958075,40.61107563570065,40.56441949539397,38.42663411976867,0.797437951334926,61.67741935483871,25.373706168797227,19.979314424189063,61.67741935483871,48.19292978558192,16.602150537634408,16.731182795698924,16.774193548387096,17.032258064516128,gm_096,7.75,gm
1,2.0,16.549033031803884,16.60867482124901,18.16045140333926,18.222207633973586,19.779159806280287,19.84003608069596,1.9145329109084352,1.3168283485385095,-12.934910573529953,-4.718459759561508,18.0,24.7599124175928,24.96238793389332,25.405856800196236,26.46766673439581,50.90061114818968,51.77309730395132,52.54662645518984,18.0,1.0,23.5,18.0,25.179363305525328,25.763859127397723,25.311318884941898,25.763859127397723,26.453927830980724,23.142256728139927,24.79809227956033,3.3116711028407977,26.122760720696643,39.18436135842213,39.12766276852255,36.83907042157209,0.7275769125349121,59.87096774193548,26.45392783083521,20.80644742330849,59.87096774193548,46.20055013461175,16.473118279569892,16.64516129032258,16.64516129032258,16.903225806451612,gm_098,7.75,gm
1,2.0,16.434523100417554,16.49256368091626,18.07831948898641,18.1372485660899,19.730243588014357,19.786961698083815,1.9801055275611188,1.3142924896064418,-12.949592308735342,-4.619919467910299,16.0,25.045599325028206,25.219886380484468,25.34667320548272,25.942812214582204,50.03697946521969,51.69774556953957,51.69774556953957,16.0,1.0,23.5,16.0,25.224320849008198,25.89387978722951,25.29774077813002,25.89387978722951,25.549075285121106,24.99845780318416,25.273766544152632,0.5506174819369513,25.49401353692741,38.17045113227877,38.16898452878503,37.78487768540594,0.8046231294549684,56.774193548387096,25.549075284984163,21.227560635277943,56.774193548387096,45.00753784139073,16.516129032258064,16.559139784946236,16.559139784946236,16.774193548387096,gm_100,7.75,gm
1,2.0,16.294941837021174,16.348833756285106,17.974029812732667,18.031674710400917,19.62233860665688,19.676227990435,1.993767539859268,1.3336266942906234,-12.80858313214102,-4.582640625623306,15.0,25.027150240278644,24.904309380827268,25.48541636088339,25.48541636088339,48.41108002841908,48.41108002841908,45.9551349480872,15.0,1.0,24.5,15.0,25.70865853768097,26.22439679255453,23.56436982261556,26.22439679255453,27.077257416000627,22.45186313858968,24.76456027729515,4.625394277410949,26.61471798825953,38.69835134434442,38.58868424194195,35.511280129247176,0.7972154428595136,56.516129032258064,27.077257415852525,20.804426238232036,56.516129032258064,45.51064481388394,16.344086021505376,16.387096774193548,16.344086021505376,16.516129032258064,gm_102,7.75,gm
1,2.0,16.086407227090987,16.131583427076016,17.76790085048462,17.821856165310518,19.441968421906484,19.493660446758074,2.0811858741774163,1.2808911455046412,-12.71688378912995,-4.459517860244703,13.0,25.08618744189627,25.59777222644124,25.08618744189627,25.08618744189627,44.41722173138788,44.41722173138788,44.21229854688634,13.0,1.0,24.5,13.0,25.55970294692986,26.734924880226487,24.041371525000244,26.734924880226487,27.804187238505,22.677762263003697,25.240974750754347,5.126424975501305,27.29154474095487,37.550859193067865,37.42510480577385,34.21374996188917,0.7841060792761031,54.70967741935484,27.804187238326776,21.14258342915871,54.70967741935484,44.24587110192504,16.086021505376344,16.0,16.21505376344086,16.129032258064516,gm_104,7.75,gm
1,2.0,15.98603076613809,16.03213436705793,17.672966677927892,17.725467899176724,19.35142555622924,19.402872523771,2.0855961835520027,1.2851419731610638,-12.889150792032092,-4.410935755622936,14.0,25.158570911424377,24.97621683231206,25.34257779714423,26.026769498683137,45.91527050533844,45.89685745448768,43.67001629090295,14.0,1.0,23.5,14.0,26.47227941883708,26.47227941883708,24.390822171194717,26.47227941883708,28.299192633524868,21.75113185188514,25.025162242705004,6.548060781639728,27.644386555360896,37.689636140441664,37.479639711765664,33.44295606679254,0.8144451391724816,55.74193548387097,28.29919263286772,20.834270272563145,55.74193548387097,44.5769182333456,16.043010752688172,16.0,16.086021505376344,16.129032258064516,gm_106,7.75,gm
1,2.0,15.830786271999282,15.87246156128684,17.497844542011208,17.549561804385398,19.14149702880061,19.19084643784003,2.081953807025012,1.236431069528179,-12.99890491040559,-4.399759787205624,12.0,25.91556842234209,25.91047986740072,26.03220696492764,27.07694473142101,46.47858972777378,45.35883445641759,43.03015273508497,12.0,1.0,25.5,12.0,27.03550854799116,28.032124199827592,25.853582840529043,28.032124199827592,30.143411267008663,21.04686850690365,25.59513988695616,9.096542760105017,29.233756990998163,36.71721228037095,36.33872484878051,31.2618981899204,0.8119134469049426,54.96774193548387,30.143411266749705,21.2614418291264,54.96774193548387,43.291835939671145,15.870967741935484,15.870967741935484,15.870967741935484,15.870967741935484,gm_108,7.75,gm
1,2.0,15.778497413231584,15.822389102577857,17.45444755068499,17.506125452552848,19.08688501936975,19.135632720129102,2.060847259491651,1.2523963580595945,-13.126068413522743,-4.403539967389072,11.0,26.088382837392373,25.581777557669163,26.736771450082784,26.736771450082784,44.26252603112796,44.26252603112796,37.41976650811343,11.0,1.0,25.5,11.0,28.30756892666196,28.39543704389314,22.593093350931294,28.39543704389314,30.78870478172953,21.824888349279515,26.30679656550452,8.963816432450013,29.892323138484528,35.637890111396594,35.300990404561546,30.56342073318092,0.8055131706147983,52.64516129032258,30.788704781380154,21.97832052375553,52.64516129032258,41.80191266093077,15.870967741935484,15.827956989247312,15.827956989247312,15.741935483870968,gm_110,7.75,gm
1,2.0,15.700576510508473,15.740606015615208,17.391051116274188,17.442065787175714,19.037349726259464,19.08565642681631,2.082148287158812,1.2629021240422915,-13.10657328493993,-4.383208442235529,12.0,25.204883373470693,25.98114529699198,27.14383660740253,26.4693504537033,44.56775579351188,44.8793232493932,48.3861938020399,12.0,1.0,25.5,12.0,28.001633287179885,28.769958911855294,26.956728946670296,28.769958911855294,28.77316692964248,22.36025700069461,25.566711965168544,6.412909928947874,28.131875936747694,36.25800536184769,36.07265434027291,32.34194666391547,0.7729037015622456,54.45161290322581,28.773166929371087,21.150500131460998,54.45161290322581,43.14511791804453,15.78494623655914,15.78494623655914,15.78494623655914,15.741935483870968,gm_112,7.75,gm
1,2.0,15.599277887007023,15.632013802687526,17.250849274293866,17.298054344860525,18.93593396079054,18.984817738771294,2.1097814014429197,1.2430225346408557,-13.050264172959327,-4.23381755894067,11.0,26.34474626551315,26.176983881047462,27.48162279907245,27.79901249477584,47.02994081607363,47.02994081607363,47.02994081607363,11.0,1.0,25.5,11.0,27.321873719290835,28.720837054540223,24.1695650849434,28.720837054540223,29.4456371787092,22.43323569082105,25.939436434765124,7.012401487888151,28.744397029920385,35.57371793715175,35.362504909109504,31.465366878856624,0.6425737178528071,54.45161290322581,29.445637178374547,21.34851405913333,54.45161290322581,42.49065270243752,15.612903225806452,15.612903225806452,15.655913978494622,15.483870967741936,gm_114,7.75,gm
1,2.0,15.596810825782857,15.62906351003276,17.23567666698643,17.28354268652369,18.893881261556984,18.942090008379083,2.0845941447419203,1.22843235360441,-13.119845345159163,-4.265158596729059,11.0,26.476404417033365,26.82979663523122,27.731070947030304,27.731070947030304,45.67923628086345,45.67923628086345,46.684808970361615,11.0,1.0,25.5,11.0,27.567135427800395,28.975219246442972,27.88036971314395,28.975219246442972,27.47547751884745,25.63664741520484,26.556062467026145,1.838830103642615,27.29159450848319,34.60419928735573,34.590802897235186,33.5189959417429,0.770987234332283,52.38709677419355,27.475477518537527,21.918874481070247,52.38709677419355,41.42752823948409,15.612903225806452,15.612903225806452,15.655913978494622,15.483870967741936,gm_116,7.75,gm
1,2.0,15.544450200313582,15.57663042757619,17.20231064864785,17.250226517072765,18.88021474296408,18.92880705287805,2.096303473716181,1.2558731515856745,-13.090845197026512,-4.271500783058115,10.0,26.22273439291349,26.50779584533574,26.47525072172138,26.47525072172138,46.38825796273895,45.7105101262516,45.47417330703906,10.0,1.0,25.5,10.0,26.267952139832147,28.716834164798627,28.156448575950265,28.716834164798627,27.32297815258609,25.181911187577875,26.25244467008198,2.1410669650082155,27.108871456085268,34.86654215133862,34.847801320631945,33.58153385765333,0.6550372833627401,53.16129032258065,27.322978152178905,21.65246185549078,53.16129032258065,41.77543564023436,15.526881720430106,15.526881720430106,15.56989247311828,15.35483870967742,gm_118,7.75,gm
1,2.0,15.482385701179568,15.51724311309646,17.195659933110555,17.24450702509729,18.886190198699108,18.93407308174645,2.126450740250318,1.2903792283996751,-13.182677421181072,-4.313543326520096,9.0,25.39520054201219,26.223226271177623,26.842797747868783,26.842797747868783,45.98129048980366,45.98129048980366,51.29146194120702,9.0,1.0,25.5,9.0,26.664566024641942,29.20528426589979,24.37306233213076,29.20528426589979,28.97001944718514,24.060611820879515,26.51531563403233,4.909407626305627,28.47907868455458,34.47871488156799,34.38307257969862,31.69157888687161,0.6736835975169823,52.38709677419355,28.970019446694323,21.93365886317393,52.38709677419355,41.09378661406634,15.526881720430106,15.526881720430106,15.56989247311828,15.35483870967742,gm_120,7.75,gm
1,2.0,15.42150797284287,15.456290570665637,17.135797769434145,17.18494632497116,18.824396344828543,18.872313006846348,2.1391560096604945,1.27686642652022,-13.181153958694004,-4.334335050199116,11.0,26.019373460277308,26.717497986454717,27.104494919300837,27.612434277933573,43.94753843796149,43.94753843796149,44.61049206515172,11.0,1.0,24.5,11.0,26.88837906897686,28.683508269039777,27.3963184276096,28.683508269039777,29.739434229944383,23.16002669865073,26.44973046429756,6.57940753129365,29.081493476815016,34.50149122922169,34.32838749476986,30.823695715428663,0.6620121606058325,52.38709677419355,29.73943422956349,21.889495109017638,52.38709677419355,41.012786842231804,15.440860215053764,15.440860215053764,15.440860215053764,15.225806451612904,gm_122,7.75,gm
1,2.0,15.361886632912354,15.39978982102584,17.080621748835064,17.128451779225518,18.77966789858245,18.82728501971223,2.145252311612924,1.2822428870734657,-13.062867599234044,-4.282821924268257,9.0,25.9070533276186,26.64733376710479,27.38261080130019,25.9070533276186,43.167001197734216,42.60174217788314,42.60174217788314,9.0,1.0,24.5,9.0,28.307631216762783,28.686398300345218,27.197772737813267,28.686398300345218,28.541689051156546,24.227157937284005,26.384423494220275,4.31453111387254,28.11023593976929,34.3518256152354,34.277513926933565,31.8809179233945,0.6505647865471311,51.354838709677416,28.541689050719853,21.955784421640203,51.354838709677416,40.74086410459456,15.39784946236559,15.39784946236559,15.39784946236559,15.225806451612904,gm_124,7.75,gm
1,2.0,15.352812496380356,15.38856555392692,17.072169964895373,17.11951909065164,18.78019671941618,18.827250394054666,2.147942524148825,1.2907423159789155,-12.929826731050436,-4.262338929217363,11.0,27.712673207270345,27.791764918530408,28.50639338216115,28.637426839503547,44.038022215205125,45.41834139368657,45.76736966387311,11.0,1.0,26.5,11.0,28.45480598559516,29.659665630465497,27.417354205714677,28.45480598559516,30.949463626712,24.801864717594828,27.875664172153414,6.147598909117172,30.33470373580028,32.694316455141035,32.56592416538292,29.60699807328,0.6769070826001955,48.25806451612903,30.94946362634544,23.455272766013035,48.25806451612903,38.25396142689962,15.39784946236559,15.35483870967742,15.39784946236559,15.225806451612904,gm_126,7.75,gm
1,2.0,15.34488985545314,15.380288184937038,17.064436085823846,17.112429932335782,18.79138021198093,18.83989841188062,2.16465618777114,1.2949540391724423,-12.951783642910002,-4.292162172218474,10.0,27.87394657531433,27.68304735444922,28.28594614234362,28.28594614234362,43.975949580853936,45.56942154335882,46.44558163428256,10.0,1.0,25.5,10.0,28.082339470577157,28.66500887603189,27.25834033651861,28.082339470577157,30.65624724163393,25.0057390463791,27.83099314400652,5.650508195254829,30.09119642210845,32.706000567476885,32.59719005526044,29.846837624917217,0.6712835144176224,48.25806451612903,30.65624724120723,23.40092189989613,48.25806451612903,38.31802701453197,15.39784946236559,15.35483870967742,15.39784946236559,15.225806451612904,gm_128,7.75,gm
1,2.0,15.399987179735042,15.43369309833898,17.11854200664618,17.167009105621204,18.827042331098948,18.875042704009243,2.1350704125360926,1.3062791931341673,-13.066374037226025,-4.306416737372184,10.0,27.62595786704047,27.325366879677976,27.82596992997682,27.42594580410412,44.22213414773839,42.93528922522721,42.25365482553387,10.0,1.0,25.5,10.0,27.710176990609995,28.50030951592808,27.25096226827415,28.50030951592808,29.37667775573224,24.59043299069114,26.98355537321169,4.786244765041099,28.89805327922813,33.740921048674146,33.655131987371334,31.12940860727698,0.6681969512683066,50.58064516129032,29.376677755283392,22.431532563013967,50.58064516129032,40.01922885543304,15.483870967741936,15.39784946236559,15.483870967741936,15.35483870967742,gm_130,7.75,gm
1,2.0,15.45955875546025,15.492676684256,17.124330534459606,17.17408789786653,18.795951570057944,18.84456114673648,2.078940493492811,1.2729439689876691,-13.012896362670542,-4.362489347348264,13.0,25.003071343921363,26.106640940834083,27.23374372181911,28.08582626976562,46.273835448870095,46.273835448870095,46.273835448870095,13.0,1.0,25.5,13.0,27.804461190945204,27.804461190945204,24.501889380510363,27.804461190945204,30.361516902890973,21.013802740300303,25.68765982159564,9.347714162590666,29.42674548663191,35.75909384344751,35.3725563088275,30.334620013935314,0.7526458138336687,54.45161290322581,30.361516902599256,21.195392828668208,54.45161290322581,42.40846961034166,15.483870967741936,15.440860215053764,15.483870967741936,15.483870967741936,gm_132,7.75,gm
1,2.0,15.423789048634474,15.457208052240295,17.101258481186544,17.151790471435984,18.761650985691077,18.81001239305606,2.1026348409885207,1.2501694998272392,-12.842508365712948,-4.399190649971782,12.0,25.942522358533168,26.22587442504068,27.5434922016114,28.30633095050769,45.83332162274423,46.35736546799357,48.29841561213183,12.0,1.0,24.5,12.0,28.12947929317829,29.313336129130025,25.034922587894584,29.313336129130025,31.55281711198249,20.61070896265635,26.08176303731942,10.942108149326138,30.45860629704988,35.30293323772498,34.79459565014703,29.23374186435728,0.6361816942235868,53.67741935483871,31.552817111646487,21.608134731810125,53.67741935483871,41.54049362169438,15.483870967741936,15.440860215053764,15.483870967741936,15.483870967741936,gm_134,7.75,gm
1,2.0,15.44206051638826,15.476563071563511,17.114369994279578,17.162358569013083,18.811808338362734,18.860892615888385,2.141118589476163,1.2432109548487096,-12.73558663982091,-4.285675836174214,12.0,27.31530392658693,26.58118089437945,27.34935985839593,28.161763223177417,44.66690485415848,46.5331119506727,48.154524547762456,12.0,1.0,25.5,12.0,27.22625320375073,29.048251032669786,26.75244156679128,29.048251032669786,30.24652684035052,25.295667328368747,27.77109708435963,4.950859511981769,29.75144088915234,32.95905338219862,32.87455473845971,30.408823603443377,0.650619021774804,48.774193548387096,30.246526840062344,23.37812910457417,48.774193548387096,38.60301592277597,15.483870967741936,15.483870967741936,15.483870967741936,15.483870967741936,gm_136,7.75,gm
1,2.0,15.4141030248524,15.451119797846165,17.075547623543223,17.12298602189704,18.77115215998565,18.82125824048081,2.1282474993977987,1.24189094323685,-12.458026318644638,-4.265924893634755,14.0,25.84031923092745,25.64544741109355,27.242949545275906,27.242949545275906,46.76301046916929,46.97875020946248,46.97875020946248,14.0,1.0,24.5,14.0,27.8310560769408,27.959221606532797,27.15679073809838,27.959221606532797,30.27181024815929,20.520021120040692,25.3959156841,9.7517891281186,29.296631335347435,36.09707087413175,35.661859140529025,30.339702153940568,0.7707126785256805,53.41935483870968,30.271810247926695,21.193397301812706,53.41935483870968,42.30595643302421,15.526881720430106,15.483870967741936,15.526881720430106,15.612903225806452,gm_138,7.75,gm
1,2.0,15.381626998603664,15.426814132788897,17.1068535783128,17.15735933790286,18.82322370854016,18.874880211590344,2.176240427784572,1.2718256510168746,-12.46666163023911,-4.397333993442193,12.0,26.925339986805938,26.785761594382045,27.52186314523206,27.52186314523206,44.31660368142949,46.29135970304312,46.29135970304312,12.0,1.0,24.5,12.0,27.226329351164907,28.288240646571097,27.354447635289063,28.288240646571097,30.01275108978964,23.48336039827394,26.74805574403179,6.529390691515699,29.35981202063807,34.078406540613905,33.91388876712592,30.515359732042896,0.75776984093202,48.774193548387096,30.012751089464608,22.791656615893068,48.774193548387096,39.40189982360996,15.483870967741936,15.526881720430106,15.526881720430106,15.612903225806452,gm_140,7.75,gm
1,2.0,15.40984433904173,15.453809714754756,17.141184243409615,17.193151523296596,18.83758973443815,18.8897036676293,2.18787036440821,1.2480235884663315,-12.275614065095214,-4.455888636140511,12.0,27.23565129170541,26.689493476469565,27.570209457437784,27.570209457437784,41.5113072618044,44.96296398592093,46.97067137938751,12.0,1.0,24.5,12.0,27.91723681534356,28.501421312063258,27.387773143198643,28.501421312063258,31.248974469996128,22.53380671815165,26.891390594073886,8.715167751844477,30.37745769481168,34.10471892276211,33.81367351480138,29.481857650107365,0.6571337123918519,48.774193548387096,31.2489744696526,22.96597498809181,48.774193548387096,39.19671689610409,15.39784946236559,15.440860215053764,15.440860215053764,15.35483870967742,gm_142,7.75,gm
1,2.0,15.40868469425629,15.454214164924592,17.15581154208778,17.20850929689678,18.87647989885784,18.92992119317465,2.2070965160768345,1.2686105121732214,-12.169905319898133,-4.485108483210587,12.0,26.242239762904678,26.01005268904957,26.83810308382681,27.0048441492564,42.12263388093544,46.67435756624379,46.67435756624379,12.0,1.0,24.5,12.0,26.78303328233943,27.87386429205995,26.61629221690984,27.87386429205995,28.8693417446083,22.13696008714892,25.503150915878606,6.73238165745938,28.19610357886236,35.7310555854283,35.52861687613679,31.68348810863891,0.6999184883613039,50.58064516129032,28.86934174437133,21.72867047013612,50.58064516129032,41.32022206613454,15.440860215053764,15.440860215053764,15.483870967741936,15.483870967741936,gm_144,7.75,gm
1,2.0,15.403157711781406,15.442911277870216,17.13295377444276,17.18669875528177,18.83150323704262,18.886718458217228,2.206355881455493,1.2374512988915138,-11.691496326430116,-4.5323516029713735,10.0,26.037210750467167,26.019777317087392,26.46405497055062,26.46405497055062,45.14917560926541,46.17063647148242,46.17063647148242,10.0,1.0,24.5,10.0,26.35912129040463,26.42071035662053,25.94571583889621,26.42071035662053,28.712206057208675,22.71683521975752,25.714520638483098,5.995370837451154,28.11266897346356,35.41477969656371,35.25850550061628,31.844073400055837,0.6607486805228597,51.354838709677416,28.71220605687883,21.9772449537972,51.354838709677416,40.87828832376103,15.440860215053764,15.440860215053764,15.526881720430106,15.483870967741936,gm_146,7.75,gm
1,2.0,15.478997748694232,15.522422870873736,17.179799247492387,17.235805161682226,18.840629570202463,18.895771260456826,2.1287406816008114,1.2446077079822826,-11.611925665210284,-4.620154056762895,12.0,24.96218168137601,25.018528001025,26.396597530021182,26.799358363174942,45.20015787014444,47.22256507867975,47.22256507867975,12.0,1.0,23.5,12.0,26.64280567365728,26.64280567365728,20.604400862069923,26.64280567365728,29.095791328994373,17.838102755731224,23.4669470423628,11.25768857326315,27.97002247166806,39.36045353406054,38.61228306397953,31.62058988043526,0.7018879903710322,56.774193548387096,29.095791328570943,19.882643167329896,56.774193548387096,45.211473558112885,15.39784946236559,15.483870967741936,15.612903225806452,15.612903225806452,gm_148,7.75,gm
1,2.0,15.623103892805622,15.668269500768805,17.189817635991197,17.246589665280524,18.814973699124604,18.8707728556916,2.016497091313808,1.1860062636089916,-11.64043587733692,-4.650208541652077,10.0,25.50731160408185,25.33196409692084,26.50706479711252,26.50706479711252,49.11267070482231,48.900776892077374,47.80124579537973,10.0,1.0,23.5,10.0,26.34292070459296,26.34292070459296,24.730232076139032,26.34292070459296,27.263570242077257,23.523141760263623,25.39335600117044,3.7404284818136335,26.889527393895893,36.252995961145885,36.18924371791025,33.87813477398004,0.7558369062918842,50.58064516129032,27.26357024098474,21.830942257756643,50.58064516129032,41.73254180918945,15.655913978494622,15.56989247311828,15.612903225806452,15.612903225806452,gm_150,7.75,gm
1,2.0,15.625910690873246,15.673893563543627,17.246552449007737,17.305936014068482,18.89427281077244,18.95098045568272,2.0324500267241192,1.2446368654149684,-11.584623876758844,-4.747855375290659,9.0,25.38424598135424,25.284534997668523,26.211543790312533,26.50806426059225,44.28470880410783,47.36809798789423,47.36809798789423,9.0,1.0,23.5,9.0,26.31829265333428,26.40904811901879,24.33732590531511,26.40904811901879,29.46218382146793,18.21469992333145,23.83844187239969,11.247483898136478,28.337435431654285,39.12824503645865,38.40974268401609,31.561813455852505,0.662407732638553,54.70967741935484,29.462183821057053,20.38320963261537,54.70967741935484,44.570094633540805,15.526881720430106,15.612903225806452,15.612903225806452,15.612903225806452,gm_152,7.75,gm
1,2.0,15.632740076026618,15.680716004475824,17.311362196355883,17.370404677424048,18.98895845917983,19.045009180463623,2.086008622914536,1.278284553073263,-11.324183375064434,-4.725394301472758,10.0,25.15999432476123,24.48166990577946,25.30049145236086,25.941107729292355,46.58794819011816,49.310058850683376,49.27948481615792,10.0,1.0,22.5,10.0,25.78423755353728,25.78423755353728,23.101137668515776,25.78423755353728,27.77866534516057,19.137033682792268,23.45784951397642,8.641631662368301,26.91450217892374,39.46400570846112,39.02461810891335,33.332168600049606,0.7309395696250865,54.70967741935484,27.778665344849053,20.11573643307232,54.70967741935484,45.16982478753895,15.56989247311828,15.612903225806452,15.612903225806452,15.612903225806452,gm_154,7.75,gm
1,2.0,15.58020331565273,15.636363862255669,17.283884047366328,17.34222100543869,18.9571037456643,19.01348743891569,2.1063800779088515,1.2707434987511672,-11.382744072777664,-4.700877990330281,12.0,25.434280008855623,25.437147886972067,25.54151288777388,25.54151288777388,44.64778029778978,46.75047405124127,47.42015892247566,12.0,1.0,23.5,12.0,25.4324319298444,26.10313844874912,26.47072474705408,26.10313844874912,27.188433236202744,23.40399615752036,25.29621469686155,3.784437078682383,26.809989528334505,36.29745017627948,36.231588805279735,33.882836590541686,0.7723417475120402,49.54838709677419,27.18843323588672,22.088148084054986,49.54838709677419,41.17113873746075,15.39784946236559,15.612903225806452,15.655913978494622,15.741935483870968,gm_156,7.75,gm
1,2.0,15.604947664053425,15.660634671502926,17.29468437387157,17.354237431673983,18.95505341581532,19.012752318451135,2.0849617241398715,1.2671559228083376,-11.246852681347455,-4.748005004748329,10.0,23.611332084016524,24.19260017037308,25.24216241756119,25.61959908333281,46.60447204453137,48.1473490313312,48.1473490313312,10.0,1.0,22.5,10.0,25.45272093835183,25.631686873724675,20.769235318637072,25.631686873724675,27.61088277922711,18.877243046393687,23.2440629128104,8.733639732833426,26.73751880594377,39.76137273715004,39.30045801885649,33.46508209129374,0.666966914999179,54.45161290322581,27.61088277888352,20.12069734051224,54.45161290322581,45.086982158019325,15.440860215053764,15.56989247311828,15.655913978494622,15.741935483870968,gm_158,7.75,gm
1,2.0,15.643429792199743,15.701527736949252,17.33781908405072,17.399198225048465,19.009956969931867,19.069563181160607,2.079362214508493,1.2886732297028656,-11.013722631143263,-4.814056352030989,12.0,23.24718267443899,23.58295576665342,24.212538186636152,24.961079177650163,44.13221232845777,47.98470495203552,47.98470495203552,12.0,1.0,21.5,12.0,24.77916573054813,25.193338953091317,22.60113184419717,25.193338953091317,25.559228612390086,20.306425795124845,22.932827203757466,5.25280281726524,25.033948330663563,40.08743791069342,39.915709322744455,36.04923585290404,0.7833607964393714,54.193548387096776,25.55922861216464,19.9821164158409,54.193548387096776,45.5136145852904,15.526881720430106,15.655913978494622,15.741935483870968,15.870967741935484,gm_160,7.75,gm
1,2.0,15.696151604565042,15.753558378792365,17.38418015737637,17.44698185653846,19.05183953355412,19.11492478832056,2.056806523754341,1.3045598857738487,-10.986485147591951,-4.862879763171172,14.0,21.97618374192093,22.89780569095578,22.601887163751,23.158748744868376,49.23539575777232,50.954256820068274,50.954256820068274,14.0,1.0,21.5,14.0,25.008446508031767,25.06355866864766,21.7710024500893,25.08918144124121,24.91345654395183,19.892953461443035,22.403205002697437,5.020503082508798,24.41140623570095,41.11565240578234,40.94689942392576,37.04643634831204,0.7893967423671522,56.0,24.91345654380144,19.44168205625864,56.0,46.88567812874935,15.612903225806452,15.655913978494622,15.78494623655914,15.870967741935484,gm_162,7.75,gm
1,2.0,15.826192062223775,15.885073966262375,17.466269173629943,17.531108811097823,19.09065931368728,19.155295216068065,1.9980148644897124,1.272206385315974,-11.410481449843411,-4.92932181438126,14.0,22.746932517538752,22.971138559510077,23.092980016671163,23.90274932220169,49.68633773911864,51.476375255118086,52.27657276903165,14.0,1.0,21.5,14.0,24.11422519777921,24.11422519777921,21.992536552655423,25.01232828759549,25.40572264385711,19.37140283659674,22.388562740226924,6.03431980726037,24.802290663131075,41.54114630814792,41.29411970598051,36.66064056762713,0.767257721783488,57.54838709677419,25.40572264370552,19.26814811754353,57.54838709677419,47.66314246951236,15.655913978494622,15.741935483870968,15.913978494623656,16.0,gm_164,7.75,gm
1,2.0,15.954743691535038,16.015771873832133,17.583572690680725,17.651066535010465,19.14912546092444,19.214052784719843,1.9511771077798157,1.2471038031078956,-11.475515027583874,-5.01213455419548,12.0,22.57428635213985,23.028820012601464,23.083605723418174,23.083605723418174,51.55603960349147,53.01632811138516,53.01632811138516,12.0,1.0,21.5,12.0,24.724285521470165,24.724285521470165,21.895014419369037,24.724285521470165,25.232947732192205,19.008595707154164,22.120771719673183,6.22435202503804,24.6105125296884,42.37611508028106,42.10119769037247,37.188951305795605,0.7918155065035111,59.096774193548384,25.23294773199953,18.964482999069386,59.096774193548384,48.78311404566442,15.870967741935484,15.870967741935484,16.043010752688172,16.129032258064516,gm_166,7.75,gm
